target,block,test_subject,k_calibration,repeat,alpha,calibration_n,eval_n,bias_raw,bias_shrink,physio_pred_std_eval
valence,emg_existing_22,1,0,0,1000.0,0,32,0.0,0.0,0.08468013226258812
valence,emg_existing_22,1,4,0,1000.0,4,28,-1.1666666666666665,-0.5833333333333333,0.07966213574399578
valence,emg_existing_22,1,4,1,1000.0,4,28,0.16666666666666674,0.08333333333333337,0.08614342675856093
valence,emg_existing_22,1,4,2,1000.0,4,28,0.9166666666666666,0.4583333333333333,0.08392179434754615
valence,emg_existing_22,1,4,3,1000.0,4,28,0.4166666666666666,0.2083333333333333,0.08725929424028726
valence,emg_existing_22,1,4,4,1000.0,4,28,-0.75,-0.375,0.08285767087701246
valence,emg_existing_22,1,4,5,1000.0,4,28,-0.41666666666666696,-0.20833333333333348,0.0884211640245118
valence,emg_existing_22,1,4,6,1000.0,4,28,0.6666666666666667,0.33333333333333337,0.0802089931168973
valence,emg_existing_22,1,4,7,1000.0,4,28,0.3333333333333336,0.1666666666666668,0.08829995504712605
valence,emg_existing_22,1,4,8,1000.0,4,28,-0.16666666666666685,-0.08333333333333343,0.08872040875671024
valence,emg_existing_22,1,4,9,1000.0,4,28,0.41666666666666663,0.20833333333333331,0.08391966862997144
valence,emg_existing_22,1,4,10,1000.0,4,28,-0.08333333333333343,-0.04166666666666671,0.08458343961390813
valence,emg_existing_22,1,4,11,1000.0,4,28,-0.08333333333333348,-0.04166666666666674,0.0831582807610116
valence,emg_existing_22,1,4,12,1000.0,4,28,-0.16666666666666674,-0.08333333333333337,0.0867344558369968
valence,emg_existing_22,1,4,13,1000.0,4,28,-0.08333333333333326,-0.04166666666666663,0.08936195911792594
valence,emg_existing_22,1,4,14,1000.0,4,28,-0.5833333333333334,-0.2916666666666667,0.08888781065409548
valence,emg_existing_22,1,4,15,1000.0,4,28,-1.0833333333333335,-0.5416666666666667,0.08872215870565951
valence,emg_existing_22,1,4,16,1000.0,4,28,-0.6666666666666667,-0.33333333333333337,0.08136181615057284
valence,emg_existing_22,1,4,17,1000.0,4,28,0.08333333333333337,0.041666666666666685,0.08563355773642192
valence,emg_existing_22,1,4,18,1000.0,4,28,-0.5000000000000002,-0.2500000000000001,0.08806580277978603
valence,emg_existing_22,1,4,19,1000.0,4,28,-1.1666666666666665,-0.5833333333333333,0.0850387340490244
valence,emg_existing_22,1,16,0,1000.0,16,16,-0.27083333333333337,-0.2166666666666667,0.06328654615932157
valence,emg_existing_22,1,16,1,1000.0,16,16,-0.6666666666666665,-0.5333333333333332,0.08388201629258239
valence,emg_existing_22,1,16,2,1000.0,16,16,-0.33333333333333337,-0.2666666666666667,0.09984812189399886
valence,emg_existing_22,1,16,3,1000.0,16,16,-0.2708333333333334,-0.21666666666666676,0.08357710199782943
valence,emg_existing_22,1,16,4,1000.0,16,16,-0.12499999999999999,-0.09999999999999999,0.09222204802338058
valence,emg_existing_22,1,16,5,1000.0,16,16,-0.5416666666666667,-0.4333333333333334,0.08205785383486147
valence,emg_existing_22,1,16,6,1000.0,16,16,-0.10416666666666674,-0.0833333333333334,0.08997117258418925
valence,emg_existing_22,1,16,7,1000.0,16,16,-0.6666666666666666,-0.5333333333333333,0.06382696435393369
valence,emg_existing_22,1,16,8,1000.0,16,16,-0.3541666666666667,-0.2833333333333334,0.08287803632868102
valence,emg_existing_22,1,16,9,1000.0,16,16,-0.35416666666666674,-0.2833333333333334,0.058683580770344995
valence,emg_existing_22,1,16,10,1000.0,16,16,-0.75,-0.6000000000000001,0.09497691507617201
valence,emg_existing_22,1,16,11,1000.0,16,16,-0.04166666666666671,-0.033333333333333375,0.08138568786613322
valence,emg_existing_22,1,16,12,1000.0,16,16,-0.4583333333333333,-0.3666666666666667,0.08574166202977568
valence,emg_existing_22,1,16,13,1000.0,16,16,-0.33333333333333337,-0.2666666666666667,0.051397611431963926
valence,emg_existing_22,1,16,14,1000.0,16,16,-0.4791666666666667,-0.38333333333333336,0.09497128182552393
valence,emg_existing_22,1,16,15,1000.0,16,16,-0.125,-0.1,0.09859616358788918
valence,emg_existing_22,1,16,16,1000.0,16,16,-0.24999999999999997,-0.19999999999999998,0.08207792243522484
valence,emg_existing_22,1,16,17,1000.0,16,16,-0.02083333333333337,-0.016666666666666698,0.09831010289378535
valence,emg_existing_22,1,16,18,1000.0,16,16,-0.5416666666666667,-0.4333333333333334,0.1009668571403425
valence,emg_existing_22,1,16,19,1000.0,16,16,-0.2916666666666667,-0.23333333333333336,0.09281072077184002
valence,emg_existing_22,2,0,0,1000.0,0,32,0.0,0.0,0.024275003792693546
valence,emg_existing_22,2,4,0,1000.0,4,28,-0.5833333333333335,-0.29166666666666674,0.025365960221016854
valence,emg_existing_22,2,4,1,1000.0,4,28,-0.08333333333333337,-0.041666666666666685,0.02114259076015622
valence,emg_existing_22,2,4,2,1000.0,4,28,-0.5000000000000002,-0.2500000000000001,0.025336961171941574
valence,emg_existing_22,2,4,3,1000.0,4,28,-1.0833333333333335,-0.5416666666666667,0.025176472107853905
valence,emg_existing_22,2,4,4,1000.0,4,28,1.0,0.5,0.0203650586225877
valence,emg_existing_22,2,4,5,1000.0,4,28,-0.41666666666666674,-0.20833333333333337,0.025131613284238432
valence,emg_existing_22,2,4,6,1000.0,4,28,-0.25000000000000006,-0.12500000000000003,0.025534040155762792
valence,emg_existing_22,2,4,7,1000.0,4,28,-0.5833333333333335,-0.29166666666666674,0.025037579171060437
valence,emg_existing_22,2,4,8,1000.0,4,28,-0.5,-0.25,0.025301509794027364
valence,emg_existing_22,2,4,9,1000.0,4,28,-0.2500000000000001,-0.12500000000000006,0.02568913737497517
valence,emg_existing_22,2,4,10,1000.0,4,28,-1.4166666666666667,-0.7083333333333334,0.02155177173912494
valence,emg_existing_22,2,4,11,1000.0,4,28,0.2500000000000001,0.12500000000000006,0.021137773236557363
valence,emg_existing_22,2,4,12,1000.0,4,28,-0.5833333333333334,-0.2916666666666667,0.025065030974918925
valence,emg_existing_22,2,4,13,1000.0,4,28,-1.0833333333333333,-0.5416666666666666,0.02458125638291467
valence,emg_existing_22,2,4,14,1000.0,4,28,0.08333333333333326,0.04166666666666663,0.021418227242382692
valence,emg_existing_22,2,4,15,1000.0,4,28,-2.083333333333334,-1.041666666666667,0.025476322535943688
valence,emg_existing_22,2,4,16,1000.0,4,28,-0.41666666666666674,-0.20833333333333337,0.025312099395542437
valence,emg_existing_22,2,4,17,1000.0,4,28,0.08333333333333331,0.04166666666666666,0.024479942815388074
valence,emg_existing_22,2,4,18,1000.0,4,28,-1.5833333333333335,-0.7916666666666667,0.025048225415954452
valence,emg_existing_22,2,4,19,1000.0,4,28,0.16666666666666663,0.08333333333333331,0.024332232128422893
valence,emg_existing_22,2,16,0,1000.0,16,16,-0.18750000000000008,-0.15000000000000008,0.029241276796002982
valence,emg_existing_22,2,16,1,1000.0,16,16,0.1041666666666666,0.08333333333333329,0.023927389583230468
valence,emg_existing_22,2,16,2,1000.0,16,16,-0.7291666666666667,-0.5833333333333334,0.02718135020493979
valence,emg_existing_22,2,16,3,1000.0,16,16,-0.3333333333333334,-0.2666666666666668,0.02756268586486034
valence,emg_existing_22,2,16,4,1000.0,16,16,-0.06250000000000004,-0.05000000000000004,0.015584928010986022
valence,emg_existing_22,2,16,5,1000.0,16,16,-0.6458333333333333,-0.5166666666666666,0.02532141129077616
valence,emg_existing_22,2,16,6,1000.0,16,16,-0.5625000000000001,-0.4500000000000001,0.02557018267720204
valence,emg_existing_22,2,16,7,1000.0,16,16,-0.16666666666666669,-0.13333333333333336,0.025237038474337538
valence,emg_existing_22,2,16,8,1000.0,16,16,-0.35416666666666674,-0.2833333333333334,0.03041956598532376
valence,emg_existing_22,2,16,9,1000.0,16,16,-0.3958333333333334,-0.31666666666666676,0.022501315200762994
valence,emg_existing_22,2,16,10,1000.0,16,16,-0.2708333333333334,-0.21666666666666676,0.022735255717735103
valence,emg_existing_22,2,16,11,1000.0,16,16,0.041666666666666574,0.033333333333333263,0.025225114930954518
valence,emg_existing_22,2,16,12,1000.0,16,16,-0.29166666666666674,-0.2333333333333334,0.023920668545358778
valence,emg_existing_22,2,16,13,1000.0,16,16,-0.1666666666666667,-0.1333333333333334,0.023839615352630628
valence,emg_existing_22,2,16,14,1000.0,16,16,-0.2500000000000001,-0.2000000000000001,0.02434777722879543
valence,emg_existing_22,2,16,15,1000.0,16,16,0.02083333333333323,0.016666666666666587,0.030363164442966613
valence,emg_existing_22,2,16,16,1000.0,16,16,-0.1666666666666668,-0.13333333333333344,0.024242941105841517
valence,emg_existing_22,2,16,17,1000.0,16,16,-0.2291666666666667,-0.18333333333333338,0.024643464885958935
valence,emg_existing_22,2,16,18,1000.0,16,16,-0.5416666666666667,-0.4333333333333334,0.028476717094019492
valence,emg_existing_22,2,16,19,1000.0,16,16,-0.2083333333333334,-0.16666666666666674,0.01725957091178739
valence,emg_existing_22,3,0,0,1000.0,0,32,0.0,0.0,0.030650312205830667
valence,emg_existing_22,3,4,0,1000.0,4,28,-0.25,-0.125,0.02993351363869034
valence,emg_existing_22,3,4,1,1000.0,4,28,-0.666666666666667,-0.3333333333333335,0.029674313471582503
valence,emg_existing_22,3,4,2,1000.0,4,28,-1.25,-0.625,0.0324380412045896
valence,emg_existing_22,3,4,3,1000.0,4,28,0.9999999999999996,0.4999999999999998,0.030716613276302273
valence,emg_existing_22,3,4,4,1000.0,4,28,-0.7500000000000002,-0.3750000000000001,0.028093366055396644
valence,emg_existing_22,3,4,5,1000.0,4,28,-1.0833333333333335,-0.5416666666666667,0.032219541575303316
valence,emg_existing_22,3,4,6,1000.0,4,28,-0.2499999999999999,-0.12499999999999994,0.027714822947826488
valence,emg_existing_22,3,4,7,1000.0,4,28,1.2499999999999998,0.6249999999999999,0.030131470824754678
valence,emg_existing_22,3,4,8,1000.0,4,28,5.551115123125783e-17,2.7755575615628914e-17,0.03137404760669243
valence,emg_existing_22,3,4,9,1000.0,4,28,-0.5000000000000002,-0.2500000000000001,0.03238153287843022
valence,emg_existing_22,3,4,10,1000.0,4,28,0.16666666666666646,0.08333333333333323,0.03165639114326179
valence,emg_existing_22,3,4,11,1000.0,4,28,0.4999999999999998,0.2499999999999999,0.032113021996493775
valence,emg_existing_22,3,4,12,1000.0,4,28,0.33333333333333304,0.16666666666666652,0.03139172004408098
valence,emg_existing_22,3,4,13,1000.0,4,28,-0.666666666666667,-0.3333333333333335,0.03022184347591927
valence,emg_existing_22,3,4,14,1000.0,4,28,-0.9166666666666666,-0.4583333333333333,0.03066086271240676
valence,emg_existing_22,3,4,15,1000.0,4,28,-1.25,-0.625,0.03217754491578201
valence,emg_existing_22,3,4,16,1000.0,4,28,0.41666666666666635,0.20833333333333318,0.03011206024568184
valence,emg_existing_22,3,4,17,1000.0,4,28,-1.416666666666667,-0.7083333333333335,0.032083149277425
valence,emg_existing_22,3,4,18,1000.0,4,28,0.5833333333333334,0.2916666666666667,0.03026835557773604
valence,emg_existing_22,3,4,19,1000.0,4,28,-0.7500000000000002,-0.3750000000000001,0.0317380443031252
valence,emg_existing_22,3,16,0,1000.0,16,16,0.27083333333333326,0.21666666666666662,0.036123482880836714
valence,emg_existing_22,3,16,1,1000.0,16,16,-0.0833333333333334,-0.06666666666666672,0.024557794387303686
valence,emg_existing_22,3,16,2,1000.0,16,16,-0.6250000000000001,-0.5000000000000001,0.03469930296215684
valence,emg_existing_22,3,16,3,1000.0,16,16,0.7291666666666665,0.5833333333333333,0.024863835472326252
valence,emg_existing_22,3,16,4,1000.0,16,16,0.3541666666666666,0.28333333333333327,0.029737682695911857
valence,emg_existing_22,3,16,5,1000.0,16,16,-0.22916666666666682,-0.18333333333333346,0.030458597548017607
valence,emg_existing_22,3,16,6,1000.0,16,16,-0.1666666666666668,-0.13333333333333344,0.025019757027436543
valence,emg_existing_22,3,16,7,1000.0,16,16,-0.625,-0.5,0.03129475652573008
valence,emg_existing_22,3,16,8,1000.0,16,16,-0.020833333333333426,-0.016666666666666743,0.02889174293798851
valence,emg_existing_22,3,16,9,1000.0,16,16,0.10416666666666653,0.08333333333333323,0.03456302409343305
valence,emg_existing_22,3,16,10,1000.0,16,16,0.24999999999999986,0.1999999999999999,0.025815142096596307
valence,emg_existing_22,3,16,11,1000.0,16,16,0.10416666666666659,0.08333333333333327,0.017569795150586813
valence,emg_existing_22,3,16,12,1000.0,16,16,0.2916666666666665,0.23333333333333323,0.025619479778921476
valence,emg_existing_22,3,16,13,1000.0,16,16,0.3541666666666665,0.2833333333333332,0.03431593105501394
valence,emg_existing_22,3,16,14,1000.0,16,16,-0.1250000000000001,-0.10000000000000009,0.031591370970056945
valence,emg_existing_22,3,16,15,1000.0,16,16,-0.14583333333333348,-0.1166666666666668,0.023318741375706997
valence,emg_existing_22,3,16,16,1000.0,16,16,0.3541666666666665,0.2833333333333332,0.01920669827254089
valence,emg_existing_22,3,16,17,1000.0,16,16,0.12499999999999992,0.09999999999999994,0.032734152310446574
valence,emg_existing_22,3,16,18,1000.0,16,16,-0.3333333333333334,-0.2666666666666668,0.040569627810196414
valence,emg_existing_22,3,16,19,1000.0,16,16,-0.020833333333333426,-0.016666666666666743,0.023769416049973183
valence,emg_existing_22,5,0,0,1000.0,0,32,0.0,0.0,0.05402476413833227
valence,emg_existing_22,5,4,0,1000.0,4,28,0.7499999999999998,0.3749999999999999,0.04624600820783664
valence,emg_existing_22,5,4,1,1000.0,4,28,0.33333333333333326,0.16666666666666663,0.05535751468697921
valence,emg_existing_22,5,4,2,1000.0,4,28,0.8333333333333333,0.41666666666666663,0.054546901617740305
valence,emg_existing_22,5,4,3,1000.0,4,28,0.5833333333333331,0.2916666666666666,0.04835302306139506
valence,emg_existing_22,5,4,4,1000.0,4,28,0.833333333333333,0.4166666666666665,0.055209589738171055
valence,emg_existing_22,5,4,5,1000.0,4,28,0.6666666666666666,0.3333333333333333,0.054206486432859274
valence,emg_existing_22,5,4,6,1000.0,4,28,0.6666666666666667,0.33333333333333337,0.056424507273676226
valence,emg_existing_22,5,4,7,1000.0,4,28,1.4166666666666665,0.7083333333333333,0.0569313187105927
valence,emg_existing_22,5,4,8,1000.0,4,28,0.8333333333333333,0.41666666666666663,0.05512843524998254
valence,emg_existing_22,5,4,9,1000.0,4,28,0.75,0.375,0.047948919753596296
valence,emg_existing_22,5,4,10,1000.0,4,28,0.75,0.375,0.04917113541525491
valence,emg_existing_22,5,4,11,1000.0,4,28,1.5,0.75,0.04804247055927973
valence,emg_existing_22,5,4,12,1000.0,4,28,0.5833333333333333,0.29166666666666663,0.0558369965750984
valence,emg_existing_22,5,4,13,1000.0,4,28,0.6666666666666665,0.33333333333333326,0.047370274330296724
valence,emg_existing_22,5,4,14,1000.0,4,28,-0.5,-0.25,0.05616646325104052
valence,emg_existing_22,5,4,15,1000.0,4,28,0.16666666666666674,0.08333333333333337,0.05675277555839865
valence,emg_existing_22,5,4,16,1000.0,4,28,0.9999999999999999,0.49999999999999994,0.05190395736749096
valence,emg_existing_22,5,4,17,1000.0,4,28,1.75,0.875,0.056796064846378155
valence,emg_existing_22,5,4,18,1000.0,4,28,0.75,0.375,0.045373508111893224
valence,emg_existing_22,5,4,19,1000.0,4,28,0.33333333333333326,0.16666666666666663,0.04919822961086804
valence,emg_existing_22,5,16,0,1000.0,16,16,0.6875,0.55,0.05245117557878821
valence,emg_existing_22,5,16,1,1000.0,16,16,0.5833333333333333,0.4666666666666666,0.03610624556771323
valence,emg_existing_22,5,16,2,1000.0,16,16,0.8333333333333333,0.6666666666666666,0.05559747221158275
valence,emg_existing_22,5,16,3,1000.0,16,16,0.6666666666666666,0.5333333333333333,0.05376530704724082
valence,emg_existing_22,5,16,4,1000.0,16,16,0.5416666666666666,0.43333333333333335,0.057859043351520215
valence,emg_existing_22,5,16,5,1000.0,16,16,0.5416666666666666,0.43333333333333335,0.05100493286452699
valence,emg_existing_22,5,16,6,1000.0,16,16,0.27083333333333326,0.21666666666666662,0.049072303659439015
valence,emg_existing_22,5,16,7,1000.0,16,16,0.4791666666666665,0.38333333333333325,0.07081940489381533
valence,emg_existing_22,5,16,8,1000.0,16,16,0.33333333333333326,0.2666666666666666,0.06179347392979461
valence,emg_existing_22,5,16,9,1000.0,16,16,0.5208333333333333,0.41666666666666663,0.06394921327828403
valence,emg_existing_22,5,16,10,1000.0,16,16,-0.02083333333333344,-0.016666666666666753,0.03529099997553286
valence,emg_existing_22,5,16,11,1000.0,16,16,0.6458333333333333,0.5166666666666666,0.04983431138914841
valence,emg_existing_22,5,16,12,1000.0,16,16,0.14583333333333326,0.11666666666666661,0.067550630634528
valence,emg_existing_22,5,16,13,1000.0,16,16,0.5416666666666665,0.43333333333333324,0.058008123769296205
valence,emg_existing_22,5,16,14,1000.0,16,16,0.8541666666666666,0.6833333333333333,0.054708036245068786
valence,emg_existing_22,5,16,15,1000.0,16,16,0.6249999999999999,0.49999999999999994,0.053193204555789124
valence,emg_existing_22,5,16,16,1000.0,16,16,0.3541666666666667,0.2833333333333334,0.03587942237304816
valence,emg_existing_22,5,16,17,1000.0,16,16,0.75,0.6000000000000001,0.054851436232147596
valence,emg_existing_22,5,16,18,1000.0,16,16,0.6666666666666665,0.5333333333333332,0.06596544051595807
valence,emg_existing_22,5,16,19,1000.0,16,16,0.2083333333333333,0.16666666666666663,0.058007398153354275
arousal,emg_existing_22,1,0,0,1000.0,0,32,0.0,0.0,0.018382680136470434
arousal,emg_existing_22,1,4,0,1000.0,4,28,-1.5833333333333335,-0.7916666666666667,0.018506137266142825
arousal,emg_existing_22,1,4,1,1000.0,4,28,1.6666666666666667,0.8333333333333334,0.0194724803318249
arousal,emg_existing_22,1,4,2,1000.0,4,28,-3.0000000000000004,-1.5000000000000002,0.018620554484402294
arousal,emg_existing_22,1,4,3,1000.0,4,28,-1.3333333333333335,-0.6666666666666667,0.01885650651692867
arousal,emg_existing_22,1,4,4,1000.0,4,28,-1.5,-0.75,0.01829564242832727
arousal,emg_existing_22,1,4,5,1000.0,4,28,-1.0,-0.5,0.01857807594923334
arousal,emg_existing_22,1,4,6,1000.0,4,28,-2.0833333333333335,-1.0416666666666667,0.01915773872611484
arousal,emg_existing_22,1,4,7,1000.0,4,28,-0.2500000000000001,-0.12500000000000006,0.01906979769117541
arousal,emg_existing_22,1,4,8,1000.0,4,28,-1.8333333333333333,-0.9166666666666666,0.018459379425558975
arousal,emg_existing_22,1,4,9,1000.0,4,28,-1.083333333333333,-0.5416666666666665,0.016661423096831777
arousal,emg_existing_22,1,4,10,1000.0,4,28,-0.8333333333333333,-0.41666666666666663,0.018013633040431288
arousal,emg_existing_22,1,4,11,1000.0,4,28,-0.9166666666666665,-0.45833333333333326,0.017355117515503258
arousal,emg_existing_22,1,4,12,1000.0,4,28,0.8333333333333335,0.41666666666666674,0.017887903205022822
arousal,emg_existing_22,1,4,13,1000.0,4,28,-0.8333333333333334,-0.4166666666666667,0.018699856438477627
arousal,emg_existing_22,1,4,14,1000.0,4,28,0.08333333333333315,0.041666666666666574,0.019219391038755244
arousal,emg_existing_22,1,4,15,1000.0,4,28,-0.9166666666666667,-0.45833333333333337,0.018624288676455398
arousal,emg_existing_22,1,4,16,1000.0,4,28,-1.25,-0.625,0.01835559233730319
arousal,emg_existing_22,1,4,17,1000.0,4,28,-1.75,-0.875,0.018015792413951494
arousal,emg_existing_22,1,4,18,1000.0,4,28,-1.8333333333333335,-0.9166666666666667,0.01699437611580028
arousal,emg_existing_22,1,4,19,1000.0,4,28,-0.08333333333333348,-0.04166666666666674,0.018209312264652895
arousal,emg_existing_22,1,16,0,1000.0,16,16,-1.2083333333333335,-0.9666666666666668,0.011563409350801527
arousal,emg_existing_22,1,16,1,1000.0,16,16,-1.125,-0.9,0.019537078659678877
arousal,emg_existing_22,1,16,2,1000.0,16,16,-0.8333333333333335,-0.6666666666666669,0.015237416936988263
arousal,emg_existing_22,1,16,3,1000.0,16,16,-0.10416666666666663,-0.08333333333333331,0.020266791690063648
arousal,emg_existing_22,1,16,4,1000.0,16,16,-0.6666666666666667,-0.5333333333333334,0.018689868331510144
arousal,emg_existing_22,1,16,5,1000.0,16,16,0.062499999999999986,0.04999999999999999,0.017175099883986
arousal,emg_existing_22,1,16,6,1000.0,16,16,-0.8541666666666666,-0.6833333333333333,0.016342677094303208
arousal,emg_existing_22,1,16,7,1000.0,16,16,-1.2083333333333333,-0.9666666666666667,0.01739805661546681
arousal,emg_existing_22,1,16,8,1000.0,16,16,-0.6666666666666667,-0.5333333333333334,0.015118632340015023
arousal,emg_existing_22,1,16,9,1000.0,16,16,-0.29166666666666663,-0.2333333333333333,0.01853493768157434
arousal,emg_existing_22,1,16,10,1000.0,16,16,-1.1666666666666667,-0.9333333333333335,0.019265333859746932
arousal,emg_existing_22,1,16,11,1000.0,16,16,-0.45833333333333337,-0.3666666666666667,0.018063361253029497
arousal,emg_existing_22,1,16,12,1000.0,16,16,0.0625,0.05,0.019419154803053278
arousal,emg_existing_22,1,16,13,1000.0,16,16,-0.4999999999999999,-0.3999999999999999,0.01497060824080228
arousal,emg_existing_22,1,16,14,1000.0,16,16,-0.625,-0.5,0.018939769121660975
arousal,emg_existing_22,1,16,15,1000.0,16,16,-0.4375,-0.35000000000000003,0.016367576279448622
arousal,emg_existing_22,1,16,16,1000.0,16,16,-0.8541666666666666,-0.6833333333333333,0.018615325471556005
arousal,emg_existing_22,1,16,17,1000.0,16,16,-0.39583333333333326,-0.31666666666666665,0.017907043478547966
arousal,emg_existing_22,1,16,18,1000.0,16,16,-0.47916666666666663,-0.3833333333333333,0.020131447924494776
arousal,emg_existing_22,1,16,19,1000.0,16,16,-0.5416666666666666,-0.43333333333333335,0.01722892619254592
arousal,emg_existing_22,2,0,0,1000.0,0,32,0.0,0.0,0.08016634895390932
arousal,emg_existing_22,2,4,0,1000.0,4,28,2.0833333333333335,1.0416666666666667,0.07582832418183325
arousal,emg_existing_22,2,4,1,1000.0,4,28,1.6666666666666667,0.8333333333333334,0.07404217837518771
arousal,emg_existing_22,2,4,2,1000.0,4,28,2.0833333333333335,1.0416666666666667,0.08405287826898876
arousal,emg_existing_22,2,4,3,1000.0,4,28,2.666666666666667,1.3333333333333335,0.08529448591361793
arousal,emg_existing_22,2,4,4,1000.0,4,28,0.9166666666666665,0.45833333333333326,0.08481235223970482
arousal,emg_existing_22,2,4,5,1000.0,4,28,3.333333333333334,1.666666666666667,0.08520399669097856
arousal,emg_existing_22,2,4,6,1000.0,4,28,2.583333333333333,1.2916666666666665,0.08478391855547386
arousal,emg_existing_22,2,4,7,1000.0,4,28,3.166666666666667,1.5833333333333335,0.08416179589633568
arousal,emg_existing_22,2,4,8,1000.0,4,28,2.666666666666666,1.333333333333333,0.0631924021458813
arousal,emg_existing_22,2,4,9,1000.0,4,28,1.8333333333333335,0.9166666666666667,0.08241977262954171
arousal,emg_existing_22,2,4,10,1000.0,4,28,2.4166666666666665,1.2083333333333333,0.07601524764570844
arousal,emg_existing_22,2,4,11,1000.0,4,28,2.916666666666666,1.458333333333333,0.07469342812510858
arousal,emg_existing_22,2,4,12,1000.0,4,28,2.5000000000000004,1.2500000000000002,0.08181373693613257
arousal,emg_existing_22,2,4,13,1000.0,4,28,0.9166666666666665,0.45833333333333326,0.07627537280697495
arousal,emg_existing_22,2,4,14,1000.0,4,28,1.5833333333333335,0.7916666666666667,0.08270791856081065
arousal,emg_existing_22,2,4,15,1000.0,4,28,1.0,0.5,0.07587555848965252
arousal,emg_existing_22,2,4,16,1000.0,4,28,1.666666666666667,0.8333333333333335,0.08017329201192695
arousal,emg_existing_22,2,4,17,1000.0,4,28,2.5,1.25,0.08471807522352912
arousal,emg_existing_22,2,4,18,1000.0,4,28,2.333333333333333,1.1666666666666665,0.0780046238254774
arousal,emg_existing_22,2,4,19,1000.0,4,28,2.75,1.375,0.08244393583901495
arousal,emg_existing_22,2,16,0,1000.0,16,16,1.8333333333333335,1.4666666666666668,0.07818710172322484
arousal,emg_existing_22,2,16,1,1000.0,16,16,2.270833333333333,1.8166666666666664,0.028640622608538367
arousal,emg_existing_22,2,16,2,1000.0,16,16,2.8125,2.25,0.07183660312215161
arousal,emg_existing_22,2,16,3,1000.0,16,16,2.208333333333333,1.7666666666666666,0.0820777436827235
arousal,emg_existing_22,2,16,4,1000.0,16,16,2.0208333333333335,1.616666666666667,0.06135865883500702
arousal,emg_existing_22,2,16,5,1000.0,16,16,2.4375,1.9500000000000002,0.08125105195760803
arousal,emg_existing_22,2,16,6,1000.0,16,16,2.520833333333333,2.0166666666666666,0.06205617247576685
arousal,emg_existing_22,2,16,7,1000.0,16,16,2.645833333333333,2.1166666666666667,0.0953475231659435
arousal,emg_existing_22,2,16,8,1000.0,16,16,2.0,1.6,0.10063526511083465
arousal,emg_existing_22,2,16,9,1000.0,16,16,2.604166666666667,2.0833333333333335,0.08277037569326073
arousal,emg_existing_22,2,16,10,1000.0,16,16,2.479166666666667,1.9833333333333336,0.09129716489847581
arousal,emg_existing_22,2,16,11,1000.0,16,16,2.125,1.7000000000000002,0.06420502296379582
arousal,emg_existing_22,2,16,12,1000.0,16,16,2.5625,2.0500000000000003,0.08280265331632185
arousal,emg_existing_22,2,16,13,1000.0,16,16,1.979166666666667,1.5833333333333337,0.05643782247420531
arousal,emg_existing_22,2,16,14,1000.0,16,16,2.416666666666667,1.9333333333333336,0.06566096650582666
arousal,emg_existing_22,2,16,15,1000.0,16,16,2.625,2.1,0.09192847116253464
arousal,emg_existing_22,2,16,16,1000.0,16,16,2.2083333333333335,1.7666666666666668,0.0610783439354844
arousal,emg_existing_22,2,16,17,1000.0,16,16,2.4583333333333335,1.9666666666666668,0.07660262606207849
arousal,emg_existing_22,2,16,18,1000.0,16,16,2.5416666666666665,2.033333333333333,0.09171563799330769
arousal,emg_existing_22,2,16,19,1000.0,16,16,2.291666666666667,1.8333333333333337,0.08801211333122601
arousal,emg_existing_22,3,0,0,1000.0,0,32,0.0,0.0,0.0280968587180279
arousal,emg_existing_22,3,4,0,1000.0,4,28,-3.0,-1.5,0.02985890981020884
arousal,emg_existing_22,3,4,1,1000.0,4,28,-3.916666666666667,-1.9583333333333335,0.02756018410914513
arousal,emg_existing_22,3,4,2,1000.0,4,28,-2.666666666666667,-1.3333333333333335,0.028741084289696937
arousal,emg_existing_22,3,4,3,1000.0,4,28,-2.833333333333333,-1.4166666666666665,0.023035179829708406
arousal,emg_existing_22,3,4,4,1000.0,4,28,-1.416666666666667,-0.7083333333333335,0.028619080096272193
arousal,emg_existing_22,3,4,5,1000.0,4,28,-2.0833333333333335,-1.0416666666666667,0.02588851838074338
arousal,emg_existing_22,3,4,6,1000.0,4,28,-2.916666666666667,-1.4583333333333335,0.02574096719967338
arousal,emg_existing_22,3,4,7,1000.0,4,28,-3.416666666666667,-1.7083333333333335,0.024793541607121276
arousal,emg_existing_22,3,4,8,1000.0,4,28,-2.5,-1.25,0.029582488909634053
arousal,emg_existing_22,3,4,9,1000.0,4,28,-0.8333333333333334,-0.4166666666666667,0.02898405982371676
arousal,emg_existing_22,3,4,10,1000.0,4,28,-3.833333333333334,-1.916666666666667,0.029269809359325154
arousal,emg_existing_22,3,4,11,1000.0,4,28,-2.0833333333333335,-1.0416666666666667,0.029101554777114486
arousal,emg_existing_22,3,4,12,1000.0,4,28,-4.333333333333333,-2.1666666666666665,0.02930157102497507
arousal,emg_existing_22,3,4,13,1000.0,4,28,-3.083333333333334,-1.541666666666667,0.02860362604972511
arousal,emg_existing_22,3,4,14,1000.0,4,28,-1.4166666666666667,-0.7083333333333334,0.029870783921021767
arousal,emg_existing_22,3,4,15,1000.0,4,28,-2.5,-1.25,0.02883660337363751
arousal,emg_existing_22,3,4,16,1000.0,4,28,-1.75,-0.875,0.026460434739393912
arousal,emg_existing_22,3,4,17,1000.0,4,28,-3.166666666666667,-1.5833333333333335,0.027053791194549277
arousal,emg_existing_22,3,4,18,1000.0,4,28,-2.2500000000000004,-1.1250000000000002,0.02925232283648533
arousal,emg_existing_22,3,4,19,1000.0,4,28,-2.1666666666666665,-1.0833333333333333,0.02831108466077713
arousal,emg_existing_22,3,16,0,1000.0,16,16,-2.5,-2.0,0.02528116420342972
arousal,emg_existing_22,3,16,1,1000.0,16,16,-2.375,-1.9000000000000001,0.027945664183508558
arousal,emg_existing_22,3,16,2,1000.0,16,16,-2.3958333333333335,-1.916666666666667,0.027227755758038152
arousal,emg_existing_22,3,16,3,1000.0,16,16,-2.1875,-1.75,0.03237049066234429
arousal,emg_existing_22,3,16,4,1000.0,16,16,-2.8958333333333335,-2.316666666666667,0.022378119907837186
arousal,emg_existing_22,3,16,5,1000.0,16,16,-2.2083333333333335,-1.7666666666666668,0.02552085979058766
arousal,emg_existing_22,3,16,6,1000.0,16,16,-2.4375,-1.9500000000000002,0.026441115650511632
arousal,emg_existing_22,3,16,7,1000.0,16,16,-1.75,-1.4000000000000001,0.029305259660186007
arousal,emg_existing_22,3,16,8,1000.0,16,16,-1.8958333333333333,-1.5166666666666666,0.02741363757653942
arousal,emg_existing_22,3,16,9,1000.0,16,16,-2.375,-1.9000000000000001,0.031036511042778176
arousal,emg_existing_22,3,16,10,1000.0,16,16,-1.8125,-1.4500000000000002,0.027028164925951215
arousal,emg_existing_22,3,16,11,1000.0,16,16,-2.666666666666667,-2.1333333333333337,0.03252028010595147
arousal,emg_existing_22,3,16,12,1000.0,16,16,-2.1458333333333335,-1.7166666666666668,0.030451103440235352
arousal,emg_existing_22,3,16,13,1000.0,16,16,-2.25,-1.8,0.019303637136449444
arousal,emg_existing_22,3,16,14,1000.0,16,16,-2.395833333333333,-1.9166666666666665,0.032002502617132
arousal,emg_existing_22,3,16,15,1000.0,16,16,-2.0833333333333335,-1.666666666666667,0.024531191333226003
arousal,emg_existing_22,3,16,16,1000.0,16,16,-2.1875,-1.75,0.03131678819141933
arousal,emg_existing_22,3,16,17,1000.0,16,16,-2.458333333333333,-1.9666666666666666,0.018957338672496375
arousal,emg_existing_22,3,16,18,1000.0,16,16,-1.9791666666666667,-1.5833333333333335,0.03420890451448419
arousal,emg_existing_22,3,16,19,1000.0,16,16,-2.0625,-1.6500000000000001,0.03222610907988715
arousal,emg_existing_22,5,0,0,10.0,0,32,0.0,0.0,0.5534298958167441
arousal,emg_existing_22,5,4,0,10.0,4,28,0.9999999999999998,0.4999999999999999,0.5295523159574301
arousal,emg_existing_22,5,4,1,10.0,4,28,1.0833333333333333,0.5416666666666666,0.5414703370210987
arousal,emg_existing_22,5,4,2,10.0,4,28,1.1666666666666665,0.5833333333333333,0.5330849595693741
arousal,emg_existing_22,5,4,3,10.0,4,28,0.33333333333333326,0.16666666666666663,0.5434840696248112
arousal,emg_existing_22,5,4,4,10.0,4,28,-0.41666666666666663,-0.20833333333333331,0.5795802223742706
arousal,emg_existing_22,5,4,5,10.0,4,28,0.08333333333333348,0.04166666666666674,0.55952393588049
arousal,emg_existing_22,5,4,6,10.0,4,28,2.220446049250313e-16,1.1102230246251565e-16,0.5743745491115523
arousal,emg_existing_22,5,4,7,10.0,4,28,0.5,0.25,0.5609952532087944
arousal,emg_existing_22,5,4,8,10.0,4,28,0.4166666666666666,0.2083333333333333,0.5557656158005231
arousal,emg_existing_22,5,4,9,10.0,4,28,1.4166666666666665,0.7083333333333333,0.4606584614756229
arousal,emg_existing_22,5,4,10,10.0,4,28,1.5833333333333333,0.7916666666666666,0.503137119886789
arousal,emg_existing_22,5,4,11,10.0,4,28,0.5,0.25,0.579296050613684
arousal,emg_existing_22,5,4,12,10.0,4,28,-0.75,-0.375,0.5910054720566632
arousal,emg_existing_22,5,4,13,10.0,4,28,1.25,0.625,0.5694674472896242
arousal,emg_existing_22,5,4,14,10.0,4,28,1.6666666666666665,0.8333333333333333,0.5549904376860533
arousal,emg_existing_22,5,4,15,10.0,4,28,0.9999999999999999,0.49999999999999994,0.5806803645566674
arousal,emg_existing_22,5,4,16,10.0,4,28,0.16666666666666657,0.08333333333333329,0.5441877640918265
arousal,emg_existing_22,5,4,17,10.0,4,28,1.75,0.875,0.5690381753382028
arousal,emg_existing_22,5,4,18,10.0,4,28,0.9166666666666666,0.4583333333333333,0.5144392703690814
arousal,emg_existing_22,5,4,19,10.0,4,28,0.8333333333333333,0.41666666666666663,0.5851425427773765
arousal,emg_existing_22,5,16,0,10.0,16,16,0.35416666666666674,0.2833333333333334,0.6415215785941073
arousal,emg_existing_22,5,16,1,10.0,16,16,0.41666666666666663,0.3333333333333333,0.6395708725538983
arousal,emg_existing_22,5,16,2,10.0,16,16,0.3333333333333333,0.26666666666666666,0.47789676502123224
arousal,emg_existing_22,5,16,3,10.0,16,16,0.4166666666666667,0.33333333333333337,0.5425950260935833
arousal,emg_existing_22,5,16,4,10.0,16,16,1.0208333333333333,0.8166666666666667,0.5067060527233778
arousal,emg_existing_22,5,16,5,10.0,16,16,-0.27083333333333326,-0.21666666666666662,0.5499501813370226
arousal,emg_existing_22,5,16,6,10.0,16,16,0.6875,0.55,0.6033292020200185
arousal,emg_existing_22,5,16,7,10.0,16,16,0.5208333333333333,0.41666666666666663,0.4830897996920914
arousal,emg_existing_22,5,16,8,10.0,16,16,0.6666666666666666,0.5333333333333333,0.43147833410611286
arousal,emg_existing_22,5,16,9,10.0,16,16,0.20833333333333334,0.16666666666666669,0.4815527422812031
arousal,emg_existing_22,5,16,10,10.0,16,16,0.47916666666666663,0.3833333333333333,0.4905918821079276
arousal,emg_existing_22,5,16,11,10.0,16,16,0.4999999999999999,0.3999999999999999,0.4679512115341374
arousal,emg_existing_22,5,16,12,10.0,16,16,0.9791666666666667,0.7833333333333334,0.39734983920199496
arousal,emg_existing_22,5,16,13,10.0,16,16,0.5208333333333334,0.41666666666666674,0.693770322344396
arousal,emg_existing_22,5,16,14,10.0,16,16,0.75,0.6000000000000001,0.5598111448079942
arousal,emg_existing_22,5,16,15,10.0,16,16,0.35416666666666663,0.2833333333333333,0.5434050329598901
arousal,emg_existing_22,5,16,16,10.0,16,16,0.5625,0.45,0.6122636403111094
arousal,emg_existing_22,5,16,17,10.0,16,16,0.7083333333333333,0.5666666666666667,0.44438731135250176
arousal,emg_existing_22,5,16,18,10.0,16,16,0.5624999999999999,0.44999999999999996,0.5582394410820951
arousal,emg_existing_22,5,16,19,10.0,16,16,0.5416666666666665,0.43333333333333324,0.531155947679492
valence,eeg_entropy_complexity,1,0,0,1000.0,0,32,0.0,0.0,0.23441854517918867
valence,eeg_entropy_complexity,1,4,0,1000.0,4,28,-1.7500000000000002,-0.8750000000000001,0.24301207354457985
valence,eeg_entropy_complexity,1,4,1,1000.0,4,28,-0.8333333333333335,-0.41666666666666674,0.24158423833205717
valence,eeg_entropy_complexity,1,4,2,1000.0,4,28,-0.41666666666666685,-0.20833333333333343,0.21863886780689853
valence,eeg_entropy_complexity,1,4,3,1000.0,4,28,-0.25,-0.125,0.22741998939391406
valence,eeg_entropy_complexity,1,4,4,1000.0,4,28,-1.0,-0.5,0.24595290290652194
valence,eeg_entropy_complexity,1,4,5,1000.0,4,28,-0.08333333333333337,-0.041666666666666685,0.23711603695324354
valence,eeg_entropy_complexity,1,4,6,1000.0,4,28,-0.41666666666666674,-0.20833333333333337,0.2197461758638717
valence,eeg_entropy_complexity,1,4,7,1000.0,4,28,0.8333333333333333,0.41666666666666663,0.24269537455474183
valence,eeg_entropy_complexity,1,4,8,1000.0,4,28,-0.41666666666666685,-0.20833333333333343,0.22774681839150634
valence,eeg_entropy_complexity,1,4,9,1000.0,4,28,-0.08333333333333326,-0.04166666666666663,0.24521990382573072
valence,eeg_entropy_complexity,1,4,10,1000.0,4,28,0.6666666666666666,0.3333333333333333,0.23528107445189056
valence,eeg_entropy_complexity,1,4,11,1000.0,4,28,-1.9166666666666667,-0.9583333333333334,0.24165871654478718
valence,eeg_entropy_complexity,1,4,12,1000.0,4,28,-0.5833333333333334,-0.2916666666666667,0.2352936713068796
valence,eeg_entropy_complexity,1,4,13,1000.0,4,28,0.0,0.0,0.2280569021373316
valence,eeg_entropy_complexity,1,4,14,1000.0,4,28,-0.75,-0.375,0.22437149786907795
valence,eeg_entropy_complexity,1,4,15,1000.0,4,28,-0.8333333333333335,-0.41666666666666674,0.22935574777447487
valence,eeg_entropy_complexity,1,4,16,1000.0,4,28,0.16666666666666663,0.08333333333333331,0.2301789446880131
valence,eeg_entropy_complexity,1,4,17,1000.0,4,28,-0.25000000000000033,-0.12500000000000017,0.24593280883874935
valence,eeg_entropy_complexity,1,4,18,1000.0,4,28,-0.6666666666666667,-0.33333333333333337,0.24678363119782729
valence,eeg_entropy_complexity,1,4,19,1000.0,4,28,-0.5,-0.25,0.22881449844828547
valence,eeg_entropy_complexity,1,16,0,1000.0,16,16,0.1666666666666666,0.13333333333333328,0.2161173266348054
valence,eeg_entropy_complexity,1,16,1,1000.0,16,16,-0.22916666666666666,-0.18333333333333335,0.22148356834546443
valence,eeg_entropy_complexity,1,16,2,1000.0,16,16,-0.29166666666666663,-0.2333333333333333,0.24430896182347778
valence,eeg_entropy_complexity,1,16,3,1000.0,16,16,0.12499999999999994,0.09999999999999996,0.23653441471098646
valence,eeg_entropy_complexity,1,16,4,1000.0,16,16,-0.4166666666666667,-0.33333333333333337,0.1559340985392327
valence,eeg_entropy_complexity,1,16,5,1000.0,16,16,-0.25,-0.2,0.27746772609155806
valence,eeg_entropy_complexity,1,16,6,1000.0,16,16,-0.12500000000000006,-0.10000000000000005,0.209054910655807
valence,eeg_entropy_complexity,1,16,7,1000.0,16,16,-0.5,-0.4,0.24721031209713057
valence,eeg_entropy_complexity,1,16,8,1000.0,16,16,-0.3749999999999999,-0.29999999999999993,0.23136188277677902
valence,eeg_entropy_complexity,1,16,9,1000.0,16,16,-0.3125,-0.25,0.267482278070986
valence,eeg_entropy_complexity,1,16,10,1000.0,16,16,0.14583333333333331,0.11666666666666665,0.23530554016994068
valence,eeg_entropy_complexity,1,16,11,1000.0,16,16,-0.12499999999999997,-0.09999999999999998,0.1862516357120052
valence,eeg_entropy_complexity,1,16,12,1000.0,16,16,-0.10416666666666669,-0.08333333333333336,0.24819458784714324
valence,eeg_entropy_complexity,1,16,13,1000.0,16,16,-0.6041666666666667,-0.4833333333333334,0.21895064799937736
valence,eeg_entropy_complexity,1,16,14,1000.0,16,16,-0.5208333333333334,-0.41666666666666674,0.22326359331575943
valence,eeg_entropy_complexity,1,16,15,1000.0,16,16,-0.29166666666666663,-0.2333333333333333,0.2210550966468612
valence,eeg_entropy_complexity,1,16,16,1000.0,16,16,-0.02083333333333326,-0.016666666666666607,0.2112094557208359
valence,eeg_entropy_complexity,1,16,17,1000.0,16,16,0.16666666666666674,0.1333333333333334,0.20907184376344126
valence,eeg_entropy_complexity,1,16,18,1000.0,16,16,-0.35416666666666674,-0.2833333333333334,0.20431413747992586
valence,eeg_entropy_complexity,1,16,19,1000.0,16,16,-0.4375,-0.35000000000000003,0.22624961613931438
valence,eeg_entropy_complexity,2,0,0,1000.0,0,32,0.0,0.0,0.10222239541557554
valence,eeg_entropy_complexity,2,4,0,1000.0,4,28,-0.9166666666666669,-0.4583333333333334,0.09059186347702027
valence,eeg_entropy_complexity,2,4,1,1000.0,4,28,0.16666666666666652,0.08333333333333326,0.1090036709157993
valence,eeg_entropy_complexity,2,4,2,1000.0,4,28,0.08333333333333326,0.04166666666666663,0.10461991734146862
valence,eeg_entropy_complexity,2,4,3,1000.0,4,28,0.2500000000000001,0.12500000000000006,0.10865801390802694
valence,eeg_entropy_complexity,2,4,4,1000.0,4,28,0.8333333333333334,0.4166666666666667,0.09281016382088275
valence,eeg_entropy_complexity,2,4,5,1000.0,4,28,-1.25,-0.625,0.09536601365240899
valence,eeg_entropy_complexity,2,4,6,1000.0,4,28,-1.0000000000000002,-0.5000000000000001,0.10750671522268973
valence,eeg_entropy_complexity,2,4,7,1000.0,4,28,1.0833333333333333,0.5416666666666666,0.10193518961199458
valence,eeg_entropy_complexity,2,4,8,1000.0,4,28,0.08333333333333326,0.04166666666666663,0.08545053093299093
valence,eeg_entropy_complexity,2,4,9,1000.0,4,28,-0.41666666666666674,-0.20833333333333337,0.10693558083189858
valence,eeg_entropy_complexity,2,4,10,1000.0,4,28,-0.4166666666666667,-0.20833333333333334,0.1086254989436335
valence,eeg_entropy_complexity,2,4,11,1000.0,4,28,-0.41666666666666685,-0.20833333333333343,0.10726188459458362
valence,eeg_entropy_complexity,2,4,12,1000.0,4,28,-1.8333333333333335,-0.9166666666666667,0.09737702399982287
valence,eeg_entropy_complexity,2,4,13,1000.0,4,28,-0.8333333333333335,-0.41666666666666674,0.10834484096606176
valence,eeg_entropy_complexity,2,4,14,1000.0,4,28,1.0833333333333335,0.5416666666666667,0.10102682776486964
valence,eeg_entropy_complexity,2,4,15,1000.0,4,28,-0.2500000000000001,-0.12500000000000006,0.10155415949861199
valence,eeg_entropy_complexity,2,4,16,1000.0,4,28,-0.75,-0.375,0.10906184772250783
valence,eeg_entropy_complexity,2,4,17,1000.0,4,28,0.41666666666666663,0.20833333333333331,0.10838374655860658
valence,eeg_entropy_complexity,2,4,18,1000.0,4,28,-0.41666666666666685,-0.20833333333333343,0.10631969641140103
valence,eeg_entropy_complexity,2,4,19,1000.0,4,28,-0.5833333333333334,-0.2916666666666667,0.10128672388693052
valence,eeg_entropy_complexity,2,16,0,1000.0,16,16,-0.8333333333333335,-0.6666666666666669,0.06875899621412607
valence,eeg_entropy_complexity,2,16,1,1000.0,16,16,-0.14583333333333337,-0.1166666666666667,0.12217006525555832
valence,eeg_entropy_complexity,2,16,2,1000.0,16,16,-0.22916666666666674,-0.1833333333333334,0.10341710188314913
valence,eeg_entropy_complexity,2,16,3,1000.0,16,16,-0.22916666666666682,-0.18333333333333346,0.1311663713280617
valence,eeg_entropy_complexity,2,16,4,1000.0,16,16,-0.4375,-0.35000000000000003,0.10127234534728366
valence,eeg_entropy_complexity,2,16,5,1000.0,16,16,-0.7083333333333334,-0.5666666666666668,0.11165511370282877
valence,eeg_entropy_complexity,2,16,6,1000.0,16,16,-0.2083333333333334,-0.16666666666666674,0.0876007083528025
valence,eeg_entropy_complexity,2,16,7,1000.0,16,16,0.12500000000000003,0.10000000000000003,0.11859219223188215
valence,eeg_entropy_complexity,2,16,8,1000.0,16,16,-0.29166666666666663,-0.2333333333333333,0.09982495549885315
valence,eeg_entropy_complexity,2,16,9,1000.0,16,16,0.22916666666666657,0.18333333333333326,0.09214417302362647
valence,eeg_entropy_complexity,2,16,10,1000.0,16,16,-0.7916666666666669,-0.6333333333333335,0.08606005891400008
valence,eeg_entropy_complexity,2,16,11,1000.0,16,16,-0.06250000000000006,-0.050000000000000044,0.1124670137705951
valence,eeg_entropy_complexity,2,16,12,1000.0,16,16,0.14583333333333326,0.11666666666666661,0.08980548568458424
valence,eeg_entropy_complexity,2,16,13,1000.0,16,16,-0.625,-0.5,0.07673372349318353
valence,eeg_entropy_complexity,2,16,14,1000.0,16,16,-0.8125000000000001,-0.6500000000000001,0.07142848808499347
valence,eeg_entropy_complexity,2,16,15,1000.0,16,16,-0.12500000000000006,-0.10000000000000005,0.061134924542408146
valence,eeg_entropy_complexity,2,16,16,1000.0,16,16,-0.31250000000000006,-0.25000000000000006,0.09290407852922397
valence,eeg_entropy_complexity,2,16,17,1000.0,16,16,-0.29166666666666663,-0.2333333333333333,0.11563576671874147
valence,eeg_entropy_complexity,2,16,18,1000.0,16,16,-0.3125000000000001,-0.2500000000000001,0.0641068097924498
valence,eeg_entropy_complexity,2,16,19,1000.0,16,16,-0.3958333333333335,-0.3166666666666668,0.096016562869307
valence,eeg_entropy_complexity,3,0,0,1000.0,0,32,0.0,0.0,0.28022736170061757
valence,eeg_entropy_complexity,3,4,0,1000.0,4,28,0.5833333333333331,0.2916666666666666,0.2526567699890307
valence,eeg_entropy_complexity,3,4,1,1000.0,4,28,-0.3333333333333335,-0.16666666666666674,0.2650432619755869
valence,eeg_entropy_complexity,3,4,2,1000.0,4,28,-0.6666666666666667,-0.33333333333333337,0.29212453768036184
valence,eeg_entropy_complexity,3,4,3,1000.0,4,28,-0.5833333333333334,-0.2916666666666667,0.2570853003160115
valence,eeg_entropy_complexity,3,4,4,1000.0,4,28,0.08333333333333326,0.04166666666666663,0.26218157037294393
valence,eeg_entropy_complexity,3,4,5,1000.0,4,28,-1.5833333333333335,-0.7916666666666667,0.2693339002040052
valence,eeg_entropy_complexity,3,4,6,1000.0,4,28,0.75,0.375,0.2832249558546617
valence,eeg_entropy_complexity,3,4,7,1000.0,4,28,0.3333333333333331,0.16666666666666655,0.2963621878525508
valence,eeg_entropy_complexity,3,4,8,1000.0,4,28,-1.166666666666667,-0.5833333333333335,0.2952797243082196
valence,eeg_entropy_complexity,3,4,9,1000.0,4,28,-0.16666666666666674,-0.08333333333333337,0.2962281681326243
valence,eeg_entropy_complexity,3,4,10,1000.0,4,28,-0.24999999999999994,-0.12499999999999997,0.2633304299190261
valence,eeg_entropy_complexity,3,4,11,1000.0,4,28,-0.08333333333333359,-0.041666666666666796,0.2880558731200299
valence,eeg_entropy_complexity,3,4,12,1000.0,4,28,-0.41666666666666685,-0.20833333333333343,0.28167370657490765
valence,eeg_entropy_complexity,3,4,13,1000.0,4,28,0.4166666666666665,0.20833333333333326,0.29570168145031456
valence,eeg_entropy_complexity,3,4,14,1000.0,4,28,1.3333333333333333,0.6666666666666666,0.27191351595222757
valence,eeg_entropy_complexity,3,4,15,1000.0,4,28,0.5833333333333331,0.2916666666666666,0.28591190997584126
valence,eeg_entropy_complexity,3,4,16,1000.0,4,28,-0.5,-0.25,0.26952355621331725
valence,eeg_entropy_complexity,3,4,17,1000.0,4,28,-0.6666666666666667,-0.33333333333333337,0.29393939742861425
valence,eeg_entropy_complexity,3,4,18,1000.0,4,28,-0.5833333333333336,-0.2916666666666668,0.2765218920737715
valence,eeg_entropy_complexity,3,4,19,1000.0,4,28,1.75,0.875,0.2956844907272906
valence,eeg_entropy_complexity,3,16,0,1000.0,16,16,0.06249999999999993,0.04999999999999995,0.30122348074094846
valence,eeg_entropy_complexity,3,16,1,1000.0,16,16,0.43749999999999994,0.35,0.2548936883917202
valence,eeg_entropy_complexity,3,16,2,1000.0,16,16,0.1874999999999999,0.1499999999999999,0.21377516769539343
valence,eeg_entropy_complexity,3,16,3,1000.0,16,16,-0.31250000000000006,-0.25000000000000006,0.2872690721690922
valence,eeg_entropy_complexity,3,16,4,1000.0,16,16,-0.20833333333333331,-0.16666666666666666,0.29420302248094204
valence,eeg_entropy_complexity,3,16,5,1000.0,16,16,0.5416666666666665,0.43333333333333324,0.2803176794909855
valence,eeg_entropy_complexity,3,16,6,1000.0,16,16,0.12499999999999989,0.09999999999999992,0.28324149328643744
valence,eeg_entropy_complexity,3,16,7,1000.0,16,16,0.14583333333333326,0.11666666666666661,0.23160621324839098
valence,eeg_entropy_complexity,3,16,8,1000.0,16,16,0.041666666666666616,0.03333333333333329,0.2121625310400942
valence,eeg_entropy_complexity,3,16,9,1000.0,16,16,0.020833333333333315,0.016666666666666653,0.2876752139939996
valence,eeg_entropy_complexity,3,16,10,1000.0,16,16,0.39583333333333326,0.31666666666666665,0.2937325855342355
valence,eeg_entropy_complexity,3,16,11,1000.0,16,16,-0.20833333333333345,-0.16666666666666677,0.2875767968281584
valence,eeg_entropy_complexity,3,16,12,1000.0,16,16,-0.2500000000000001,-0.2000000000000001,0.26400168094535814
valence,eeg_entropy_complexity,3,16,13,1000.0,16,16,-0.3125000000000001,-0.2500000000000001,0.24722513624982626
valence,eeg_entropy_complexity,3,16,14,1000.0,16,16,0.4166666666666667,0.33333333333333337,0.2323472908586019
valence,eeg_entropy_complexity,3,16,15,1000.0,16,16,0.06249999999999992,0.04999999999999993,0.33757309679239034
valence,eeg_entropy_complexity,3,16,16,1000.0,16,16,0.5625,0.45,0.34751903214122243
valence,eeg_entropy_complexity,3,16,17,1000.0,16,16,0.14583333333333315,0.11666666666666653,0.34165146022982873
valence,eeg_entropy_complexity,3,16,18,1000.0,16,16,-1.6653345369377348e-16,-1.332267629550188e-16,0.28173864822546246
valence,eeg_entropy_complexity,3,16,19,1000.0,16,16,0.041666666666666546,0.033333333333333236,0.3265249902820577
valence,eeg_entropy_complexity,5,0,0,1000.0,0,32,0.0,0.0,0.09205969346806193
valence,eeg_entropy_complexity,5,4,0,1000.0,4,28,0.08333333333333326,0.04166666666666663,0.0889562250903926
valence,eeg_entropy_complexity,5,4,1,1000.0,4,28,0.08333333333333326,0.04166666666666663,0.09055591702860998
valence,eeg_entropy_complexity,5,4,2,1000.0,4,28,1.9166666666666665,0.9583333333333333,0.08747676031625129
valence,eeg_entropy_complexity,5,4,3,1000.0,4,28,0.6666666666666667,0.33333333333333337,0.09766391519436558
valence,eeg_entropy_complexity,5,4,4,1000.0,4,28,0.9999999999999999,0.49999999999999994,0.09576669583456444
valence,eeg_entropy_complexity,5,4,5,1000.0,4,28,0.49999999999999983,0.24999999999999992,0.08999962785388171
valence,eeg_entropy_complexity,5,4,6,1000.0,4,28,0.4166666666666666,0.2083333333333333,0.08857627477766217
valence,eeg_entropy_complexity,5,4,7,1000.0,4,28,0.49999999999999994,0.24999999999999997,0.09765984669304721
valence,eeg_entropy_complexity,5,4,8,1000.0,4,28,-0.7499999999999999,-0.37499999999999994,0.09298641582866388
valence,eeg_entropy_complexity,5,4,9,1000.0,4,28,-0.25000000000000006,-0.12500000000000003,0.09418356666641298
valence,eeg_entropy_complexity,5,4,10,1000.0,4,28,-0.7500000000000001,-0.37500000000000006,0.08839170989181395
valence,eeg_entropy_complexity,5,4,11,1000.0,4,28,1.9999999999999998,0.9999999999999999,0.08820401817906731
valence,eeg_entropy_complexity,5,4,12,1000.0,4,28,0.7499999999999998,0.3749999999999999,0.09445583233826099
valence,eeg_entropy_complexity,5,4,13,1000.0,4,28,-0.8333333333333333,-0.41666666666666663,0.09596876317797508
valence,eeg_entropy_complexity,5,4,14,1000.0,4,28,0.6666666666666665,0.33333333333333326,0.08477727346335268
valence,eeg_entropy_complexity,5,4,15,1000.0,4,28,0.08333333333333326,0.04166666666666663,0.08816495777723475
valence,eeg_entropy_complexity,5,4,16,1000.0,4,28,0.5833333333333333,0.29166666666666663,0.09501345753187704
valence,eeg_entropy_complexity,5,4,17,1000.0,4,28,-0.41666666666666663,-0.20833333333333331,0.09399915819766809
valence,eeg_entropy_complexity,5,4,18,1000.0,4,28,1.9999999999999998,0.9999999999999999,0.09622830039335674
valence,eeg_entropy_complexity,5,4,19,1000.0,4,28,1.4166666666666665,0.7083333333333333,0.09253321501924472
valence,eeg_entropy_complexity,5,16,0,1000.0,16,16,0.9583333333333333,0.7666666666666666,0.08090651302061751
valence,eeg_entropy_complexity,5,16,1,1000.0,16,16,0.29166666666666663,0.2333333333333333,0.09592804353418106
valence,eeg_entropy_complexity,5,16,2,1000.0,16,16,0.6666666666666666,0.5333333333333333,0.10109969741169303
valence,eeg_entropy_complexity,5,16,3,1000.0,16,16,0.5625,0.45,0.08818772148383129
valence,eeg_entropy_complexity,5,16,4,1000.0,16,16,0.33333333333333337,0.2666666666666667,0.09111031625965499
valence,eeg_entropy_complexity,5,16,5,1000.0,16,16,0.4999999999999999,0.3999999999999999,0.07566438087883695
valence,eeg_entropy_complexity,5,16,6,1000.0,16,16,0.5208333333333331,0.4166666666666665,0.08767002403777344
valence,eeg_entropy_complexity,5,16,7,1000.0,16,16,0.47916666666666663,0.3833333333333333,0.08607486720944701
valence,eeg_entropy_complexity,5,16,8,1000.0,16,16,0.4375,0.35000000000000003,0.08847326815694101
valence,eeg_entropy_complexity,5,16,9,1000.0,16,16,0.27083333333333326,0.21666666666666662,0.09659535718507957
valence,eeg_entropy_complexity,5,16,10,1000.0,16,16,0.6041666666666666,0.48333333333333334,0.09554712822209922
valence,eeg_entropy_complexity,5,16,11,1000.0,16,16,0.7916666666666665,0.6333333333333333,0.06771163608252558
valence,eeg_entropy_complexity,5,16,12,1000.0,16,16,0.5624999999999999,0.44999999999999996,0.10130426446120605
valence,eeg_entropy_complexity,5,16,13,1000.0,16,16,0.5624999999999999,0.44999999999999996,0.08131018387860235
valence,eeg_entropy_complexity,5,16,14,1000.0,16,16,0.5624999999999999,0.44999999999999996,0.10131278446189491
valence,eeg_entropy_complexity,5,16,15,1000.0,16,16,0.3541666666666665,0.2833333333333332,0.08550559385725182
valence,eeg_entropy_complexity,5,16,16,1000.0,16,16,-5.551115123125783e-17,-4.4408920985006264e-17,0.11544121327918135
valence,eeg_entropy_complexity,5,16,17,1000.0,16,16,0.41666666666666663,0.3333333333333333,0.1014094001852513
valence,eeg_entropy_complexity,5,16,18,1000.0,16,16,0.9374999999999999,0.75,0.09135787613718839
valence,eeg_entropy_complexity,5,16,19,1000.0,16,16,0.7916666666666665,0.6333333333333333,0.11006186611135538
arousal,eeg_entropy_complexity,1,0,0,1000.0,0,32,0.0,0.0,0.26248904919203425
arousal,eeg_entropy_complexity,1,4,0,1000.0,4,28,-1.0833333333333333,-0.5416666666666666,0.25364753054492456
arousal,eeg_entropy_complexity,1,4,1,1000.0,4,28,1.5833333333333333,0.7916666666666666,0.2301341985454748
arousal,eeg_entropy_complexity,1,4,2,1000.0,4,28,-1.1666666666666663,-0.5833333333333331,0.27162575632248875
arousal,eeg_entropy_complexity,1,4,3,1000.0,4,28,-2.833333333333334,-1.416666666666667,0.2700745163911579
arousal,eeg_entropy_complexity,1,4,4,1000.0,4,28,1.666666666666667,0.8333333333333335,0.2704229426394023
arousal,eeg_entropy_complexity,1,4,5,1000.0,4,28,-0.6666666666666665,-0.33333333333333326,0.2552956359733029
arousal,eeg_entropy_complexity,1,4,6,1000.0,4,28,1.166666666666667,0.5833333333333335,0.24727599702490138
arousal,eeg_entropy_complexity,1,4,7,1000.0,4,28,-1.083333333333333,-0.5416666666666665,0.2695468024621808
arousal,eeg_entropy_complexity,1,4,8,1000.0,4,28,0.25,0.125,0.2487525631624706
arousal,eeg_entropy_complexity,1,4,9,1000.0,4,28,0.08333333333333326,0.04166666666666663,0.19797747970442392
arousal,eeg_entropy_complexity,1,4,10,1000.0,4,28,0.7499999999999998,0.3749999999999999,0.26987663184619615
arousal,eeg_entropy_complexity,1,4,11,1000.0,4,28,-1.1666666666666665,-0.5833333333333333,0.2768375089627821
arousal,eeg_entropy_complexity,1,4,12,1000.0,4,28,-1.4166666666666665,-0.7083333333333333,0.27759927670400336
arousal,eeg_entropy_complexity,1,4,13,1000.0,4,28,0.8333333333333333,0.41666666666666663,0.21966345778464808
arousal,eeg_entropy_complexity,1,4,14,1000.0,4,28,-0.41666666666666674,-0.20833333333333337,0.22684078363635163
arousal,eeg_entropy_complexity,1,4,15,1000.0,4,28,-0.33333333333333337,-0.16666666666666669,0.28000197909650604
arousal,eeg_entropy_complexity,1,4,16,1000.0,4,28,-0.16666666666666652,-0.08333333333333326,0.267014322248352
arousal,eeg_entropy_complexity,1,4,17,1000.0,4,28,-0.33333333333333326,-0.16666666666666663,0.25983261630570575
arousal,eeg_entropy_complexity,1,4,18,1000.0,4,28,0.5,0.25,0.2025801724259834
arousal,eeg_entropy_complexity,1,4,19,1000.0,4,28,-0.33333333333333337,-0.16666666666666669,0.25847832530107046
arousal,eeg_entropy_complexity,1,16,0,1000.0,16,16,0.02083333333333337,0.016666666666666698,0.31771278880609566
arousal,eeg_entropy_complexity,1,16,1,1000.0,16,16,-0.45833333333333326,-0.36666666666666664,0.1925279894749928
arousal,eeg_entropy_complexity,1,16,2,1000.0,16,16,-0.5208333333333334,-0.41666666666666674,0.3369693459125903
arousal,eeg_entropy_complexity,1,16,3,1000.0,16,16,0.2083333333333334,0.16666666666666674,0.2915267245158806
arousal,eeg_entropy_complexity,1,16,4,1000.0,16,16,-0.6041666666666666,-0.48333333333333334,0.289039144515088
arousal,eeg_entropy_complexity,1,16,5,1000.0,16,16,0.16666666666666669,0.13333333333333336,0.23106185132146012
arousal,eeg_entropy_complexity,1,16,6,1000.0,16,16,-0.12499999999999989,-0.09999999999999992,0.21721055042036191
arousal,eeg_entropy_complexity,1,16,7,1000.0,16,16,-0.4166666666666666,-0.33333333333333326,0.1668167174740748
arousal,eeg_entropy_complexity,1,16,8,1000.0,16,16,0.43750000000000006,0.3500000000000001,0.2093202603201566
arousal,eeg_entropy_complexity,1,16,9,1000.0,16,16,-0.4375000000000001,-0.3500000000000001,0.22839295380530947
arousal,eeg_entropy_complexity,1,16,10,1000.0,16,16,-0.8749999999999999,-0.7,0.3387607964206078
arousal,eeg_entropy_complexity,1,16,11,1000.0,16,16,-0.3333333333333333,-0.26666666666666666,0.29542646485373303
arousal,eeg_entropy_complexity,1,16,12,1000.0,16,16,-0.6041666666666666,-0.48333333333333334,0.18711410142951582
arousal,eeg_entropy_complexity,1,16,13,1000.0,16,16,-0.5,-0.4,0.3082936635488558
arousal,eeg_entropy_complexity,1,16,14,1000.0,16,16,-0.5833333333333333,-0.4666666666666666,0.2788060416912728
arousal,eeg_entropy_complexity,1,16,15,1000.0,16,16,-0.75,-0.6000000000000001,0.29001260882236224
arousal,eeg_entropy_complexity,1,16,16,1000.0,16,16,-0.39583333333333326,-0.31666666666666665,0.23708815577046774
arousal,eeg_entropy_complexity,1,16,17,1000.0,16,16,-0.625,-0.5,0.2452144002175128
arousal,eeg_entropy_complexity,1,16,18,1000.0,16,16,-1.166666666666667,-0.9333333333333336,0.16518274363776997
arousal,eeg_entropy_complexity,1,16,19,1000.0,16,16,-1.125,-0.9,0.281779687431378
arousal,eeg_entropy_complexity,2,0,0,1000.0,0,32,0.0,0.0,0.12318814850344072
arousal,eeg_entropy_complexity,2,4,0,1000.0,4,28,1.4166666666666667,0.7083333333333334,0.12191252392760595
arousal,eeg_entropy_complexity,2,4,1,1000.0,4,28,1.6666666666666665,0.8333333333333333,0.12567723204161235
arousal,eeg_entropy_complexity,2,4,2,1000.0,4,28,2.416666666666667,1.2083333333333335,0.11823447349868649
arousal,eeg_entropy_complexity,2,4,3,1000.0,4,28,3.416666666666666,1.708333333333333,0.12639781900906186
arousal,eeg_entropy_complexity,2,4,4,1000.0,4,28,2.416666666666666,1.208333333333333,0.12055663548278897
arousal,eeg_entropy_complexity,2,4,5,1000.0,4,28,2.3333333333333335,1.1666666666666667,0.12379046806405676
arousal,eeg_entropy_complexity,2,4,6,1000.0,4,28,2.5833333333333335,1.2916666666666667,0.12841780299821134
arousal,eeg_entropy_complexity,2,4,7,1000.0,4,28,1.3333333333333333,0.6666666666666666,0.12316990025167998
arousal,eeg_entropy_complexity,2,4,8,1000.0,4,28,2.5,1.25,0.12361619331302931
arousal,eeg_entropy_complexity,2,4,9,1000.0,4,28,3.0,1.5,0.12170351070294304
arousal,eeg_entropy_complexity,2,4,10,1000.0,4,28,2.1666666666666665,1.0833333333333333,0.12198080543374065
arousal,eeg_entropy_complexity,2,4,11,1000.0,4,28,3.583333333333333,1.7916666666666665,0.10352684700543309
arousal,eeg_entropy_complexity,2,4,12,1000.0,4,28,2.916666666666667,1.4583333333333335,0.11882595481512143
arousal,eeg_entropy_complexity,2,4,13,1000.0,4,28,2.166666666666667,1.0833333333333335,0.12555641043923044
arousal,eeg_entropy_complexity,2,4,14,1000.0,4,28,1.4166666666666665,0.7083333333333333,0.129568954634244
arousal,eeg_entropy_complexity,2,4,15,1000.0,4,28,3.8333333333333335,1.9166666666666667,0.10983790148484109
arousal,eeg_entropy_complexity,2,4,16,1000.0,4,28,4.333333333333333,2.1666666666666665,0.10692601026514653
arousal,eeg_entropy_complexity,2,4,17,1000.0,4,28,1.0833333333333335,0.5416666666666667,0.12928612004373496
arousal,eeg_entropy_complexity,2,4,18,1000.0,4,28,1.5833333333333333,0.7916666666666666,0.13004219246866697
arousal,eeg_entropy_complexity,2,4,19,1000.0,4,28,1.3333333333333333,0.6666666666666666,0.13048503350617754
arousal,eeg_entropy_complexity,2,16,0,1000.0,16,16,2.3125,1.85,0.11785062624047983
arousal,eeg_entropy_complexity,2,16,1,1000.0,16,16,2.354166666666667,1.8833333333333337,0.12662560931071118
arousal,eeg_entropy_complexity,2,16,2,1000.0,16,16,2.5208333333333335,2.016666666666667,0.13995176021670527
arousal,eeg_entropy_complexity,2,16,3,1000.0,16,16,2.75,2.2,0.1009917070760042
arousal,eeg_entropy_complexity,2,16,4,1000.0,16,16,2.5833333333333335,2.066666666666667,0.14279011787215487
arousal,eeg_entropy_complexity,2,16,5,1000.0,16,16,2.125,1.7000000000000002,0.0860453223855758
arousal,eeg_entropy_complexity,2,16,6,1000.0,16,16,2.1666666666666665,1.7333333333333334,0.1490491566129145
arousal,eeg_entropy_complexity,2,16,7,1000.0,16,16,2.604166666666667,2.0833333333333335,0.14539856747346264
arousal,eeg_entropy_complexity,2,16,8,1000.0,16,16,2.1875,1.75,0.1268026358040151
arousal,eeg_entropy_complexity,2,16,9,1000.0,16,16,1.9583333333333333,1.5666666666666667,0.11059696521508072
arousal,eeg_entropy_complexity,2,16,10,1000.0,16,16,2.2083333333333335,1.7666666666666668,0.1013374237132942
arousal,eeg_entropy_complexity,2,16,11,1000.0,16,16,2.0833333333333335,1.666666666666667,0.10777873375186696
arousal,eeg_entropy_complexity,2,16,12,1000.0,16,16,1.75,1.4000000000000001,0.09215441397373192
arousal,eeg_entropy_complexity,2,16,13,1000.0,16,16,2.916666666666667,2.3333333333333335,0.11011166390462397
arousal,eeg_entropy_complexity,2,16,14,1000.0,16,16,2.5,2.0,0.09616701509088013
arousal,eeg_entropy_complexity,2,16,15,1000.0,16,16,2.3125,1.85,0.14278448655611148
arousal,eeg_entropy_complexity,2,16,16,1000.0,16,16,2.25,1.8,0.14455353816717922
arousal,eeg_entropy_complexity,2,16,17,1000.0,16,16,2.2708333333333335,1.8166666666666669,0.09923255985826215
arousal,eeg_entropy_complexity,2,16,18,1000.0,16,16,2.354166666666667,1.8833333333333337,0.08555408342663165
arousal,eeg_entropy_complexity,2,16,19,1000.0,16,16,1.8958333333333335,1.5166666666666668,0.13564221774233076
arousal,eeg_entropy_complexity,3,0,0,1000.0,0,32,0.0,0.0,0.3650700644449971
arousal,eeg_entropy_complexity,3,4,0,1000.0,4,28,-0.6666666666666667,-0.33333333333333337,0.3805401919907896
arousal,eeg_entropy_complexity,3,4,1,1000.0,4,28,-2.333333333333333,-1.1666666666666665,0.35598092380898516
arousal,eeg_entropy_complexity,3,4,2,1000.0,4,28,-2.1666666666666665,-1.0833333333333333,0.37929694778973305
arousal,eeg_entropy_complexity,3,4,3,1000.0,4,28,-2.5833333333333335,-1.2916666666666667,0.38395281966210243
arousal,eeg_entropy_complexity,3,4,4,1000.0,4,28,-3.416666666666666,-1.708333333333333,0.3709078507958808
arousal,eeg_entropy_complexity,3,4,5,1000.0,4,28,-2.75,-1.375,0.33570983321252956
arousal,eeg_entropy_complexity,3,4,6,1000.0,4,28,-2.5833333333333335,-1.2916666666666667,0.380525761915341
arousal,eeg_entropy_complexity,3,4,7,1000.0,4,28,-4.0,-2.0,0.38269489155066955
arousal,eeg_entropy_complexity,3,4,8,1000.0,4,28,-3.0,-1.5,0.37224645719376087
arousal,eeg_entropy_complexity,3,4,9,1000.0,4,28,-2.25,-1.125,0.3655888433879602
arousal,eeg_entropy_complexity,3,4,10,1000.0,4,28,-1.3333333333333335,-0.6666666666666667,0.3602516871155028
arousal,eeg_entropy_complexity,3,4,11,1000.0,4,28,-2.8333333333333335,-1.4166666666666667,0.35949187570999663
arousal,eeg_entropy_complexity,3,4,12,1000.0,4,28,-1.5833333333333335,-0.7916666666666667,0.365667293795952
arousal,eeg_entropy_complexity,3,4,13,1000.0,4,28,-1.75,-0.875,0.37523582692574803
arousal,eeg_entropy_complexity,3,4,14,1000.0,4,28,-2.25,-1.125,0.3609661298027152
arousal,eeg_entropy_complexity,3,4,15,1000.0,4,28,-2.7500000000000004,-1.3750000000000002,0.3786570281832449
arousal,eeg_entropy_complexity,3,4,16,1000.0,4,28,-2.5833333333333335,-1.2916666666666667,0.3756801958091664
arousal,eeg_entropy_complexity,3,4,17,1000.0,4,28,-1.916666666666667,-0.9583333333333335,0.3365431018500009
arousal,eeg_entropy_complexity,3,4,18,1000.0,4,28,-3.0833333333333335,-1.5416666666666667,0.3586025665607394
arousal,eeg_entropy_complexity,3,4,19,1000.0,4,28,-2.416666666666667,-1.2083333333333335,0.3770881603086506
arousal,eeg_entropy_complexity,3,16,0,1000.0,16,16,-2.1666666666666665,-1.7333333333333334,0.37923708336272366
arousal,eeg_entropy_complexity,3,16,1,1000.0,16,16,-2.270833333333333,-1.8166666666666664,0.3390410732855711
arousal,eeg_entropy_complexity,3,16,2,1000.0,16,16,-2.5208333333333335,-2.016666666666667,0.3236794609705464
arousal,eeg_entropy_complexity,3,16,3,1000.0,16,16,-2.25,-1.8,0.3524737929596443
arousal,eeg_entropy_complexity,3,16,4,1000.0,16,16,-2.291666666666667,-1.8333333333333337,0.36783527002966654
arousal,eeg_entropy_complexity,3,16,5,1000.0,16,16,-2.8333333333333335,-2.266666666666667,0.288098649058073
arousal,eeg_entropy_complexity,3,16,6,1000.0,16,16,-1.8333333333333335,-1.4666666666666668,0.2780800197656008
arousal,eeg_entropy_complexity,3,16,7,1000.0,16,16,-2.125,-1.7000000000000002,0.37960983009499677
arousal,eeg_entropy_complexity,3,16,8,1000.0,16,16,-2.583333333333333,-2.0666666666666664,0.33311232838727955
arousal,eeg_entropy_complexity,3,16,9,1000.0,16,16,-1.9166666666666665,-1.5333333333333332,0.27171015240299984
arousal,eeg_entropy_complexity,3,16,10,1000.0,16,16,-2.354166666666667,-1.8833333333333337,0.26433659824349315
arousal,eeg_entropy_complexity,3,16,11,1000.0,16,16,-2.1458333333333335,-1.7166666666666668,0.43948253371119506
arousal,eeg_entropy_complexity,3,16,12,1000.0,16,16,-2.25,-1.8,0.2739089355053106
arousal,eeg_entropy_complexity,3,16,13,1000.0,16,16,-2.5625,-2.0500000000000003,0.3567399564136447
arousal,eeg_entropy_complexity,3,16,14,1000.0,16,16,-2.5625,-2.0500000000000003,0.43651545421274657
arousal,eeg_entropy_complexity,3,16,15,1000.0,16,16,-2.166666666666667,-1.7333333333333336,0.37179300667026205
arousal,eeg_entropy_complexity,3,16,16,1000.0,16,16,-2.375,-1.9000000000000001,0.32317442257000245
arousal,eeg_entropy_complexity,3,16,17,1000.0,16,16,-2.3125,-1.85,0.33036092158010644
arousal,eeg_entropy_complexity,3,16,18,1000.0,16,16,-2.125,-1.7000000000000002,0.24720715771117954
arousal,eeg_entropy_complexity,3,16,19,1000.0,16,16,-2.354166666666667,-1.8833333333333337,0.33781107026200796
arousal,eeg_entropy_complexity,5,0,0,1000.0,0,32,0.0,0.0,0.14738373816523817
arousal,eeg_entropy_complexity,5,4,0,1000.0,4,28,1.0,0.5,0.1519103652700374
arousal,eeg_entropy_complexity,5,4,1,1000.0,4,28,0.7499999999999999,0.37499999999999994,0.15343650988689425
arousal,eeg_entropy_complexity,5,4,2,1000.0,4,28,1.3333333333333333,0.6666666666666666,0.15464277343821925
arousal,eeg_entropy_complexity,5,4,3,1000.0,4,28,0.33333333333333326,0.16666666666666663,0.13220679004431923
arousal,eeg_entropy_complexity,5,4,4,1000.0,4,28,1.0833333333333333,0.5416666666666666,0.1380031327936023
arousal,eeg_entropy_complexity,5,4,5,1000.0,4,28,1.75,0.875,0.1480880727410005
arousal,eeg_entropy_complexity,5,4,6,1000.0,4,28,1.1666666666666665,0.5833333333333333,0.1521657024997648
arousal,eeg_entropy_complexity,5,4,7,1000.0,4,28,0.8333333333333335,0.41666666666666674,0.14636294504613168
arousal,eeg_entropy_complexity,5,4,8,1000.0,4,28,1.3333333333333333,0.6666666666666666,0.154727982299746
arousal,eeg_entropy_complexity,5,4,9,1000.0,4,28,0.4166666666666666,0.2083333333333333,0.1473690088958863
arousal,eeg_entropy_complexity,5,4,10,1000.0,4,28,0.5,0.25,0.15200825332043236
arousal,eeg_entropy_complexity,5,4,11,1000.0,4,28,1.3333333333333333,0.6666666666666666,0.1565689186928454
arousal,eeg_entropy_complexity,5,4,12,1000.0,4,28,0.8333333333333333,0.41666666666666663,0.15480841203932164
arousal,eeg_entropy_complexity,5,4,13,1000.0,4,28,2.25,1.125,0.14576488893913994
arousal,eeg_entropy_complexity,5,4,14,1000.0,4,28,0.5833333333333331,0.2916666666666666,0.12720154724786523
arousal,eeg_entropy_complexity,5,4,15,1000.0,4,28,0.8333333333333333,0.41666666666666663,0.1334955797971274
arousal,eeg_entropy_complexity,5,4,16,1000.0,4,28,-0.5833333333333334,-0.2916666666666667,0.1520667475920994
arousal,eeg_entropy_complexity,5,4,17,1000.0,4,28,1.6666666666666667,0.8333333333333334,0.1535608749246827
arousal,eeg_entropy_complexity,5,4,18,1000.0,4,28,-0.24999999999999978,-0.12499999999999989,0.15126509105439284
arousal,eeg_entropy_complexity,5,4,19,1000.0,4,28,0.9166666666666667,0.45833333333333337,0.1460239660351817
arousal,eeg_entropy_complexity,5,16,0,1000.0,16,16,0.5,0.4,0.1264901071082271
arousal,eeg_entropy_complexity,5,16,1,1000.0,16,16,0.5208333333333333,0.41666666666666663,0.11305005716036179
arousal,eeg_entropy_complexity,5,16,2,1000.0,16,16,0.39583333333333326,0.31666666666666665,0.16439274753797964
arousal,eeg_entropy_complexity,5,16,3,1000.0,16,16,0.3333333333333333,0.26666666666666666,0.12932481165108167
arousal,eeg_entropy_complexity,5,16,4,1000.0,16,16,0.4791666666666667,0.38333333333333336,0.18169585223145016
arousal,eeg_entropy_complexity,5,16,5,1000.0,16,16,0.0625,0.05,0.14654797930501043
arousal,eeg_entropy_complexity,5,16,6,1000.0,16,16,0.9583333333333333,0.7666666666666666,0.14262771532929602
arousal,eeg_entropy_complexity,5,16,7,1000.0,16,16,0.27083333333333326,0.21666666666666662,0.13656807850606456
arousal,eeg_entropy_complexity,5,16,8,1000.0,16,16,0.24999999999999994,0.19999999999999996,0.14808873172140116
arousal,eeg_entropy_complexity,5,16,9,1000.0,16,16,0.5208333333333334,0.41666666666666674,0.1494599765487112
arousal,eeg_entropy_complexity,5,16,10,1000.0,16,16,0.8541666666666665,0.6833333333333332,0.15247296407248243
arousal,eeg_entropy_complexity,5,16,11,1000.0,16,16,0.7291666666666665,0.5833333333333333,0.1394667018738836
arousal,eeg_entropy_complexity,5,16,12,1000.0,16,16,0.39583333333333326,0.31666666666666665,0.10520149723292786
arousal,eeg_entropy_complexity,5,16,13,1000.0,16,16,0.33333333333333326,0.2666666666666666,0.15215504288370765
arousal,eeg_entropy_complexity,5,16,14,1000.0,16,16,0.3749999999999999,0.29999999999999993,0.11472238659940405
arousal,eeg_entropy_complexity,5,16,15,1000.0,16,16,0.8333333333333333,0.6666666666666666,0.13489956877742365
arousal,eeg_entropy_complexity,5,16,16,1000.0,16,16,0.6041666666666666,0.48333333333333334,0.13024533950185443
arousal,eeg_entropy_complexity,5,16,17,1000.0,16,16,0.3333333333333333,0.26666666666666666,0.1207309815399783
arousal,eeg_entropy_complexity,5,16,18,1000.0,16,16,0.6874999999999999,0.5499999999999999,0.16671791756107496
arousal,eeg_entropy_complexity,5,16,19,1000.0,16,16,0.5416666666666665,0.43333333333333324,0.1269926412637917
valence,emg_lagged_interaction_experimental,1,0,0,1000.0,0,32,0.0,0.0,0.011324094192766474
valence,emg_lagged_interaction_experimental,1,4,0,1000.0,4,28,0.2500000000000001,0.12500000000000006,0.011578732643191087
valence,emg_lagged_interaction_experimental,1,4,1,1000.0,4,28,0.8333333333333333,0.41666666666666663,0.011582916506376238
valence,emg_lagged_interaction_experimental,1,4,2,1000.0,4,28,0.16666666666666669,0.08333333333333334,0.011161141939789608
valence,emg_lagged_interaction_experimental,1,4,3,1000.0,4,28,-0.33333333333333337,-0.16666666666666669,0.011353520905618772
valence,emg_lagged_interaction_experimental,1,4,4,1000.0,4,28,-0.3333333333333335,-0.16666666666666674,0.011522812460808732
valence,emg_lagged_interaction_experimental,1,4,5,1000.0,4,28,0.3333333333333333,0.16666666666666666,0.0108919014520456
valence,emg_lagged_interaction_experimental,1,4,6,1000.0,4,28,-0.16666666666666652,-0.08333333333333326,0.011320404579497205
valence,emg_lagged_interaction_experimental,1,4,7,1000.0,4,28,-1.25,-0.625,0.01159310831432322
valence,emg_lagged_interaction_experimental,1,4,8,1000.0,4,28,-1.6666666666666665,-0.8333333333333333,0.010994517437837947
valence,emg_lagged_interaction_experimental,1,4,9,1000.0,4,28,0.16666666666666669,0.08333333333333334,0.011813384572905126
valence,emg_lagged_interaction_experimental,1,4,10,1000.0,4,28,-0.33333333333333326,-0.16666666666666663,0.010456919461288053
valence,emg_lagged_interaction_experimental,1,4,11,1000.0,4,28,0.08333333333333337,0.041666666666666685,0.01103763128999979
valence,emg_lagged_interaction_experimental,1,4,12,1000.0,4,28,-0.7500000000000001,-0.37500000000000006,0.011764327090440568
valence,emg_lagged_interaction_experimental,1,4,13,1000.0,4,28,-0.25000000000000017,-0.12500000000000008,0.012026595717653707
valence,emg_lagged_interaction_experimental,1,4,14,1000.0,4,28,-1.75,-0.875,0.011918905143259242
valence,emg_lagged_interaction_experimental,1,4,15,1000.0,4,28,-1.1666666666666667,-0.5833333333333334,0.011982323307883385
valence,emg_lagged_interaction_experimental,1,4,16,1000.0,4,28,-0.5833333333333336,-0.2916666666666668,0.010733236108398124
valence,emg_lagged_interaction_experimental,1,4,17,1000.0,4,28,-2.220446049250313e-16,-1.1102230246251565e-16,0.011124145601712558
valence,emg_lagged_interaction_experimental,1,4,18,1000.0,4,28,-1.0833333333333335,-0.5416666666666667,0.01087209559308609
valence,emg_lagged_interaction_experimental,1,4,19,1000.0,4,28,0.9166666666666666,0.4583333333333333,0.011421037071327243
valence,emg_lagged_interaction_experimental,1,16,0,1000.0,16,16,-0.5,-0.4,0.011072314911811394
valence,emg_lagged_interaction_experimental,1,16,1,1000.0,16,16,0.1458333333333333,0.11666666666666664,0.011689834768911595
valence,emg_lagged_interaction_experimental,1,16,2,1000.0,16,16,-0.7708333333333334,-0.6166666666666667,0.011576611845198476
valence,emg_lagged_interaction_experimental,1,16,3,1000.0,16,16,-0.9375000000000001,-0.7500000000000001,0.013005205350734564
valence,emg_lagged_interaction_experimental,1,16,4,1000.0,16,16,0.2500000000000001,0.2000000000000001,0.009551066120206998
valence,emg_lagged_interaction_experimental,1,16,5,1000.0,16,16,0.04166666666666663,0.033333333333333305,0.011202947090530463
valence,emg_lagged_interaction_experimental,1,16,6,1000.0,16,16,-0.37500000000000006,-0.30000000000000004,0.0128169206943008
valence,emg_lagged_interaction_experimental,1,16,7,1000.0,16,16,-0.2916666666666667,-0.23333333333333336,0.011739311871732746
valence,emg_lagged_interaction_experimental,1,16,8,1000.0,16,16,0.02083333333333337,0.016666666666666698,0.01169982181823713
valence,emg_lagged_interaction_experimental,1,16,9,1000.0,16,16,-0.5208333333333334,-0.41666666666666674,0.009304742623968739
valence,emg_lagged_interaction_experimental,1,16,10,1000.0,16,16,-0.1666666666666667,-0.1333333333333334,0.011383998958668654
valence,emg_lagged_interaction_experimental,1,16,11,1000.0,16,16,-0.5625,-0.45,0.008013557282586839
valence,emg_lagged_interaction_experimental,1,16,12,1000.0,16,16,-0.7083333333333334,-0.5666666666666668,0.013217966587667065
valence,emg_lagged_interaction_experimental,1,16,13,1000.0,16,16,-0.062499999999999986,-0.04999999999999999,0.009432248614989789
valence,emg_lagged_interaction_experimental,1,16,14,1000.0,16,16,-0.4375,-0.35000000000000003,0.009367484640937233
valence,emg_lagged_interaction_experimental,1,16,15,1000.0,16,16,-0.10416666666666674,-0.0833333333333334,0.010227340009123754
valence,emg_lagged_interaction_experimental,1,16,16,1000.0,16,16,-0.10416666666666674,-0.0833333333333334,0.0117216442635413
valence,emg_lagged_interaction_experimental,1,16,17,1000.0,16,16,0.0208333333333333,0.016666666666666642,0.008203224479497053
valence,emg_lagged_interaction_experimental,1,16,18,1000.0,16,16,-0.4375,-0.35000000000000003,0.011008308892247808
valence,emg_lagged_interaction_experimental,1,16,19,1000.0,16,16,-0.4791666666666667,-0.38333333333333336,0.011013471199107143
valence,emg_lagged_interaction_experimental,2,0,0,1000.0,0,32,0.0,0.0,0.020929931715595974
valence,emg_lagged_interaction_experimental,2,4,0,1000.0,4,28,-0.16666666666666685,-0.08333333333333343,0.021303825748553256
valence,emg_lagged_interaction_experimental,2,4,1,1000.0,4,28,-1.7500000000000002,-0.8750000000000001,0.02166459851729355
valence,emg_lagged_interaction_experimental,2,4,2,1000.0,4,28,-0.3333333333333335,-0.16666666666666674,0.021972701860704522
valence,emg_lagged_interaction_experimental,2,4,3,1000.0,4,28,-0.2500000000000001,-0.12500000000000006,0.020718828347540456
valence,emg_lagged_interaction_experimental,2,4,4,1000.0,4,28,-1.0833333333333335,-0.5416666666666667,0.02124110168905483
valence,emg_lagged_interaction_experimental,2,4,5,1000.0,4,28,0.0,0.0,0.0212591662713758
valence,emg_lagged_interaction_experimental,2,4,6,1000.0,4,28,-0.08333333333333337,-0.041666666666666685,0.01933195899565366
valence,emg_lagged_interaction_experimental,2,4,7,1000.0,4,28,-0.41666666666666663,-0.20833333333333331,0.019624566831427423
valence,emg_lagged_interaction_experimental,2,4,8,1000.0,4,28,-5.551115123125783e-17,-2.7755575615628914e-17,0.021438811564728242
valence,emg_lagged_interaction_experimental,2,4,9,1000.0,4,28,-0.8333333333333336,-0.4166666666666668,0.022265995357862698
valence,emg_lagged_interaction_experimental,2,4,10,1000.0,4,28,1.0833333333333335,0.5416666666666667,0.01876158256310821
valence,emg_lagged_interaction_experimental,2,4,11,1000.0,4,28,0.5833333333333335,0.29166666666666674,0.01952009395552431
valence,emg_lagged_interaction_experimental,2,4,12,1000.0,4,28,-1.3333333333333335,-0.6666666666666667,0.0217880232004195
valence,emg_lagged_interaction_experimental,2,4,13,1000.0,4,28,-1.0833333333333335,-0.5416666666666667,0.022254381000065583
valence,emg_lagged_interaction_experimental,2,4,14,1000.0,4,28,0.75,0.375,0.021107422215054034
valence,emg_lagged_interaction_experimental,2,4,15,1000.0,4,28,-0.3333333333333333,-0.16666666666666666,0.02013085063279523
valence,emg_lagged_interaction_experimental,2,4,16,1000.0,4,28,-0.41666666666666663,-0.20833333333333331,0.0203382658781822
valence,emg_lagged_interaction_experimental,2,4,17,1000.0,4,28,-1.2500000000000002,-0.6250000000000001,0.022253536795157108
valence,emg_lagged_interaction_experimental,2,4,18,1000.0,4,28,-1.1666666666666667,-0.5833333333333334,0.019862532303721783
valence,emg_lagged_interaction_experimental,2,4,19,1000.0,4,28,-0.3333333333333334,-0.1666666666666667,0.02190574614172106
valence,emg_lagged_interaction_experimental,2,16,0,1000.0,16,16,-0.25000000000000006,-0.20000000000000007,0.02112993624810229
valence,emg_lagged_interaction_experimental,2,16,1,1000.0,16,16,0.02083333333333326,0.016666666666666607,0.021401073926999782
valence,emg_lagged_interaction_experimental,2,16,2,1000.0,16,16,-0.06250000000000008,-0.05000000000000007,0.012968725958784719
valence,emg_lagged_interaction_experimental,2,16,3,1000.0,16,16,-0.10416666666666674,-0.0833333333333334,0.020238390629943967
valence,emg_lagged_interaction_experimental,2,16,4,1000.0,16,16,0.08333333333333323,0.06666666666666658,0.016726630895629986
valence,emg_lagged_interaction_experimental,2,16,5,1000.0,16,16,-0.47916666666666685,-0.3833333333333335,0.02506275982580688
valence,emg_lagged_interaction_experimental,2,16,6,1000.0,16,16,0.14583333333333331,0.11666666666666665,0.016969325025342326
valence,emg_lagged_interaction_experimental,2,16,7,1000.0,16,16,-0.29166666666666663,-0.2333333333333333,0.01818020354729285
valence,emg_lagged_interaction_experimental,2,16,8,1000.0,16,16,0.06249999999999997,0.04999999999999998,0.01188711040037901
valence,emg_lagged_interaction_experimental,2,16,9,1000.0,16,16,-0.5833333333333334,-0.46666666666666673,0.022262783914056925
valence,emg_lagged_interaction_experimental,2,16,10,1000.0,16,16,-0.14583333333333343,-0.11666666666666675,0.015937477997697187
valence,emg_lagged_interaction_experimental,2,16,11,1000.0,16,16,-0.1875000000000001,-0.1500000000000001,0.025935727646861337
valence,emg_lagged_interaction_experimental,2,16,12,1000.0,16,16,0.3541666666666665,0.2833333333333332,0.017872115125637508
valence,emg_lagged_interaction_experimental,2,16,13,1000.0,16,16,-0.22916666666666663,-0.18333333333333332,0.01861974113735426
valence,emg_lagged_interaction_experimental,2,16,14,1000.0,16,16,-5.551115123125783e-17,-4.4408920985006264e-17,0.025118367391785735
valence,emg_lagged_interaction_experimental,2,16,15,1000.0,16,16,-0.7916666666666667,-0.6333333333333334,0.023902001014782525
valence,emg_lagged_interaction_experimental,2,16,16,1000.0,16,16,-0.18750000000000006,-0.15000000000000005,0.015251015684215635
valence,emg_lagged_interaction_experimental,2,16,17,1000.0,16,16,-0.10416666666666674,-0.0833333333333334,0.022938261682743755
valence,emg_lagged_interaction_experimental,2,16,18,1000.0,16,16,-0.35416666666666674,-0.2833333333333334,0.014175000696113748
valence,emg_lagged_interaction_experimental,2,16,19,1000.0,16,16,-0.5000000000000001,-0.40000000000000013,0.020852323083760345
valence,emg_lagged_interaction_experimental,3,0,0,100.0,0,32,0.0,0.0,0.07871707951751017
valence,emg_lagged_interaction_experimental,3,4,0,100.0,4,28,1.083333333333333,0.5416666666666665,0.08244098754638021
valence,emg_lagged_interaction_experimental,3,4,1,100.0,4,28,1.2499999999999998,0.6249999999999999,0.07528199515467941
valence,emg_lagged_interaction_experimental,3,4,2,100.0,4,28,0.33333333333333326,0.16666666666666663,0.07886609660910196
valence,emg_lagged_interaction_experimental,3,4,3,100.0,4,28,-0.75,-0.375,0.08344875479480159
valence,emg_lagged_interaction_experimental,3,4,4,100.0,4,28,-0.6666666666666667,-0.33333333333333337,0.08066078286635815
valence,emg_lagged_interaction_experimental,3,4,5,100.0,4,28,0.0,0.0,0.07395711280774071
valence,emg_lagged_interaction_experimental,3,4,6,100.0,4,28,0.5833333333333333,0.29166666666666663,0.08337243412371732
valence,emg_lagged_interaction_experimental,3,4,7,100.0,4,28,0.4999999999999999,0.24999999999999994,0.08223877742806804
valence,emg_lagged_interaction_experimental,3,4,8,100.0,4,28,-0.75,-0.375,0.08244597068122975
valence,emg_lagged_interaction_experimental,3,4,9,100.0,4,28,-0.3333333333333336,-0.1666666666666668,0.08327267749433644
valence,emg_lagged_interaction_experimental,3,4,10,100.0,4,28,-0.5833333333333336,-0.2916666666666668,0.0829074932395866
valence,emg_lagged_interaction_experimental,3,4,11,100.0,4,28,1.7499999999999998,0.8749999999999999,0.07677733100464397
valence,emg_lagged_interaction_experimental,3,4,12,100.0,4,28,0.8333333333333333,0.41666666666666663,0.08269839387465888
valence,emg_lagged_interaction_experimental,3,4,13,100.0,4,28,0.24999999999999978,0.12499999999999989,0.0835321055209743
valence,emg_lagged_interaction_experimental,3,4,14,100.0,4,28,-0.7500000000000002,-0.3750000000000001,0.08389244266954925
valence,emg_lagged_interaction_experimental,3,4,15,100.0,4,28,0.6666666666666665,0.33333333333333326,0.07321627490569027
valence,emg_lagged_interaction_experimental,3,4,16,100.0,4,28,0.2499999999999999,0.12499999999999994,0.07965510432244713
valence,emg_lagged_interaction_experimental,3,4,17,100.0,4,28,0.75,0.375,0.08023477551386494
valence,emg_lagged_interaction_experimental,3,4,18,100.0,4,28,-1.1102230246251565e-16,-5.551115123125783e-17,0.06432191748658576
valence,emg_lagged_interaction_experimental,3,4,19,100.0,4,28,0.25,0.125,0.07313243025212675
valence,emg_lagged_interaction_experimental,3,16,0,100.0,16,16,0.4166666666666665,0.33333333333333326,0.08906193681816434
valence,emg_lagged_interaction_experimental,3,16,1,100.0,16,16,0.3333333333333331,0.2666666666666665,0.035255714799392816
valence,emg_lagged_interaction_experimental,3,16,2,100.0,16,16,0.08333333333333326,0.06666666666666661,0.08890246547375454
valence,emg_lagged_interaction_experimental,3,16,3,100.0,16,16,0.10416666666666663,0.08333333333333331,0.09784224551261952
valence,emg_lagged_interaction_experimental,3,16,4,100.0,16,16,-0.6250000000000001,-0.5000000000000001,0.05084874064984116
valence,emg_lagged_interaction_experimental,3,16,5,100.0,16,16,0.22916666666666652,0.18333333333333324,0.059532014942292426
valence,emg_lagged_interaction_experimental,3,16,6,100.0,16,16,0.2916666666666665,0.23333333333333323,0.04010222021119907
valence,emg_lagged_interaction_experimental,3,16,7,100.0,16,16,0.14583333333333318,0.11666666666666654,0.0844585331630459
valence,emg_lagged_interaction_experimental,3,16,8,100.0,16,16,0.16666666666666663,0.1333333333333333,0.0729128607854494
valence,emg_lagged_interaction_experimental,3,16,9,100.0,16,16,0.10416666666666653,0.08333333333333323,0.09978102162779241
valence,emg_lagged_interaction_experimental,3,16,10,100.0,16,16,-0.020833333333333398,-0.01666666666666672,0.07193059084415353
valence,emg_lagged_interaction_experimental,3,16,11,100.0,16,16,0.06249999999999983,0.04999999999999987,0.09160474497628811
valence,emg_lagged_interaction_experimental,3,16,12,100.0,16,16,0.18749999999999986,0.14999999999999988,0.08745536694329165
valence,emg_lagged_interaction_experimental,3,16,13,100.0,16,16,0.16666666666666657,0.13333333333333328,0.09232120796404508
valence,emg_lagged_interaction_experimental,3,16,14,100.0,16,16,0.33333333333333326,0.2666666666666666,0.04566017030155228
valence,emg_lagged_interaction_experimental,3,16,15,100.0,16,16,-0.08333333333333343,-0.06666666666666675,0.04592586158645419
valence,emg_lagged_interaction_experimental,3,16,16,100.0,16,16,-0.16666666666666677,-0.13333333333333341,0.0638932897839864
valence,emg_lagged_interaction_experimental,3,16,17,100.0,16,16,-0.4375000000000001,-0.3500000000000001,0.0886542480161084
valence,emg_lagged_interaction_experimental,3,16,18,100.0,16,16,0.31249999999999983,0.2499999999999999,0.08404330509258383
valence,emg_lagged_interaction_experimental,3,16,19,100.0,16,16,-0.16666666666666677,-0.13333333333333341,0.08844904553246191
valence,emg_lagged_interaction_experimental,5,0,0,1000.0,0,32,0.0,0.0,0.009678972832234756
valence,emg_lagged_interaction_experimental,5,4,0,1000.0,4,28,0.16666666666666657,0.08333333333333329,0.010023073856147055
valence,emg_lagged_interaction_experimental,5,4,1,1000.0,4,28,1.0,0.5,0.009756818229718725
valence,emg_lagged_interaction_experimental,5,4,2,1000.0,4,28,-0.8333333333333335,-0.41666666666666674,0.010053816004970288
valence,emg_lagged_interaction_experimental,5,4,3,1000.0,4,28,0.9166666666666665,0.45833333333333326,0.009903933769554027
valence,emg_lagged_interaction_experimental,5,4,4,1000.0,4,28,-0.08333333333333343,-0.04166666666666671,0.009873999075827308
valence,emg_lagged_interaction_experimental,5,4,5,1000.0,4,28,0.24999999999999978,0.12499999999999989,0.009897202988350794
valence,emg_lagged_interaction_experimental,5,4,6,1000.0,4,28,-1.083333333333333,-0.5416666666666665,0.009045388890678453
valence,emg_lagged_interaction_experimental,5,4,7,1000.0,4,28,-0.3333333333333335,-0.16666666666666674,0.009092721452446904
valence,emg_lagged_interaction_experimental,5,4,8,1000.0,4,28,1.6666666666666667,0.8333333333333334,0.00941193669036967
valence,emg_lagged_interaction_experimental,5,4,9,1000.0,4,28,-0.75,-0.375,0.009320017087837439
valence,emg_lagged_interaction_experimental,5,4,10,1000.0,4,28,0.4999999999999998,0.2499999999999999,0.009346904547051052
valence,emg_lagged_interaction_experimental,5,4,11,1000.0,4,28,0.1666666666666668,0.0833333333333334,0.009833698938321018
valence,emg_lagged_interaction_experimental,5,4,12,1000.0,4,28,1.5,0.75,0.010096352247463861
valence,emg_lagged_interaction_experimental,5,4,13,1000.0,4,28,0.5833333333333334,0.2916666666666667,0.009124928363815609
valence,emg_lagged_interaction_experimental,5,4,14,1000.0,4,28,0.0,0.0,0.009346289354207567
valence,emg_lagged_interaction_experimental,5,4,15,1000.0,4,28,1.3333333333333333,0.6666666666666666,0.00956413885849411
valence,emg_lagged_interaction_experimental,5,4,16,1000.0,4,28,0.16666666666666657,0.08333333333333329,0.009936377513303077
valence,emg_lagged_interaction_experimental,5,4,17,1000.0,4,28,1.25,0.625,0.00976015517527849
valence,emg_lagged_interaction_experimental,5,4,18,1000.0,4,28,0.6666666666666666,0.3333333333333333,0.010132386555596817
valence,emg_lagged_interaction_experimental,5,4,19,1000.0,4,28,0.2499999999999999,0.12499999999999994,0.010089476642211319
valence,emg_lagged_interaction_experimental,5,16,0,1000.0,16,16,0.2916666666666667,0.23333333333333336,0.01088533708381674
valence,emg_lagged_interaction_experimental,5,16,1,1000.0,16,16,0.5833333333333334,0.46666666666666673,0.008555458476607417
valence,emg_lagged_interaction_experimental,5,16,2,1000.0,16,16,0.75,0.6000000000000001,0.01019550382842606
valence,emg_lagged_interaction_experimental,5,16,3,1000.0,16,16,0.47916666666666663,0.3833333333333333,0.007766831686868288
valence,emg_lagged_interaction_experimental,5,16,4,1000.0,16,16,0.875,0.7000000000000001,0.010073703067721554
valence,emg_lagged_interaction_experimental,5,16,5,1000.0,16,16,1.0208333333333333,0.8166666666666667,0.009419842998097918
valence,emg_lagged_interaction_experimental,5,16,6,1000.0,16,16,0.3541666666666665,0.2833333333333332,0.009445675345337409
valence,emg_lagged_interaction_experimental,5,16,7,1000.0,16,16,0.3333333333333332,0.26666666666666655,0.01007419219816053
valence,emg_lagged_interaction_experimental,5,16,8,1000.0,16,16,0.8958333333333333,0.7166666666666667,0.009935980705178656
valence,emg_lagged_interaction_experimental,5,16,9,1000.0,16,16,1.0,0.8,0.00865008922564412
valence,emg_lagged_interaction_experimental,5,16,10,1000.0,16,16,0.8125,0.65,0.01018981490766398
valence,emg_lagged_interaction_experimental,5,16,11,1000.0,16,16,0.6249999999999999,0.49999999999999994,0.008081156710807594
valence,emg_lagged_interaction_experimental,5,16,12,1000.0,16,16,0.2916666666666667,0.23333333333333336,0.007879880057422696
valence,emg_lagged_interaction_experimental,5,16,13,1000.0,16,16,0.6875,0.55,0.010743195874378903
valence,emg_lagged_interaction_experimental,5,16,14,1000.0,16,16,0.7916666666666665,0.6333333333333333,0.010895640821924643
valence,emg_lagged_interaction_experimental,5,16,15,1000.0,16,16,0.3124999999999999,0.24999999999999992,0.010385695959928535
valence,emg_lagged_interaction_experimental,5,16,16,1000.0,16,16,0.6041666666666666,0.48333333333333334,0.008667506985209671
valence,emg_lagged_interaction_experimental,5,16,17,1000.0,16,16,0.7291666666666665,0.5833333333333333,0.010280706345208475
valence,emg_lagged_interaction_experimental,5,16,18,1000.0,16,16,0.4166666666666665,0.33333333333333326,0.011380987580518672
valence,emg_lagged_interaction_experimental,5,16,19,1000.0,16,16,0.33333333333333326,0.2666666666666666,0.010513684887319085
arousal,emg_lagged_interaction_experimental,1,0,0,1000.0,0,32,0.0,0.0,0.006602840575464705
arousal,emg_lagged_interaction_experimental,1,4,0,1000.0,4,28,-0.8333333333333335,-0.41666666666666674,0.006827264063800601
arousal,emg_lagged_interaction_experimental,1,4,1,1000.0,4,28,-1.0833333333333335,-0.5416666666666667,0.004267127480931049
arousal,emg_lagged_interaction_experimental,1,4,2,1000.0,4,28,0.5,0.25,0.006298880932849034
arousal,emg_lagged_interaction_experimental,1,4,3,1000.0,4,28,-0.5833333333333335,-0.29166666666666674,0.006938589383684326
arousal,emg_lagged_interaction_experimental,1,4,4,1000.0,4,28,-2.916666666666667,-1.4583333333333335,0.005050498177397994
arousal,emg_lagged_interaction_experimental,1,4,5,1000.0,4,28,-2.583333333333333,-1.2916666666666665,0.005309241462018694
arousal,emg_lagged_interaction_experimental,1,4,6,1000.0,4,28,-0.6666666666666665,-0.33333333333333326,0.006868648465780267
arousal,emg_lagged_interaction_experimental,1,4,7,1000.0,4,28,-0.5833333333333331,-0.2916666666666666,0.006872400333878315
arousal,emg_lagged_interaction_experimental,1,4,8,1000.0,4,28,-1.9166666666666667,-0.9583333333333334,0.006730814260499197
arousal,emg_lagged_interaction_experimental,1,4,9,1000.0,4,28,-0.5833333333333333,-0.29166666666666663,0.006973920841752378
arousal,emg_lagged_interaction_experimental,1,4,10,1000.0,4,28,-0.08333333333333326,-0.04166666666666663,0.006905010885231415
arousal,emg_lagged_interaction_experimental,1,4,11,1000.0,4,28,-1.25,-0.625,0.005432282327023953
arousal,emg_lagged_interaction_experimental,1,4,12,1000.0,4,28,-0.9166666666666667,-0.45833333333333337,0.0068864844773626616
arousal,emg_lagged_interaction_experimental,1,4,13,1000.0,4,28,0.3333333333333335,0.16666666666666674,0.006792462524788607
arousal,emg_lagged_interaction_experimental,1,4,14,1000.0,4,28,-0.16666666666666652,-0.08333333333333326,0.006670908431405024
arousal,emg_lagged_interaction_experimental,1,4,15,1000.0,4,28,-0.5000000000000002,-0.2500000000000001,0.006689854393541621
arousal,emg_lagged_interaction_experimental,1,4,16,1000.0,4,28,-0.41666666666666674,-0.20833333333333337,0.005232224021079737
arousal,emg_lagged_interaction_experimental,1,4,17,1000.0,4,28,-2.916666666666667,-1.4583333333333335,0.0067667385318891955
arousal,emg_lagged_interaction_experimental,1,4,18,1000.0,4,28,-0.5833333333333333,-0.29166666666666663,0.005080233543904222
arousal,emg_lagged_interaction_experimental,1,4,19,1000.0,4,28,-1.1666666666666665,-0.5833333333333333,0.006974755572893915
arousal,emg_lagged_interaction_experimental,1,16,0,1000.0,16,16,-0.625,-0.5,0.0045966756667732995
arousal,emg_lagged_interaction_experimental,1,16,1,1000.0,16,16,-0.10416666666666663,-0.08333333333333331,0.005669020741465622
arousal,emg_lagged_interaction_experimental,1,16,2,1000.0,16,16,-1.1666666666666665,-0.9333333333333332,0.0034895106414298276
arousal,emg_lagged_interaction_experimental,1,16,3,1000.0,16,16,-0.7291666666666666,-0.5833333333333334,0.007792915907756662
arousal,emg_lagged_interaction_experimental,1,16,4,1000.0,16,16,0.16666666666666674,0.1333333333333334,0.004741209163202822
arousal,emg_lagged_interaction_experimental,1,16,5,1000.0,16,16,-0.24999999999999994,-0.19999999999999996,0.00683772625901772
arousal,emg_lagged_interaction_experimental,1,16,6,1000.0,16,16,0.2500000000000001,0.2000000000000001,0.006979369464490761
arousal,emg_lagged_interaction_experimental,1,16,7,1000.0,16,16,-0.6041666666666666,-0.48333333333333334,0.006917050576039361
arousal,emg_lagged_interaction_experimental,1,16,8,1000.0,16,16,-0.7291666666666666,-0.5833333333333334,0.007576408570713285
arousal,emg_lagged_interaction_experimental,1,16,9,1000.0,16,16,-1.6458333333333333,-1.3166666666666667,0.00479074192015264
arousal,emg_lagged_interaction_experimental,1,16,10,1000.0,16,16,-0.75,-0.6000000000000001,0.004734291651127919
arousal,emg_lagged_interaction_experimental,1,16,11,1000.0,16,16,-0.24999999999999997,-0.19999999999999998,0.005873619389918991
arousal,emg_lagged_interaction_experimental,1,16,12,1000.0,16,16,-0.4791666666666665,-0.38333333333333325,0.00826516627968933
arousal,emg_lagged_interaction_experimental,1,16,13,1000.0,16,16,-0.6458333333333333,-0.5166666666666666,0.007242007653665858
arousal,emg_lagged_interaction_experimental,1,16,14,1000.0,16,16,-1.2916666666666667,-1.0333333333333334,0.005818468237474202
arousal,emg_lagged_interaction_experimental,1,16,15,1000.0,16,16,-0.3333333333333333,-0.26666666666666666,0.005010812785476399
arousal,emg_lagged_interaction_experimental,1,16,16,1000.0,16,16,-0.08333333333333337,-0.0666666666666667,0.005940130399730809
arousal,emg_lagged_interaction_experimental,1,16,17,1000.0,16,16,-0.4375,-0.35000000000000003,0.005556991944047848
arousal,emg_lagged_interaction_experimental,1,16,18,1000.0,16,16,-1.2291666666666667,-0.9833333333333334,0.005578730078919729
arousal,emg_lagged_interaction_experimental,1,16,19,1000.0,16,16,-0.7499999999999998,-0.5999999999999999,0.0056787377006712715
arousal,emg_lagged_interaction_experimental,2,0,0,1000.0,0,32,0.0,0.0,0.025480536487200302
arousal,emg_lagged_interaction_experimental,2,4,0,1000.0,4,28,1.7500000000000002,0.8750000000000001,0.02563313900068913
arousal,emg_lagged_interaction_experimental,2,4,1,1000.0,4,28,1.5,0.75,0.027088574396940193
arousal,emg_lagged_interaction_experimental,2,4,2,1000.0,4,28,2.833333333333333,1.4166666666666665,0.02626683405350636
arousal,emg_lagged_interaction_experimental,2,4,3,1000.0,4,28,1.4166666666666665,0.7083333333333333,0.023622173147093403
arousal,emg_lagged_interaction_experimental,2,4,4,1000.0,4,28,1.833333333333333,0.9166666666666665,0.02202301368970444
arousal,emg_lagged_interaction_experimental,2,4,5,1000.0,4,28,1.8333333333333333,0.9166666666666666,0.02591038584935957
arousal,emg_lagged_interaction_experimental,2,4,6,1000.0,4,28,3.5833333333333335,1.7916666666666667,0.026839919420012168
arousal,emg_lagged_interaction_experimental,2,4,7,1000.0,4,28,2.166666666666667,1.0833333333333335,0.0261932197318277
arousal,emg_lagged_interaction_experimental,2,4,8,1000.0,4,28,1.1666666666666667,0.5833333333333334,0.026196460739099356
arousal,emg_lagged_interaction_experimental,2,4,9,1000.0,4,28,4.166666666666667,2.0833333333333335,0.026547566614167892
arousal,emg_lagged_interaction_experimental,2,4,10,1000.0,4,28,2.416666666666667,1.2083333333333335,0.02568688382955628
arousal,emg_lagged_interaction_experimental,2,4,11,1000.0,4,28,1.666666666666667,0.8333333333333335,0.025798954707072913
arousal,emg_lagged_interaction_experimental,2,4,12,1000.0,4,28,1.3333333333333335,0.6666666666666667,0.026748474364678768
arousal,emg_lagged_interaction_experimental,2,4,13,1000.0,4,28,2.916666666666667,1.4583333333333335,0.02591831904074166
arousal,emg_lagged_interaction_experimental,2,4,14,1000.0,4,28,3.3333333333333335,1.6666666666666667,0.02648584421345003
arousal,emg_lagged_interaction_experimental,2,4,15,1000.0,4,28,2.75,1.375,0.025974731351177047
arousal,emg_lagged_interaction_experimental,2,4,16,1000.0,4,28,1.4166666666666667,0.7083333333333334,0.026460686835325476
arousal,emg_lagged_interaction_experimental,2,4,17,1000.0,4,28,2.916666666666667,1.4583333333333335,0.02185839081859404
arousal,emg_lagged_interaction_experimental,2,4,18,1000.0,4,28,2.333333333333333,1.1666666666666665,0.02685354408427665
arousal,emg_lagged_interaction_experimental,2,4,19,1000.0,4,28,1.25,0.625,0.024520356306127384
arousal,emg_lagged_interaction_experimental,2,16,0,1000.0,16,16,2.3958333333333335,1.916666666666667,0.021179680159028127
arousal,emg_lagged_interaction_experimental,2,16,1,1000.0,16,16,2.375,1.9000000000000001,0.017083869013021415
arousal,emg_lagged_interaction_experimental,2,16,2,1000.0,16,16,2.520833333333334,2.016666666666667,0.026425159216765286
arousal,emg_lagged_interaction_experimental,2,16,3,1000.0,16,16,1.9375000000000002,1.5500000000000003,0.026009059485663334
arousal,emg_lagged_interaction_experimental,2,16,4,1000.0,16,16,2.1875,1.75,0.029163193948696847
arousal,emg_lagged_interaction_experimental,2,16,5,1000.0,16,16,1.75,1.4000000000000001,0.022936075355478827
arousal,emg_lagged_interaction_experimental,2,16,6,1000.0,16,16,2.604166666666667,2.0833333333333335,0.02018723746344328
arousal,emg_lagged_interaction_experimental,2,16,7,1000.0,16,16,2.041666666666667,1.6333333333333337,0.030107878018682508
arousal,emg_lagged_interaction_experimental,2,16,8,1000.0,16,16,2.7083333333333335,2.166666666666667,0.02488660166573434
arousal,emg_lagged_interaction_experimental,2,16,9,1000.0,16,16,2.104166666666667,1.6833333333333336,0.030291752685137882
arousal,emg_lagged_interaction_experimental,2,16,10,1000.0,16,16,2.416666666666667,1.9333333333333336,0.028263139346125635
arousal,emg_lagged_interaction_experimental,2,16,11,1000.0,16,16,2.791666666666667,2.233333333333334,0.024913979463215427
arousal,emg_lagged_interaction_experimental,2,16,12,1000.0,16,16,1.8958333333333335,1.5166666666666668,0.027414919172891142
arousal,emg_lagged_interaction_experimental,2,16,13,1000.0,16,16,2.1875,1.75,0.029274794532051354
arousal,emg_lagged_interaction_experimental,2,16,14,1000.0,16,16,2.333333333333333,1.8666666666666665,0.025330051667501394
arousal,emg_lagged_interaction_experimental,2,16,15,1000.0,16,16,2.104166666666667,1.6833333333333336,0.018711270819999872
arousal,emg_lagged_interaction_experimental,2,16,16,1000.0,16,16,2.583333333333333,2.0666666666666664,0.02518130122714261
arousal,emg_lagged_interaction_experimental,2,16,17,1000.0,16,16,2.3958333333333335,1.916666666666667,0.017983964328605412
arousal,emg_lagged_interaction_experimental,2,16,18,1000.0,16,16,2.104166666666667,1.6833333333333336,0.025093971210240814
arousal,emg_lagged_interaction_experimental,2,16,19,1000.0,16,16,2.3541666666666665,1.8833333333333333,0.026760805405952506
arousal,emg_lagged_interaction_experimental,3,0,0,10.0,0,32,0.0,0.0,0.17079227900531743
arousal,emg_lagged_interaction_experimental,3,4,0,10.0,4,28,-0.8333333333333334,-0.4166666666666667,0.16610422457173998
arousal,emg_lagged_interaction_experimental,3,4,1,10.0,4,28,-1.7499999999999996,-0.8749999999999998,0.1586918743317207
arousal,emg_lagged_interaction_experimental,3,4,2,10.0,4,28,-1.333333333333333,-0.6666666666666665,0.16054610647918585
arousal,emg_lagged_interaction_experimental,3,4,3,10.0,4,28,-1.0000000000000002,-0.5000000000000001,0.16396341813781487
arousal,emg_lagged_interaction_experimental,3,4,4,10.0,4,28,-2.416666666666666,-1.208333333333333,0.15932426734063887
arousal,emg_lagged_interaction_experimental,3,4,5,10.0,4,28,-2.833333333333333,-1.4166666666666665,0.17414919376178079
arousal,emg_lagged_interaction_experimental,3,4,6,10.0,4,28,-1.6666666666666665,-0.8333333333333333,0.15054001560933358
arousal,emg_lagged_interaction_experimental,3,4,7,10.0,4,28,-2.0,-1.0,0.1734888344642842
arousal,emg_lagged_interaction_experimental,3,4,8,10.0,4,28,-2.4166666666666665,-1.2083333333333333,0.16326062855539
arousal,emg_lagged_interaction_experimental,3,4,9,10.0,4,28,-2.3333333333333335,-1.1666666666666667,0.17806460026659596
arousal,emg_lagged_interaction_experimental,3,4,10,10.0,4,28,-2.5,-1.25,0.17106989352572835
arousal,emg_lagged_interaction_experimental,3,4,11,10.0,4,28,-2.0833333333333335,-1.0416666666666667,0.17084763723533217
arousal,emg_lagged_interaction_experimental,3,4,12,10.0,4,28,-2.5,-1.25,0.1685029498979807
arousal,emg_lagged_interaction_experimental,3,4,13,10.0,4,28,-0.6666666666666666,-0.3333333333333333,0.1703825116459233
arousal,emg_lagged_interaction_experimental,3,4,14,10.0,4,28,-2.75,-1.375,0.17521037968282072
arousal,emg_lagged_interaction_experimental,3,4,15,10.0,4,28,-2.916666666666667,-1.4583333333333335,0.1657694734838043
arousal,emg_lagged_interaction_experimental,3,4,16,10.0,4,28,-2.583333333333333,-1.2916666666666665,0.16843737380489476
arousal,emg_lagged_interaction_experimental,3,4,17,10.0,4,28,-2.0,-1.0,0.16566757406130164
arousal,emg_lagged_interaction_experimental,3,4,18,10.0,4,28,-2.5833333333333335,-1.2916666666666667,0.17638815798245994
arousal,emg_lagged_interaction_experimental,3,4,19,10.0,4,28,-2.5833333333333335,-1.2916666666666667,0.17004862799687318
arousal,emg_lagged_interaction_experimental,3,16,0,10.0,16,16,-1.8125,-1.4500000000000002,0.17785674465092155
arousal,emg_lagged_interaction_experimental,3,16,1,10.0,16,16,-2.354166666666667,-1.8833333333333337,0.14917245661856687
arousal,emg_lagged_interaction_experimental,3,16,2,10.0,16,16,-2.395833333333333,-1.9166666666666665,0.16622024658110476
arousal,emg_lagged_interaction_experimental,3,16,3,10.0,16,16,-2.479166666666667,-1.9833333333333336,0.15206478806592197
arousal,emg_lagged_interaction_experimental,3,16,4,10.0,16,16,-2.7916666666666665,-2.2333333333333334,0.164420336809705
arousal,emg_lagged_interaction_experimental,3,16,5,10.0,16,16,-2.229166666666667,-1.7833333333333337,0.14459817306591286
arousal,emg_lagged_interaction_experimental,3,16,6,10.0,16,16,-2.604166666666667,-2.0833333333333335,0.17457189753251343
arousal,emg_lagged_interaction_experimental,3,16,7,10.0,16,16,-2.5625,-2.0500000000000003,0.14903351246655194
arousal,emg_lagged_interaction_experimental,3,16,8,10.0,16,16,-1.9166666666666667,-1.5333333333333334,0.15667149357561574
arousal,emg_lagged_interaction_experimental,3,16,9,10.0,16,16,-1.6458333333333335,-1.3166666666666669,0.15772155445581218
arousal,emg_lagged_interaction_experimental,3,16,10,10.0,16,16,-2.645833333333333,-2.1166666666666667,0.18180111444785055
arousal,emg_lagged_interaction_experimental,3,16,11,10.0,16,16,-2.1458333333333335,-1.7166666666666668,0.14947320668715283
arousal,emg_lagged_interaction_experimental,3,16,12,10.0,16,16,-1.9583333333333335,-1.5666666666666669,0.15567590808175208
arousal,emg_lagged_interaction_experimental,3,16,13,10.0,16,16,-2.708333333333333,-2.1666666666666665,0.16277194983081353
arousal,emg_lagged_interaction_experimental,3,16,14,10.0,16,16,-2.0,-1.6,0.17367537063284508
arousal,emg_lagged_interaction_experimental,3,16,15,10.0,16,16,-2.0625,-1.6500000000000001,0.15446712855604958
arousal,emg_lagged_interaction_experimental,3,16,16,10.0,16,16,-2.1666666666666665,-1.7333333333333334,0.18686953119856617
arousal,emg_lagged_interaction_experimental,3,16,17,10.0,16,16,-2.5208333333333335,-2.016666666666667,0.2025287194590179
arousal,emg_lagged_interaction_experimental,3,16,18,10.0,16,16,-2.8125,-2.25,0.17273111394130541
arousal,emg_lagged_interaction_experimental,3,16,19,10.0,16,16,-2.291666666666667,-1.8333333333333337,0.17063584738300744
arousal,emg_lagged_interaction_experimental,5,0,0,100.0,0,32,0.0,0.0,0.0964840684003453
arousal,emg_lagged_interaction_experimental,5,4,0,100.0,4,28,0.9166666666666667,0.45833333333333337,0.09246757907278919
arousal,emg_lagged_interaction_experimental,5,4,1,100.0,4,28,1.5,0.75,0.10134367720660663
arousal,emg_lagged_interaction_experimental,5,4,2,100.0,4,28,-1.0833333333333335,-0.5416666666666667,0.09252635767174514
arousal,emg_lagged_interaction_experimental,5,4,3,100.0,4,28,0.5,0.25,0.08388274103153737
arousal,emg_lagged_interaction_experimental,5,4,4,100.0,4,28,1.5,0.75,0.09695113639132485
arousal,emg_lagged_interaction_experimental,5,4,5,100.0,4,28,-0.2500000000000001,-0.12500000000000006,0.09434163379482244
arousal,emg_lagged_interaction_experimental,5,4,6,100.0,4,28,1.0,0.5,0.09646418771603252
arousal,emg_lagged_interaction_experimental,5,4,7,100.0,4,28,0.6666666666666667,0.33333333333333337,0.09961909589300251
arousal,emg_lagged_interaction_experimental,5,4,8,100.0,4,28,0.25,0.125,0.09572117812724086
arousal,emg_lagged_interaction_experimental,5,4,9,100.0,4,28,1.75,0.875,0.09564140641480043
arousal,emg_lagged_interaction_experimental,5,4,10,100.0,4,28,0.5000000000000002,0.2500000000000001,0.09009437381530472
arousal,emg_lagged_interaction_experimental,5,4,11,100.0,4,28,1.75,0.875,0.09981679492850579
arousal,emg_lagged_interaction_experimental,5,4,12,100.0,4,28,-0.0833333333333332,-0.0416666666666666,0.10182033437625548
arousal,emg_lagged_interaction_experimental,5,4,13,100.0,4,28,1.0,0.5,0.0922206051844512
arousal,emg_lagged_interaction_experimental,5,4,14,100.0,4,28,0.9999999999999998,0.4999999999999999,0.09679639484635501
arousal,emg_lagged_interaction_experimental,5,4,15,100.0,4,28,1.4166666666666665,0.7083333333333333,0.09485681190848014
arousal,emg_lagged_interaction_experimental,5,4,16,100.0,4,28,0.7500000000000001,0.37500000000000006,0.09497979475817193
arousal,emg_lagged_interaction_experimental,5,4,17,100.0,4,28,-0.5833333333333333,-0.29166666666666663,0.10031724624424149
arousal,emg_lagged_interaction_experimental,5,4,18,100.0,4,28,0.41666666666666663,0.20833333333333331,0.0971435384068795
arousal,emg_lagged_interaction_experimental,5,4,19,100.0,4,28,-0.6666666666666667,-0.33333333333333337,0.09630649061594433
arousal,emg_lagged_interaction_experimental,5,16,0,100.0,16,16,0.6041666666666666,0.48333333333333334,0.11248511179670226
arousal,emg_lagged_interaction_experimental,5,16,1,100.0,16,16,0.7708333333333333,0.6166666666666667,0.09198149928163829
arousal,emg_lagged_interaction_experimental,5,16,2,100.0,16,16,0.4791666666666666,0.3833333333333333,0.10112110012555618
arousal,emg_lagged_interaction_experimental,5,16,3,100.0,16,16,0.27083333333333326,0.21666666666666662,0.09160469451550363
arousal,emg_lagged_interaction_experimental,5,16,4,100.0,16,16,0.8541666666666665,0.6833333333333332,0.10651200982419512
arousal,emg_lagged_interaction_experimental,5,16,5,100.0,16,16,0.7083333333333334,0.5666666666666668,0.08367967273908399
arousal,emg_lagged_interaction_experimental,5,16,6,100.0,16,16,0.12499999999999994,0.09999999999999996,0.09619375018256561
arousal,emg_lagged_interaction_experimental,5,16,7,100.0,16,16,0.3541666666666667,0.2833333333333334,0.1117297138621312
arousal,emg_lagged_interaction_experimental,5,16,8,100.0,16,16,0.1458333333333333,0.11666666666666664,0.10062333448704223
arousal,emg_lagged_interaction_experimental,5,16,9,100.0,16,16,0.5,0.4,0.08695740987931358
arousal,emg_lagged_interaction_experimental,5,16,10,100.0,16,16,-0.08333333333333331,-0.06666666666666665,0.06480441548253718
arousal,emg_lagged_interaction_experimental,5,16,11,100.0,16,16,0.5833333333333334,0.46666666666666673,0.09713084277152312
arousal,emg_lagged_interaction_experimental,5,16,12,100.0,16,16,0.33333333333333337,0.2666666666666667,0.08164025614493266
arousal,emg_lagged_interaction_experimental,5,16,13,100.0,16,16,0.020833333333333287,0.016666666666666632,0.08530376093268327
arousal,emg_lagged_interaction_experimental,5,16,14,100.0,16,16,0.9374999999999999,0.75,0.1154756178147836
arousal,emg_lagged_interaction_experimental,5,16,15,100.0,16,16,0.20833333333333334,0.16666666666666669,0.10555383515723542
arousal,emg_lagged_interaction_experimental,5,16,16,100.0,16,16,0.6041666666666666,0.48333333333333334,0.1133710834015461
arousal,emg_lagged_interaction_experimental,5,16,17,100.0,16,16,0.33333333333333337,0.2666666666666667,0.0861513683739743
arousal,emg_lagged_interaction_experimental,5,16,18,100.0,16,16,0.37500000000000006,0.30000000000000004,0.10792247446140542
arousal,emg_lagged_interaction_experimental,5,16,19,100.0,16,16,0.5833333333333333,0.4666666666666666,0.06560335696650503
