test_subject,stimulus_id,target,y_true_score,y_pred_global_train_mean,y_pred_stimulus_train_mean,residual_vs_stimulus_train_mean,residual_vs_global_train_mean
1,Dummy_1,valence,1.0,4.918346774193548,2.2903225806451615,-1.2903225806451615,-3.918346774193548
1,3053,valence,1.0,4.918346774193548,1.6935483870967742,-0.6935483870967742,-3.918346774193548
1,Tumor_1,valence,4.0,4.918346774193548,2.6129032258064515,1.3870967741935485,-0.918346774193548
1,Dog_18,valence,8.0,4.918346774193548,7.725806451612903,0.274193548387097,3.081653225806452
1,Miserable_pose_3,valence,1.0,4.918346774193548,1.564516129032258,-0.564516129032258,-3.918346774193548
1,Pinecone_1,valence,5.0,4.918346774193548,5.645161290322581,-0.645161290322581,0.08165322580645196
1,Garbage_dump_6,valence,2.0,4.918346774193548,2.935483870967742,-0.935483870967742,-2.918346774193548
1,Depressed_pose_4,valence,4.0,4.918346774193548,3.7903225806451615,0.20967741935483852,-0.918346774193548
1,Angry_face_1,valence,5.0,4.918346774193548,4.387096774193548,0.612903225806452,0.08165322580645196
1,Dog_26,valence,2.0,4.918346774193548,1.6612903225806452,0.33870967741935476,-2.918346774193548
1,8370,valence,6.0,4.918346774193548,6.564516129032258,-0.564516129032258,1.081653225806452
1,Dog_6,valence,7.0,4.918346774193548,7.790322580645161,-0.790322580645161,2.081653225806452
1,9220,valence,3.0,4.918346774193548,2.532258064516129,0.467741935483871,-1.918346774193548
1,Lake_12,valence,8.0,4.918346774193548,7.419354838709677,0.580645161290323,3.081653225806452
1,2314,valence,6.0,4.918346774193548,7.193548387096774,-1.193548387096774,1.081653225806452
1,1750,valence,5.0,4.918346774193548,7.193548387096774,-2.193548387096774,0.08165322580645196
1,8492,valence,5.0,4.918346774193548,6.693548387096774,-1.693548387096774,0.08165322580645196
1,1441,valence,7.0,4.918346774193548,7.532258064516129,-0.532258064516129,2.081653225806452
1,Flowers_6,valence,6.0,4.918346774193548,6.741935483870968,-0.741935483870968,1.081653225806452
1,Yarn_1,valence,7.0,4.918346774193548,5.306451612903226,1.693548387096774,2.081653225806452
1,9331,valence,4.0,4.918346774193548,3.838709677419355,0.16129032258064502,-0.918346774193548
1,Beach_1,valence,9.0,4.918346774193548,7.612903225806452,1.387096774193548,4.081653225806452
1,2491,valence,3.0,4.918346774193548,4.758064516129032,-1.758064516129032,-1.918346774193548
1,9360,valence,1.0,4.918346774193548,4.209677419354839,-3.209677419354839,-3.918346774193548
1,Lake_3,valence,4.0,4.918346774193548,6.225806451612903,-2.225806451612903,-0.918346774193548
1,3170,valence,1.0,4.918346774193548,1.8225806451612903,-0.8225806451612903,-3.918346774193548
1,8080,valence,6.0,4.918346774193548,5.838709677419355,0.16129032258064502,1.081653225806452
1,Snow_1,valence,7.0,4.918346774193548,6.387096774193548,0.612903225806452,2.081653225806452
1,4220,valence,5.0,4.918346774193548,6.435483870967742,-1.435483870967742,0.08165322580645196
1,5760,valence,8.0,4.918346774193548,7.161290322580645,0.838709677419355,3.081653225806452
1,3063,valence,1.0,4.918346774193548,1.7741935483870968,-0.7741935483870968,-3.918346774193548
1,3080,valence,1.0,4.918346774193548,2.0483870967741935,-1.0483870967741935,-3.918346774193548
2,Dummy_1,valence,2.0,4.917338709677419,2.274193548387097,-0.274193548387097,-2.917338709677419
2,3053,valence,1.0,4.917338709677419,1.6935483870967742,-0.6935483870967742,-3.917338709677419
2,Tumor_1,valence,1.0,4.917338709677419,2.661290322580645,-1.661290322580645,-3.917338709677419
2,Dog_18,valence,3.0,4.917338709677419,7.806451612903226,-4.806451612903226,-1.917338709677419
2,Miserable_pose_3,valence,1.0,4.917338709677419,1.564516129032258,-0.564516129032258,-3.917338709677419
2,Pinecone_1,valence,6.0,4.917338709677419,5.629032258064516,0.370967741935484,1.082661290322581
2,Garbage_dump_6,valence,2.0,4.917338709677419,2.935483870967742,-0.935483870967742,-2.917338709677419
2,Depressed_pose_4,valence,4.0,4.917338709677419,3.7903225806451615,0.20967741935483852,-0.917338709677419
2,Angry_face_1,valence,3.0,4.917338709677419,4.419354838709677,-1.419354838709677,-1.917338709677419
2,Dog_26,valence,1.0,4.917338709677419,1.6774193548387097,-0.6774193548387097,-3.917338709677419
2,8370,valence,8.0,4.917338709677419,6.532258064516129,1.467741935483871,3.082661290322581
2,Dog_6,valence,9.0,4.917338709677419,7.758064516129032,1.241935483870968,4.082661290322581
2,9220,valence,1.0,4.917338709677419,2.564516129032258,-1.564516129032258,-3.917338709677419
2,Lake_12,valence,7.0,4.917338709677419,7.435483870967742,-0.435483870967742,2.082661290322581
2,2314,valence,7.0,4.917338709677419,7.17741935483871,-0.17741935483870996,2.082661290322581
2,1750,valence,6.0,4.917338709677419,7.17741935483871,-1.17741935483871,1.082661290322581
2,8492,valence,5.0,4.917338709677419,6.693548387096774,-1.693548387096774,0.08266129032258096
2,1441,valence,8.0,4.917338709677419,7.516129032258065,0.48387096774193505,3.082661290322581
2,Flowers_6,valence,6.0,4.917338709677419,6.741935483870968,-0.741935483870968,1.082661290322581
2,Yarn_1,valence,9.0,4.917338709677419,5.274193548387097,3.725806451612903,4.082661290322581
2,9331,valence,2.0,4.917338709677419,3.870967741935484,-1.870967741935484,-2.917338709677419
2,Beach_1,valence,7.0,4.917338709677419,7.645161290322581,-0.645161290322581,2.082661290322581
2,2491,valence,4.0,4.917338709677419,4.741935483870968,-0.741935483870968,-0.917338709677419
2,9360,valence,4.0,4.917338709677419,4.161290322580645,-0.16129032258064502,-0.917338709677419
2,Lake_3,valence,5.0,4.917338709677419,6.209677419354839,-1.209677419354839,0.08266129032258096
2,3170,valence,1.0,4.917338709677419,1.8225806451612903,-0.8225806451612903,-3.917338709677419
2,8080,valence,8.0,4.917338709677419,5.806451612903226,2.193548387096774,3.082661290322581
2,Snow_1,valence,5.0,4.917338709677419,6.419354838709677,-1.419354838709677,0.08266129032258096
2,4220,valence,8.0,4.917338709677419,6.387096774193548,1.612903225806452,3.082661290322581
2,5760,valence,9.0,4.917338709677419,7.145161290322581,1.854838709677419,4.082661290322581
2,3063,valence,1.0,4.917338709677419,1.7741935483870968,-0.7741935483870968,-3.917338709677419
2,3080,valence,1.0,4.917338709677419,2.0483870967741935,-1.0483870967741935,-3.917338709677419
3,Dummy_1,valence,1.0,4.914314516129032,2.2903225806451615,-1.2903225806451615,-3.914314516129032
3,3053,valence,1.0,4.914314516129032,1.6935483870967742,-0.6935483870967742,-3.914314516129032
3,Tumor_1,valence,2.0,4.914314516129032,2.6451612903225805,-0.6451612903225805,-2.914314516129032
3,Dog_18,valence,9.0,4.914314516129032,7.709677419354839,1.290322580645161,4.085685483870968
3,Miserable_pose_3,valence,1.0,4.914314516129032,1.564516129032258,-0.564516129032258,-3.914314516129032
3,Pinecone_1,valence,5.0,4.914314516129032,5.645161290322581,-0.645161290322581,0.08568548387096797
3,Garbage_dump_6,valence,1.0,4.914314516129032,2.9516129032258065,-1.9516129032258065,-3.914314516129032
3,Depressed_pose_4,valence,4.0,4.914314516129032,3.7903225806451615,0.20967741935483852,-0.914314516129032
3,Angry_face_1,valence,3.0,4.914314516129032,4.419354838709677,-1.419354838709677,-1.914314516129032
3,Dog_26,valence,2.0,4.914314516129032,1.6612903225806452,0.33870967741935476,-2.914314516129032
3,8370,valence,8.0,4.914314516129032,6.532258064516129,1.467741935483871,3.085685483870968
3,Dog_6,valence,9.0,4.914314516129032,7.758064516129032,1.241935483870968,4.085685483870968
3,9220,valence,1.0,4.914314516129032,2.564516129032258,-1.564516129032258,-3.914314516129032
3,Lake_12,valence,6.0,4.914314516129032,7.451612903225806,-1.451612903225806,1.085685483870968
3,2314,valence,7.0,4.914314516129032,7.17741935483871,-0.17741935483870996,2.085685483870968
3,1750,valence,9.0,4.914314516129032,7.129032258064516,1.870967741935484,4.085685483870968
3,8492,valence,8.0,4.914314516129032,6.645161290322581,1.354838709677419,3.085685483870968
3,1441,valence,8.0,4.914314516129032,7.516129032258065,0.48387096774193505,3.085685483870968
3,Flowers_6,valence,8.0,4.914314516129032,6.709677419354839,1.290322580645161,3.085685483870968
3,Yarn_1,valence,5.0,4.914314516129032,5.338709677419355,-0.338709677419355,0.08568548387096797
3,9331,valence,5.0,4.914314516129032,3.8225806451612905,1.1774193548387095,0.08568548387096797
3,Beach_1,valence,7.0,4.914314516129032,7.645161290322581,-0.645161290322581,2.085685483870968
3,2491,valence,3.0,4.914314516129032,4.758064516129032,-1.758064516129032,-1.914314516129032
3,9360,valence,3.0,4.914314516129032,4.17741935483871,-1.17741935483871,-1.914314516129032
3,Lake_3,valence,5.0,4.914314516129032,6.209677419354839,-1.209677419354839,0.08568548387096797
3,3170,valence,2.0,4.914314516129032,1.8064516129032258,0.19354838709677424,-2.914314516129032
3,8080,valence,4.0,4.914314516129032,5.870967741935484,-1.870967741935484,-0.914314516129032
3,Snow_1,valence,6.0,4.914314516129032,6.403225806451613,-0.403225806451613,1.085685483870968
3,4220,valence,7.0,4.914314516129032,6.403225806451613,0.596774193548387,2.085685483870968
3,5760,valence,5.0,4.914314516129032,7.209677419354839,-2.209677419354839,0.08568548387096797
3,3063,valence,3.0,4.914314516129032,1.7419354838709677,1.2580645161290323,-1.914314516129032
3,3080,valence,3.0,4.914314516129032,2.0161290322580645,0.9838709677419355,-1.914314516129032
5,Dummy_1,valence,1.0,4.908266129032258,2.2903225806451615,-1.2903225806451615,-3.908266129032258
5,3053,valence,2.0,4.908266129032258,1.6774193548387097,0.32258064516129026,-2.908266129032258
5,Tumor_1,valence,3.0,4.908266129032258,2.629032258064516,0.370967741935484,-1.908266129032258
5,Dog_18,valence,7.0,4.908266129032258,7.741935483870968,-0.741935483870968,2.091733870967742
5,Miserable_pose_3,valence,1.0,4.908266129032258,1.564516129032258,-0.564516129032258,-3.908266129032258
5,Pinecone_1,valence,6.0,4.908266129032258,5.629032258064516,0.370967741935484,1.091733870967742
5,Garbage_dump_6,valence,4.0,4.908266129032258,2.903225806451613,1.096774193548387,-0.908266129032258
5,Depressed_pose_4,valence,2.0,4.908266129032258,3.8225806451612905,-1.8225806451612905,-2.908266129032258
5,Angry_face_1,valence,4.0,4.908266129032258,4.403225806451613,-0.403225806451613,-0.908266129032258
5,Dog_26,valence,4.0,4.908266129032258,1.6290322580645162,2.370967741935484,-0.908266129032258
5,8370,valence,8.0,4.908266129032258,6.532258064516129,1.467741935483871,3.091733870967742
5,Dog_6,valence,9.0,4.908266129032258,7.758064516129032,1.241935483870968,4.091733870967742
5,9220,valence,1.0,4.908266129032258,2.564516129032258,-1.564516129032258,-3.908266129032258
5,Lake_12,valence,9.0,4.908266129032258,7.403225806451613,1.596774193548387,4.091733870967742
5,2314,valence,7.0,4.908266129032258,7.17741935483871,-0.17741935483870996,2.091733870967742
5,1750,valence,9.0,4.908266129032258,7.129032258064516,1.870967741935484,4.091733870967742
5,8492,valence,7.0,4.908266129032258,6.661290322580645,0.338709677419355,2.091733870967742
5,1441,valence,9.0,4.908266129032258,7.5,1.5,4.091733870967742
5,Flowers_6,valence,6.0,4.908266129032258,6.741935483870968,-0.741935483870968,1.091733870967742
5,Yarn_1,valence,9.0,4.908266129032258,5.274193548387097,3.725806451612903,4.091733870967742
5,9331,valence,1.0,4.908266129032258,3.8870967741935485,-2.8870967741935485,-3.908266129032258
5,Beach_1,valence,9.0,4.908266129032258,7.612903225806452,1.387096774193548,4.091733870967742
5,2491,valence,6.0,4.908266129032258,4.709677419354839,1.290322580645161,1.091733870967742
5,9360,valence,4.0,4.908266129032258,4.161290322580645,-0.16129032258064502,-0.908266129032258
5,Lake_3,valence,8.0,4.908266129032258,6.161290322580645,1.838709677419355,3.091733870967742
5,3170,valence,3.0,4.908266129032258,1.7903225806451613,1.2096774193548387,-1.908266129032258
5,8080,valence,3.0,4.908266129032258,5.887096774193548,-2.887096774193548,-1.908266129032258
5,Snow_1,valence,5.0,4.908266129032258,6.419354838709677,-1.419354838709677,0.09173387096774199
5,4220,valence,7.0,4.908266129032258,6.403225806451613,0.596774193548387,2.091733870967742
5,5760,valence,7.0,4.908266129032258,7.17741935483871,-0.17741935483870996,2.091733870967742
5,3063,valence,1.0,4.908266129032258,1.7741935483870968,-0.7741935483870968,-3.908266129032258
5,3080,valence,1.0,4.908266129032258,2.0483870967741935,-1.0483870967741935,-3.908266129032258
6,Dummy_1,valence,1.0,4.912802419354839,2.2903225806451615,-1.2903225806451615,-3.912802419354839
6,3053,valence,1.0,4.912802419354839,1.6935483870967742,-0.6935483870967742,-3.912802419354839
6,Tumor_1,valence,2.0,4.912802419354839,2.6451612903225805,-0.6451612903225805,-2.912802419354839
6,Dog_18,valence,9.0,4.912802419354839,7.709677419354839,1.290322580645161,4.087197580645161
6,Miserable_pose_3,valence,1.0,4.912802419354839,1.564516129032258,-0.564516129032258,-3.912802419354839
6,Pinecone_1,valence,8.0,4.912802419354839,5.596774193548387,2.403225806451613,3.087197580645161
6,Garbage_dump_6,valence,2.0,4.912802419354839,2.935483870967742,-0.935483870967742,-2.912802419354839
6,Depressed_pose_4,valence,3.0,4.912802419354839,3.806451612903226,-0.806451612903226,-1.912802419354839
6,Angry_face_1,valence,2.0,4.912802419354839,4.435483870967742,-2.435483870967742,-2.912802419354839
6,Dog_26,valence,1.0,4.912802419354839,1.6774193548387097,-0.6774193548387097,-3.912802419354839
6,8370,valence,6.0,4.912802419354839,6.564516129032258,-0.564516129032258,1.087197580645161
6,Dog_6,valence,9.0,4.912802419354839,7.758064516129032,1.241935483870968,4.087197580645161
6,9220,valence,1.0,4.912802419354839,2.564516129032258,-1.564516129032258,-3.912802419354839
6,Lake_12,valence,9.0,4.912802419354839,7.403225806451613,1.596774193548387,4.087197580645161
6,2314,valence,8.0,4.912802419354839,7.161290322580645,0.838709677419355,3.087197580645161
6,1750,valence,8.0,4.912802419354839,7.145161290322581,0.854838709677419,3.087197580645161
6,8492,valence,6.0,4.912802419354839,6.67741935483871,-0.67741935483871,1.087197580645161
6,1441,valence,8.0,4.912802419354839,7.516129032258065,0.48387096774193505,3.087197580645161
6,Flowers_6,valence,8.0,4.912802419354839,6.709677419354839,1.290322580645161,3.087197580645161
6,Yarn_1,valence,7.0,4.912802419354839,5.306451612903226,1.693548387096774,2.087197580645161
6,9331,valence,3.0,4.912802419354839,3.8548387096774195,-0.8548387096774195,-1.912802419354839
6,Beach_1,valence,8.0,4.912802419354839,7.629032258064516,0.370967741935484,3.087197580645161
6,2491,valence,4.0,4.912802419354839,4.741935483870968,-0.741935483870968,-0.912802419354839
6,9360,valence,3.0,4.912802419354839,4.17741935483871,-1.17741935483871,-1.912802419354839
6,Lake_3,valence,5.0,4.912802419354839,6.209677419354839,-1.209677419354839,0.08719758064516103
6,3170,valence,1.0,4.912802419354839,1.8225806451612903,-0.8225806451612903,-3.912802419354839
6,8080,valence,5.0,4.912802419354839,5.854838709677419,-0.854838709677419,0.08719758064516103
6,Snow_1,valence,8.0,4.912802419354839,6.370967741935484,1.629032258064516,3.087197580645161
6,4220,valence,7.0,4.912802419354839,6.403225806451613,0.596774193548387,2.087197580645161
6,5760,valence,8.0,4.912802419354839,7.161290322580645,0.838709677419355,3.087197580645161
6,3063,valence,1.0,4.912802419354839,1.7741935483870968,-0.7741935483870968,-3.912802419354839
6,3080,valence,1.0,4.912802419354839,2.0483870967741935,-1.0483870967741935,-3.912802419354839
7,Dummy_1,valence,2.0,4.913810483870968,2.274193548387097,-0.274193548387097,-2.913810483870968
7,3053,valence,2.0,4.913810483870968,1.6774193548387097,0.32258064516129026,-2.913810483870968
7,Tumor_1,valence,2.0,4.913810483870968,2.6451612903225805,-0.6451612903225805,-2.913810483870968
7,Dog_18,valence,8.0,4.913810483870968,7.725806451612903,0.274193548387097,3.086189516129032
7,Miserable_pose_3,valence,2.0,4.913810483870968,1.5483870967741935,0.4516129032258065,-2.913810483870968
7,Pinecone_1,valence,5.0,4.913810483870968,5.645161290322581,-0.645161290322581,0.08618951612903203
7,Garbage_dump_6,valence,4.0,4.913810483870968,2.903225806451613,1.096774193548387,-0.913810483870968
7,Depressed_pose_4,valence,4.0,4.913810483870968,3.7903225806451615,0.20967741935483852,-0.913810483870968
7,Angry_face_1,valence,4.0,4.913810483870968,4.403225806451613,-0.403225806451613,-0.913810483870968
7,Dog_26,valence,2.0,4.913810483870968,1.6612903225806452,0.33870967741935476,-2.913810483870968
7,8370,valence,7.0,4.913810483870968,6.548387096774194,0.45161290322580605,2.086189516129032
7,Dog_6,valence,7.0,4.913810483870968,7.790322580645161,-0.790322580645161,2.086189516129032
7,9220,valence,3.0,4.913810483870968,2.532258064516129,0.467741935483871,-1.913810483870968
7,Lake_12,valence,6.0,4.913810483870968,7.451612903225806,-1.451612903225806,1.086189516129032
7,2314,valence,7.0,4.913810483870968,7.17741935483871,-0.17741935483870996,2.086189516129032
7,1750,valence,7.0,4.913810483870968,7.161290322580645,-0.16129032258064502,2.086189516129032
7,8492,valence,6.0,4.913810483870968,6.67741935483871,-0.67741935483871,1.086189516129032
7,1441,valence,7.0,4.913810483870968,7.532258064516129,-0.532258064516129,2.086189516129032
7,Flowers_6,valence,6.0,4.913810483870968,6.741935483870968,-0.741935483870968,1.086189516129032
7,Yarn_1,valence,5.0,4.913810483870968,5.338709677419355,-0.338709677419355,0.08618951612903203
7,9331,valence,5.0,4.913810483870968,3.8225806451612905,1.1774193548387095,0.08618951612903203
7,Beach_1,valence,7.0,4.913810483870968,7.645161290322581,-0.645161290322581,2.086189516129032
7,2491,valence,5.0,4.913810483870968,4.725806451612903,0.274193548387097,0.08618951612903203
7,9360,valence,5.0,4.913810483870968,4.145161290322581,0.854838709677419,0.08618951612903203
7,Lake_3,valence,4.0,4.913810483870968,6.225806451612903,-2.225806451612903,-0.913810483870968
7,3170,valence,2.0,4.913810483870968,1.8064516129032258,0.19354838709677424,-2.913810483870968
7,8080,valence,5.0,4.913810483870968,5.854838709677419,-0.854838709677419,0.08618951612903203
7,Snow_1,valence,6.0,4.913810483870968,6.403225806451613,-0.403225806451613,1.086189516129032
7,4220,valence,5.0,4.913810483870968,6.435483870967742,-1.435483870967742,0.08618951612903203
7,5760,valence,7.0,4.913810483870968,7.17741935483871,-0.17741935483870996,2.086189516129032
7,3063,valence,2.0,4.913810483870968,1.7580645161290323,0.24193548387096775,-2.913810483870968
7,3080,valence,3.0,4.913810483870968,2.0161290322580645,0.9838709677419355,-1.913810483870968
8,Dummy_1,valence,2.0,4.905745967741935,2.274193548387097,-0.274193548387097,-2.905745967741935
8,3053,valence,1.0,4.905745967741935,1.6935483870967742,-0.6935483870967742,-3.905745967741935
8,Tumor_1,valence,1.0,4.905745967741935,2.661290322580645,-1.661290322580645,-3.905745967741935
8,Dog_18,valence,9.0,4.905745967741935,7.709677419354839,1.290322580645161,4.094254032258065
8,Miserable_pose_3,valence,2.0,4.905745967741935,1.5483870967741935,0.4516129032258065,-2.905745967741935
8,Pinecone_1,valence,6.0,4.905745967741935,5.629032258064516,0.370967741935484,1.094254032258065
8,Garbage_dump_6,valence,4.0,4.905745967741935,2.903225806451613,1.096774193548387,-0.905745967741935
8,Depressed_pose_4,valence,3.0,4.905745967741935,3.806451612903226,-0.806451612903226,-1.905745967741935
8,Angry_face_1,valence,5.0,4.905745967741935,4.387096774193548,0.612903225806452,0.09425403225806495
8,Dog_26,valence,2.0,4.905745967741935,1.6612903225806452,0.33870967741935476,-2.905745967741935
8,8370,valence,7.0,4.905745967741935,6.548387096774194,0.45161290322580605,2.094254032258065
8,Dog_6,valence,9.0,4.905745967741935,7.758064516129032,1.241935483870968,4.094254032258065
8,9220,valence,3.0,4.905745967741935,2.532258064516129,0.467741935483871,-1.905745967741935
8,Lake_12,valence,9.0,4.905745967741935,7.403225806451613,1.596774193548387,4.094254032258065
8,2314,valence,8.0,4.905745967741935,7.161290322580645,0.838709677419355,3.094254032258065
8,1750,valence,6.0,4.905745967741935,7.17741935483871,-1.17741935483871,1.094254032258065
8,8492,valence,7.0,4.905745967741935,6.661290322580645,0.338709677419355,2.094254032258065
8,1441,valence,8.0,4.905745967741935,7.516129032258065,0.48387096774193505,3.094254032258065
8,Flowers_6,valence,7.0,4.905745967741935,6.725806451612903,0.274193548387097,2.094254032258065
8,Yarn_1,valence,4.0,4.905745967741935,5.354838709677419,-1.354838709677419,-0.905745967741935
8,9331,valence,4.0,4.905745967741935,3.838709677419355,0.16129032258064502,-0.905745967741935
8,Beach_1,valence,9.0,4.905745967741935,7.612903225806452,1.387096774193548,4.094254032258065
8,2491,valence,5.0,4.905745967741935,4.725806451612903,0.274193548387097,0.09425403225806495
8,9360,valence,4.0,4.905745967741935,4.161290322580645,-0.16129032258064502,-0.905745967741935
8,Lake_3,valence,9.0,4.905745967741935,6.145161290322581,2.854838709677419,4.094254032258065
8,3170,valence,1.0,4.905745967741935,1.8225806451612903,-0.8225806451612903,-3.905745967741935
8,8080,valence,7.0,4.905745967741935,5.82258064516129,1.17741935483871,2.094254032258065
8,Snow_1,valence,6.0,4.905745967741935,6.403225806451613,-0.403225806451613,1.094254032258065
8,4220,valence,6.0,4.905745967741935,6.419354838709677,-0.41935483870967705,1.094254032258065
8,5760,valence,9.0,4.905745967741935,7.145161290322581,1.854838709677419,4.094254032258065
8,3063,valence,2.0,4.905745967741935,1.7580645161290323,0.24193548387096775,-2.905745967741935
8,3080,valence,3.0,4.905745967741935,2.0161290322580645,0.9838709677419355,-1.905745967741935
9,Dummy_1,valence,2.0,4.903225806451613,2.274193548387097,-0.274193548387097,-2.903225806451613
9,3053,valence,2.0,4.903225806451613,1.6774193548387097,0.32258064516129026,-2.903225806451613
9,Tumor_1,valence,2.0,4.903225806451613,2.6451612903225805,-0.6451612903225805,-2.903225806451613
9,Dog_18,valence,8.0,4.903225806451613,7.725806451612903,0.274193548387097,3.096774193548387
9,Miserable_pose_3,valence,1.0,4.903225806451613,1.564516129032258,-0.564516129032258,-3.903225806451613
9,Pinecone_1,valence,8.0,4.903225806451613,5.596774193548387,2.403225806451613,3.096774193548387
9,Garbage_dump_6,valence,2.0,4.903225806451613,2.935483870967742,-0.935483870967742,-2.903225806451613
9,Depressed_pose_4,valence,4.0,4.903225806451613,3.7903225806451615,0.20967741935483852,-0.903225806451613
9,Angry_face_1,valence,6.0,4.903225806451613,4.370967741935484,1.629032258064516,1.096774193548387
9,Dog_26,valence,1.0,4.903225806451613,1.6774193548387097,-0.6774193548387097,-3.903225806451613
9,8370,valence,8.0,4.903225806451613,6.532258064516129,1.467741935483871,3.096774193548387
9,Dog_6,valence,8.0,4.903225806451613,7.774193548387097,0.22580645161290303,3.096774193548387
9,9220,valence,4.0,4.903225806451613,2.5161290322580645,1.4838709677419355,-0.903225806451613
9,Lake_12,valence,7.0,4.903225806451613,7.435483870967742,-0.435483870967742,2.096774193548387
9,2314,valence,8.0,4.903225806451613,7.161290322580645,0.838709677419355,3.096774193548387
9,1750,valence,7.0,4.903225806451613,7.161290322580645,-0.16129032258064502,2.096774193548387
9,8492,valence,9.0,4.903225806451613,6.629032258064516,2.370967741935484,4.096774193548387
9,1441,valence,6.0,4.903225806451613,7.548387096774194,-1.548387096774194,1.096774193548387
9,Flowers_6,valence,7.0,4.903225806451613,6.725806451612903,0.274193548387097,2.096774193548387
9,Yarn_1,valence,6.0,4.903225806451613,5.32258064516129,0.67741935483871,1.096774193548387
9,9331,valence,6.0,4.903225806451613,3.806451612903226,2.193548387096774,1.096774193548387
9,Beach_1,valence,9.0,4.903225806451613,7.612903225806452,1.387096774193548,4.096774193548387
9,2491,valence,6.0,4.903225806451613,4.709677419354839,1.290322580645161,1.096774193548387
9,9360,valence,6.0,4.903225806451613,4.129032258064516,1.870967741935484,1.096774193548387
9,Lake_3,valence,5.0,4.903225806451613,6.209677419354839,-1.209677419354839,0.09677419354838701
9,3170,valence,2.0,4.903225806451613,1.8064516129032258,0.19354838709677424,-2.903225806451613
9,8080,valence,8.0,4.903225806451613,5.806451612903226,2.193548387096774,3.096774193548387
9,Snow_1,valence,6.0,4.903225806451613,6.403225806451613,-0.403225806451613,1.096774193548387
9,4220,valence,7.0,4.903225806451613,6.403225806451613,0.596774193548387,2.096774193548387
9,5760,valence,8.0,4.903225806451613,7.161290322580645,0.838709677419355,3.096774193548387
9,3063,valence,2.0,4.903225806451613,1.7580645161290323,0.24193548387096775,-2.903225806451613
9,3080,valence,2.0,4.903225806451613,2.032258064516129,-0.032258064516129004,-2.903225806451613
10,Dummy_1,valence,2.0,4.91179435483871,2.274193548387097,-0.274193548387097,-2.91179435483871
10,3053,valence,1.0,4.91179435483871,1.6935483870967742,-0.6935483870967742,-3.91179435483871
10,Tumor_1,valence,2.0,4.91179435483871,2.6451612903225805,-0.6451612903225805,-2.91179435483871
10,Dog_18,valence,8.0,4.91179435483871,7.725806451612903,0.274193548387097,3.08820564516129
10,Miserable_pose_3,valence,3.0,4.91179435483871,1.532258064516129,1.467741935483871,-1.91179435483871
10,Pinecone_1,valence,5.0,4.91179435483871,5.645161290322581,-0.645161290322581,0.08820564516129004
10,Garbage_dump_6,valence,2.0,4.91179435483871,2.935483870967742,-0.935483870967742,-2.91179435483871
10,Depressed_pose_4,valence,4.0,4.91179435483871,3.7903225806451615,0.20967741935483852,-0.91179435483871
10,Angry_face_1,valence,4.0,4.91179435483871,4.403225806451613,-0.403225806451613,-0.91179435483871
10,Dog_26,valence,2.0,4.91179435483871,1.6612903225806452,0.33870967741935476,-2.91179435483871
10,8370,valence,7.0,4.91179435483871,6.548387096774194,0.45161290322580605,2.08820564516129
10,Dog_6,valence,9.0,4.91179435483871,7.758064516129032,1.241935483870968,4.08820564516129
10,9220,valence,3.0,4.91179435483871,2.532258064516129,0.467741935483871,-1.91179435483871
10,Lake_12,valence,7.0,4.91179435483871,7.435483870967742,-0.435483870967742,2.08820564516129
10,2314,valence,6.0,4.91179435483871,7.193548387096774,-1.193548387096774,1.08820564516129
10,1750,valence,6.0,4.91179435483871,7.17741935483871,-1.17741935483871,1.08820564516129
10,8492,valence,4.0,4.91179435483871,6.709677419354839,-2.709677419354839,-0.91179435483871
10,1441,valence,8.0,4.91179435483871,7.516129032258065,0.48387096774193505,3.08820564516129
10,Flowers_6,valence,5.0,4.91179435483871,6.758064516129032,-1.758064516129032,0.08820564516129004
10,Yarn_1,valence,5.0,4.91179435483871,5.338709677419355,-0.338709677419355,0.08820564516129004
10,9331,valence,4.0,4.91179435483871,3.838709677419355,0.16129032258064502,-0.91179435483871
10,Beach_1,valence,9.0,4.91179435483871,7.612903225806452,1.387096774193548,4.08820564516129
10,2491,valence,5.0,4.91179435483871,4.725806451612903,0.274193548387097,0.08820564516129004
10,9360,valence,5.0,4.91179435483871,4.145161290322581,0.854838709677419,0.08820564516129004
10,Lake_3,valence,8.0,4.91179435483871,6.161290322580645,1.838709677419355,3.08820564516129
10,3170,valence,2.0,4.91179435483871,1.8064516129032258,0.19354838709677424,-2.91179435483871
10,8080,valence,5.0,4.91179435483871,5.854838709677419,-0.854838709677419,0.08820564516129004
10,Snow_1,valence,6.0,4.91179435483871,6.403225806451613,-0.403225806451613,1.08820564516129
10,4220,valence,7.0,4.91179435483871,6.403225806451613,0.596774193548387,2.08820564516129
10,5760,valence,9.0,4.91179435483871,7.145161290322581,1.854838709677419,4.08820564516129
10,3063,valence,1.0,4.91179435483871,1.7741935483870968,-0.7741935483870968,-3.91179435483871
10,3080,valence,2.0,4.91179435483871,2.032258064516129,-0.032258064516129004,-2.91179435483871
11,Dummy_1,valence,2.0,4.912802419354839,2.274193548387097,-0.274193548387097,-2.912802419354839
11,3053,valence,1.0,4.912802419354839,1.6935483870967742,-0.6935483870967742,-3.912802419354839
11,Tumor_1,valence,1.0,4.912802419354839,2.661290322580645,-1.661290322580645,-3.912802419354839
11,Dog_18,valence,9.0,4.912802419354839,7.709677419354839,1.290322580645161,4.087197580645161
11,Miserable_pose_3,valence,1.0,4.912802419354839,1.564516129032258,-0.564516129032258,-3.912802419354839
11,Pinecone_1,valence,5.0,4.912802419354839,5.645161290322581,-0.645161290322581,0.08719758064516103
11,Garbage_dump_6,valence,1.0,4.912802419354839,2.9516129032258065,-1.9516129032258065,-3.912802419354839
11,Depressed_pose_4,valence,2.0,4.912802419354839,3.8225806451612905,-1.8225806451612905,-2.912802419354839
11,Angry_face_1,valence,5.0,4.912802419354839,4.387096774193548,0.612903225806452,0.08719758064516103
11,Dog_26,valence,1.0,4.912802419354839,1.6774193548387097,-0.6774193548387097,-3.912802419354839
11,8370,valence,4.0,4.912802419354839,6.596774193548387,-2.596774193548387,-0.912802419354839
11,Dog_6,valence,9.0,4.912802419354839,7.758064516129032,1.241935483870968,4.087197580645161
11,9220,valence,1.0,4.912802419354839,2.564516129032258,-1.564516129032258,-3.912802419354839
11,Lake_12,valence,8.0,4.912802419354839,7.419354838709677,0.580645161290323,3.087197580645161
11,2314,valence,8.0,4.912802419354839,7.161290322580645,0.838709677419355,3.087197580645161
11,1750,valence,9.0,4.912802419354839,7.129032258064516,1.870967741935484,4.087197580645161
11,8492,valence,8.0,4.912802419354839,6.645161290322581,1.354838709677419,3.087197580645161
11,1441,valence,9.0,4.912802419354839,7.5,1.5,4.087197580645161
11,Flowers_6,valence,6.0,4.912802419354839,6.741935483870968,-0.741935483870968,1.087197580645161
11,Yarn_1,valence,9.0,4.912802419354839,5.274193548387097,3.725806451612903,4.087197580645161
11,9331,valence,2.0,4.912802419354839,3.870967741935484,-1.870967741935484,-2.912802419354839
11,Beach_1,valence,9.0,4.912802419354839,7.612903225806452,1.387096774193548,4.087197580645161
11,2491,valence,5.0,4.912802419354839,4.725806451612903,0.274193548387097,0.08719758064516103
11,9360,valence,4.0,4.912802419354839,4.161290322580645,-0.16129032258064502,-0.912802419354839
11,Lake_3,valence,9.0,4.912802419354839,6.145161290322581,2.854838709677419,4.087197580645161
11,3170,valence,1.0,4.912802419354839,1.8225806451612903,-0.8225806451612903,-3.912802419354839
11,8080,valence,6.0,4.912802419354839,5.838709677419355,0.16129032258064502,1.087197580645161
11,Snow_1,valence,6.0,4.912802419354839,6.403225806451613,-0.403225806451613,1.087197580645161
11,4220,valence,5.0,4.912802419354839,6.435483870967742,-1.435483870967742,0.08719758064516103
11,5760,valence,6.0,4.912802419354839,7.193548387096774,-1.193548387096774,1.087197580645161
11,3063,valence,1.0,4.912802419354839,1.7741935483870968,-0.7741935483870968,-3.912802419354839
11,3080,valence,1.0,4.912802419354839,2.0483870967741935,-1.0483870967741935,-3.912802419354839
12,Dummy_1,valence,2.0,4.907258064516129,2.274193548387097,-0.274193548387097,-2.907258064516129
12,3053,valence,2.0,4.907258064516129,1.6774193548387097,0.32258064516129026,-2.907258064516129
12,Tumor_1,valence,4.0,4.907258064516129,2.6129032258064515,1.3870967741935485,-0.907258064516129
12,Dog_18,valence,6.0,4.907258064516129,7.758064516129032,-1.758064516129032,1.092741935483871
12,Miserable_pose_3,valence,1.0,4.907258064516129,1.564516129032258,-0.564516129032258,-3.907258064516129
12,Pinecone_1,valence,5.0,4.907258064516129,5.645161290322581,-0.645161290322581,0.092741935483871
12,Garbage_dump_6,valence,5.0,4.907258064516129,2.8870967741935485,2.1129032258064515,0.092741935483871
12,Depressed_pose_4,valence,5.0,4.907258064516129,3.774193548387097,1.225806451612903,0.092741935483871
12,Angry_face_1,valence,5.0,4.907258064516129,4.387096774193548,0.612903225806452,0.092741935483871
12,Dog_26,valence,2.0,4.907258064516129,1.6612903225806452,0.33870967741935476,-2.907258064516129
12,8370,valence,6.0,4.907258064516129,6.564516129032258,-0.564516129032258,1.092741935483871
12,Dog_6,valence,8.0,4.907258064516129,7.774193548387097,0.22580645161290303,3.092741935483871
12,9220,valence,5.0,4.907258064516129,2.5,2.5,0.092741935483871
12,Lake_12,valence,7.0,4.907258064516129,7.435483870967742,-0.435483870967742,2.092741935483871
12,2314,valence,6.0,4.907258064516129,7.193548387096774,-1.193548387096774,1.092741935483871
12,1750,valence,6.0,4.907258064516129,7.17741935483871,-1.17741935483871,1.092741935483871
12,8492,valence,7.0,4.907258064516129,6.661290322580645,0.338709677419355,2.092741935483871
12,1441,valence,9.0,4.907258064516129,7.5,1.5,4.092741935483871
12,Flowers_6,valence,8.0,4.907258064516129,6.709677419354839,1.290322580645161,3.092741935483871
12,Yarn_1,valence,5.0,4.907258064516129,5.338709677419355,-0.338709677419355,0.092741935483871
12,9331,valence,5.0,4.907258064516129,3.8225806451612905,1.1774193548387095,0.092741935483871
12,Beach_1,valence,5.0,4.907258064516129,7.67741935483871,-2.67741935483871,0.092741935483871
12,2491,valence,5.0,4.907258064516129,4.725806451612903,0.274193548387097,0.092741935483871
12,9360,valence,5.0,4.907258064516129,4.145161290322581,0.854838709677419,0.092741935483871
12,Lake_3,valence,7.0,4.907258064516129,6.17741935483871,0.82258064516129,2.092741935483871
12,3170,valence,3.0,4.907258064516129,1.7903225806451613,1.2096774193548387,-1.907258064516129
12,8080,valence,6.0,4.907258064516129,5.838709677419355,0.16129032258064502,1.092741935483871
12,Snow_1,valence,6.0,4.907258064516129,6.403225806451613,-0.403225806451613,1.092741935483871
12,4220,valence,7.0,4.907258064516129,6.403225806451613,0.596774193548387,2.092741935483871
12,5760,valence,6.0,4.907258064516129,7.193548387096774,-1.193548387096774,1.092741935483871
12,3063,valence,4.0,4.907258064516129,1.7258064516129032,2.274193548387097,-0.907258064516129
12,3080,valence,2.0,4.907258064516129,2.032258064516129,-0.032258064516129004,-2.907258064516129
13,Dummy_1,valence,2.0,4.918850806451613,2.274193548387097,-0.274193548387097,-2.918850806451613
13,3053,valence,2.0,4.918850806451613,1.6774193548387097,0.32258064516129026,-2.918850806451613
13,Tumor_1,valence,2.0,4.918850806451613,2.6451612903225805,-0.6451612903225805,-2.918850806451613
13,Dog_18,valence,7.0,4.918850806451613,7.741935483870968,-0.741935483870968,2.081149193548387
13,Miserable_pose_3,valence,2.0,4.918850806451613,1.5483870967741935,0.4516129032258065,-2.918850806451613
13,Pinecone_1,valence,5.0,4.918850806451613,5.645161290322581,-0.645161290322581,0.08114919354838701
13,Garbage_dump_6,valence,5.0,4.918850806451613,2.8870967741935485,2.1129032258064515,0.08114919354838701
13,Depressed_pose_4,valence,4.0,4.918850806451613,3.7903225806451615,0.20967741935483852,-0.918850806451613
13,Angry_face_1,valence,4.0,4.918850806451613,4.403225806451613,-0.403225806451613,-0.918850806451613
13,Dog_26,valence,1.0,4.918850806451613,1.6774193548387097,-0.6774193548387097,-3.918850806451613
13,8370,valence,5.0,4.918850806451613,6.580645161290323,-1.580645161290323,0.08114919354838701
13,Dog_6,valence,8.0,4.918850806451613,7.774193548387097,0.22580645161290303,3.081149193548387
13,9220,valence,4.0,4.918850806451613,2.5161290322580645,1.4838709677419355,-0.918850806451613
13,Lake_12,valence,6.0,4.918850806451613,7.451612903225806,-1.451612903225806,1.081149193548387
13,2314,valence,5.0,4.918850806451613,7.209677419354839,-2.209677419354839,0.08114919354838701
13,1750,valence,6.0,4.918850806451613,7.17741935483871,-1.17741935483871,1.081149193548387
13,8492,valence,6.0,4.918850806451613,6.67741935483871,-0.67741935483871,1.081149193548387
13,1441,valence,6.0,4.918850806451613,7.548387096774194,-1.548387096774194,1.081149193548387
13,Flowers_6,valence,6.0,4.918850806451613,6.741935483870968,-0.741935483870968,1.081149193548387
13,Yarn_1,valence,5.0,4.918850806451613,5.338709677419355,-0.338709677419355,0.08114919354838701
13,9331,valence,4.0,4.918850806451613,3.838709677419355,0.16129032258064502,-0.918850806451613
13,Beach_1,valence,6.0,4.918850806451613,7.661290322580645,-1.661290322580645,1.081149193548387
13,2491,valence,3.0,4.918850806451613,4.758064516129032,-1.758064516129032,-1.918850806451613
13,9360,valence,5.0,4.918850806451613,4.145161290322581,0.854838709677419,0.08114919354838701
13,Lake_3,valence,5.0,4.918850806451613,6.209677419354839,-1.209677419354839,0.08114919354838701
13,3170,valence,2.0,4.918850806451613,1.8064516129032258,0.19354838709677424,-2.918850806451613
13,8080,valence,5.0,4.918850806451613,5.854838709677419,-0.854838709677419,0.08114919354838701
13,Snow_1,valence,6.0,4.918850806451613,6.403225806451613,-0.403225806451613,1.081149193548387
13,4220,valence,6.0,4.918850806451613,6.419354838709677,-0.41935483870967705,1.081149193548387
13,5760,valence,6.0,4.918850806451613,7.193548387096774,-1.193548387096774,1.081149193548387
13,3063,valence,2.0,4.918850806451613,1.7580645161290323,0.24193548387096775,-2.918850806451613
13,3080,valence,1.0,4.918850806451613,2.0483870967741935,-1.0483870967741935,-3.918850806451613
14,Dummy_1,valence,1.0,4.91633064516129,2.2903225806451615,-1.2903225806451615,-3.91633064516129
14,3053,valence,1.0,4.91633064516129,1.6935483870967742,-0.6935483870967742,-3.91633064516129
14,Tumor_1,valence,3.0,4.91633064516129,2.629032258064516,0.370967741935484,-1.91633064516129
14,Dog_18,valence,6.0,4.91633064516129,7.758064516129032,-1.758064516129032,1.08366935483871
14,Miserable_pose_3,valence,1.0,4.91633064516129,1.564516129032258,-0.564516129032258,-3.91633064516129
14,Pinecone_1,valence,5.0,4.91633064516129,5.645161290322581,-0.645161290322581,0.08366935483870996
14,Garbage_dump_6,valence,4.0,4.91633064516129,2.903225806451613,1.096774193548387,-0.91633064516129
14,Depressed_pose_4,valence,5.0,4.91633064516129,3.774193548387097,1.225806451612903,0.08366935483870996
14,Angry_face_1,valence,5.0,4.91633064516129,4.387096774193548,0.612903225806452,0.08366935483870996
14,Dog_26,valence,1.0,4.91633064516129,1.6774193548387097,-0.6774193548387097,-3.91633064516129
14,8370,valence,7.0,4.91633064516129,6.548387096774194,0.45161290322580605,2.08366935483871
14,Dog_6,valence,7.0,4.91633064516129,7.790322580645161,-0.790322580645161,2.08366935483871
14,9220,valence,2.0,4.91633064516129,2.5483870967741935,-0.5483870967741935,-2.91633064516129
14,Lake_12,valence,6.0,4.91633064516129,7.451612903225806,-1.451612903225806,1.08366935483871
14,2314,valence,7.0,4.91633064516129,7.17741935483871,-0.17741935483870996,2.08366935483871
14,1750,valence,7.0,4.91633064516129,7.161290322580645,-0.16129032258064502,2.08366935483871
14,8492,valence,6.0,4.91633064516129,6.67741935483871,-0.67741935483871,1.08366935483871
14,1441,valence,7.0,4.91633064516129,7.532258064516129,-0.532258064516129,2.08366935483871
14,Flowers_6,valence,7.0,4.91633064516129,6.725806451612903,0.274193548387097,2.08366935483871
14,Yarn_1,valence,5.0,4.91633064516129,5.338709677419355,-0.338709677419355,0.08366935483870996
14,9331,valence,5.0,4.91633064516129,3.8225806451612905,1.1774193548387095,0.08366935483870996
14,Beach_1,valence,8.0,4.91633064516129,7.629032258064516,0.370967741935484,3.08366935483871
14,2491,valence,5.0,4.91633064516129,4.725806451612903,0.274193548387097,0.08366935483870996
14,9360,valence,5.0,4.91633064516129,4.145161290322581,0.854838709677419,0.08366935483870996
14,Lake_3,valence,6.0,4.91633064516129,6.193548387096774,-0.19354838709677402,1.08366935483871
14,3170,valence,1.0,4.91633064516129,1.8225806451612903,-0.8225806451612903,-3.91633064516129
14,8080,valence,6.0,4.91633064516129,5.838709677419355,0.16129032258064502,1.08366935483871
14,Snow_1,valence,5.0,4.91633064516129,6.419354838709677,-1.419354838709677,0.08366935483870996
14,4220,valence,6.0,4.91633064516129,6.419354838709677,-0.41935483870967705,1.08366935483871
14,5760,valence,5.0,4.91633064516129,7.209677419354839,-2.209677419354839,0.08366935483870996
14,3063,valence,1.0,4.91633064516129,1.7741935483870968,-0.7741935483870968,-3.91633064516129
14,3080,valence,1.0,4.91633064516129,2.0483870967741935,-1.0483870967741935,-3.91633064516129
15,Dummy_1,valence,4.0,4.913810483870968,2.2419354838709675,1.7580645161290325,-0.913810483870968
15,3053,valence,2.0,4.913810483870968,1.6774193548387097,0.32258064516129026,-2.913810483870968
15,Tumor_1,valence,3.0,4.913810483870968,2.629032258064516,0.370967741935484,-1.913810483870968
15,Dog_18,valence,5.0,4.913810483870968,7.774193548387097,-2.774193548387097,0.08618951612903203
15,Miserable_pose_3,valence,2.0,4.913810483870968,1.5483870967741935,0.4516129032258065,-2.913810483870968
15,Pinecone_1,valence,5.0,4.913810483870968,5.645161290322581,-0.645161290322581,0.08618951612903203
15,Garbage_dump_6,valence,3.0,4.913810483870968,2.9193548387096775,0.08064516129032251,-1.913810483870968
15,Depressed_pose_4,valence,4.0,4.913810483870968,3.7903225806451615,0.20967741935483852,-0.913810483870968
15,Angry_face_1,valence,5.0,4.913810483870968,4.387096774193548,0.612903225806452,0.08618951612903203
15,Dog_26,valence,2.0,4.913810483870968,1.6612903225806452,0.33870967741935476,-2.913810483870968
15,8370,valence,7.0,4.913810483870968,6.548387096774194,0.45161290322580605,2.086189516129032
15,Dog_6,valence,6.0,4.913810483870968,7.806451612903226,-1.806451612903226,1.086189516129032
15,9220,valence,4.0,4.913810483870968,2.5161290322580645,1.4838709677419355,-0.913810483870968
15,Lake_12,valence,8.0,4.913810483870968,7.419354838709677,0.580645161290323,3.086189516129032
15,2314,valence,7.0,4.913810483870968,7.17741935483871,-0.17741935483870996,2.086189516129032
15,1750,valence,6.0,4.913810483870968,7.17741935483871,-1.17741935483871,1.086189516129032
15,8492,valence,8.0,4.913810483870968,6.645161290322581,1.354838709677419,3.086189516129032
15,1441,valence,6.0,4.913810483870968,7.548387096774194,-1.548387096774194,1.086189516129032
15,Flowers_6,valence,5.0,4.913810483870968,6.758064516129032,-1.758064516129032,0.08618951612903203
15,Yarn_1,valence,5.0,4.913810483870968,5.338709677419355,-0.338709677419355,0.08618951612903203
15,9331,valence,4.0,4.913810483870968,3.838709677419355,0.16129032258064502,-0.913810483870968
15,Beach_1,valence,7.0,4.913810483870968,7.645161290322581,-0.645161290322581,2.086189516129032
15,2491,valence,5.0,4.913810483870968,4.725806451612903,0.274193548387097,0.08618951612903203
15,9360,valence,4.0,4.913810483870968,4.161290322580645,-0.16129032258064502,-0.913810483870968
15,Lake_3,valence,6.0,4.913810483870968,6.193548387096774,-0.19354838709677402,1.086189516129032
15,3170,valence,2.0,4.913810483870968,1.8064516129032258,0.19354838709677424,-2.913810483870968
15,8080,valence,7.0,4.913810483870968,5.82258064516129,1.17741935483871,2.086189516129032
15,Snow_1,valence,5.0,4.913810483870968,6.419354838709677,-1.419354838709677,0.08618951612903203
15,4220,valence,5.0,4.913810483870968,6.435483870967742,-1.435483870967742,0.08618951612903203
15,5760,valence,5.0,4.913810483870968,7.209677419354839,-2.209677419354839,0.08618951612903203
15,3063,valence,3.0,4.913810483870968,1.7419354838709677,1.2580645161290323,-1.913810483870968
15,3080,valence,2.0,4.913810483870968,2.032258064516129,-0.032258064516129004,-2.913810483870968
16,Dummy_1,valence,2.0,4.917338709677419,2.274193548387097,-0.274193548387097,-2.917338709677419
16,3053,valence,1.0,4.917338709677419,1.6935483870967742,-0.6935483870967742,-3.917338709677419
16,Tumor_1,valence,3.0,4.917338709677419,2.629032258064516,0.370967741935484,-1.917338709677419
16,Dog_18,valence,8.0,4.917338709677419,7.725806451612903,0.274193548387097,3.082661290322581
16,Miserable_pose_3,valence,2.0,4.917338709677419,1.5483870967741935,0.4516129032258065,-2.917338709677419
16,Pinecone_1,valence,5.0,4.917338709677419,5.645161290322581,-0.645161290322581,0.08266129032258096
16,Garbage_dump_6,valence,3.0,4.917338709677419,2.9193548387096775,0.08064516129032251,-1.917338709677419
16,Depressed_pose_4,valence,2.0,4.917338709677419,3.8225806451612905,-1.8225806451612905,-2.917338709677419
16,Angry_face_1,valence,5.0,4.917338709677419,4.387096774193548,0.612903225806452,0.08266129032258096
16,Dog_26,valence,2.0,4.917338709677419,1.6612903225806452,0.33870967741935476,-2.917338709677419
16,8370,valence,6.0,4.917338709677419,6.564516129032258,-0.564516129032258,1.082661290322581
16,Dog_6,valence,6.0,4.917338709677419,7.806451612903226,-1.806451612903226,1.082661290322581
16,9220,valence,3.0,4.917338709677419,2.532258064516129,0.467741935483871,-1.917338709677419
16,Lake_12,valence,6.0,4.917338709677419,7.451612903225806,-1.451612903225806,1.082661290322581
16,2314,valence,7.0,4.917338709677419,7.17741935483871,-0.17741935483870996,2.082661290322581
16,1750,valence,6.0,4.917338709677419,7.17741935483871,-1.17741935483871,1.082661290322581
16,8492,valence,6.0,4.917338709677419,6.67741935483871,-0.67741935483871,1.082661290322581
16,1441,valence,5.0,4.917338709677419,7.564516129032258,-2.564516129032258,0.08266129032258096
16,Flowers_6,valence,6.0,4.917338709677419,6.741935483870968,-0.741935483870968,1.082661290322581
16,Yarn_1,valence,5.0,4.917338709677419,5.338709677419355,-0.338709677419355,0.08266129032258096
16,9331,valence,6.0,4.917338709677419,3.806451612903226,2.193548387096774,1.082661290322581
16,Beach_1,valence,8.0,4.917338709677419,7.629032258064516,0.370967741935484,3.082661290322581
16,2491,valence,4.0,4.917338709677419,4.741935483870968,-0.741935483870968,-0.917338709677419
16,9360,valence,4.0,4.917338709677419,4.161290322580645,-0.16129032258064502,-0.917338709677419
16,Lake_3,valence,7.0,4.917338709677419,6.17741935483871,0.82258064516129,2.082661290322581
16,3170,valence,2.0,4.917338709677419,1.8064516129032258,0.19354838709677424,-2.917338709677419
16,8080,valence,5.0,4.917338709677419,5.854838709677419,-0.854838709677419,0.08266129032258096
16,Snow_1,valence,6.0,4.917338709677419,6.403225806451613,-0.403225806451613,1.082661290322581
16,4220,valence,6.0,4.917338709677419,6.419354838709677,-0.41935483870967705,1.082661290322581
16,5760,valence,5.0,4.917338709677419,7.209677419354839,-2.209677419354839,0.08266129032258096
16,3063,valence,1.0,4.917338709677419,1.7741935483870968,-0.7741935483870968,-3.917338709677419
16,3080,valence,2.0,4.917338709677419,2.032258064516129,-0.032258064516129004,-2.917338709677419
17,Dummy_1,valence,4.0,4.907258064516129,2.2419354838709675,1.7580645161290325,-0.907258064516129
17,3053,valence,2.0,4.907258064516129,1.6774193548387097,0.32258064516129026,-2.907258064516129
17,Tumor_1,valence,1.0,4.907258064516129,2.661290322580645,-1.661290322580645,-3.907258064516129
17,Dog_18,valence,9.0,4.907258064516129,7.709677419354839,1.290322580645161,4.092741935483871
17,Miserable_pose_3,valence,1.0,4.907258064516129,1.564516129032258,-0.564516129032258,-3.907258064516129
17,Pinecone_1,valence,7.0,4.907258064516129,5.612903225806452,1.387096774193548,2.092741935483871
17,Garbage_dump_6,valence,4.0,4.907258064516129,2.903225806451613,1.096774193548387,-0.907258064516129
17,Depressed_pose_4,valence,5.0,4.907258064516129,3.774193548387097,1.225806451612903,0.092741935483871
17,Angry_face_1,valence,4.0,4.907258064516129,4.403225806451613,-0.403225806451613,-0.907258064516129
17,Dog_26,valence,1.0,4.907258064516129,1.6774193548387097,-0.6774193548387097,-3.907258064516129
17,8370,valence,6.0,4.907258064516129,6.564516129032258,-0.564516129032258,1.092741935483871
17,Dog_6,valence,9.0,4.907258064516129,7.758064516129032,1.241935483870968,4.092741935483871
17,9220,valence,5.0,4.907258064516129,2.5,2.5,0.092741935483871
17,Lake_12,valence,7.0,4.907258064516129,7.435483870967742,-0.435483870967742,2.092741935483871
17,2314,valence,9.0,4.907258064516129,7.145161290322581,1.854838709677419,4.092741935483871
17,1750,valence,9.0,4.907258064516129,7.129032258064516,1.870967741935484,4.092741935483871
17,8492,valence,7.0,4.907258064516129,6.661290322580645,0.338709677419355,2.092741935483871
17,1441,valence,9.0,4.907258064516129,7.5,1.5,4.092741935483871
17,Flowers_6,valence,6.0,4.907258064516129,6.741935483870968,-0.741935483870968,1.092741935483871
17,Yarn_1,valence,5.0,4.907258064516129,5.338709677419355,-0.338709677419355,0.092741935483871
17,9331,valence,4.0,4.907258064516129,3.838709677419355,0.16129032258064502,-0.907258064516129
17,Beach_1,valence,8.0,4.907258064516129,7.629032258064516,0.370967741935484,3.092741935483871
17,2491,valence,4.0,4.907258064516129,4.741935483870968,-0.741935483870968,-0.907258064516129
17,9360,valence,4.0,4.907258064516129,4.161290322580645,-0.16129032258064502,-0.907258064516129
17,Lake_3,valence,8.0,4.907258064516129,6.161290322580645,1.838709677419355,3.092741935483871
17,3170,valence,2.0,4.907258064516129,1.8064516129032258,0.19354838709677424,-2.907258064516129
17,8080,valence,7.0,4.907258064516129,5.82258064516129,1.17741935483871,2.092741935483871
17,Snow_1,valence,5.0,4.907258064516129,6.419354838709677,-1.419354838709677,0.092741935483871
17,4220,valence,6.0,4.907258064516129,6.419354838709677,-0.41935483870967705,1.092741935483871
17,5760,valence,5.0,4.907258064516129,7.209677419354839,-2.209677419354839,0.092741935483871
17,3063,valence,1.0,4.907258064516129,1.7741935483870968,-0.7741935483870968,-3.907258064516129
17,3080,valence,1.0,4.907258064516129,2.0483870967741935,-1.0483870967741935,-3.907258064516129
18,Dummy_1,valence,3.0,4.904233870967742,2.2580645161290325,0.7419354838709675,-1.904233870967742
18,3053,valence,1.0,4.904233870967742,1.6935483870967742,-0.6935483870967742,-3.904233870967742
18,Tumor_1,valence,5.0,4.904233870967742,2.596774193548387,2.403225806451613,0.09576612903225801
18,Dog_18,valence,9.0,4.904233870967742,7.709677419354839,1.290322580645161,4.095766129032258
18,Miserable_pose_3,valence,1.0,4.904233870967742,1.564516129032258,-0.564516129032258,-3.904233870967742
18,Pinecone_1,valence,5.0,4.904233870967742,5.645161290322581,-0.645161290322581,0.09576612903225801
18,Garbage_dump_6,valence,5.0,4.904233870967742,2.8870967741935485,2.1129032258064515,0.09576612903225801
18,Depressed_pose_4,valence,5.0,4.904233870967742,3.774193548387097,1.225806451612903,0.09576612903225801
18,Angry_face_1,valence,5.0,4.904233870967742,4.387096774193548,0.612903225806452,0.09576612903225801
18,Dog_26,valence,1.0,4.904233870967742,1.6774193548387097,-0.6774193548387097,-3.904233870967742
18,8370,valence,9.0,4.904233870967742,6.516129032258065,2.483870967741935,4.095766129032258
18,Dog_6,valence,9.0,4.904233870967742,7.758064516129032,1.241935483870968,4.095766129032258
18,9220,valence,2.0,4.904233870967742,2.5483870967741935,-0.5483870967741935,-2.904233870967742
18,Lake_12,valence,3.0,4.904233870967742,7.5,-4.5,-1.904233870967742
18,2314,valence,9.0,4.904233870967742,7.145161290322581,1.854838709677419,4.095766129032258
18,1750,valence,9.0,4.904233870967742,7.129032258064516,1.870967741935484,4.095766129032258
18,8492,valence,9.0,4.904233870967742,6.629032258064516,2.370967741935484,4.095766129032258
18,1441,valence,8.0,4.904233870967742,7.516129032258065,0.48387096774193505,3.095766129032258
18,Flowers_6,valence,9.0,4.904233870967742,6.693548387096774,2.306451612903226,4.095766129032258
18,Yarn_1,valence,5.0,4.904233870967742,5.338709677419355,-0.338709677419355,0.09576612903225801
18,9331,valence,4.0,4.904233870967742,3.838709677419355,0.16129032258064502,-0.904233870967742
18,Beach_1,valence,7.0,4.904233870967742,7.645161290322581,-0.645161290322581,2.095766129032258
18,2491,valence,6.0,4.904233870967742,4.709677419354839,1.290322580645161,1.095766129032258
18,9360,valence,5.0,4.904233870967742,4.145161290322581,0.854838709677419,0.09576612903225801
18,Lake_3,valence,3.0,4.904233870967742,6.241935483870968,-3.241935483870968,-1.904233870967742
18,3170,valence,3.0,4.904233870967742,1.7903225806451613,1.2096774193548387,-1.904233870967742
18,8080,valence,9.0,4.904233870967742,5.790322580645161,3.209677419354839,4.095766129032258
18,Snow_1,valence,7.0,4.904233870967742,6.387096774193548,0.612903225806452,2.095766129032258
18,4220,valence,3.0,4.904233870967742,6.467741935483871,-3.467741935483871,-1.904233870967742
18,5760,valence,9.0,4.904233870967742,7.145161290322581,1.854838709677419,4.095766129032258
18,3063,valence,1.0,4.904233870967742,1.7741935483870968,-0.7741935483870968,-3.904233870967742
18,3080,valence,2.0,4.904233870967742,2.032258064516129,-0.032258064516129004,-2.904233870967742
19,Dummy_1,valence,3.0,4.908266129032258,2.2580645161290325,0.7419354838709675,-1.908266129032258
19,3053,valence,5.0,4.908266129032258,1.6290322580645162,3.370967741935484,0.09173387096774199
19,Tumor_1,valence,2.0,4.908266129032258,2.6451612903225805,-0.6451612903225805,-2.908266129032258
19,Dog_18,valence,8.0,4.908266129032258,7.725806451612903,0.274193548387097,3.091733870967742
19,Miserable_pose_3,valence,2.0,4.908266129032258,1.5483870967741935,0.4516129032258065,-2.908266129032258
19,Pinecone_1,valence,6.0,4.908266129032258,5.629032258064516,0.370967741935484,1.091733870967742
19,Garbage_dump_6,valence,2.0,4.908266129032258,2.935483870967742,-0.935483870967742,-2.908266129032258
19,Depressed_pose_4,valence,5.0,4.908266129032258,3.774193548387097,1.225806451612903,0.09173387096774199
19,Angry_face_1,valence,5.0,4.908266129032258,4.387096774193548,0.612903225806452,0.09173387096774199
19,Dog_26,valence,2.0,4.908266129032258,1.6612903225806452,0.33870967741935476,-2.908266129032258
19,8370,valence,7.0,4.908266129032258,6.548387096774194,0.45161290322580605,2.091733870967742
19,Dog_6,valence,8.0,4.908266129032258,7.774193548387097,0.22580645161290303,3.091733870967742
19,9220,valence,3.0,4.908266129032258,2.532258064516129,0.467741935483871,-1.908266129032258
19,Lake_12,valence,7.0,4.908266129032258,7.435483870967742,-0.435483870967742,2.091733870967742
19,2314,valence,8.0,4.908266129032258,7.161290322580645,0.838709677419355,3.091733870967742
19,1750,valence,6.0,4.908266129032258,7.17741935483871,-1.17741935483871,1.091733870967742
19,8492,valence,6.0,4.908266129032258,6.67741935483871,-0.67741935483871,1.091733870967742
19,1441,valence,7.0,4.908266129032258,7.532258064516129,-0.532258064516129,2.091733870967742
19,Flowers_6,valence,5.0,4.908266129032258,6.758064516129032,-1.758064516129032,0.09173387096774199
19,Yarn_1,valence,5.0,4.908266129032258,5.338709677419355,-0.338709677419355,0.09173387096774199
19,9331,valence,3.0,4.908266129032258,3.8548387096774195,-0.8548387096774195,-1.908266129032258
19,Beach_1,valence,6.0,4.908266129032258,7.661290322580645,-1.661290322580645,1.091733870967742
19,2491,valence,6.0,4.908266129032258,4.709677419354839,1.290322580645161,1.091733870967742
19,9360,valence,3.0,4.908266129032258,4.17741935483871,-1.17741935483871,-1.908266129032258
19,Lake_3,valence,7.0,4.908266129032258,6.17741935483871,0.82258064516129,2.091733870967742
19,3170,valence,1.0,4.908266129032258,1.8225806451612903,-0.8225806451612903,-3.908266129032258
19,8080,valence,5.0,4.908266129032258,5.854838709677419,-0.854838709677419,0.09173387096774199
19,Snow_1,valence,8.0,4.908266129032258,6.370967741935484,1.629032258064516,3.091733870967742
19,4220,valence,5.0,4.908266129032258,6.435483870967742,-1.435483870967742,0.09173387096774199
19,5760,valence,7.0,4.908266129032258,7.17741935483871,-0.17741935483870996,2.091733870967742
19,3063,valence,5.0,4.908266129032258,1.7096774193548387,3.290322580645161,0.09173387096774199
19,3080,valence,5.0,4.908266129032258,1.9838709677419355,3.0161290322580645,0.09173387096774199
20,Dummy_1,valence,2.0,4.918346774193548,2.274193548387097,-0.274193548387097,-2.918346774193548
20,3053,valence,1.0,4.918346774193548,1.6935483870967742,-0.6935483870967742,-3.918346774193548
20,Tumor_1,valence,1.0,4.918346774193548,2.661290322580645,-1.661290322580645,-3.918346774193548
20,Dog_18,valence,8.0,4.918346774193548,7.725806451612903,0.274193548387097,3.081653225806452
20,Miserable_pose_3,valence,1.0,4.918346774193548,1.564516129032258,-0.564516129032258,-3.918346774193548
20,Pinecone_1,valence,5.0,4.918346774193548,5.645161290322581,-0.645161290322581,0.08165322580645196
20,Garbage_dump_6,valence,3.0,4.918346774193548,2.9193548387096775,0.08064516129032251,-1.918346774193548
20,Depressed_pose_4,valence,4.0,4.918346774193548,3.7903225806451615,0.20967741935483852,-0.918346774193548
20,Angry_face_1,valence,5.0,4.918346774193548,4.387096774193548,0.612903225806452,0.08165322580645196
20,Dog_26,valence,2.0,4.918346774193548,1.6612903225806452,0.33870967741935476,-2.918346774193548
20,8370,valence,4.0,4.918346774193548,6.596774193548387,-2.596774193548387,-0.918346774193548
20,Dog_6,valence,8.0,4.918346774193548,7.774193548387097,0.22580645161290303,3.081653225806452
20,9220,valence,2.0,4.918346774193548,2.5483870967741935,-0.5483870967741935,-2.918346774193548
20,Lake_12,valence,8.0,4.918346774193548,7.419354838709677,0.580645161290323,3.081653225806452
20,2314,valence,5.0,4.918346774193548,7.209677419354839,-2.209677419354839,0.08165322580645196
20,1750,valence,7.0,4.918346774193548,7.161290322580645,-0.16129032258064502,2.081653225806452
20,8492,valence,7.0,4.918346774193548,6.661290322580645,0.338709677419355,2.081653225806452
20,1441,valence,8.0,4.918346774193548,7.516129032258065,0.48387096774193505,3.081653225806452
20,Flowers_6,valence,5.0,4.918346774193548,6.758064516129032,-1.758064516129032,0.08165322580645196
20,Yarn_1,valence,5.0,4.918346774193548,5.338709677419355,-0.338709677419355,0.08165322580645196
20,9331,valence,3.0,4.918346774193548,3.8548387096774195,-0.8548387096774195,-1.918346774193548
20,Beach_1,valence,6.0,4.918346774193548,7.661290322580645,-1.661290322580645,1.081653225806452
20,2491,valence,4.0,4.918346774193548,4.741935483870968,-0.741935483870968,-0.918346774193548
20,9360,valence,4.0,4.918346774193548,4.161290322580645,-0.16129032258064502,-0.918346774193548
20,Lake_3,valence,7.0,4.918346774193548,6.17741935483871,0.82258064516129,2.081653225806452
20,3170,valence,2.0,4.918346774193548,1.8064516129032258,0.19354838709677424,-2.918346774193548
20,8080,valence,6.0,4.918346774193548,5.838709677419355,0.16129032258064502,1.081653225806452
20,Snow_1,valence,7.0,4.918346774193548,6.387096774193548,0.612903225806452,2.081653225806452
20,4220,valence,4.0,4.918346774193548,6.451612903225806,-2.451612903225806,-0.918346774193548
20,5760,valence,7.0,4.918346774193548,7.17741935483871,-0.17741935483870996,2.081653225806452
20,3063,valence,1.0,4.918346774193548,1.7741935483870968,-0.7741935483870968,-3.918346774193548
20,3080,valence,1.0,4.918346774193548,2.0483870967741935,-1.0483870967741935,-3.918346774193548
21,Dummy_1,valence,2.0,4.913810483870968,2.274193548387097,-0.274193548387097,-2.913810483870968
21,3053,valence,1.0,4.913810483870968,1.6935483870967742,-0.6935483870967742,-3.913810483870968
21,Tumor_1,valence,1.0,4.913810483870968,2.661290322580645,-1.661290322580645,-3.913810483870968
21,Dog_18,valence,9.0,4.913810483870968,7.709677419354839,1.290322580645161,4.086189516129032
21,Miserable_pose_3,valence,1.0,4.913810483870968,1.564516129032258,-0.564516129032258,-3.913810483870968
21,Pinecone_1,valence,4.0,4.913810483870968,5.661290322580645,-1.661290322580645,-0.913810483870968
21,Garbage_dump_6,valence,4.0,4.913810483870968,2.903225806451613,1.096774193548387,-0.913810483870968
21,Depressed_pose_4,valence,4.0,4.913810483870968,3.7903225806451615,0.20967741935483852,-0.913810483870968
21,Angry_face_1,valence,4.0,4.913810483870968,4.403225806451613,-0.403225806451613,-0.913810483870968
21,Dog_26,valence,1.0,4.913810483870968,1.6774193548387097,-0.6774193548387097,-3.913810483870968
21,8370,valence,7.0,4.913810483870968,6.548387096774194,0.45161290322580605,2.086189516129032
21,Dog_6,valence,8.0,4.913810483870968,7.774193548387097,0.22580645161290303,3.086189516129032
21,9220,valence,1.0,4.913810483870968,2.564516129032258,-1.564516129032258,-3.913810483870968
21,Lake_12,valence,7.0,4.913810483870968,7.435483870967742,-0.435483870967742,2.086189516129032
21,2314,valence,8.0,4.913810483870968,7.161290322580645,0.838709677419355,3.086189516129032
21,1750,valence,9.0,4.913810483870968,7.129032258064516,1.870967741935484,4.086189516129032
21,8492,valence,7.0,4.913810483870968,6.661290322580645,0.338709677419355,2.086189516129032
21,1441,valence,9.0,4.913810483870968,7.5,1.5,4.086189516129032
21,Flowers_6,valence,8.0,4.913810483870968,6.709677419354839,1.290322580645161,3.086189516129032
21,Yarn_1,valence,5.0,4.913810483870968,5.338709677419355,-0.338709677419355,0.08618951612903203
21,9331,valence,4.0,4.913810483870968,3.838709677419355,0.16129032258064502,-0.913810483870968
21,Beach_1,valence,7.0,4.913810483870968,7.645161290322581,-0.645161290322581,2.086189516129032
21,2491,valence,4.0,4.913810483870968,4.741935483870968,-0.741935483870968,-0.913810483870968
21,9360,valence,2.0,4.913810483870968,4.193548387096774,-2.193548387096774,-2.913810483870968
21,Lake_3,valence,6.0,4.913810483870968,6.193548387096774,-0.19354838709677402,1.086189516129032
21,3170,valence,1.0,4.913810483870968,1.8225806451612903,-0.8225806451612903,-3.913810483870968
21,8080,valence,5.0,4.913810483870968,5.854838709677419,-0.854838709677419,0.08618951612903203
21,Snow_1,valence,5.0,4.913810483870968,6.419354838709677,-1.419354838709677,0.08618951612903203
21,4220,valence,8.0,4.913810483870968,6.387096774193548,1.612903225806452,3.086189516129032
21,5760,valence,8.0,4.913810483870968,7.161290322580645,0.838709677419355,3.086189516129032
21,3063,valence,1.0,4.913810483870968,1.7741935483870968,-0.7741935483870968,-3.913810483870968
21,3080,valence,1.0,4.913810483870968,2.0483870967741935,-1.0483870967741935,-3.913810483870968
22,Dummy_1,valence,1.0,4.915826612903226,2.2903225806451615,-1.2903225806451615,-3.915826612903226
22,3053,valence,1.0,4.915826612903226,1.6935483870967742,-0.6935483870967742,-3.915826612903226
22,Tumor_1,valence,4.0,4.915826612903226,2.6129032258064515,1.3870967741935485,-0.915826612903226
22,Dog_18,valence,6.0,4.915826612903226,7.758064516129032,-1.758064516129032,1.084173387096774
22,Miserable_pose_3,valence,1.0,4.915826612903226,1.564516129032258,-0.564516129032258,-3.915826612903226
22,Pinecone_1,valence,6.0,4.915826612903226,5.629032258064516,0.370967741935484,1.084173387096774
22,Garbage_dump_6,valence,4.0,4.915826612903226,2.903225806451613,1.096774193548387,-0.915826612903226
22,Depressed_pose_4,valence,5.0,4.915826612903226,3.774193548387097,1.225806451612903,0.08417338709677402
22,Angry_face_1,valence,5.0,4.915826612903226,4.387096774193548,0.612903225806452,0.08417338709677402
22,Dog_26,valence,3.0,4.915826612903226,1.6451612903225807,1.3548387096774193,-1.915826612903226
22,8370,valence,5.0,4.915826612903226,6.580645161290323,-1.580645161290323,0.08417338709677402
22,Dog_6,valence,6.0,4.915826612903226,7.806451612903226,-1.806451612903226,1.084173387096774
22,9220,valence,5.0,4.915826612903226,2.5,2.5,0.08417338709677402
22,Lake_12,valence,7.0,4.915826612903226,7.435483870967742,-0.435483870967742,2.084173387096774
22,2314,valence,7.0,4.915826612903226,7.17741935483871,-0.17741935483870996,2.084173387096774
22,1750,valence,5.0,4.915826612903226,7.193548387096774,-2.193548387096774,0.08417338709677402
22,8492,valence,5.0,4.915826612903226,6.693548387096774,-1.693548387096774,0.08417338709677402
22,1441,valence,6.0,4.915826612903226,7.548387096774194,-1.548387096774194,1.084173387096774
22,Flowers_6,valence,5.0,4.915826612903226,6.758064516129032,-1.758064516129032,0.08417338709677402
22,Yarn_1,valence,5.0,4.915826612903226,5.338709677419355,-0.338709677419355,0.08417338709677402
22,9331,valence,4.0,4.915826612903226,3.838709677419355,0.16129032258064502,-0.915826612903226
22,Beach_1,valence,7.0,4.915826612903226,7.645161290322581,-0.645161290322581,2.084173387096774
22,2491,valence,5.0,4.915826612903226,4.725806451612903,0.274193548387097,0.08417338709677402
22,9360,valence,5.0,4.915826612903226,4.145161290322581,0.854838709677419,0.08417338709677402
22,Lake_3,valence,6.0,4.915826612903226,6.193548387096774,-0.19354838709677402,1.084173387096774
22,3170,valence,1.0,4.915826612903226,1.8225806451612903,-0.8225806451612903,-3.915826612903226
22,8080,valence,5.0,4.915826612903226,5.854838709677419,-0.854838709677419,0.08417338709677402
22,Snow_1,valence,6.0,4.915826612903226,6.403225806451613,-0.403225806451613,1.084173387096774
22,4220,valence,8.0,4.915826612903226,6.387096774193548,1.612903225806452,3.084173387096774
22,5760,valence,6.0,4.915826612903226,7.193548387096774,-1.193548387096774,1.084173387096774
22,3063,valence,1.0,4.915826612903226,1.7741935483870968,-0.7741935483870968,-3.915826612903226
22,3080,valence,2.0,4.915826612903226,2.032258064516129,-0.032258064516129004,-2.915826612903226
23,Dummy_1,valence,1.0,4.907762096774194,2.2903225806451615,-1.2903225806451615,-3.907762096774194
23,3053,valence,1.0,4.907762096774194,1.6935483870967742,-0.6935483870967742,-3.907762096774194
23,Tumor_1,valence,2.0,4.907762096774194,2.6451612903225805,-0.6451612903225805,-2.907762096774194
23,Dog_18,valence,8.0,4.907762096774194,7.725806451612903,0.274193548387097,3.092237903225806
23,Miserable_pose_3,valence,4.0,4.907762096774194,1.5161290322580645,2.4838709677419355,-0.907762096774194
23,Pinecone_1,valence,6.0,4.907762096774194,5.629032258064516,0.370967741935484,1.092237903225806
23,Garbage_dump_6,valence,5.0,4.907762096774194,2.8870967741935485,2.1129032258064515,0.09223790322580605
23,Depressed_pose_4,valence,5.0,4.907762096774194,3.774193548387097,1.225806451612903,0.09223790322580605
23,Angry_face_1,valence,4.0,4.907762096774194,4.403225806451613,-0.403225806451613,-0.907762096774194
23,Dog_26,valence,2.0,4.907762096774194,1.6612903225806452,0.33870967741935476,-2.907762096774194
23,8370,valence,7.0,4.907762096774194,6.548387096774194,0.45161290322580605,2.092237903225806
23,Dog_6,valence,8.0,4.907762096774194,7.774193548387097,0.22580645161290303,3.092237903225806
23,9220,valence,4.0,4.907762096774194,2.5161290322580645,1.4838709677419355,-0.907762096774194
23,Lake_12,valence,8.0,4.907762096774194,7.419354838709677,0.580645161290323,3.092237903225806
23,2314,valence,6.0,4.907762096774194,7.193548387096774,-1.193548387096774,1.092237903225806
23,1750,valence,9.0,4.907762096774194,7.129032258064516,1.870967741935484,4.092237903225806
23,8492,valence,8.0,4.907762096774194,6.645161290322581,1.354838709677419,3.092237903225806
23,1441,valence,8.0,4.907762096774194,7.516129032258065,0.48387096774193505,3.092237903225806
23,Flowers_6,valence,7.0,4.907762096774194,6.725806451612903,0.274193548387097,2.092237903225806
23,Yarn_1,valence,5.0,4.907762096774194,5.338709677419355,-0.338709677419355,0.09223790322580605
23,9331,valence,4.0,4.907762096774194,3.838709677419355,0.16129032258064502,-0.907762096774194
23,Beach_1,valence,9.0,4.907762096774194,7.612903225806452,1.387096774193548,4.092237903225806
23,2491,valence,5.0,4.907762096774194,4.725806451612903,0.274193548387097,0.09223790322580605
23,9360,valence,4.0,4.907762096774194,4.161290322580645,-0.16129032258064502,-0.907762096774194
23,Lake_3,valence,6.0,4.907762096774194,6.193548387096774,-0.19354838709677402,1.092237903225806
23,3170,valence,1.0,4.907762096774194,1.8225806451612903,-0.8225806451612903,-3.907762096774194
23,8080,valence,5.0,4.907762096774194,5.854838709677419,-0.854838709677419,0.09223790322580605
23,Snow_1,valence,5.0,4.907762096774194,6.419354838709677,-1.419354838709677,0.09223790322580605
23,4220,valence,8.0,4.907762096774194,6.387096774193548,1.612903225806452,3.092237903225806
23,5760,valence,7.0,4.907762096774194,7.17741935483871,-0.17741935483870996,2.092237903225806
23,3063,valence,1.0,4.907762096774194,1.7741935483870968,-0.7741935483870968,-3.907762096774194
23,3080,valence,1.0,4.907762096774194,2.0483870967741935,-1.0483870967741935,-3.907762096774194
24,Dummy_1,valence,1.0,4.919858870967742,2.2903225806451615,-1.2903225806451615,-3.919858870967742
24,3053,valence,1.0,4.919858870967742,1.6935483870967742,-0.6935483870967742,-3.919858870967742
24,Tumor_1,valence,5.0,4.919858870967742,2.596774193548387,2.403225806451613,0.08014112903225801
24,Dog_18,valence,6.0,4.919858870967742,7.758064516129032,-1.758064516129032,1.080141129032258
24,Miserable_pose_3,valence,1.0,4.919858870967742,1.564516129032258,-0.564516129032258,-3.919858870967742
24,Pinecone_1,valence,5.0,4.919858870967742,5.645161290322581,-0.645161290322581,0.08014112903225801
24,Garbage_dump_6,valence,4.0,4.919858870967742,2.903225806451613,1.096774193548387,-0.919858870967742
24,Depressed_pose_4,valence,5.0,4.919858870967742,3.774193548387097,1.225806451612903,0.08014112903225801
24,Angry_face_1,valence,3.0,4.919858870967742,4.419354838709677,-1.419354838709677,-1.919858870967742
24,Dog_26,valence,1.0,4.919858870967742,1.6774193548387097,-0.6774193548387097,-3.919858870967742
24,8370,valence,6.0,4.919858870967742,6.564516129032258,-0.564516129032258,1.080141129032258
24,Dog_6,valence,8.0,4.919858870967742,7.774193548387097,0.22580645161290303,3.080141129032258
24,9220,valence,2.0,4.919858870967742,2.5483870967741935,-0.5483870967741935,-2.919858870967742
24,Lake_12,valence,5.0,4.919858870967742,7.467741935483871,-2.467741935483871,0.08014112903225801
24,2314,valence,7.0,4.919858870967742,7.17741935483871,-0.17741935483870996,2.080141129032258
24,1750,valence,7.0,4.919858870967742,7.161290322580645,-0.16129032258064502,2.080141129032258
24,8492,valence,5.0,4.919858870967742,6.693548387096774,-1.693548387096774,0.08014112903225801
24,1441,valence,7.0,4.919858870967742,7.532258064516129,-0.532258064516129,2.080141129032258
24,Flowers_6,valence,6.0,4.919858870967742,6.741935483870968,-0.741935483870968,1.080141129032258
24,Yarn_1,valence,5.0,4.919858870967742,5.338709677419355,-0.338709677419355,0.08014112903225801
24,9331,valence,4.0,4.919858870967742,3.838709677419355,0.16129032258064502,-0.919858870967742
24,Beach_1,valence,5.0,4.919858870967742,7.67741935483871,-2.67741935483871,0.08014112903225801
24,2491,valence,5.0,4.919858870967742,4.725806451612903,0.274193548387097,0.08014112903225801
24,9360,valence,5.0,4.919858870967742,4.145161290322581,0.854838709677419,0.08014112903225801
24,Lake_3,valence,5.0,4.919858870967742,6.209677419354839,-1.209677419354839,0.08014112903225801
24,3170,valence,1.0,4.919858870967742,1.8225806451612903,-0.8225806451612903,-3.919858870967742
24,8080,valence,6.0,4.919858870967742,5.838709677419355,0.16129032258064502,1.080141129032258
24,Snow_1,valence,6.0,4.919858870967742,6.403225806451613,-0.403225806451613,1.080141129032258
24,4220,valence,6.0,4.919858870967742,6.419354838709677,-0.41935483870967705,1.080141129032258
24,5760,valence,5.0,4.919858870967742,7.209677419354839,-2.209677419354839,0.08014112903225801
24,3063,valence,1.0,4.919858870967742,1.7741935483870968,-0.7741935483870968,-3.919858870967742
24,3080,valence,1.0,4.919858870967742,2.0483870967741935,-1.0483870967741935,-3.919858870967742
25,Dummy_1,valence,3.0,4.912298387096774,2.2580645161290325,0.7419354838709675,-1.912298387096774
25,3053,valence,1.0,4.912298387096774,1.6935483870967742,-0.6935483870967742,-3.912298387096774
25,Tumor_1,valence,5.0,4.912298387096774,2.596774193548387,2.403225806451613,0.08770161290322598
25,Dog_18,valence,9.0,4.912298387096774,7.709677419354839,1.290322580645161,4.087701612903226
25,Miserable_pose_3,valence,1.0,4.912298387096774,1.564516129032258,-0.564516129032258,-3.912298387096774
25,Pinecone_1,valence,6.0,4.912298387096774,5.629032258064516,0.370967741935484,1.087701612903226
25,Garbage_dump_6,valence,5.0,4.912298387096774,2.8870967741935485,2.1129032258064515,0.08770161290322598
25,Depressed_pose_4,valence,1.0,4.912298387096774,3.838709677419355,-2.838709677419355,-3.912298387096774
25,Angry_face_1,valence,3.0,4.912298387096774,4.419354838709677,-1.419354838709677,-1.912298387096774
25,Dog_26,valence,1.0,4.912298387096774,1.6774193548387097,-0.6774193548387097,-3.912298387096774
25,8370,valence,8.0,4.912298387096774,6.532258064516129,1.467741935483871,3.087701612903226
25,Dog_6,valence,9.0,4.912298387096774,7.758064516129032,1.241935483870968,4.087701612903226
25,9220,valence,1.0,4.912298387096774,2.564516129032258,-1.564516129032258,-3.912298387096774
25,Lake_12,valence,8.0,4.912298387096774,7.419354838709677,0.580645161290323,3.087701612903226
25,2314,valence,9.0,4.912298387096774,7.145161290322581,1.854838709677419,4.087701612903226
25,1750,valence,7.0,4.912298387096774,7.161290322580645,-0.16129032258064502,2.087701612903226
25,8492,valence,8.0,4.912298387096774,6.645161290322581,1.354838709677419,3.087701612903226
25,1441,valence,7.0,4.912298387096774,7.532258064516129,-0.532258064516129,2.087701612903226
25,Flowers_6,valence,6.0,4.912298387096774,6.741935483870968,-0.741935483870968,1.087701612903226
25,Yarn_1,valence,4.0,4.912298387096774,5.354838709677419,-1.354838709677419,-0.912298387096774
25,9331,valence,3.0,4.912298387096774,3.8548387096774195,-0.8548387096774195,-1.912298387096774
25,Beach_1,valence,9.0,4.912298387096774,7.612903225806452,1.387096774193548,4.087701612903226
25,2491,valence,1.0,4.912298387096774,4.790322580645161,-3.790322580645161,-3.912298387096774
25,9360,valence,1.0,4.912298387096774,4.209677419354839,-3.209677419354839,-3.912298387096774
25,Lake_3,valence,7.0,4.912298387096774,6.17741935483871,0.82258064516129,2.087701612903226
25,3170,valence,2.0,4.912298387096774,1.8064516129032258,0.19354838709677424,-2.912298387096774
25,8080,valence,6.0,4.912298387096774,5.838709677419355,0.16129032258064502,1.087701612903226
25,Snow_1,valence,5.0,4.912298387096774,6.419354838709677,-1.419354838709677,0.08770161290322598
25,4220,valence,5.0,4.912298387096774,6.435483870967742,-1.435483870967742,0.08770161290322598
25,5760,valence,7.0,4.912298387096774,7.17741935483871,-0.17741935483870996,2.087701612903226
25,3063,valence,3.0,4.912298387096774,1.7419354838709677,1.2580645161290323,-1.912298387096774
25,3080,valence,4.0,4.912298387096774,2.0,2.0,-0.912298387096774
26,Dummy_1,valence,4.0,4.916834677419355,2.2419354838709675,1.7580645161290325,-0.916834677419355
26,3053,valence,1.0,4.916834677419355,1.6935483870967742,-0.6935483870967742,-3.916834677419355
26,Tumor_1,valence,5.0,4.916834677419355,2.596774193548387,2.403225806451613,0.08316532258064502
26,Dog_18,valence,8.0,4.916834677419355,7.725806451612903,0.274193548387097,3.083165322580645
26,Miserable_pose_3,valence,1.0,4.916834677419355,1.564516129032258,-0.564516129032258,-3.916834677419355
26,Pinecone_1,valence,3.0,4.916834677419355,5.67741935483871,-2.67741935483871,-1.916834677419355
26,Garbage_dump_6,valence,1.0,4.916834677419355,2.9516129032258065,-1.9516129032258065,-3.916834677419355
26,Depressed_pose_4,valence,1.0,4.916834677419355,3.838709677419355,-2.838709677419355,-3.916834677419355
26,Angry_face_1,valence,4.0,4.916834677419355,4.403225806451613,-0.403225806451613,-0.916834677419355
26,Dog_26,valence,1.0,4.916834677419355,1.6774193548387097,-0.6774193548387097,-3.916834677419355
26,8370,valence,6.0,4.916834677419355,6.564516129032258,-0.564516129032258,1.083165322580645
26,Dog_6,valence,7.0,4.916834677419355,7.790322580645161,-0.790322580645161,2.083165322580645
26,9220,valence,1.0,4.916834677419355,2.564516129032258,-1.564516129032258,-3.916834677419355
26,Lake_12,valence,7.0,4.916834677419355,7.435483870967742,-0.435483870967742,2.083165322580645
26,2314,valence,8.0,4.916834677419355,7.161290322580645,0.838709677419355,3.083165322580645
26,1750,valence,5.0,4.916834677419355,7.193548387096774,-2.193548387096774,0.08316532258064502
26,8492,valence,8.0,4.916834677419355,6.645161290322581,1.354838709677419,3.083165322580645
26,1441,valence,4.0,4.916834677419355,7.580645161290323,-3.580645161290323,-0.916834677419355
26,Flowers_6,valence,9.0,4.916834677419355,6.693548387096774,2.306451612903226,4.083165322580645
26,Yarn_1,valence,5.0,4.916834677419355,5.338709677419355,-0.338709677419355,0.08316532258064502
26,9331,valence,2.0,4.916834677419355,3.870967741935484,-1.870967741935484,-2.916834677419355
26,Beach_1,valence,8.0,4.916834677419355,7.629032258064516,0.370967741935484,3.083165322580645
26,2491,valence,3.0,4.916834677419355,4.758064516129032,-1.758064516129032,-1.916834677419355
26,9360,valence,5.0,4.916834677419355,4.145161290322581,0.854838709677419,0.08316532258064502
26,Lake_3,valence,7.0,4.916834677419355,6.17741935483871,0.82258064516129,2.083165322580645
26,3170,valence,1.0,4.916834677419355,1.8225806451612903,-0.8225806451612903,-3.916834677419355
26,8080,valence,5.0,4.916834677419355,5.854838709677419,-0.854838709677419,0.08316532258064502
26,Snow_1,valence,8.0,4.916834677419355,6.370967741935484,1.629032258064516,3.083165322580645
26,4220,valence,7.0,4.916834677419355,6.403225806451613,0.596774193548387,2.083165322580645
26,5760,valence,9.0,4.916834677419355,7.145161290322581,1.854838709677419,4.083165322580645
26,3063,valence,1.0,4.916834677419355,1.7741935483870968,-0.7741935483870968,-3.916834677419355
26,3080,valence,1.0,4.916834677419355,2.0483870967741935,-1.0483870967741935,-3.916834677419355
27,Dummy_1,valence,3.0,4.907258064516129,2.2580645161290325,0.7419354838709675,-1.907258064516129
27,3053,valence,2.0,4.907258064516129,1.6774193548387097,0.32258064516129026,-2.907258064516129
27,Tumor_1,valence,2.0,4.907258064516129,2.6451612903225805,-0.6451612903225805,-2.907258064516129
27,Dog_18,valence,9.0,4.907258064516129,7.709677419354839,1.290322580645161,4.092741935483871
27,Miserable_pose_3,valence,2.0,4.907258064516129,1.5483870967741935,0.4516129032258065,-2.907258064516129
27,Pinecone_1,valence,7.0,4.907258064516129,5.612903225806452,1.387096774193548,2.092741935483871
27,Garbage_dump_6,valence,2.0,4.907258064516129,2.935483870967742,-0.935483870967742,-2.907258064516129
27,Depressed_pose_4,valence,2.0,4.907258064516129,3.8225806451612905,-1.8225806451612905,-2.907258064516129
27,Angry_face_1,valence,6.0,4.907258064516129,4.370967741935484,1.629032258064516,1.092741935483871
27,Dog_26,valence,1.0,4.907258064516129,1.6774193548387097,-0.6774193548387097,-3.907258064516129
27,8370,valence,9.0,4.907258064516129,6.516129032258065,2.483870967741935,4.092741935483871
27,Dog_6,valence,8.0,4.907258064516129,7.774193548387097,0.22580645161290303,3.092741935483871
27,9220,valence,3.0,4.907258064516129,2.532258064516129,0.467741935483871,-1.907258064516129
27,Lake_12,valence,8.0,4.907258064516129,7.419354838709677,0.580645161290323,3.092741935483871
27,2314,valence,6.0,4.907258064516129,7.193548387096774,-1.193548387096774,1.092741935483871
27,1750,valence,6.0,4.907258064516129,7.17741935483871,-1.17741935483871,1.092741935483871
27,8492,valence,7.0,4.907258064516129,6.661290322580645,0.338709677419355,2.092741935483871
27,1441,valence,8.0,4.907258064516129,7.516129032258065,0.48387096774193505,3.092741935483871
27,Flowers_6,valence,7.0,4.907258064516129,6.725806451612903,0.274193548387097,2.092741935483871
27,Yarn_1,valence,3.0,4.907258064516129,5.370967741935484,-2.370967741935484,-1.907258064516129
27,9331,valence,6.0,4.907258064516129,3.806451612903226,2.193548387096774,1.092741935483871
27,Beach_1,valence,8.0,4.907258064516129,7.629032258064516,0.370967741935484,3.092741935483871
27,2491,valence,7.0,4.907258064516129,4.693548387096774,2.306451612903226,2.092741935483871
27,9360,valence,5.0,4.907258064516129,4.145161290322581,0.854838709677419,0.092741935483871
27,Lake_3,valence,3.0,4.907258064516129,6.241935483870968,-3.241935483870968,-1.907258064516129
27,3170,valence,2.0,4.907258064516129,1.8064516129032258,0.19354838709677424,-2.907258064516129
27,8080,valence,7.0,4.907258064516129,5.82258064516129,1.17741935483871,2.092741935483871
27,Snow_1,valence,8.0,4.907258064516129,6.370967741935484,1.629032258064516,3.092741935483871
27,4220,valence,6.0,4.907258064516129,6.419354838709677,-0.41935483870967705,1.092741935483871
27,5760,valence,7.0,4.907258064516129,7.17741935483871,-0.17741935483870996,2.092741935483871
27,3063,valence,2.0,4.907258064516129,1.7580645161290323,0.24193548387096775,-2.907258064516129
27,3080,valence,3.0,4.907258064516129,2.0161290322580645,0.9838709677419355,-1.907258064516129
28,Dummy_1,valence,3.0,4.912298387096774,2.2580645161290325,0.7419354838709675,-1.912298387096774
28,3053,valence,3.0,4.912298387096774,1.6612903225806452,1.3387096774193548,-1.912298387096774
28,Tumor_1,valence,4.0,4.912298387096774,2.6129032258064515,1.3870967741935485,-0.912298387096774
28,Dog_18,valence,7.0,4.912298387096774,7.741935483870968,-0.741935483870968,2.087701612903226
28,Miserable_pose_3,valence,3.0,4.912298387096774,1.532258064516129,1.467741935483871,-1.912298387096774
28,Pinecone_1,valence,5.0,4.912298387096774,5.645161290322581,-0.645161290322581,0.08770161290322598
28,Garbage_dump_6,valence,4.0,4.912298387096774,2.903225806451613,1.096774193548387,-0.912298387096774
28,Depressed_pose_4,valence,5.0,4.912298387096774,3.774193548387097,1.225806451612903,0.08770161290322598
28,Angry_face_1,valence,4.0,4.912298387096774,4.403225806451613,-0.403225806451613,-0.912298387096774
28,Dog_26,valence,3.0,4.912298387096774,1.6451612903225807,1.3548387096774193,-1.912298387096774
28,8370,valence,5.0,4.912298387096774,6.580645161290323,-1.580645161290323,0.08770161290322598
28,Dog_6,valence,6.0,4.912298387096774,7.806451612903226,-1.806451612903226,1.087701612903226
28,9220,valence,2.0,4.912298387096774,2.5483870967741935,-0.5483870967741935,-2.912298387096774
28,Lake_12,valence,7.0,4.912298387096774,7.435483870967742,-0.435483870967742,2.087701612903226
28,2314,valence,7.0,4.912298387096774,7.17741935483871,-0.17741935483870996,2.087701612903226
28,1750,valence,6.0,4.912298387096774,7.17741935483871,-1.17741935483871,1.087701612903226
28,8492,valence,3.0,4.912298387096774,6.725806451612903,-3.725806451612903,-1.912298387096774
28,1441,valence,7.0,4.912298387096774,7.532258064516129,-0.532258064516129,2.087701612903226
28,Flowers_6,valence,6.0,4.912298387096774,6.741935483870968,-0.741935483870968,1.087701612903226
28,Yarn_1,valence,5.0,4.912298387096774,5.338709677419355,-0.338709677419355,0.08770161290322598
28,9331,valence,3.0,4.912298387096774,3.8548387096774195,-0.8548387096774195,-1.912298387096774
28,Beach_1,valence,7.0,4.912298387096774,7.645161290322581,-0.645161290322581,2.087701612903226
28,2491,valence,5.0,4.912298387096774,4.725806451612903,0.274193548387097,0.08770161290322598
28,9360,valence,3.0,4.912298387096774,4.17741935483871,-1.17741935483871,-1.912298387096774
28,Lake_3,valence,7.0,4.912298387096774,6.17741935483871,0.82258064516129,2.087701612903226
28,3170,valence,5.0,4.912298387096774,1.7580645161290323,3.241935483870968,0.08770161290322598
28,8080,valence,5.0,4.912298387096774,5.854838709677419,-0.854838709677419,0.08770161290322598
28,Snow_1,valence,6.0,4.912298387096774,6.403225806451613,-0.403225806451613,1.087701612903226
28,4220,valence,6.0,4.912298387096774,6.419354838709677,-0.41935483870967705,1.087701612903226
28,5760,valence,7.0,4.912298387096774,7.17741935483871,-0.17741935483870996,2.087701612903226
28,3063,valence,3.0,4.912298387096774,1.7419354838709677,1.2580645161290323,-1.912298387096774
28,3080,valence,3.0,4.912298387096774,2.0161290322580645,0.9838709677419355,-1.912298387096774
29,Dummy_1,valence,4.0,4.903729838709677,2.2419354838709675,1.7580645161290325,-0.903729838709677
29,3053,valence,4.0,4.903729838709677,1.6451612903225807,2.354838709677419,-0.903729838709677
29,Tumor_1,valence,2.0,4.903729838709677,2.6451612903225805,-0.6451612903225805,-2.903729838709677
29,Dog_18,valence,9.0,4.903729838709677,7.709677419354839,1.290322580645161,4.096270161290323
29,Miserable_pose_3,valence,2.0,4.903729838709677,1.5483870967741935,0.4516129032258065,-2.903729838709677
29,Pinecone_1,valence,6.0,4.903729838709677,5.629032258064516,0.370967741935484,1.096270161290323
29,Garbage_dump_6,valence,3.0,4.903729838709677,2.9193548387096775,0.08064516129032251,-1.903729838709677
29,Depressed_pose_4,valence,3.0,4.903729838709677,3.806451612903226,-0.806451612903226,-1.903729838709677
29,Angry_face_1,valence,5.0,4.903729838709677,4.387096774193548,0.612903225806452,0.09627016129032295
29,Dog_26,valence,1.0,4.903729838709677,1.6774193548387097,-0.6774193548387097,-3.903729838709677
29,8370,valence,9.0,4.903729838709677,6.516129032258065,2.483870967741935,4.096270161290323
29,Dog_6,valence,7.0,4.903729838709677,7.790322580645161,-0.790322580645161,2.096270161290323
29,9220,valence,3.0,4.903729838709677,2.532258064516129,0.467741935483871,-1.903729838709677
29,Lake_12,valence,9.0,4.903729838709677,7.403225806451613,1.596774193548387,4.096270161290323
29,2314,valence,8.0,4.903729838709677,7.161290322580645,0.838709677419355,3.096270161290323
29,1750,valence,7.0,4.903729838709677,7.161290322580645,-0.16129032258064502,2.096270161290323
29,8492,valence,7.0,4.903729838709677,6.661290322580645,0.338709677419355,2.096270161290323
29,1441,valence,7.0,4.903729838709677,7.532258064516129,-0.532258064516129,2.096270161290323
29,Flowers_6,valence,7.0,4.903729838709677,6.725806451612903,0.274193548387097,2.096270161290323
29,Yarn_1,valence,5.0,4.903729838709677,5.338709677419355,-0.338709677419355,0.09627016129032295
29,9331,valence,5.0,4.903729838709677,3.8225806451612905,1.1774193548387095,0.09627016129032295
29,Beach_1,valence,8.0,4.903729838709677,7.629032258064516,0.370967741935484,3.096270161290323
29,2491,valence,5.0,4.903729838709677,4.725806451612903,0.274193548387097,0.09627016129032295
29,9360,valence,5.0,4.903729838709677,4.145161290322581,0.854838709677419,0.09627016129032295
29,Lake_3,valence,6.0,4.903729838709677,6.193548387096774,-0.19354838709677402,1.096270161290323
29,3170,valence,2.0,4.903729838709677,1.8064516129032258,0.19354838709677424,-2.903729838709677
29,8080,valence,6.0,4.903729838709677,5.838709677419355,0.16129032258064502,1.096270161290323
29,Snow_1,valence,7.0,4.903729838709677,6.387096774193548,0.612903225806452,2.096270161290323
29,4220,valence,7.0,4.903729838709677,6.403225806451613,0.596774193548387,2.096270161290323
29,5760,valence,7.0,4.903729838709677,7.17741935483871,-0.17741935483870996,2.096270161290323
29,3063,valence,2.0,4.903729838709677,1.7580645161290323,0.24193548387096775,-2.903729838709677
29,3080,valence,4.0,4.903729838709677,2.0,2.0,-0.903729838709677
30,Dummy_1,valence,1.0,4.911290322580645,2.2903225806451615,-1.2903225806451615,-3.911290322580645
30,3053,valence,1.0,4.911290322580645,1.6935483870967742,-0.6935483870967742,-3.911290322580645
30,Tumor_1,valence,1.0,4.911290322580645,2.661290322580645,-1.661290322580645,-3.911290322580645
30,Dog_18,valence,8.0,4.911290322580645,7.725806451612903,0.274193548387097,3.088709677419355
30,Miserable_pose_3,valence,1.0,4.911290322580645,1.564516129032258,-0.564516129032258,-3.911290322580645
30,Pinecone_1,valence,5.0,4.911290322580645,5.645161290322581,-0.645161290322581,0.08870967741935498
30,Garbage_dump_6,valence,4.0,4.911290322580645,2.903225806451613,1.096774193548387,-0.911290322580645
30,Depressed_pose_4,valence,4.0,4.911290322580645,3.7903225806451615,0.20967741935483852,-0.911290322580645
30,Angry_face_1,valence,4.0,4.911290322580645,4.403225806451613,-0.403225806451613,-0.911290322580645
30,Dog_26,valence,1.0,4.911290322580645,1.6774193548387097,-0.6774193548387097,-3.911290322580645
30,8370,valence,6.0,4.911290322580645,6.564516129032258,-0.564516129032258,1.088709677419355
30,Dog_6,valence,6.0,4.911290322580645,7.806451612903226,-1.806451612903226,1.088709677419355
30,9220,valence,2.0,4.911290322580645,2.5483870967741935,-0.5483870967741935,-2.911290322580645
30,Lake_12,valence,6.0,4.911290322580645,7.451612903225806,-1.451612903225806,1.088709677419355
30,2314,valence,7.0,4.911290322580645,7.17741935483871,-0.17741935483870996,2.088709677419355
30,1750,valence,7.0,4.911290322580645,7.161290322580645,-0.16129032258064502,2.088709677419355
30,8492,valence,7.0,4.911290322580645,6.661290322580645,0.338709677419355,2.088709677419355
30,1441,valence,8.0,4.911290322580645,7.516129032258065,0.48387096774193505,3.088709677419355
30,Flowers_6,valence,8.0,4.911290322580645,6.709677419354839,1.290322580645161,3.088709677419355
30,Yarn_1,valence,7.0,4.911290322580645,5.306451612903226,1.693548387096774,2.088709677419355
30,9331,valence,5.0,4.911290322580645,3.8225806451612905,1.1774193548387095,0.08870967741935498
30,Beach_1,valence,8.0,4.911290322580645,7.629032258064516,0.370967741935484,3.088709677419355
30,2491,valence,6.0,4.911290322580645,4.709677419354839,1.290322580645161,1.088709677419355
30,9360,valence,4.0,4.911290322580645,4.161290322580645,-0.16129032258064502,-0.911290322580645
30,Lake_3,valence,7.0,4.911290322580645,6.17741935483871,0.82258064516129,2.088709677419355
30,3170,valence,1.0,4.911290322580645,1.8225806451612903,-0.8225806451612903,-3.911290322580645
30,8080,valence,6.0,4.911290322580645,5.838709677419355,0.16129032258064502,1.088709677419355
30,Snow_1,valence,8.0,4.911290322580645,6.370967741935484,1.629032258064516,3.088709677419355
30,4220,valence,8.0,4.911290322580645,6.387096774193548,1.612903225806452,3.088709677419355
30,5760,valence,8.0,4.911290322580645,7.161290322580645,0.838709677419355,3.088709677419355
30,3063,valence,1.0,4.911290322580645,1.7741935483870968,-0.7741935483870968,-3.911290322580645
30,3080,valence,1.0,4.911290322580645,2.0483870967741935,-1.0483870967741935,-3.911290322580645
31,Dummy_1,valence,1.0,4.901209677419355,2.2903225806451615,-1.2903225806451615,-3.901209677419355
31,3053,valence,1.0,4.901209677419355,1.6935483870967742,-0.6935483870967742,-3.901209677419355
31,Tumor_1,valence,1.0,4.901209677419355,2.661290322580645,-1.661290322580645,-3.901209677419355
31,Dog_18,valence,9.0,4.901209677419355,7.709677419354839,1.290322580645161,4.098790322580645
31,Miserable_pose_3,valence,1.0,4.901209677419355,1.564516129032258,-0.564516129032258,-3.901209677419355
31,Pinecone_1,valence,7.0,4.901209677419355,5.612903225806452,1.387096774193548,2.098790322580645
31,Garbage_dump_6,valence,1.0,4.901209677419355,2.9516129032258065,-1.9516129032258065,-3.901209677419355
31,Depressed_pose_4,valence,2.0,4.901209677419355,3.8225806451612905,-1.8225806451612905,-2.901209677419355
31,Angry_face_1,valence,5.0,4.901209677419355,4.387096774193548,0.612903225806452,0.09879032258064502
31,Dog_26,valence,1.0,4.901209677419355,1.6774193548387097,-0.6774193548387097,-3.901209677419355
31,8370,valence,9.0,4.901209677419355,6.516129032258065,2.483870967741935,4.098790322580645
31,Dog_6,valence,9.0,4.901209677419355,7.758064516129032,1.241935483870968,4.098790322580645
31,9220,valence,2.0,4.901209677419355,2.5483870967741935,-0.5483870967741935,-2.901209677419355
31,Lake_12,valence,9.0,4.901209677419355,7.403225806451613,1.596774193548387,4.098790322580645
31,2314,valence,9.0,4.901209677419355,7.145161290322581,1.854838709677419,4.098790322580645
31,1750,valence,8.0,4.901209677419355,7.145161290322581,0.854838709677419,3.098790322580645
31,8492,valence,9.0,4.901209677419355,6.629032258064516,2.370967741935484,4.098790322580645
31,1441,valence,9.0,4.901209677419355,7.5,1.5,4.098790322580645
31,Flowers_6,valence,9.0,4.901209677419355,6.693548387096774,2.306451612903226,4.098790322580645
31,Yarn_1,valence,5.0,4.901209677419355,5.338709677419355,-0.338709677419355,0.09879032258064502
31,9331,valence,4.0,4.901209677419355,3.838709677419355,0.16129032258064502,-0.901209677419355
31,Beach_1,valence,9.0,4.901209677419355,7.612903225806452,1.387096774193548,4.098790322580645
31,2491,valence,4.0,4.901209677419355,4.741935483870968,-0.741935483870968,-0.901209677419355
31,9360,valence,5.0,4.901209677419355,4.145161290322581,0.854838709677419,0.09879032258064502
31,Lake_3,valence,9.0,4.901209677419355,6.145161290322581,2.854838709677419,4.098790322580645
31,3170,valence,1.0,4.901209677419355,1.8225806451612903,-0.8225806451612903,-3.901209677419355
31,8080,valence,9.0,4.901209677419355,5.790322580645161,3.209677419354839,4.098790322580645
31,Snow_1,valence,9.0,4.901209677419355,6.354838709677419,2.645161290322581,4.098790322580645
31,4220,valence,9.0,4.901209677419355,6.370967741935484,2.629032258064516,4.098790322580645
31,5760,valence,9.0,4.901209677419355,7.145161290322581,1.854838709677419,4.098790322580645
31,3063,valence,1.0,4.901209677419355,1.7741935483870968,-0.7741935483870968,-3.901209677419355
31,3080,valence,1.0,4.901209677419355,2.0483870967741935,-1.0483870967741935,-3.901209677419355
32,Dummy_1,valence,3.0,4.917842741935484,2.2580645161290325,0.7419354838709675,-1.917842741935484
32,3053,valence,2.0,4.917842741935484,1.6774193548387097,0.32258064516129026,-2.917842741935484
32,Tumor_1,valence,4.0,4.917842741935484,2.6129032258064515,1.3870967741935485,-0.917842741935484
32,Dog_18,valence,7.0,4.917842741935484,7.741935483870968,-0.741935483870968,2.082157258064516
32,Miserable_pose_3,valence,2.0,4.917842741935484,1.5483870967741935,0.4516129032258065,-2.917842741935484
32,Pinecone_1,valence,5.0,4.917842741935484,5.645161290322581,-0.645161290322581,0.08215725806451601
32,Garbage_dump_6,valence,1.0,4.917842741935484,2.9516129032258065,-1.9516129032258065,-3.917842741935484
32,Depressed_pose_4,valence,5.0,4.917842741935484,3.774193548387097,1.225806451612903,0.08215725806451601
32,Angry_face_1,valence,5.0,4.917842741935484,4.387096774193548,0.612903225806452,0.08215725806451601
32,Dog_26,valence,1.0,4.917842741935484,1.6774193548387097,-0.6774193548387097,-3.917842741935484
32,8370,valence,7.0,4.917842741935484,6.548387096774194,0.45161290322580605,2.082157258064516
32,Dog_6,valence,5.0,4.917842741935484,7.82258064516129,-2.82258064516129,0.08215725806451601
32,9220,valence,3.0,4.917842741935484,2.532258064516129,0.467741935483871,-1.917842741935484
32,Lake_12,valence,9.0,4.917842741935484,7.403225806451613,1.596774193548387,4.082157258064516
32,2314,valence,6.0,4.917842741935484,7.193548387096774,-1.193548387096774,1.082157258064516
32,1750,valence,6.0,4.917842741935484,7.17741935483871,-1.17741935483871,1.082157258064516
32,8492,valence,6.0,4.917842741935484,6.67741935483871,-0.67741935483871,1.082157258064516
32,1441,valence,6.0,4.917842741935484,7.548387096774194,-1.548387096774194,1.082157258064516
32,Flowers_6,valence,5.0,4.917842741935484,6.758064516129032,-1.758064516129032,0.08215725806451601
32,Yarn_1,valence,4.0,4.917842741935484,5.354838709677419,-1.354838709677419,-0.917842741935484
32,9331,valence,3.0,4.917842741935484,3.8548387096774195,-0.8548387096774195,-1.917842741935484
32,Beach_1,valence,7.0,4.917842741935484,7.645161290322581,-0.645161290322581,2.082157258064516
32,2491,valence,5.0,4.917842741935484,4.725806451612903,0.274193548387097,0.08215725806451601
32,9360,valence,3.0,4.917842741935484,4.17741935483871,-1.17741935483871,-1.917842741935484
32,Lake_3,valence,6.0,4.917842741935484,6.193548387096774,-0.19354838709677402,1.082157258064516
32,3170,valence,1.0,4.917842741935484,1.8225806451612903,-0.8225806451612903,-3.917842741935484
32,8080,valence,5.0,4.917842741935484,5.854838709677419,-0.854838709677419,0.08215725806451601
32,Snow_1,valence,6.0,4.917842741935484,6.403225806451613,-0.403225806451613,1.082157258064516
32,4220,valence,6.0,4.917842741935484,6.419354838709677,-0.41935483870967705,1.082157258064516
32,5760,valence,7.0,4.917842741935484,7.17741935483871,-0.17741935483870996,2.082157258064516
32,3063,valence,1.0,4.917842741935484,1.7741935483870968,-0.7741935483870968,-3.917842741935484
32,3080,valence,2.0,4.917842741935484,2.032258064516129,-0.032258064516129004,-2.917842741935484
33,Dummy_1,valence,2.0,4.913306451612903,2.274193548387097,-0.274193548387097,-2.913306451612903
33,3053,valence,1.0,4.913306451612903,1.6935483870967742,-0.6935483870967742,-3.913306451612903
33,Tumor_1,valence,3.0,4.913306451612903,2.629032258064516,0.370967741935484,-1.913306451612903
33,Dog_18,valence,8.0,4.913306451612903,7.725806451612903,0.274193548387097,3.086693548387097
33,Miserable_pose_3,valence,2.0,4.913306451612903,1.5483870967741935,0.4516129032258065,-2.913306451612903
33,Pinecone_1,valence,5.0,4.913306451612903,5.645161290322581,-0.645161290322581,0.08669354838709697
33,Garbage_dump_6,valence,4.0,4.913306451612903,2.903225806451613,1.096774193548387,-0.913306451612903
33,Depressed_pose_4,valence,4.0,4.913306451612903,3.7903225806451615,0.20967741935483852,-0.913306451612903
33,Angry_face_1,valence,5.0,4.913306451612903,4.387096774193548,0.612903225806452,0.08669354838709697
33,Dog_26,valence,2.0,4.913306451612903,1.6612903225806452,0.33870967741935476,-2.913306451612903
33,8370,valence,6.0,4.913306451612903,6.564516129032258,-0.564516129032258,1.086693548387097
33,Dog_6,valence,7.0,4.913306451612903,7.790322580645161,-0.790322580645161,2.086693548387097
33,9220,valence,3.0,4.913306451612903,2.532258064516129,0.467741935483871,-1.913306451612903
33,Lake_12,valence,6.0,4.913306451612903,7.451612903225806,-1.451612903225806,1.086693548387097
33,2314,valence,7.0,4.913306451612903,7.17741935483871,-0.17741935483870996,2.086693548387097
33,1750,valence,8.0,4.913306451612903,7.145161290322581,0.854838709677419,3.086693548387097
33,8492,valence,6.0,4.913306451612903,6.67741935483871,-0.67741935483871,1.086693548387097
33,1441,valence,7.0,4.913306451612903,7.532258064516129,-0.532258064516129,2.086693548387097
33,Flowers_6,valence,6.0,4.913306451612903,6.741935483870968,-0.741935483870968,1.086693548387097
33,Yarn_1,valence,5.0,4.913306451612903,5.338709677419355,-0.338709677419355,0.08669354838709697
33,9331,valence,3.0,4.913306451612903,3.8548387096774195,-0.8548387096774195,-1.913306451612903
33,Beach_1,valence,6.0,4.913306451612903,7.661290322580645,-1.661290322580645,1.086693548387097
33,2491,valence,6.0,4.913306451612903,4.709677419354839,1.290322580645161,1.086693548387097
33,9360,valence,5.0,4.913306451612903,4.145161290322581,0.854838709677419,0.08669354838709697
33,Lake_3,valence,5.0,4.913306451612903,6.209677419354839,-1.209677419354839,0.08669354838709697
33,3170,valence,3.0,4.913306451612903,1.7903225806451613,1.2096774193548387,-1.913306451612903
33,8080,valence,5.0,4.913306451612903,5.854838709677419,-0.854838709677419,0.08669354838709697
33,Snow_1,valence,5.0,4.913306451612903,6.419354838709677,-1.419354838709677,0.08669354838709697
33,4220,valence,7.0,4.913306451612903,6.403225806451613,0.596774193548387,2.086693548387097
33,5760,valence,7.0,4.913306451612903,7.17741935483871,-0.17741935483870996,2.086693548387097
33,3063,valence,2.0,4.913306451612903,1.7580645161290323,0.24193548387096775,-2.913306451612903
33,3080,valence,2.0,4.913306451612903,2.032258064516129,-0.032258064516129004,-2.913306451612903
34,Dummy_1,valence,2.0,4.924899193548387,2.274193548387097,-0.274193548387097,-2.924899193548387
34,3053,valence,1.0,4.924899193548387,1.6935483870967742,-0.6935483870967742,-3.924899193548387
34,Tumor_1,valence,2.0,4.924899193548387,2.6451612903225805,-0.6451612903225805,-2.924899193548387
34,Dog_18,valence,7.0,4.924899193548387,7.741935483870968,-0.741935483870968,2.075100806451613
34,Miserable_pose_3,valence,1.0,4.924899193548387,1.564516129032258,-0.564516129032258,-3.924899193548387
34,Pinecone_1,valence,5.0,4.924899193548387,5.645161290322581,-0.645161290322581,0.07510080645161299
34,Garbage_dump_6,valence,5.0,4.924899193548387,2.8870967741935485,2.1129032258064515,0.07510080645161299
34,Depressed_pose_4,valence,1.0,4.924899193548387,3.838709677419355,-2.838709677419355,-3.924899193548387
34,Angry_face_1,valence,4.0,4.924899193548387,4.403225806451613,-0.403225806451613,-0.924899193548387
34,Dog_26,valence,2.0,4.924899193548387,1.6612903225806452,0.33870967741935476,-2.924899193548387
34,8370,valence,5.0,4.924899193548387,6.580645161290323,-1.580645161290323,0.07510080645161299
34,Dog_6,valence,6.0,4.924899193548387,7.806451612903226,-1.806451612903226,1.075100806451613
34,9220,valence,1.0,4.924899193548387,2.564516129032258,-1.564516129032258,-3.924899193548387
34,Lake_12,valence,6.0,4.924899193548387,7.451612903225806,-1.451612903225806,1.075100806451613
34,2314,valence,7.0,4.924899193548387,7.17741935483871,-0.17741935483870996,2.075100806451613
34,1750,valence,5.0,4.924899193548387,7.193548387096774,-2.193548387096774,0.07510080645161299
34,8492,valence,6.0,4.924899193548387,6.67741935483871,-0.67741935483871,1.075100806451613
34,1441,valence,6.0,4.924899193548387,7.548387096774194,-1.548387096774194,1.075100806451613
34,Flowers_6,valence,6.0,4.924899193548387,6.741935483870968,-0.741935483870968,1.075100806451613
34,Yarn_1,valence,5.0,4.924899193548387,5.338709677419355,-0.338709677419355,0.07510080645161299
34,9331,valence,5.0,4.924899193548387,3.8225806451612905,1.1774193548387095,0.07510080645161299
34,Beach_1,valence,7.0,4.924899193548387,7.645161290322581,-0.645161290322581,2.075100806451613
34,2491,valence,3.0,4.924899193548387,4.758064516129032,-1.758064516129032,-1.924899193548387
34,9360,valence,2.0,4.924899193548387,4.193548387096774,-2.193548387096774,-2.924899193548387
34,Lake_3,valence,5.0,4.924899193548387,6.209677419354839,-1.209677419354839,0.07510080645161299
34,3170,valence,3.0,4.924899193548387,1.7903225806451613,1.2096774193548387,-1.924899193548387
34,8080,valence,3.0,4.924899193548387,5.887096774193548,-2.887096774193548,-1.924899193548387
34,Snow_1,valence,5.0,4.924899193548387,6.419354838709677,-1.419354838709677,0.07510080645161299
34,4220,valence,6.0,4.924899193548387,6.419354838709677,-0.41935483870967705,1.075100806451613
34,5760,valence,6.0,4.924899193548387,7.193548387096774,-1.193548387096774,1.075100806451613
34,3063,valence,1.0,4.924899193548387,1.7741935483870968,-0.7741935483870968,-3.924899193548387
34,3080,valence,1.0,4.924899193548387,2.0483870967741935,-1.0483870967741935,-3.924899193548387
35,Dummy_1,valence,1.0,4.914818548387097,2.2903225806451615,-1.2903225806451615,-3.914818548387097
35,3053,valence,2.0,4.914818548387097,1.6774193548387097,0.32258064516129026,-2.914818548387097
35,Tumor_1,valence,1.0,4.914818548387097,2.661290322580645,-1.661290322580645,-3.914818548387097
35,Dog_18,valence,8.0,4.914818548387097,7.725806451612903,0.274193548387097,3.085181451612903
35,Miserable_pose_3,valence,1.0,4.914818548387097,1.564516129032258,-0.564516129032258,-3.914818548387097
35,Pinecone_1,valence,5.0,4.914818548387097,5.645161290322581,-0.645161290322581,0.08518145161290303
35,Garbage_dump_6,valence,3.0,4.914818548387097,2.9193548387096775,0.08064516129032251,-1.914818548387097
35,Depressed_pose_4,valence,5.0,4.914818548387097,3.774193548387097,1.225806451612903,0.08518145161290303
35,Angry_face_1,valence,5.0,4.914818548387097,4.387096774193548,0.612903225806452,0.08518145161290303
35,Dog_26,valence,3.0,4.914818548387097,1.6451612903225807,1.3548387096774193,-1.914818548387097
35,8370,valence,7.0,4.914818548387097,6.548387096774194,0.45161290322580605,2.085181451612903
35,Dog_6,valence,6.0,4.914818548387097,7.806451612903226,-1.806451612903226,1.085181451612903
35,9220,valence,4.0,4.914818548387097,2.5161290322580645,1.4838709677419355,-0.914818548387097
35,Lake_12,valence,7.0,4.914818548387097,7.435483870967742,-0.435483870967742,2.085181451612903
35,2314,valence,6.0,4.914818548387097,7.193548387096774,-1.193548387096774,1.085181451612903
35,1750,valence,7.0,4.914818548387097,7.161290322580645,-0.16129032258064502,2.085181451612903
35,8492,valence,6.0,4.914818548387097,6.67741935483871,-0.67741935483871,1.085181451612903
35,1441,valence,7.0,4.914818548387097,7.532258064516129,-0.532258064516129,2.085181451612903
35,Flowers_6,valence,5.0,4.914818548387097,6.758064516129032,-1.758064516129032,0.08518145161290303
35,Yarn_1,valence,5.0,4.914818548387097,5.338709677419355,-0.338709677419355,0.08518145161290303
35,9331,valence,4.0,4.914818548387097,3.838709677419355,0.16129032258064502,-0.914818548387097
35,Beach_1,valence,8.0,4.914818548387097,7.629032258064516,0.370967741935484,3.085181451612903
35,2491,valence,4.0,4.914818548387097,4.741935483870968,-0.741935483870968,-0.914818548387097
35,9360,valence,5.0,4.914818548387097,4.145161290322581,0.854838709677419,0.08518145161290303
35,Lake_3,valence,6.0,4.914818548387097,6.193548387096774,-0.19354838709677402,1.085181451612903
35,3170,valence,1.0,4.914818548387097,1.8225806451612903,-0.8225806451612903,-3.914818548387097
35,8080,valence,5.0,4.914818548387097,5.854838709677419,-0.854838709677419,0.08518145161290303
35,Snow_1,valence,6.0,4.914818548387097,6.403225806451613,-0.403225806451613,1.085181451612903
35,4220,valence,6.0,4.914818548387097,6.419354838709677,-0.41935483870967705,1.085181451612903
35,5760,valence,8.0,4.914818548387097,7.161290322580645,0.838709677419355,3.085181451612903
35,3063,valence,2.0,4.914818548387097,1.7580645161290323,0.24193548387096775,-2.914818548387097
35,3080,valence,1.0,4.914818548387097,2.0483870967741935,-1.0483870967741935,-3.914818548387097
36,Dummy_1,valence,2.0,4.915322580645161,2.274193548387097,-0.274193548387097,-2.915322580645161
36,3053,valence,1.0,4.915322580645161,1.6935483870967742,-0.6935483870967742,-3.915322580645161
36,Tumor_1,valence,1.0,4.915322580645161,2.661290322580645,-1.661290322580645,-3.915322580645161
36,Dog_18,valence,7.0,4.915322580645161,7.741935483870968,-0.741935483870968,2.084677419354839
36,Miserable_pose_3,valence,1.0,4.915322580645161,1.564516129032258,-0.564516129032258,-3.915322580645161
36,Pinecone_1,valence,5.0,4.915322580645161,5.645161290322581,-0.645161290322581,0.08467741935483897
36,Garbage_dump_6,valence,1.0,4.915322580645161,2.9516129032258065,-1.9516129032258065,-3.915322580645161
36,Depressed_pose_4,valence,4.0,4.915322580645161,3.7903225806451615,0.20967741935483852,-0.915322580645161
36,Angry_face_1,valence,4.0,4.915322580645161,4.403225806451613,-0.403225806451613,-0.915322580645161
36,Dog_26,valence,1.0,4.915322580645161,1.6774193548387097,-0.6774193548387097,-3.915322580645161
36,8370,valence,6.0,4.915322580645161,6.564516129032258,-0.564516129032258,1.084677419354839
36,Dog_6,valence,9.0,4.915322580645161,7.758064516129032,1.241935483870968,4.084677419354839
36,9220,valence,2.0,4.915322580645161,2.5483870967741935,-0.5483870967741935,-2.915322580645161
36,Lake_12,valence,8.0,4.915322580645161,7.419354838709677,0.580645161290323,3.084677419354839
36,2314,valence,9.0,4.915322580645161,7.145161290322581,1.854838709677419,4.084677419354839
36,1750,valence,9.0,4.915322580645161,7.129032258064516,1.870967741935484,4.084677419354839
36,8492,valence,6.0,4.915322580645161,6.67741935483871,-0.67741935483871,1.084677419354839
36,1441,valence,9.0,4.915322580645161,7.5,1.5,4.084677419354839
36,Flowers_6,valence,6.0,4.915322580645161,6.741935483870968,-0.741935483870968,1.084677419354839
36,Yarn_1,valence,5.0,4.915322580645161,5.338709677419355,-0.338709677419355,0.08467741935483897
36,9331,valence,4.0,4.915322580645161,3.838709677419355,0.16129032258064502,-0.915322580645161
36,Beach_1,valence,8.0,4.915322580645161,7.629032258064516,0.370967741935484,3.084677419354839
36,2491,valence,3.0,4.915322580645161,4.758064516129032,-1.758064516129032,-1.915322580645161
36,9360,valence,4.0,4.915322580645161,4.161290322580645,-0.16129032258064502,-0.915322580645161
36,Lake_3,valence,5.0,4.915322580645161,6.209677419354839,-1.209677419354839,0.08467741935483897
36,3170,valence,1.0,4.915322580645161,1.8225806451612903,-0.8225806451612903,-3.915322580645161
36,8080,valence,7.0,4.915322580645161,5.82258064516129,1.17741935483871,2.084677419354839
36,Snow_1,valence,6.0,4.915322580645161,6.403225806451613,-0.403225806451613,1.084677419354839
36,4220,valence,5.0,4.915322580645161,6.435483870967742,-1.435483870967742,0.08467741935483897
36,5760,valence,8.0,4.915322580645161,7.161290322580645,0.838709677419355,3.084677419354839
36,3063,valence,1.0,4.915322580645161,1.7741935483870968,-0.7741935483870968,-3.915322580645161
36,3080,valence,1.0,4.915322580645161,2.0483870967741935,-1.0483870967741935,-3.915322580645161
37,Dummy_1,valence,3.0,4.914314516129032,2.2580645161290325,0.7419354838709675,-1.914314516129032
37,3053,valence,3.0,4.914314516129032,1.6612903225806452,1.3387096774193548,-1.914314516129032
37,Tumor_1,valence,4.0,4.914314516129032,2.6129032258064515,1.3870967741935485,-0.914314516129032
37,Dog_18,valence,6.0,4.914314516129032,7.758064516129032,-1.758064516129032,1.085685483870968
37,Miserable_pose_3,valence,3.0,4.914314516129032,1.532258064516129,1.467741935483871,-1.914314516129032
37,Pinecone_1,valence,5.0,4.914314516129032,5.645161290322581,-0.645161290322581,0.08568548387096797
37,Garbage_dump_6,valence,4.0,4.914314516129032,2.903225806451613,1.096774193548387,-0.914314516129032
37,Depressed_pose_4,valence,5.0,4.914314516129032,3.774193548387097,1.225806451612903,0.08568548387096797
37,Angry_face_1,valence,4.0,4.914314516129032,4.403225806451613,-0.403225806451613,-0.914314516129032
37,Dog_26,valence,3.0,4.914314516129032,1.6451612903225807,1.3548387096774193,-1.914314516129032
37,8370,valence,5.0,4.914314516129032,6.580645161290323,-1.580645161290323,0.08568548387096797
37,Dog_6,valence,6.0,4.914314516129032,7.806451612903226,-1.806451612903226,1.085685483870968
37,9220,valence,4.0,4.914314516129032,2.5161290322580645,1.4838709677419355,-0.914314516129032
37,Lake_12,valence,6.0,4.914314516129032,7.451612903225806,-1.451612903225806,1.085685483870968
37,2314,valence,5.0,4.914314516129032,7.209677419354839,-2.209677419354839,0.08568548387096797
37,1750,valence,6.0,4.914314516129032,7.17741935483871,-1.17741935483871,1.085685483870968
37,8492,valence,6.0,4.914314516129032,6.67741935483871,-0.67741935483871,1.085685483870968
37,1441,valence,6.0,4.914314516129032,7.548387096774194,-1.548387096774194,1.085685483870968
37,Flowers_6,valence,5.0,4.914314516129032,6.758064516129032,-1.758064516129032,0.08568548387096797
37,Yarn_1,valence,5.0,4.914314516129032,5.338709677419355,-0.338709677419355,0.08568548387096797
37,9331,valence,4.0,4.914314516129032,3.838709677419355,0.16129032258064502,-0.914314516129032
37,Beach_1,valence,7.0,4.914314516129032,7.645161290322581,-0.645161290322581,2.085685483870968
37,2491,valence,5.0,4.914314516129032,4.725806451612903,0.274193548387097,0.08568548387096797
37,9360,valence,5.0,4.914314516129032,4.145161290322581,0.854838709677419,0.08568548387096797
37,Lake_3,valence,5.0,4.914314516129032,6.209677419354839,-1.209677419354839,0.08568548387096797
37,3170,valence,3.0,4.914314516129032,1.7903225806451613,1.2096774193548387,-1.914314516129032
37,8080,valence,5.0,4.914314516129032,5.854838709677419,-0.854838709677419,0.08568548387096797
37,Snow_1,valence,5.0,4.914314516129032,6.419354838709677,-1.419354838709677,0.08568548387096797
37,4220,valence,6.0,4.914314516129032,6.419354838709677,-0.41935483870967705,1.085685483870968
37,5760,valence,6.0,4.914314516129032,7.193548387096774,-1.193548387096774,1.085685483870968
37,3063,valence,3.0,4.914314516129032,1.7419354838709677,1.2580645161290323,-1.914314516129032
37,3080,valence,3.0,4.914314516129032,2.0161290322580645,0.9838709677419355,-1.914314516129032
38,Dummy_1,valence,4.0,4.914818548387097,2.2419354838709675,1.7580645161290325,-0.914818548387097
38,3053,valence,2.0,4.914818548387097,1.6774193548387097,0.32258064516129026,-2.914818548387097
38,Tumor_1,valence,3.0,4.914818548387097,2.629032258064516,0.370967741935484,-1.914818548387097
38,Dog_18,valence,7.0,4.914818548387097,7.741935483870968,-0.741935483870968,2.085181451612903
38,Miserable_pose_3,valence,1.0,4.914818548387097,1.564516129032258,-0.564516129032258,-3.914818548387097
38,Pinecone_1,valence,6.0,4.914818548387097,5.629032258064516,0.370967741935484,1.085181451612903
38,Garbage_dump_6,valence,1.0,4.914818548387097,2.9516129032258065,-1.9516129032258065,-3.914818548387097
38,Depressed_pose_4,valence,4.0,4.914818548387097,3.7903225806451615,0.20967741935483852,-0.914818548387097
38,Angry_face_1,valence,7.0,4.914818548387097,4.354838709677419,2.645161290322581,2.085181451612903
38,Dog_26,valence,3.0,4.914818548387097,1.6451612903225807,1.3548387096774193,-1.914818548387097
38,8370,valence,6.0,4.914818548387097,6.564516129032258,-0.564516129032258,1.085181451612903
38,Dog_6,valence,9.0,4.914818548387097,7.758064516129032,1.241935483870968,4.085181451612903
38,9220,valence,4.0,4.914818548387097,2.5161290322580645,1.4838709677419355,-0.914818548387097
38,Lake_12,valence,6.0,4.914818548387097,7.451612903225806,-1.451612903225806,1.085181451612903
38,2314,valence,4.0,4.914818548387097,7.225806451612903,-3.225806451612903,-0.914818548387097
38,1750,valence,7.0,4.914818548387097,7.161290322580645,-0.16129032258064502,2.085181451612903
38,8492,valence,4.0,4.914818548387097,6.709677419354839,-2.709677419354839,-0.914818548387097
38,1441,valence,8.0,4.914818548387097,7.516129032258065,0.48387096774193505,3.085181451612903
38,Flowers_6,valence,6.0,4.914818548387097,6.741935483870968,-0.741935483870968,1.085181451612903
38,Yarn_1,valence,4.0,4.914818548387097,5.354838709677419,-1.354838709677419,-0.914818548387097
38,9331,valence,4.0,4.914818548387097,3.838709677419355,0.16129032258064502,-0.914818548387097
38,Beach_1,valence,6.0,4.914818548387097,7.661290322580645,-1.661290322580645,1.085181451612903
38,2491,valence,3.0,4.914818548387097,4.758064516129032,-1.758064516129032,-1.914818548387097
38,9360,valence,3.0,4.914818548387097,4.17741935483871,-1.17741935483871,-1.914818548387097
38,Lake_3,valence,4.0,4.914818548387097,6.225806451612903,-2.225806451612903,-0.914818548387097
38,3170,valence,4.0,4.914818548387097,1.7741935483870968,2.225806451612903,-0.914818548387097
38,8080,valence,4.0,4.914818548387097,5.870967741935484,-1.870967741935484,-0.914818548387097
38,Snow_1,valence,8.0,4.914818548387097,6.370967741935484,1.629032258064516,3.085181451612903
38,4220,valence,5.0,4.914818548387097,6.435483870967742,-1.435483870967742,0.08518145161290303
38,5760,valence,5.0,4.914818548387097,7.209677419354839,-2.209677419354839,0.08518145161290303
38,3063,valence,4.0,4.914818548387097,1.7258064516129032,2.274193548387097,-0.914818548387097
38,3080,valence,4.0,4.914818548387097,2.0,2.0,-0.914818548387097
39,Dummy_1,valence,1.0,4.914818548387097,2.2903225806451615,-1.2903225806451615,-3.914818548387097
39,3053,valence,1.0,4.914818548387097,1.6935483870967742,-0.6935483870967742,-3.914818548387097
39,Tumor_1,valence,1.0,4.914818548387097,2.661290322580645,-1.661290322580645,-3.914818548387097
39,Dog_18,valence,9.0,4.914818548387097,7.709677419354839,1.290322580645161,4.085181451612903
39,Miserable_pose_3,valence,1.0,4.914818548387097,1.564516129032258,-0.564516129032258,-3.914818548387097
39,Pinecone_1,valence,8.0,4.914818548387097,5.596774193548387,2.403225806451613,3.085181451612903
39,Garbage_dump_6,valence,2.0,4.914818548387097,2.935483870967742,-0.935483870967742,-2.914818548387097
39,Depressed_pose_4,valence,5.0,4.914818548387097,3.774193548387097,1.225806451612903,0.08518145161290303
39,Angry_face_1,valence,2.0,4.914818548387097,4.435483870967742,-2.435483870967742,-2.914818548387097
39,Dog_26,valence,1.0,4.914818548387097,1.6774193548387097,-0.6774193548387097,-3.914818548387097
39,8370,valence,7.0,4.914818548387097,6.548387096774194,0.45161290322580605,2.085181451612903
39,Dog_6,valence,9.0,4.914818548387097,7.758064516129032,1.241935483870968,4.085181451612903
39,9220,valence,1.0,4.914818548387097,2.564516129032258,-1.564516129032258,-3.914818548387097
39,Lake_12,valence,6.0,4.914818548387097,7.451612903225806,-1.451612903225806,1.085181451612903
39,2314,valence,7.0,4.914818548387097,7.17741935483871,-0.17741935483870996,2.085181451612903
39,1750,valence,7.0,4.914818548387097,7.161290322580645,-0.16129032258064502,2.085181451612903
39,8492,valence,4.0,4.914818548387097,6.709677419354839,-2.709677419354839,-0.914818548387097
39,1441,valence,7.0,4.914818548387097,7.532258064516129,-0.532258064516129,2.085181451612903
39,Flowers_6,valence,6.0,4.914818548387097,6.741935483870968,-0.741935483870968,1.085181451612903
39,Yarn_1,valence,6.0,4.914818548387097,5.32258064516129,0.67741935483871,1.085181451612903
39,9331,valence,4.0,4.914818548387097,3.838709677419355,0.16129032258064502,-0.914818548387097
39,Beach_1,valence,9.0,4.914818548387097,7.612903225806452,1.387096774193548,4.085181451612903
39,2491,valence,5.0,4.914818548387097,4.725806451612903,0.274193548387097,0.08518145161290303
39,9360,valence,5.0,4.914818548387097,4.145161290322581,0.854838709677419,0.08518145161290303
39,Lake_3,valence,7.0,4.914818548387097,6.17741935483871,0.82258064516129,2.085181451612903
39,3170,valence,1.0,4.914818548387097,1.8225806451612903,-0.8225806451612903,-3.914818548387097
39,8080,valence,5.0,4.914818548387097,5.854838709677419,-0.854838709677419,0.08518145161290303
39,Snow_1,valence,7.0,4.914818548387097,6.387096774193548,0.612903225806452,2.085181451612903
39,4220,valence,6.0,4.914818548387097,6.419354838709677,-0.41935483870967705,1.085181451612903
39,5760,valence,8.0,4.914818548387097,7.161290322580645,0.838709677419355,3.085181451612903
39,3063,valence,1.0,4.914818548387097,1.7741935483870968,-0.7741935483870968,-3.914818548387097
39,3080,valence,1.0,4.914818548387097,2.0483870967741935,-1.0483870967741935,-3.914818548387097
40,Dummy_1,valence,2.0,4.907762096774194,2.274193548387097,-0.274193548387097,-2.907762096774194
40,3053,valence,1.0,4.907762096774194,1.6935483870967742,-0.6935483870967742,-3.907762096774194
40,Tumor_1,valence,1.0,4.907762096774194,2.661290322580645,-1.661290322580645,-3.907762096774194
40,Dog_18,valence,9.0,4.907762096774194,7.709677419354839,1.290322580645161,4.092237903225806
40,Miserable_pose_3,valence,1.0,4.907762096774194,1.564516129032258,-0.564516129032258,-3.907762096774194
40,Pinecone_1,valence,5.0,4.907762096774194,5.645161290322581,-0.645161290322581,0.09223790322580605
40,Garbage_dump_6,valence,2.0,4.907762096774194,2.935483870967742,-0.935483870967742,-2.907762096774194
40,Depressed_pose_4,valence,4.0,4.907762096774194,3.7903225806451615,0.20967741935483852,-0.907762096774194
40,Angry_face_1,valence,4.0,4.907762096774194,4.403225806451613,-0.403225806451613,-0.907762096774194
40,Dog_26,valence,1.0,4.907762096774194,1.6774193548387097,-0.6774193548387097,-3.907762096774194
40,8370,valence,5.0,4.907762096774194,6.580645161290323,-1.580645161290323,0.09223790322580605
40,Dog_6,valence,8.0,4.907762096774194,7.774193548387097,0.22580645161290303,3.092237903225806
40,9220,valence,1.0,4.907762096774194,2.564516129032258,-1.564516129032258,-3.907762096774194
40,Lake_12,valence,8.0,4.907762096774194,7.419354838709677,0.580645161290323,3.092237903225806
40,2314,valence,9.0,4.907762096774194,7.145161290322581,1.854838709677419,4.092237903225806
40,1750,valence,9.0,4.907762096774194,7.129032258064516,1.870967741935484,4.092237903225806
40,8492,valence,8.0,4.907762096774194,6.645161290322581,1.354838709677419,3.092237903225806
40,1441,valence,9.0,4.907762096774194,7.5,1.5,4.092237903225806
40,Flowers_6,valence,9.0,4.907762096774194,6.693548387096774,2.306451612903226,4.092237903225806
40,Yarn_1,valence,8.0,4.907762096774194,5.290322580645161,2.709677419354839,3.092237903225806
40,9331,valence,2.0,4.907762096774194,3.870967741935484,-1.870967741935484,-2.907762096774194
40,Beach_1,valence,9.0,4.907762096774194,7.612903225806452,1.387096774193548,4.092237903225806
40,2491,valence,4.0,4.907762096774194,4.741935483870968,-0.741935483870968,-0.907762096774194
40,9360,valence,7.0,4.907762096774194,4.112903225806452,2.887096774193548,2.092237903225806
40,Lake_3,valence,7.0,4.907762096774194,6.17741935483871,0.82258064516129,2.092237903225806
40,3170,valence,1.0,4.907762096774194,1.8225806451612903,-0.8225806451612903,-3.907762096774194
40,8080,valence,4.0,4.907762096774194,5.870967741935484,-1.870967741935484,-0.907762096774194
40,Snow_1,valence,7.0,4.907762096774194,6.387096774193548,0.612903225806452,2.092237903225806
40,4220,valence,9.0,4.907762096774194,6.370967741935484,2.629032258064516,4.092237903225806
40,5760,valence,8.0,4.907762096774194,7.161290322580645,0.838709677419355,3.092237903225806
40,3063,valence,1.0,4.907762096774194,1.7741935483870968,-0.7741935483870968,-3.907762096774194
40,3080,valence,1.0,4.907762096774194,2.0483870967741935,-1.0483870967741935,-3.907762096774194
41,Dummy_1,valence,5.0,4.907258064516129,2.225806451612903,2.774193548387097,0.092741935483871
41,3053,valence,3.0,4.907258064516129,1.6612903225806452,1.3387096774193548,-1.907258064516129
41,Tumor_1,valence,5.0,4.907258064516129,2.596774193548387,2.403225806451613,0.092741935483871
41,Dog_18,valence,7.0,4.907258064516129,7.741935483870968,-0.741935483870968,2.092741935483871
41,Miserable_pose_3,valence,3.0,4.907258064516129,1.532258064516129,1.467741935483871,-1.907258064516129
41,Pinecone_1,valence,5.0,4.907258064516129,5.645161290322581,-0.645161290322581,0.092741935483871
41,Garbage_dump_6,valence,4.0,4.907258064516129,2.903225806451613,1.096774193548387,-0.907258064516129
41,Depressed_pose_4,valence,4.0,4.907258064516129,3.7903225806451615,0.20967741935483852,-0.907258064516129
41,Angry_face_1,valence,5.0,4.907258064516129,4.387096774193548,0.612903225806452,0.092741935483871
41,Dog_26,valence,2.0,4.907258064516129,1.6612903225806452,0.33870967741935476,-2.907258064516129
41,8370,valence,6.0,4.907258064516129,6.564516129032258,-0.564516129032258,1.092741935483871
41,Dog_6,valence,7.0,4.907258064516129,7.790322580645161,-0.790322580645161,2.092741935483871
41,9220,valence,5.0,4.907258064516129,2.5,2.5,0.092741935483871
41,Lake_12,valence,8.0,4.907258064516129,7.419354838709677,0.580645161290323,3.092741935483871
41,2314,valence,5.0,4.907258064516129,7.209677419354839,-2.209677419354839,0.092741935483871
41,1750,valence,6.0,4.907258064516129,7.17741935483871,-1.17741935483871,1.092741935483871
41,8492,valence,7.0,4.907258064516129,6.661290322580645,0.338709677419355,2.092741935483871
41,1441,valence,6.0,4.907258064516129,7.548387096774194,-1.548387096774194,1.092741935483871
41,Flowers_6,valence,5.0,4.907258064516129,6.758064516129032,-1.758064516129032,0.092741935483871
41,Yarn_1,valence,4.0,4.907258064516129,5.354838709677419,-1.354838709677419,-0.907258064516129
41,9331,valence,4.0,4.907258064516129,3.838709677419355,0.16129032258064502,-0.907258064516129
41,Beach_1,valence,7.0,4.907258064516129,7.645161290322581,-0.645161290322581,2.092741935483871
41,2491,valence,5.0,4.907258064516129,4.725806451612903,0.274193548387097,0.092741935483871
41,9360,valence,5.0,4.907258064516129,4.145161290322581,0.854838709677419,0.092741935483871
41,Lake_3,valence,4.0,4.907258064516129,6.225806451612903,-2.225806451612903,-0.907258064516129
41,3170,valence,4.0,4.907258064516129,1.7741935483870968,2.225806451612903,-0.907258064516129
41,8080,valence,5.0,4.907258064516129,5.854838709677419,-0.854838709677419,0.092741935483871
41,Snow_1,valence,7.0,4.907258064516129,6.387096774193548,0.612903225806452,2.092741935483871
41,4220,valence,6.0,4.907258064516129,6.419354838709677,-0.41935483870967705,1.092741935483871
41,5760,valence,6.0,4.907258064516129,7.193548387096774,-1.193548387096774,1.092741935483871
41,3063,valence,5.0,4.907258064516129,1.7096774193548387,3.290322580645161,0.092741935483871
41,3080,valence,5.0,4.907258064516129,1.9838709677419355,3.0161290322580645,0.092741935483871
42,Dummy_1,valence,1.0,4.907762096774194,2.2903225806451615,-1.2903225806451615,-3.907762096774194
42,3053,valence,1.0,4.907762096774194,1.6935483870967742,-0.6935483870967742,-3.907762096774194
42,Tumor_1,valence,2.0,4.907762096774194,2.6451612903225805,-0.6451612903225805,-2.907762096774194
42,Dog_18,valence,7.0,4.907762096774194,7.741935483870968,-0.741935483870968,2.092237903225806
42,Miserable_pose_3,valence,1.0,4.907762096774194,1.564516129032258,-0.564516129032258,-3.907762096774194
42,Pinecone_1,valence,5.0,4.907762096774194,5.645161290322581,-0.645161290322581,0.09223790322580605
42,Garbage_dump_6,valence,3.0,4.907762096774194,2.9193548387096775,0.08064516129032251,-1.907762096774194
42,Depressed_pose_4,valence,4.0,4.907762096774194,3.7903225806451615,0.20967741935483852,-0.907762096774194
42,Angry_face_1,valence,4.0,4.907762096774194,4.403225806451613,-0.403225806451613,-0.907762096774194
42,Dog_26,valence,2.0,4.907762096774194,1.6612903225806452,0.33870967741935476,-2.907762096774194
42,8370,valence,7.0,4.907762096774194,6.548387096774194,0.45161290322580605,2.092237903225806
42,Dog_6,valence,9.0,4.907762096774194,7.758064516129032,1.241935483870968,4.092237903225806
42,9220,valence,1.0,4.907762096774194,2.564516129032258,-1.564516129032258,-3.907762096774194
42,Lake_12,valence,7.0,4.907762096774194,7.435483870967742,-0.435483870967742,2.092237903225806
42,2314,valence,9.0,4.907762096774194,7.145161290322581,1.854838709677419,4.092237903225806
42,1750,valence,8.0,4.907762096774194,7.145161290322581,0.854838709677419,3.092237903225806
42,8492,valence,8.0,4.907762096774194,6.645161290322581,1.354838709677419,3.092237903225806
42,1441,valence,8.0,4.907762096774194,7.516129032258065,0.48387096774193505,3.092237903225806
42,Flowers_6,valence,8.0,4.907762096774194,6.709677419354839,1.290322580645161,3.092237903225806
42,Yarn_1,valence,8.0,4.907762096774194,5.290322580645161,2.709677419354839,3.092237903225806
42,9331,valence,2.0,4.907762096774194,3.870967741935484,-1.870967741935484,-2.907762096774194
42,Beach_1,valence,8.0,4.907762096774194,7.629032258064516,0.370967741935484,3.092237903225806
42,2491,valence,5.0,4.907762096774194,4.725806451612903,0.274193548387097,0.09223790322580605
42,9360,valence,4.0,4.907762096774194,4.161290322580645,-0.16129032258064502,-0.907762096774194
42,Lake_3,valence,7.0,4.907762096774194,6.17741935483871,0.82258064516129,2.092237903225806
42,3170,valence,1.0,4.907762096774194,1.8225806451612903,-0.8225806451612903,-3.907762096774194
42,8080,valence,7.0,4.907762096774194,5.82258064516129,1.17741935483871,2.092237903225806
42,Snow_1,valence,8.0,4.907762096774194,6.370967741935484,1.629032258064516,3.092237903225806
42,4220,valence,8.0,4.907762096774194,6.387096774193548,1.612903225806452,3.092237903225806
42,5760,valence,8.0,4.907762096774194,7.161290322580645,0.838709677419355,3.092237903225806
42,3063,valence,1.0,4.907762096774194,1.7741935483870968,-0.7741935483870968,-3.907762096774194
42,3080,valence,2.0,4.907762096774194,2.032258064516129,-0.032258064516129004,-2.907762096774194
43,Dummy_1,valence,1.0,4.906754032258065,2.2903225806451615,-1.2903225806451615,-3.906754032258065
43,3053,valence,1.0,4.906754032258065,1.6935483870967742,-0.6935483870967742,-3.906754032258065
43,Tumor_1,valence,3.0,4.906754032258065,2.629032258064516,0.370967741935484,-1.906754032258065
43,Dog_18,valence,9.0,4.906754032258065,7.709677419354839,1.290322580645161,4.093245967741935
43,Miserable_pose_3,valence,1.0,4.906754032258065,1.564516129032258,-0.564516129032258,-3.906754032258065
43,Pinecone_1,valence,7.0,4.906754032258065,5.612903225806452,1.387096774193548,2.093245967741935
43,Garbage_dump_6,valence,4.0,4.906754032258065,2.903225806451613,1.096774193548387,-0.906754032258065
43,Depressed_pose_4,valence,5.0,4.906754032258065,3.774193548387097,1.225806451612903,0.09324596774193505
43,Angry_face_1,valence,5.0,4.906754032258065,4.387096774193548,0.612903225806452,0.09324596774193505
43,Dog_26,valence,1.0,4.906754032258065,1.6774193548387097,-0.6774193548387097,-3.906754032258065
43,8370,valence,6.0,4.906754032258065,6.564516129032258,-0.564516129032258,1.093245967741935
43,Dog_6,valence,8.0,4.906754032258065,7.774193548387097,0.22580645161290303,3.093245967741935
43,9220,valence,3.0,4.906754032258065,2.532258064516129,0.467741935483871,-1.906754032258065
43,Lake_12,valence,9.0,4.906754032258065,7.403225806451613,1.596774193548387,4.093245967741935
43,2314,valence,8.0,4.906754032258065,7.161290322580645,0.838709677419355,3.093245967741935
43,1750,valence,7.0,4.906754032258065,7.161290322580645,-0.16129032258064502,2.093245967741935
43,8492,valence,8.0,4.906754032258065,6.645161290322581,1.354838709677419,3.093245967741935
43,1441,valence,7.0,4.906754032258065,7.532258064516129,-0.532258064516129,2.093245967741935
43,Flowers_6,valence,8.0,4.906754032258065,6.709677419354839,1.290322580645161,3.093245967741935
43,Yarn_1,valence,6.0,4.906754032258065,5.32258064516129,0.67741935483871,1.093245967741935
43,9331,valence,2.0,4.906754032258065,3.870967741935484,-1.870967741935484,-2.906754032258065
43,Beach_1,valence,9.0,4.906754032258065,7.612903225806452,1.387096774193548,4.093245967741935
43,2491,valence,5.0,4.906754032258065,4.725806451612903,0.274193548387097,0.09324596774193505
43,9360,valence,4.0,4.906754032258065,4.161290322580645,-0.16129032258064502,-0.906754032258065
43,Lake_3,valence,8.0,4.906754032258065,6.161290322580645,1.838709677419355,3.093245967741935
43,3170,valence,1.0,4.906754032258065,1.8225806451612903,-0.8225806451612903,-3.906754032258065
43,8080,valence,7.0,4.906754032258065,5.82258064516129,1.17741935483871,2.093245967741935
43,Snow_1,valence,5.0,4.906754032258065,6.419354838709677,-1.419354838709677,0.09324596774193505
43,4220,valence,7.0,4.906754032258065,6.403225806451613,0.596774193548387,2.093245967741935
43,5760,valence,9.0,4.906754032258065,7.145161290322581,1.854838709677419,4.093245967741935
43,3063,valence,1.0,4.906754032258065,1.7741935483870968,-0.7741935483870968,-3.906754032258065
43,3080,valence,1.0,4.906754032258065,2.0483870967741935,-1.0483870967741935,-3.906754032258065
44,Dummy_1,valence,3.0,4.899697580645161,2.2580645161290325,0.7419354838709675,-1.899697580645161
44,3053,valence,3.0,4.899697580645161,1.6612903225806452,1.3387096774193548,-1.899697580645161
44,Tumor_1,valence,3.0,4.899697580645161,2.629032258064516,0.370967741935484,-1.899697580645161
44,Dog_18,valence,8.0,4.899697580645161,7.725806451612903,0.274193548387097,3.100302419354839
44,Miserable_pose_3,valence,4.0,4.899697580645161,1.5161290322580645,2.4838709677419355,-0.899697580645161
44,Pinecone_1,valence,9.0,4.899697580645161,5.580645161290323,3.419354838709677,4.100302419354839
44,Garbage_dump_6,valence,5.0,4.899697580645161,2.8870967741935485,2.1129032258064515,0.10030241935483897
44,Depressed_pose_4,valence,5.0,4.899697580645161,3.774193548387097,1.225806451612903,0.10030241935483897
44,Angry_face_1,valence,5.0,4.899697580645161,4.387096774193548,0.612903225806452,0.10030241935483897
44,Dog_26,valence,1.0,4.899697580645161,1.6774193548387097,-0.6774193548387097,-3.899697580645161
44,8370,valence,7.0,4.899697580645161,6.548387096774194,0.45161290322580605,2.100302419354839
44,Dog_6,valence,9.0,4.899697580645161,7.758064516129032,1.241935483870968,4.100302419354839
44,9220,valence,2.0,4.899697580645161,2.5483870967741935,-0.5483870967741935,-2.899697580645161
44,Lake_12,valence,9.0,4.899697580645161,7.403225806451613,1.596774193548387,4.100302419354839
44,2314,valence,5.0,4.899697580645161,7.209677419354839,-2.209677419354839,0.10030241935483897
44,1750,valence,7.0,4.899697580645161,7.161290322580645,-0.16129032258064502,2.100302419354839
44,8492,valence,9.0,4.899697580645161,6.629032258064516,2.370967741935484,4.100302419354839
44,1441,valence,6.0,4.899697580645161,7.548387096774194,-1.548387096774194,1.100302419354839
44,Flowers_6,valence,9.0,4.899697580645161,6.693548387096774,2.306451612903226,4.100302419354839
44,Yarn_1,valence,5.0,4.899697580645161,5.338709677419355,-0.338709677419355,0.10030241935483897
44,9331,valence,5.0,4.899697580645161,3.8225806451612905,1.1774193548387095,0.10030241935483897
44,Beach_1,valence,6.0,4.899697580645161,7.661290322580645,-1.661290322580645,1.100302419354839
44,2491,valence,5.0,4.899697580645161,4.725806451612903,0.274193548387097,0.10030241935483897
44,9360,valence,5.0,4.899697580645161,4.145161290322581,0.854838709677419,0.10030241935483897
44,Lake_3,valence,9.0,4.899697580645161,6.145161290322581,2.854838709677419,4.100302419354839
44,3170,valence,3.0,4.899697580645161,1.7903225806451613,1.2096774193548387,-1.899697580645161
44,8080,valence,5.0,4.899697580645161,5.854838709677419,-0.854838709677419,0.10030241935483897
44,Snow_1,valence,8.0,4.899697580645161,6.370967741935484,1.629032258064516,3.100302419354839
44,4220,valence,5.0,4.899697580645161,6.435483870967742,-1.435483870967742,0.10030241935483897
44,5760,valence,8.0,4.899697580645161,7.161290322580645,0.838709677419355,3.100302419354839
44,3063,valence,4.0,4.899697580645161,1.7258064516129032,2.274193548387097,-0.899697580645161
44,3080,valence,3.0,4.899697580645161,2.0161290322580645,0.9838709677419355,-1.899697580645161
45,Dummy_1,valence,2.0,4.912802419354839,2.274193548387097,-0.274193548387097,-2.912802419354839
45,3053,valence,2.0,4.912802419354839,1.6774193548387097,0.32258064516129026,-2.912802419354839
45,Tumor_1,valence,3.0,4.912802419354839,2.629032258064516,0.370967741935484,-1.912802419354839
45,Dog_18,valence,7.0,4.912802419354839,7.741935483870968,-0.741935483870968,2.087197580645161
45,Miserable_pose_3,valence,2.0,4.912802419354839,1.5483870967741935,0.4516129032258065,-2.912802419354839
45,Pinecone_1,valence,5.0,4.912802419354839,5.645161290322581,-0.645161290322581,0.08719758064516103
45,Garbage_dump_6,valence,2.0,4.912802419354839,2.935483870967742,-0.935483870967742,-2.912802419354839
45,Depressed_pose_4,valence,3.0,4.912802419354839,3.806451612903226,-0.806451612903226,-1.912802419354839
45,Angry_face_1,valence,5.0,4.912802419354839,4.387096774193548,0.612903225806452,0.08719758064516103
45,Dog_26,valence,2.0,4.912802419354839,1.6612903225806452,0.33870967741935476,-2.912802419354839
45,8370,valence,8.0,4.912802419354839,6.532258064516129,1.467741935483871,3.087197580645161
45,Dog_6,valence,7.0,4.912802419354839,7.790322580645161,-0.790322580645161,2.087197580645161
45,9220,valence,3.0,4.912802419354839,2.532258064516129,0.467741935483871,-1.912802419354839
45,Lake_12,valence,6.0,4.912802419354839,7.451612903225806,-1.451612903225806,1.087197580645161
45,2314,valence,7.0,4.912802419354839,7.17741935483871,-0.17741935483870996,2.087197580645161
45,1750,valence,6.0,4.912802419354839,7.17741935483871,-1.17741935483871,1.087197580645161
45,8492,valence,7.0,4.912802419354839,6.661290322580645,0.338709677419355,2.087197580645161
45,1441,valence,7.0,4.912802419354839,7.532258064516129,-0.532258064516129,2.087197580645161
45,Flowers_6,valence,5.0,4.912802419354839,6.758064516129032,-1.758064516129032,0.08719758064516103
45,Yarn_1,valence,3.0,4.912802419354839,5.370967741935484,-2.370967741935484,-1.912802419354839
45,9331,valence,5.0,4.912802419354839,3.8225806451612905,1.1774193548387095,0.08719758064516103
45,Beach_1,valence,8.0,4.912802419354839,7.629032258064516,0.370967741935484,3.087197580645161
45,2491,valence,5.0,4.912802419354839,4.725806451612903,0.274193548387097,0.08719758064516103
45,9360,valence,4.0,4.912802419354839,4.161290322580645,-0.16129032258064502,-0.912802419354839
45,Lake_3,valence,6.0,4.912802419354839,6.193548387096774,-0.19354838709677402,1.087197580645161
45,3170,valence,3.0,4.912802419354839,1.7903225806451613,1.2096774193548387,-1.912802419354839
45,8080,valence,7.0,4.912802419354839,5.82258064516129,1.17741935483871,2.087197580645161
45,Snow_1,valence,5.0,4.912802419354839,6.419354838709677,-1.419354838709677,0.08719758064516103
45,4220,valence,8.0,4.912802419354839,6.387096774193548,1.612903225806452,3.087197580645161
45,5760,valence,7.0,4.912802419354839,7.17741935483871,-0.17741935483870996,2.087197580645161
45,3063,valence,2.0,4.912802419354839,1.7580645161290323,0.24193548387096775,-2.912802419354839
45,3080,valence,2.0,4.912802419354839,2.032258064516129,-0.032258064516129004,-2.912802419354839
46,Dummy_1,valence,2.0,4.917338709677419,2.274193548387097,-0.274193548387097,-2.917338709677419
46,3053,valence,1.0,4.917338709677419,1.6935483870967742,-0.6935483870967742,-3.917338709677419
46,Tumor_1,valence,1.0,4.917338709677419,2.661290322580645,-1.661290322580645,-3.917338709677419
46,Dog_18,valence,8.0,4.917338709677419,7.725806451612903,0.274193548387097,3.082661290322581
46,Miserable_pose_3,valence,1.0,4.917338709677419,1.564516129032258,-0.564516129032258,-3.917338709677419
46,Pinecone_1,valence,6.0,4.917338709677419,5.629032258064516,0.370967741935484,1.082661290322581
46,Garbage_dump_6,valence,2.0,4.917338709677419,2.935483870967742,-0.935483870967742,-2.917338709677419
46,Depressed_pose_4,valence,3.0,4.917338709677419,3.806451612903226,-0.806451612903226,-1.917338709677419
46,Angry_face_1,valence,4.0,4.917338709677419,4.403225806451613,-0.403225806451613,-0.917338709677419
46,Dog_26,valence,1.0,4.917338709677419,1.6774193548387097,-0.6774193548387097,-3.917338709677419
46,8370,valence,4.0,4.917338709677419,6.596774193548387,-2.596774193548387,-0.917338709677419
46,Dog_6,valence,7.0,4.917338709677419,7.790322580645161,-0.790322580645161,2.082661290322581
46,9220,valence,1.0,4.917338709677419,2.564516129032258,-1.564516129032258,-3.917338709677419
46,Lake_12,valence,9.0,4.917338709677419,7.403225806451613,1.596774193548387,4.082661290322581
46,2314,valence,4.0,4.917338709677419,7.225806451612903,-3.225806451612903,-0.917338709677419
46,1750,valence,6.0,4.917338709677419,7.17741935483871,-1.17741935483871,1.082661290322581
46,8492,valence,6.0,4.917338709677419,6.67741935483871,-0.67741935483871,1.082661290322581
46,1441,valence,8.0,4.917338709677419,7.516129032258065,0.48387096774193505,3.082661290322581
46,Flowers_6,valence,9.0,4.917338709677419,6.693548387096774,2.306451612903226,4.082661290322581
46,Yarn_1,valence,5.0,4.917338709677419,5.338709677419355,-0.338709677419355,0.08266129032258096
46,9331,valence,3.0,4.917338709677419,3.8548387096774195,-0.8548387096774195,-1.917338709677419
46,Beach_1,valence,9.0,4.917338709677419,7.612903225806452,1.387096774193548,4.082661290322581
46,2491,valence,4.0,4.917338709677419,4.741935483870968,-0.741935483870968,-0.917338709677419
46,9360,valence,2.0,4.917338709677419,4.193548387096774,-2.193548387096774,-2.917338709677419
46,Lake_3,valence,8.0,4.917338709677419,6.161290322580645,1.838709677419355,3.082661290322581
46,3170,valence,1.0,4.917338709677419,1.8225806451612903,-0.8225806451612903,-3.917338709677419
46,8080,valence,5.0,4.917338709677419,5.854838709677419,-0.854838709677419,0.08266129032258096
46,Snow_1,valence,8.0,4.917338709677419,6.370967741935484,1.629032258064516,3.082661290322581
46,4220,valence,5.0,4.917338709677419,6.435483870967742,-1.435483870967742,0.08266129032258096
46,5760,valence,9.0,4.917338709677419,7.145161290322581,1.854838709677419,4.082661290322581
46,3063,valence,1.0,4.917338709677419,1.7741935483870968,-0.7741935483870968,-3.917338709677419
46,3080,valence,2.0,4.917338709677419,2.032258064516129,-0.032258064516129004,-2.917338709677419
47,Dummy_1,valence,1.0,4.91179435483871,2.2903225806451615,-1.2903225806451615,-3.91179435483871
47,3053,valence,1.0,4.91179435483871,1.6935483870967742,-0.6935483870967742,-3.91179435483871
47,Tumor_1,valence,1.0,4.91179435483871,2.661290322580645,-1.661290322580645,-3.91179435483871
47,Dog_18,valence,9.0,4.91179435483871,7.709677419354839,1.290322580645161,4.08820564516129
47,Miserable_pose_3,valence,1.0,4.91179435483871,1.564516129032258,-0.564516129032258,-3.91179435483871
47,Pinecone_1,valence,9.0,4.91179435483871,5.580645161290323,3.419354838709677,4.08820564516129
47,Garbage_dump_6,valence,4.0,4.91179435483871,2.903225806451613,1.096774193548387,-0.91179435483871
47,Depressed_pose_4,valence,1.0,4.91179435483871,3.838709677419355,-2.838709677419355,-3.91179435483871
47,Angry_face_1,valence,5.0,4.91179435483871,4.387096774193548,0.612903225806452,0.08820564516129004
47,Dog_26,valence,4.0,4.91179435483871,1.6290322580645162,2.370967741935484,-0.91179435483871
47,8370,valence,2.0,4.91179435483871,6.629032258064516,-4.629032258064516,-2.91179435483871
47,Dog_6,valence,7.0,4.91179435483871,7.790322580645161,-0.790322580645161,2.08820564516129
47,9220,valence,2.0,4.91179435483871,2.5483870967741935,-0.5483870967741935,-2.91179435483871
47,Lake_12,valence,9.0,4.91179435483871,7.403225806451613,1.596774193548387,4.08820564516129
47,2314,valence,9.0,4.91179435483871,7.145161290322581,1.854838709677419,4.08820564516129
47,1750,valence,9.0,4.91179435483871,7.129032258064516,1.870967741935484,4.08820564516129
47,8492,valence,5.0,4.91179435483871,6.693548387096774,-1.693548387096774,0.08820564516129004
47,1441,valence,9.0,4.91179435483871,7.5,1.5,4.08820564516129
47,Flowers_6,valence,9.0,4.91179435483871,6.693548387096774,2.306451612903226,4.08820564516129
47,Yarn_1,valence,4.0,4.91179435483871,5.354838709677419,-1.354838709677419,-0.91179435483871
47,9331,valence,5.0,4.91179435483871,3.8225806451612905,1.1774193548387095,0.08820564516129004
47,Beach_1,valence,9.0,4.91179435483871,7.612903225806452,1.387096774193548,4.08820564516129
47,2491,valence,6.0,4.91179435483871,4.709677419354839,1.290322580645161,1.08820564516129
47,9360,valence,1.0,4.91179435483871,4.209677419354839,-3.209677419354839,-3.91179435483871
47,Lake_3,valence,4.0,4.91179435483871,6.225806451612903,-2.225806451612903,-0.91179435483871
47,3170,valence,1.0,4.91179435483871,1.8225806451612903,-0.8225806451612903,-3.91179435483871
47,8080,valence,5.0,4.91179435483871,5.854838709677419,-0.854838709677419,0.08820564516129004
47,Snow_1,valence,7.0,4.91179435483871,6.387096774193548,0.612903225806452,2.08820564516129
47,4220,valence,6.0,4.91179435483871,6.419354838709677,-0.41935483870967705,1.08820564516129
47,5760,valence,9.0,4.91179435483871,7.145161290322581,1.854838709677419,4.08820564516129
47,3063,valence,1.0,4.91179435483871,1.7741935483870968,-0.7741935483870968,-3.91179435483871
47,3080,valence,1.0,4.91179435483871,2.0483870967741935,-1.0483870967741935,-3.91179435483871
48,Dummy_1,valence,3.0,4.904737903225806,2.2580645161290325,0.7419354838709675,-1.904737903225806
48,3053,valence,3.0,4.904737903225806,1.6612903225806452,1.3387096774193548,-1.904737903225806
48,Tumor_1,valence,1.0,4.904737903225806,2.661290322580645,-1.661290322580645,-3.904737903225806
48,Dog_18,valence,9.0,4.904737903225806,7.709677419354839,1.290322580645161,4.095262096774194
48,Miserable_pose_3,valence,2.0,4.904737903225806,1.5483870967741935,0.4516129032258065,-2.904737903225806
48,Pinecone_1,valence,5.0,4.904737903225806,5.645161290322581,-0.645161290322581,0.09526209677419395
48,Garbage_dump_6,valence,2.0,4.904737903225806,2.935483870967742,-0.935483870967742,-2.904737903225806
48,Depressed_pose_4,valence,5.0,4.904737903225806,3.774193548387097,1.225806451612903,0.09526209677419395
48,Angry_face_1,valence,5.0,4.904737903225806,4.387096774193548,0.612903225806452,0.09526209677419395
48,Dog_26,valence,2.0,4.904737903225806,1.6612903225806452,0.33870967741935476,-2.904737903225806
48,8370,valence,5.0,4.904737903225806,6.580645161290323,-1.580645161290323,0.09526209677419395
48,Dog_6,valence,9.0,4.904737903225806,7.758064516129032,1.241935483870968,4.095262096774194
48,9220,valence,3.0,4.904737903225806,2.532258064516129,0.467741935483871,-1.904737903225806
48,Lake_12,valence,9.0,4.904737903225806,7.403225806451613,1.596774193548387,4.095262096774194
48,2314,valence,8.0,4.904737903225806,7.161290322580645,0.838709677419355,3.095262096774194
48,1750,valence,7.0,4.904737903225806,7.161290322580645,-0.16129032258064502,2.095262096774194
48,8492,valence,7.0,4.904737903225806,6.661290322580645,0.338709677419355,2.095262096774194
48,1441,valence,8.0,4.904737903225806,7.516129032258065,0.48387096774193505,3.095262096774194
48,Flowers_6,valence,6.0,4.904737903225806,6.741935483870968,-0.741935483870968,1.095262096774194
48,Yarn_1,valence,5.0,4.904737903225806,5.338709677419355,-0.338709677419355,0.09526209677419395
48,9331,valence,7.0,4.904737903225806,3.7903225806451615,3.2096774193548385,2.095262096774194
48,Beach_1,valence,9.0,4.904737903225806,7.612903225806452,1.387096774193548,4.095262096774194
48,2491,valence,5.0,4.904737903225806,4.725806451612903,0.274193548387097,0.09526209677419395
48,9360,valence,5.0,4.904737903225806,4.145161290322581,0.854838709677419,0.09526209677419395
48,Lake_3,valence,6.0,4.904737903225806,6.193548387096774,-0.19354838709677402,1.095262096774194
48,3170,valence,2.0,4.904737903225806,1.8064516129032258,0.19354838709677424,-2.904737903225806
48,8080,valence,7.0,4.904737903225806,5.82258064516129,1.17741935483871,2.095262096774194
48,Snow_1,valence,6.0,4.904737903225806,6.403225806451613,-0.403225806451613,1.095262096774194
48,4220,valence,7.0,4.904737903225806,6.403225806451613,0.596774193548387,2.095262096774194
48,5760,valence,7.0,4.904737903225806,7.17741935483871,-0.17741935483870996,2.095262096774194
48,3063,valence,2.0,4.904737903225806,1.7580645161290323,0.24193548387096775,-2.904737903225806
48,3080,valence,3.0,4.904737903225806,2.0161290322580645,0.9838709677419355,-1.904737903225806
49,Dummy_1,valence,4.0,4.910282258064516,2.2419354838709675,1.7580645161290325,-0.910282258064516
49,3053,valence,4.0,4.910282258064516,1.6451612903225807,2.354838709677419,-0.910282258064516
49,Tumor_1,valence,4.0,4.910282258064516,2.6129032258064515,1.3870967741935485,-0.910282258064516
49,Dog_18,valence,6.0,4.910282258064516,7.758064516129032,-1.758064516129032,1.089717741935484
49,Miserable_pose_3,valence,2.0,4.910282258064516,1.5483870967741935,0.4516129032258065,-2.910282258064516
49,Pinecone_1,valence,7.0,4.910282258064516,5.612903225806452,1.387096774193548,2.089717741935484
49,Garbage_dump_6,valence,5.0,4.910282258064516,2.8870967741935485,2.1129032258064515,0.08971774193548399
49,Depressed_pose_4,valence,5.0,4.910282258064516,3.774193548387097,1.225806451612903,0.08971774193548399
49,Angry_face_1,valence,5.0,4.910282258064516,4.387096774193548,0.612903225806452,0.08971774193548399
49,Dog_26,valence,3.0,4.910282258064516,1.6451612903225807,1.3548387096774193,-1.910282258064516
49,8370,valence,6.0,4.910282258064516,6.564516129032258,-0.564516129032258,1.089717741935484
49,Dog_6,valence,6.0,4.910282258064516,7.806451612903226,-1.806451612903226,1.089717741935484
49,9220,valence,4.0,4.910282258064516,2.5161290322580645,1.4838709677419355,-0.910282258064516
49,Lake_12,valence,6.0,4.910282258064516,7.451612903225806,-1.451612903225806,1.089717741935484
49,2314,valence,7.0,4.910282258064516,7.17741935483871,-0.17741935483870996,2.089717741935484
49,1750,valence,6.0,4.910282258064516,7.17741935483871,-1.17741935483871,1.089717741935484
49,8492,valence,5.0,4.910282258064516,6.693548387096774,-1.693548387096774,0.08971774193548399
49,1441,valence,7.0,4.910282258064516,7.532258064516129,-0.532258064516129,2.089717741935484
49,Flowers_6,valence,5.0,4.910282258064516,6.758064516129032,-1.758064516129032,0.08971774193548399
49,Yarn_1,valence,5.0,4.910282258064516,5.338709677419355,-0.338709677419355,0.08971774193548399
49,9331,valence,4.0,4.910282258064516,3.838709677419355,0.16129032258064502,-0.910282258064516
49,Beach_1,valence,5.0,4.910282258064516,7.67741935483871,-2.67741935483871,0.08971774193548399
49,2491,valence,5.0,4.910282258064516,4.725806451612903,0.274193548387097,0.08971774193548399
49,9360,valence,5.0,4.910282258064516,4.145161290322581,0.854838709677419,0.08971774193548399
49,Lake_3,valence,5.0,4.910282258064516,6.209677419354839,-1.209677419354839,0.08971774193548399
49,3170,valence,3.0,4.910282258064516,1.7903225806451613,1.2096774193548387,-1.910282258064516
49,8080,valence,6.0,4.910282258064516,5.838709677419355,0.16129032258064502,1.089717741935484
49,Snow_1,valence,5.0,4.910282258064516,6.419354838709677,-1.419354838709677,0.08971774193548399
49,4220,valence,6.0,4.910282258064516,6.419354838709677,-0.41935483870967705,1.089717741935484
49,5760,valence,7.0,4.910282258064516,7.17741935483871,-0.17741935483870996,2.089717741935484
49,3063,valence,2.0,4.910282258064516,1.7580645161290323,0.24193548387096775,-2.910282258064516
49,3080,valence,4.0,4.910282258064516,2.0,2.0,-0.910282258064516
50,Dummy_1,valence,1.0,4.91179435483871,2.2903225806451615,-1.2903225806451615,-3.91179435483871
50,3053,valence,1.0,4.91179435483871,1.6935483870967742,-0.6935483870967742,-3.91179435483871
50,Tumor_1,valence,2.0,4.91179435483871,2.6451612903225805,-0.6451612903225805,-2.91179435483871
50,Dog_18,valence,9.0,4.91179435483871,7.709677419354839,1.290322580645161,4.08820564516129
50,Miserable_pose_3,valence,1.0,4.91179435483871,1.564516129032258,-0.564516129032258,-3.91179435483871
50,Pinecone_1,valence,5.0,4.91179435483871,5.645161290322581,-0.645161290322581,0.08820564516129004
50,Garbage_dump_6,valence,1.0,4.91179435483871,2.9516129032258065,-1.9516129032258065,-3.91179435483871
50,Depressed_pose_4,valence,3.0,4.91179435483871,3.806451612903226,-0.806451612903226,-1.91179435483871
50,Angry_face_1,valence,2.0,4.91179435483871,4.435483870967742,-2.435483870967742,-2.91179435483871
50,Dog_26,valence,1.0,4.91179435483871,1.6774193548387097,-0.6774193548387097,-3.91179435483871
50,8370,valence,8.0,4.91179435483871,6.532258064516129,1.467741935483871,3.08820564516129
50,Dog_6,valence,9.0,4.91179435483871,7.758064516129032,1.241935483870968,4.08820564516129
50,9220,valence,1.0,4.91179435483871,2.564516129032258,-1.564516129032258,-3.91179435483871
50,Lake_12,valence,9.0,4.91179435483871,7.403225806451613,1.596774193548387,4.08820564516129
50,2314,valence,8.0,4.91179435483871,7.161290322580645,0.838709677419355,3.08820564516129
50,1750,valence,9.0,4.91179435483871,7.129032258064516,1.870967741935484,4.08820564516129
50,8492,valence,7.0,4.91179435483871,6.661290322580645,0.338709677419355,2.08820564516129
50,1441,valence,8.0,4.91179435483871,7.516129032258065,0.48387096774193505,3.08820564516129
50,Flowers_6,valence,8.0,4.91179435483871,6.709677419354839,1.290322580645161,3.08820564516129
50,Yarn_1,valence,5.0,4.91179435483871,5.338709677419355,-0.338709677419355,0.08820564516129004
50,9331,valence,2.0,4.91179435483871,3.870967741935484,-1.870967741935484,-2.91179435483871
50,Beach_1,valence,9.0,4.91179435483871,7.612903225806452,1.387096774193548,4.08820564516129
50,2491,valence,3.0,4.91179435483871,4.758064516129032,-1.758064516129032,-1.91179435483871
50,9360,valence,3.0,4.91179435483871,4.17741935483871,-1.17741935483871,-1.91179435483871
50,Lake_3,valence,8.0,4.91179435483871,6.161290322580645,1.838709677419355,3.08820564516129
50,3170,valence,1.0,4.91179435483871,1.8225806451612903,-0.8225806451612903,-3.91179435483871
50,8080,valence,6.0,4.91179435483871,5.838709677419355,0.16129032258064502,1.08820564516129
50,Snow_1,valence,8.0,4.91179435483871,6.370967741935484,1.629032258064516,3.08820564516129
50,4220,valence,7.0,4.91179435483871,6.403225806451613,0.596774193548387,2.08820564516129
50,5760,valence,9.0,4.91179435483871,7.145161290322581,1.854838709677419,4.08820564516129
50,3063,valence,1.0,4.91179435483871,1.7741935483870968,-0.7741935483870968,-3.91179435483871
50,3080,valence,1.0,4.91179435483871,2.0483870967741935,-1.0483870967741935,-3.91179435483871
52,Dummy_1,valence,4.0,4.920362903225806,2.2419354838709675,1.7580645161290325,-0.920362903225806
52,3053,valence,2.0,4.920362903225806,1.6774193548387097,0.32258064516129026,-2.920362903225806
52,Tumor_1,valence,2.0,4.920362903225806,2.6451612903225805,-0.6451612903225805,-2.920362903225806
52,Dog_18,valence,4.0,4.920362903225806,7.790322580645161,-3.790322580645161,-0.920362903225806
52,Miserable_pose_3,valence,2.0,4.920362903225806,1.5483870967741935,0.4516129032258065,-2.920362903225806
52,Pinecone_1,valence,6.0,4.920362903225806,5.629032258064516,0.370967741935484,1.079637096774194
52,Garbage_dump_6,valence,2.0,4.920362903225806,2.935483870967742,-0.935483870967742,-2.920362903225806
52,Depressed_pose_4,valence,3.0,4.920362903225806,3.806451612903226,-0.806451612903226,-1.920362903225806
52,Angry_face_1,valence,3.0,4.920362903225806,4.419354838709677,-1.419354838709677,-1.920362903225806
52,Dog_26,valence,1.0,4.920362903225806,1.6774193548387097,-0.6774193548387097,-3.920362903225806
52,8370,valence,3.0,4.920362903225806,6.612903225806452,-3.612903225806452,-1.920362903225806
52,Dog_6,valence,7.0,4.920362903225806,7.790322580645161,-0.790322580645161,2.079637096774194
52,9220,valence,4.0,4.920362903225806,2.5161290322580645,1.4838709677419355,-0.920362903225806
52,Lake_12,valence,7.0,4.920362903225806,7.435483870967742,-0.435483870967742,2.079637096774194
52,2314,valence,6.0,4.920362903225806,7.193548387096774,-1.193548387096774,1.079637096774194
52,1750,valence,8.0,4.920362903225806,7.145161290322581,0.854838709677419,3.079637096774194
52,8492,valence,6.0,4.920362903225806,6.67741935483871,-0.67741935483871,1.079637096774194
52,1441,valence,7.0,4.920362903225806,7.532258064516129,-0.532258064516129,2.079637096774194
52,Flowers_6,valence,5.0,4.920362903225806,6.758064516129032,-1.758064516129032,0.07963709677419395
52,Yarn_1,valence,5.0,4.920362903225806,5.338709677419355,-0.338709677419355,0.07963709677419395
52,9331,valence,3.0,4.920362903225806,3.8548387096774195,-0.8548387096774195,-1.920362903225806
52,Beach_1,valence,6.0,4.920362903225806,7.661290322580645,-1.661290322580645,1.079637096774194
52,2491,valence,6.0,4.920362903225806,4.709677419354839,1.290322580645161,1.079637096774194
52,9360,valence,2.0,4.920362903225806,4.193548387096774,-2.193548387096774,-2.920362903225806
52,Lake_3,valence,5.0,4.920362903225806,6.209677419354839,-1.209677419354839,0.07963709677419395
52,3170,valence,1.0,4.920362903225806,1.8225806451612903,-0.8225806451612903,-3.920362903225806
52,8080,valence,7.0,4.920362903225806,5.82258064516129,1.17741935483871,2.079637096774194
52,Snow_1,valence,4.0,4.920362903225806,6.435483870967742,-2.435483870967742,-0.920362903225806
52,4220,valence,7.0,4.920362903225806,6.403225806451613,0.596774193548387,2.079637096774194
52,5760,valence,5.0,4.920362903225806,7.209677419354839,-2.209677419354839,0.07963709677419395
52,3063,valence,2.0,4.920362903225806,1.7580645161290323,0.24193548387096775,-2.920362903225806
52,3080,valence,4.0,4.920362903225806,2.0,2.0,-0.920362903225806
53,Dummy_1,valence,1.0,4.921875,2.2903225806451615,-1.2903225806451615,-3.921875
53,3053,valence,1.0,4.921875,1.6935483870967742,-0.6935483870967742,-3.921875
53,Tumor_1,valence,1.0,4.921875,2.661290322580645,-1.661290322580645,-3.921875
53,Dog_18,valence,7.0,4.921875,7.741935483870968,-0.741935483870968,2.078125
53,Miserable_pose_3,valence,1.0,4.921875,1.564516129032258,-0.564516129032258,-3.921875
53,Pinecone_1,valence,6.0,4.921875,5.629032258064516,0.370967741935484,1.078125
53,Garbage_dump_6,valence,1.0,4.921875,2.9516129032258065,-1.9516129032258065,-3.921875
53,Depressed_pose_4,valence,2.0,4.921875,3.8225806451612905,-1.8225806451612905,-2.921875
53,Angry_face_1,valence,5.0,4.921875,4.387096774193548,0.612903225806452,0.078125
53,Dog_26,valence,1.0,4.921875,1.6774193548387097,-0.6774193548387097,-3.921875
53,8370,valence,7.0,4.921875,6.548387096774194,0.45161290322580605,2.078125
53,Dog_6,valence,6.0,4.921875,7.806451612903226,-1.806451612903226,1.078125
53,9220,valence,1.0,4.921875,2.564516129032258,-1.564516129032258,-3.921875
53,Lake_12,valence,7.0,4.921875,7.435483870967742,-0.435483870967742,2.078125
53,2314,valence,7.0,4.921875,7.17741935483871,-0.17741935483870996,2.078125
53,1750,valence,6.0,4.921875,7.17741935483871,-1.17741935483871,1.078125
53,8492,valence,5.0,4.921875,6.693548387096774,-1.693548387096774,0.078125
53,1441,valence,7.0,4.921875,7.532258064516129,-0.532258064516129,2.078125
53,Flowers_6,valence,8.0,4.921875,6.709677419354839,1.290322580645161,3.078125
53,Yarn_1,valence,5.0,4.921875,5.338709677419355,-0.338709677419355,0.078125
53,9331,valence,3.0,4.921875,3.8548387096774195,-0.8548387096774195,-1.921875
53,Beach_1,valence,8.0,4.921875,7.629032258064516,0.370967741935484,3.078125
53,2491,valence,5.0,4.921875,4.725806451612903,0.274193548387097,0.078125
53,9360,valence,3.0,4.921875,4.17741935483871,-1.17741935483871,-1.921875
53,Lake_3,valence,6.0,4.921875,6.193548387096774,-0.19354838709677402,1.078125
53,3170,valence,1.0,4.921875,1.8225806451612903,-0.8225806451612903,-3.921875
53,8080,valence,3.0,4.921875,5.887096774193548,-2.887096774193548,-1.921875
53,Snow_1,valence,7.0,4.921875,6.387096774193548,0.612903225806452,2.078125
53,4220,valence,6.0,4.921875,6.419354838709677,-0.41935483870967705,1.078125
53,5760,valence,7.0,4.921875,7.17741935483871,-0.17741935483870996,2.078125
53,3063,valence,1.0,4.921875,1.7741935483870968,-0.7741935483870968,-3.921875
53,3080,valence,1.0,4.921875,2.0483870967741935,-1.0483870967741935,-3.921875
54,Dummy_1,valence,4.0,4.906754032258065,2.2419354838709675,1.7580645161290325,-0.906754032258065
54,3053,valence,2.0,4.906754032258065,1.6774193548387097,0.32258064516129026,-2.906754032258065
54,Tumor_1,valence,5.0,4.906754032258065,2.596774193548387,2.403225806451613,0.09324596774193505
54,Dog_18,valence,8.0,4.906754032258065,7.725806451612903,0.274193548387097,3.093245967741935
54,Miserable_pose_3,valence,2.0,4.906754032258065,1.5483870967741935,0.4516129032258065,-2.906754032258065
54,Pinecone_1,valence,4.0,4.906754032258065,5.661290322580645,-1.661290322580645,-0.906754032258065
54,Garbage_dump_6,valence,2.0,4.906754032258065,2.935483870967742,-0.935483870967742,-2.906754032258065
54,Depressed_pose_4,valence,2.0,4.906754032258065,3.8225806451612905,-1.8225806451612905,-2.906754032258065
54,Angry_face_1,valence,5.0,4.906754032258065,4.387096774193548,0.612903225806452,0.09324596774193505
54,Dog_26,valence,1.0,4.906754032258065,1.6774193548387097,-0.6774193548387097,-3.906754032258065
54,8370,valence,6.0,4.906754032258065,6.564516129032258,-0.564516129032258,1.093245967741935
54,Dog_6,valence,9.0,4.906754032258065,7.758064516129032,1.241935483870968,4.093245967741935
54,9220,valence,2.0,4.906754032258065,2.5483870967741935,-0.5483870967741935,-2.906754032258065
54,Lake_12,valence,7.0,4.906754032258065,7.435483870967742,-0.435483870967742,2.093245967741935
54,2314,valence,8.0,4.906754032258065,7.161290322580645,0.838709677419355,3.093245967741935
54,1750,valence,8.0,4.906754032258065,7.145161290322581,0.854838709677419,3.093245967741935
54,8492,valence,7.0,4.906754032258065,6.661290322580645,0.338709677419355,2.093245967741935
54,1441,valence,8.0,4.906754032258065,7.516129032258065,0.48387096774193505,3.093245967741935
54,Flowers_6,valence,7.0,4.906754032258065,6.725806451612903,0.274193548387097,2.093245967741935
54,Yarn_1,valence,5.0,4.906754032258065,5.338709677419355,-0.338709677419355,0.09324596774193505
54,9331,valence,4.0,4.906754032258065,3.838709677419355,0.16129032258064502,-0.906754032258065
54,Beach_1,valence,8.0,4.906754032258065,7.629032258064516,0.370967741935484,3.093245967741935
54,2491,valence,7.0,4.906754032258065,4.693548387096774,2.306451612903226,2.093245967741935
54,9360,valence,4.0,4.906754032258065,4.161290322580645,-0.16129032258064502,-0.906754032258065
54,Lake_3,valence,2.0,4.906754032258065,6.258064516129032,-4.258064516129032,-2.906754032258065
54,3170,valence,3.0,4.906754032258065,1.7903225806451613,1.2096774193548387,-1.906754032258065
54,8080,valence,8.0,4.906754032258065,5.806451612903226,2.193548387096774,3.093245967741935
54,Snow_1,valence,5.0,4.906754032258065,6.419354838709677,-1.419354838709677,0.09324596774193505
54,4220,valence,8.0,4.906754032258065,6.387096774193548,1.612903225806452,3.093245967741935
54,5760,valence,7.0,4.906754032258065,7.17741935483871,-0.17741935483870996,2.093245967741935
54,3063,valence,3.0,4.906754032258065,1.7419354838709677,1.2580645161290323,-1.906754032258065
54,3080,valence,5.0,4.906754032258065,1.9838709677419355,3.0161290322580645,0.09324596774193505
55,Dummy_1,valence,1.0,4.903729838709677,2.2903225806451615,-1.2903225806451615,-3.903729838709677
55,3053,valence,5.0,4.903729838709677,1.6290322580645162,3.370967741935484,0.09627016129032295
55,Tumor_1,valence,5.0,4.903729838709677,2.596774193548387,2.403225806451613,0.09627016129032295
55,Dog_18,valence,7.0,4.903729838709677,7.741935483870968,-0.741935483870968,2.096270161290323
55,Miserable_pose_3,valence,2.0,4.903729838709677,1.5483870967741935,0.4516129032258065,-2.903729838709677
55,Pinecone_1,valence,5.0,4.903729838709677,5.645161290322581,-0.645161290322581,0.09627016129032295
55,Garbage_dump_6,valence,3.0,4.903729838709677,2.9193548387096775,0.08064516129032251,-1.903729838709677
55,Depressed_pose_4,valence,4.0,4.903729838709677,3.7903225806451615,0.20967741935483852,-0.903729838709677
55,Angry_face_1,valence,5.0,4.903729838709677,4.387096774193548,0.612903225806452,0.09627016129032295
55,Dog_26,valence,2.0,4.903729838709677,1.6612903225806452,0.33870967741935476,-2.903729838709677
55,8370,valence,6.0,4.903729838709677,6.564516129032258,-0.564516129032258,1.096270161290323
55,Dog_6,valence,7.0,4.903729838709677,7.790322580645161,-0.790322580645161,2.096270161290323
55,9220,valence,4.0,4.903729838709677,2.5161290322580645,1.4838709677419355,-0.903729838709677
55,Lake_12,valence,7.0,4.903729838709677,7.435483870967742,-0.435483870967742,2.096270161290323
55,2314,valence,9.0,4.903729838709677,7.145161290322581,1.854838709677419,4.096270161290323
55,1750,valence,9.0,4.903729838709677,7.129032258064516,1.870967741935484,4.096270161290323
55,8492,valence,7.0,4.903729838709677,6.661290322580645,0.338709677419355,2.096270161290323
55,1441,valence,8.0,4.903729838709677,7.516129032258065,0.48387096774193505,3.096270161290323
55,Flowers_6,valence,7.0,4.903729838709677,6.725806451612903,0.274193548387097,2.096270161290323
55,Yarn_1,valence,5.0,4.903729838709677,5.338709677419355,-0.338709677419355,0.09627016129032295
55,9331,valence,5.0,4.903729838709677,3.8225806451612905,1.1774193548387095,0.09627016129032295
55,Beach_1,valence,7.0,4.903729838709677,7.645161290322581,-0.645161290322581,2.096270161290323
55,2491,valence,5.0,4.903729838709677,4.725806451612903,0.274193548387097,0.09627016129032295
55,9360,valence,5.0,4.903729838709677,4.145161290322581,0.854838709677419,0.09627016129032295
55,Lake_3,valence,7.0,4.903729838709677,6.17741935483871,0.82258064516129,2.096270161290323
55,3170,valence,4.0,4.903729838709677,1.7741935483870968,2.225806451612903,-0.903729838709677
55,8080,valence,6.0,4.903729838709677,5.838709677419355,0.16129032258064502,1.096270161290323
55,Snow_1,valence,5.0,4.903729838709677,6.419354838709677,-1.419354838709677,0.09627016129032295
55,4220,valence,5.0,4.903729838709677,6.435483870967742,-1.435483870967742,0.09627016129032295
55,5760,valence,7.0,4.903729838709677,7.17741935483871,-0.17741935483870996,2.096270161290323
55,3063,valence,3.0,4.903729838709677,1.7419354838709677,1.2580645161290323,-1.903729838709677
55,3080,valence,5.0,4.903729838709677,1.9838709677419355,3.0161290322580645,0.09627016129032295
56,Dummy_1,valence,3.0,4.913810483870968,2.2580645161290325,0.7419354838709675,-1.913810483870968
56,3053,valence,2.0,4.913810483870968,1.6774193548387097,0.32258064516129026,-2.913810483870968
56,Tumor_1,valence,3.0,4.913810483870968,2.629032258064516,0.370967741935484,-1.913810483870968
56,Dog_18,valence,9.0,4.913810483870968,7.709677419354839,1.290322580645161,4.086189516129032
56,Miserable_pose_3,valence,1.0,4.913810483870968,1.564516129032258,-0.564516129032258,-3.913810483870968
56,Pinecone_1,valence,7.0,4.913810483870968,5.612903225806452,1.387096774193548,2.086189516129032
56,Garbage_dump_6,valence,3.0,4.913810483870968,2.9193548387096775,0.08064516129032251,-1.913810483870968
56,Depressed_pose_4,valence,2.0,4.913810483870968,3.8225806451612905,-1.8225806451612905,-2.913810483870968
56,Angry_face_1,valence,4.0,4.913810483870968,4.403225806451613,-0.403225806451613,-0.913810483870968
56,Dog_26,valence,1.0,4.913810483870968,1.6774193548387097,-0.6774193548387097,-3.913810483870968
56,8370,valence,8.0,4.913810483870968,6.532258064516129,1.467741935483871,3.086189516129032
56,Dog_6,valence,8.0,4.913810483870968,7.774193548387097,0.22580645161290303,3.086189516129032
56,9220,valence,1.0,4.913810483870968,2.564516129032258,-1.564516129032258,-3.913810483870968
56,Lake_12,valence,7.0,4.913810483870968,7.435483870967742,-0.435483870967742,2.086189516129032
56,2314,valence,7.0,4.913810483870968,7.17741935483871,-0.17741935483870996,2.086189516129032
56,1750,valence,8.0,4.913810483870968,7.145161290322581,0.854838709677419,3.086189516129032
56,8492,valence,7.0,4.913810483870968,6.661290322580645,0.338709677419355,2.086189516129032
56,1441,valence,8.0,4.913810483870968,7.516129032258065,0.48387096774193505,3.086189516129032
56,Flowers_6,valence,6.0,4.913810483870968,6.741935483870968,-0.741935483870968,1.086189516129032
56,Yarn_1,valence,4.0,4.913810483870968,5.354838709677419,-1.354838709677419,-0.913810483870968
56,9331,valence,1.0,4.913810483870968,3.8870967741935485,-2.8870967741935485,-3.913810483870968
56,Beach_1,valence,7.0,4.913810483870968,7.645161290322581,-0.645161290322581,2.086189516129032
56,2491,valence,4.0,4.913810483870968,4.741935483870968,-0.741935483870968,-0.913810483870968
56,9360,valence,2.0,4.913810483870968,4.193548387096774,-2.193548387096774,-2.913810483870968
56,Lake_3,valence,5.0,4.913810483870968,6.209677419354839,-1.209677419354839,0.08618951612903203
56,3170,valence,1.0,4.913810483870968,1.8225806451612903,-0.8225806451612903,-3.913810483870968
56,8080,valence,6.0,4.913810483870968,5.838709677419355,0.16129032258064502,1.086189516129032
56,Snow_1,valence,8.0,4.913810483870968,6.370967741935484,1.629032258064516,3.086189516129032
56,4220,valence,8.0,4.913810483870968,6.387096774193548,1.612903225806452,3.086189516129032
56,5760,valence,7.0,4.913810483870968,7.17741935483871,-0.17741935483870996,2.086189516129032
56,3063,valence,2.0,4.913810483870968,1.7580645161290323,0.24193548387096775,-2.913810483870968
56,3080,valence,2.0,4.913810483870968,2.032258064516129,-0.032258064516129004,-2.913810483870968
57,Dummy_1,valence,2.0,4.899193548387097,2.274193548387097,-0.274193548387097,-2.899193548387097
57,3053,valence,3.0,4.899193548387097,1.6612903225806452,1.3387096774193548,-1.899193548387097
57,Tumor_1,valence,5.0,4.899193548387097,2.596774193548387,2.403225806451613,0.10080645161290303
57,Dog_18,valence,9.0,4.899193548387097,7.709677419354839,1.290322580645161,4.100806451612903
57,Miserable_pose_3,valence,2.0,4.899193548387097,1.5483870967741935,0.4516129032258065,-2.899193548387097
57,Pinecone_1,valence,6.0,4.899193548387097,5.629032258064516,0.370967741935484,1.100806451612903
57,Garbage_dump_6,valence,2.0,4.899193548387097,2.935483870967742,-0.935483870967742,-2.899193548387097
57,Depressed_pose_4,valence,5.0,4.899193548387097,3.774193548387097,1.225806451612903,0.10080645161290303
57,Angry_face_1,valence,5.0,4.899193548387097,4.387096774193548,0.612903225806452,0.10080645161290303
57,Dog_26,valence,1.0,4.899193548387097,1.6774193548387097,-0.6774193548387097,-3.899193548387097
57,8370,valence,8.0,4.899193548387097,6.532258064516129,1.467741935483871,3.100806451612903
57,Dog_6,valence,9.0,4.899193548387097,7.758064516129032,1.241935483870968,4.100806451612903
57,9220,valence,1.0,4.899193548387097,2.564516129032258,-1.564516129032258,-3.899193548387097
57,Lake_12,valence,9.0,4.899193548387097,7.403225806451613,1.596774193548387,4.100806451612903
57,2314,valence,8.0,4.899193548387097,7.161290322580645,0.838709677419355,3.100806451612903
57,1750,valence,6.0,4.899193548387097,7.17741935483871,-1.17741935483871,1.100806451612903
57,8492,valence,7.0,4.899193548387097,6.661290322580645,0.338709677419355,2.100806451612903
57,1441,valence,9.0,4.899193548387097,7.5,1.5,4.100806451612903
57,Flowers_6,valence,9.0,4.899193548387097,6.693548387096774,2.306451612903226,4.100806451612903
57,Yarn_1,valence,6.0,4.899193548387097,5.32258064516129,0.67741935483871,1.100806451612903
57,9331,valence,6.0,4.899193548387097,3.806451612903226,2.193548387096774,1.100806451612903
57,Beach_1,valence,9.0,4.899193548387097,7.612903225806452,1.387096774193548,4.100806451612903
57,2491,valence,5.0,4.899193548387097,4.725806451612903,0.274193548387097,0.10080645161290303
57,9360,valence,5.0,4.899193548387097,4.145161290322581,0.854838709677419,0.10080645161290303
57,Lake_3,valence,8.0,4.899193548387097,6.161290322580645,1.838709677419355,3.100806451612903
57,3170,valence,1.0,4.899193548387097,1.8225806451612903,-0.8225806451612903,-3.899193548387097
57,8080,valence,8.0,4.899193548387097,5.806451612903226,2.193548387096774,3.100806451612903
57,Snow_1,valence,8.0,4.899193548387097,6.370967741935484,1.629032258064516,3.100806451612903
57,4220,valence,7.0,4.899193548387097,6.403225806451613,0.596774193548387,2.100806451612903
57,5760,valence,8.0,4.899193548387097,7.161290322580645,0.838709677419355,3.100806451612903
57,3063,valence,3.0,4.899193548387097,1.7419354838709677,1.2580645161290323,-1.899193548387097
57,3080,valence,1.0,4.899193548387097,2.0483870967741935,-1.0483870967741935,-3.899193548387097
58,Dummy_1,valence,3.0,4.90625,2.2580645161290325,0.7419354838709675,-1.90625
58,3053,valence,1.0,4.90625,1.6935483870967742,-0.6935483870967742,-3.90625
58,Tumor_1,valence,4.0,4.90625,2.6129032258064515,1.3870967741935485,-0.90625
58,Dog_18,valence,8.0,4.90625,7.725806451612903,0.274193548387097,3.09375
58,Miserable_pose_3,valence,2.0,4.90625,1.5483870967741935,0.4516129032258065,-2.90625
58,Pinecone_1,valence,5.0,4.90625,5.645161290322581,-0.645161290322581,0.09375
58,Garbage_dump_6,valence,2.0,4.90625,2.935483870967742,-0.935483870967742,-2.90625
58,Depressed_pose_4,valence,4.0,4.90625,3.7903225806451615,0.20967741935483852,-0.90625
58,Angry_face_1,valence,5.0,4.90625,4.387096774193548,0.612903225806452,0.09375
58,Dog_26,valence,3.0,4.90625,1.6451612903225807,1.3548387096774193,-1.90625
58,8370,valence,6.0,4.90625,6.564516129032258,-0.564516129032258,1.09375
58,Dog_6,valence,8.0,4.90625,7.774193548387097,0.22580645161290303,3.09375
58,9220,valence,3.0,4.90625,2.532258064516129,0.467741935483871,-1.90625
58,Lake_12,valence,8.0,4.90625,7.419354838709677,0.580645161290323,3.09375
58,2314,valence,7.0,4.90625,7.17741935483871,-0.17741935483870996,2.09375
58,1750,valence,8.0,4.90625,7.145161290322581,0.854838709677419,3.09375
58,8492,valence,7.0,4.90625,6.661290322580645,0.338709677419355,2.09375
58,1441,valence,8.0,4.90625,7.516129032258065,0.48387096774193505,3.09375
58,Flowers_6,valence,9.0,4.90625,6.693548387096774,2.306451612903226,4.09375
58,Yarn_1,valence,7.0,4.90625,5.306451612903226,1.693548387096774,2.09375
58,9331,valence,6.0,4.90625,3.806451612903226,2.193548387096774,1.09375
58,Beach_1,valence,7.0,4.90625,7.645161290322581,-0.645161290322581,2.09375
58,2491,valence,5.0,4.90625,4.725806451612903,0.274193548387097,0.09375
58,9360,valence,6.0,4.90625,4.129032258064516,1.870967741935484,1.09375
58,Lake_3,valence,7.0,4.90625,6.17741935483871,0.82258064516129,2.09375
58,3170,valence,3.0,4.90625,1.7903225806451613,1.2096774193548387,-1.90625
58,8080,valence,5.0,4.90625,5.854838709677419,-0.854838709677419,0.09375
58,Snow_1,valence,6.0,4.90625,6.403225806451613,-0.403225806451613,1.09375
58,4220,valence,5.0,4.90625,6.435483870967742,-1.435483870967742,0.09375
58,5760,valence,6.0,4.90625,7.193548387096774,-1.193548387096774,1.09375
58,3063,valence,1.0,4.90625,1.7741935483870968,-0.7741935483870968,-3.90625
58,3080,valence,2.0,4.90625,2.032258064516129,-0.032258064516129004,-2.90625
59,Dummy_1,valence,3.0,4.907762096774194,2.2580645161290325,0.7419354838709675,-1.907762096774194
59,3053,valence,3.0,4.907762096774194,1.6612903225806452,1.3387096774193548,-1.907762096774194
59,Tumor_1,valence,4.0,4.907762096774194,2.6129032258064515,1.3870967741935485,-0.907762096774194
59,Dog_18,valence,8.0,4.907762096774194,7.725806451612903,0.274193548387097,3.092237903225806
59,Miserable_pose_3,valence,3.0,4.907762096774194,1.532258064516129,1.467741935483871,-1.907762096774194
59,Pinecone_1,valence,5.0,4.907762096774194,5.645161290322581,-0.645161290322581,0.09223790322580605
59,Garbage_dump_6,valence,4.0,4.907762096774194,2.903225806451613,1.096774193548387,-0.907762096774194
59,Depressed_pose_4,valence,2.0,4.907762096774194,3.8225806451612905,-1.8225806451612905,-2.907762096774194
59,Angry_face_1,valence,4.0,4.907762096774194,4.403225806451613,-0.403225806451613,-0.907762096774194
59,Dog_26,valence,2.0,4.907762096774194,1.6612903225806452,0.33870967741935476,-2.907762096774194
59,8370,valence,7.0,4.907762096774194,6.548387096774194,0.45161290322580605,2.092237903225806
59,Dog_6,valence,9.0,4.907762096774194,7.758064516129032,1.241935483870968,4.092237903225806
59,9220,valence,3.0,4.907762096774194,2.532258064516129,0.467741935483871,-1.907762096774194
59,Lake_12,valence,9.0,4.907762096774194,7.403225806451613,1.596774193548387,4.092237903225806
59,2314,valence,8.0,4.907762096774194,7.161290322580645,0.838709677419355,3.092237903225806
59,1750,valence,8.0,4.907762096774194,7.145161290322581,0.854838709677419,3.092237903225806
59,8492,valence,8.0,4.907762096774194,6.645161290322581,1.354838709677419,3.092237903225806
59,1441,valence,9.0,4.907762096774194,7.5,1.5,4.092237903225806
59,Flowers_6,valence,5.0,4.907762096774194,6.758064516129032,-1.758064516129032,0.09223790322580605
59,Yarn_1,valence,2.0,4.907762096774194,5.387096774193548,-3.387096774193548,-2.907762096774194
59,9331,valence,4.0,4.907762096774194,3.838709677419355,0.16129032258064502,-0.907762096774194
59,Beach_1,valence,4.0,4.907762096774194,7.693548387096774,-3.693548387096774,-0.907762096774194
59,2491,valence,5.0,4.907762096774194,4.725806451612903,0.274193548387097,0.09223790322580605
59,9360,valence,6.0,4.907762096774194,4.129032258064516,1.870967741935484,1.092237903225806
59,Lake_3,valence,6.0,4.907762096774194,6.193548387096774,-0.19354838709677402,1.092237903225806
59,3170,valence,2.0,4.907762096774194,1.8064516129032258,0.19354838709677424,-2.907762096774194
59,8080,valence,5.0,4.907762096774194,5.854838709677419,-0.854838709677419,0.09223790322580605
59,Snow_1,valence,8.0,4.907762096774194,6.370967741935484,1.629032258064516,3.092237903225806
59,4220,valence,5.0,4.907762096774194,6.435483870967742,-1.435483870967742,0.09223790322580605
59,5760,valence,7.0,4.907762096774194,7.17741935483871,-0.17741935483870996,2.092237903225806
59,3063,valence,3.0,4.907762096774194,1.7419354838709677,1.2580645161290323,-1.907762096774194
59,3080,valence,3.0,4.907762096774194,2.0161290322580645,0.9838709677419355,-1.907762096774194
60,Dummy_1,valence,1.0,4.908770161290323,2.2903225806451615,-1.2903225806451615,-3.908770161290323
60,3053,valence,1.0,4.908770161290323,1.6935483870967742,-0.6935483870967742,-3.908770161290323
60,Tumor_1,valence,5.0,4.908770161290323,2.596774193548387,2.403225806451613,0.09122983870967705
60,Dog_18,valence,7.0,4.908770161290323,7.741935483870968,-0.741935483870968,2.091229838709677
60,Miserable_pose_3,valence,1.0,4.908770161290323,1.564516129032258,-0.564516129032258,-3.908770161290323
60,Pinecone_1,valence,5.0,4.908770161290323,5.645161290322581,-0.645161290322581,0.09122983870967705
60,Garbage_dump_6,valence,1.0,4.908770161290323,2.9516129032258065,-1.9516129032258065,-3.908770161290323
60,Depressed_pose_4,valence,5.0,4.908770161290323,3.774193548387097,1.225806451612903,0.09122983870967705
60,Angry_face_1,valence,4.0,4.908770161290323,4.403225806451613,-0.403225806451613,-0.908770161290323
60,Dog_26,valence,1.0,4.908770161290323,1.6774193548387097,-0.6774193548387097,-3.908770161290323
60,8370,valence,8.0,4.908770161290323,6.532258064516129,1.467741935483871,3.091229838709677
60,Dog_6,valence,8.0,4.908770161290323,7.774193548387097,0.22580645161290303,3.091229838709677
60,9220,valence,1.0,4.908770161290323,2.564516129032258,-1.564516129032258,-3.908770161290323
60,Lake_12,valence,9.0,4.908770161290323,7.403225806451613,1.596774193548387,4.091229838709677
60,2314,valence,9.0,4.908770161290323,7.145161290322581,1.854838709677419,4.091229838709677
60,1750,valence,8.0,4.908770161290323,7.145161290322581,0.854838709677419,3.091229838709677
60,8492,valence,9.0,4.908770161290323,6.629032258064516,2.370967741935484,4.091229838709677
60,1441,valence,8.0,4.908770161290323,7.516129032258065,0.48387096774193505,3.091229838709677
60,Flowers_6,valence,8.0,4.908770161290323,6.709677419354839,1.290322580645161,3.091229838709677
60,Yarn_1,valence,5.0,4.908770161290323,5.338709677419355,-0.338709677419355,0.09122983870967705
60,9331,valence,2.0,4.908770161290323,3.870967741935484,-1.870967741935484,-2.908770161290323
60,Beach_1,valence,9.0,4.908770161290323,7.612903225806452,1.387096774193548,4.091229838709677
60,2491,valence,5.0,4.908770161290323,4.725806451612903,0.274193548387097,0.09122983870967705
60,9360,valence,5.0,4.908770161290323,4.145161290322581,0.854838709677419,0.09122983870967705
60,Lake_3,valence,6.0,4.908770161290323,6.193548387096774,-0.19354838709677402,1.091229838709677
60,3170,valence,1.0,4.908770161290323,1.8225806451612903,-0.8225806451612903,-3.908770161290323
60,8080,valence,7.0,4.908770161290323,5.82258064516129,1.17741935483871,2.091229838709677
60,Snow_1,valence,5.0,4.908770161290323,6.419354838709677,-1.419354838709677,0.09122983870967705
60,4220,valence,7.0,4.908770161290323,6.403225806451613,0.596774193548387,2.091229838709677
60,5760,valence,9.0,4.908770161290323,7.145161290322581,1.854838709677419,4.091229838709677
60,3063,valence,1.0,4.908770161290323,1.7741935483870968,-0.7741935483870968,-3.908770161290323
60,3080,valence,1.0,4.908770161290323,2.0483870967741935,-1.0483870967741935,-3.908770161290323
61,Dummy_1,valence,4.0,4.893649193548387,2.2419354838709675,1.7580645161290325,-0.893649193548387
61,3053,valence,1.0,4.893649193548387,1.6935483870967742,-0.6935483870967742,-3.893649193548387
61,Tumor_1,valence,2.0,4.893649193548387,2.6451612903225805,-0.6451612903225805,-2.893649193548387
61,Dog_18,valence,9.0,4.893649193548387,7.709677419354839,1.290322580645161,4.106350806451613
61,Miserable_pose_3,valence,1.0,4.893649193548387,1.564516129032258,-0.564516129032258,-3.893649193548387
61,Pinecone_1,valence,6.0,4.893649193548387,5.629032258064516,0.370967741935484,1.106350806451613
61,Garbage_dump_6,valence,4.0,4.893649193548387,2.903225806451613,1.096774193548387,-0.893649193548387
61,Depressed_pose_4,valence,7.0,4.893649193548387,3.7419354838709675,3.2580645161290325,2.106350806451613
61,Angry_face_1,valence,5.0,4.893649193548387,4.387096774193548,0.612903225806452,0.10635080645161299
61,Dog_26,valence,1.0,4.893649193548387,1.6774193548387097,-0.6774193548387097,-3.893649193548387
61,8370,valence,9.0,4.893649193548387,6.516129032258065,2.483870967741935,4.106350806451613
61,Dog_6,valence,9.0,4.893649193548387,7.758064516129032,1.241935483870968,4.106350806451613
61,9220,valence,3.0,4.893649193548387,2.532258064516129,0.467741935483871,-1.893649193548387
61,Lake_12,valence,9.0,4.893649193548387,7.403225806451613,1.596774193548387,4.106350806451613
61,2314,valence,9.0,4.893649193548387,7.145161290322581,1.854838709677419,4.106350806451613
61,1750,valence,8.0,4.893649193548387,7.145161290322581,0.854838709677419,3.106350806451613
61,8492,valence,8.0,4.893649193548387,6.645161290322581,1.354838709677419,3.106350806451613
61,1441,valence,9.0,4.893649193548387,7.5,1.5,4.106350806451613
61,Flowers_6,valence,7.0,4.893649193548387,6.725806451612903,0.274193548387097,2.106350806451613
61,Yarn_1,valence,9.0,4.893649193548387,5.274193548387097,3.725806451612903,4.106350806451613
61,9331,valence,3.0,4.893649193548387,3.8548387096774195,-0.8548387096774195,-1.893649193548387
61,Beach_1,valence,9.0,4.893649193548387,7.612903225806452,1.387096774193548,4.106350806451613
61,2491,valence,5.0,4.893649193548387,4.725806451612903,0.274193548387097,0.10635080645161299
61,9360,valence,8.0,4.893649193548387,4.096774193548387,3.903225806451613,3.106350806451613
61,Lake_3,valence,9.0,4.893649193548387,6.145161290322581,2.854838709677419,4.106350806451613
61,3170,valence,1.0,4.893649193548387,1.8225806451612903,-0.8225806451612903,-3.893649193548387
61,8080,valence,9.0,4.893649193548387,5.790322580645161,3.209677419354839,4.106350806451613
61,Snow_1,valence,9.0,4.893649193548387,6.354838709677419,2.645161290322581,4.106350806451613
61,4220,valence,8.0,4.893649193548387,6.387096774193548,1.612903225806452,3.106350806451613
61,5760,valence,9.0,4.893649193548387,7.145161290322581,1.854838709677419,4.106350806451613
61,3063,valence,1.0,4.893649193548387,1.7741935483870968,-0.7741935483870968,-3.893649193548387
61,3080,valence,1.0,4.893649193548387,2.0483870967741935,-1.0483870967741935,-3.893649193548387
62,Dummy_1,valence,3.0,4.901713709677419,2.2580645161290325,0.7419354838709675,-1.901713709677419
62,3053,valence,1.0,4.901713709677419,1.6935483870967742,-0.6935483870967742,-3.901713709677419
62,Tumor_1,valence,5.0,4.901713709677419,2.596774193548387,2.403225806451613,0.09828629032258096
62,Dog_18,valence,8.0,4.901713709677419,7.725806451612903,0.274193548387097,3.098286290322581
62,Miserable_pose_3,valence,1.0,4.901713709677419,1.564516129032258,-0.564516129032258,-3.901713709677419
62,Pinecone_1,valence,6.0,4.901713709677419,5.629032258064516,0.370967741935484,1.098286290322581
62,Garbage_dump_6,valence,1.0,4.901713709677419,2.9516129032258065,-1.9516129032258065,-3.901713709677419
62,Depressed_pose_4,valence,5.0,4.901713709677419,3.774193548387097,1.225806451612903,0.09828629032258096
62,Angry_face_1,valence,5.0,4.901713709677419,4.387096774193548,0.612903225806452,0.09828629032258096
62,Dog_26,valence,3.0,4.901713709677419,1.6451612903225807,1.3548387096774193,-1.901713709677419
62,8370,valence,9.0,4.901713709677419,6.516129032258065,2.483870967741935,4.098286290322581
62,Dog_6,valence,6.0,4.901713709677419,7.806451612903226,-1.806451612903226,1.098286290322581
62,9220,valence,4.0,4.901713709677419,2.5161290322580645,1.4838709677419355,-0.901713709677419
62,Lake_12,valence,9.0,4.901713709677419,7.403225806451613,1.596774193548387,4.098286290322581
62,2314,valence,7.0,4.901713709677419,7.17741935483871,-0.17741935483870996,2.098286290322581
62,1750,valence,9.0,4.901713709677419,7.129032258064516,1.870967741935484,4.098286290322581
62,8492,valence,9.0,4.901713709677419,6.629032258064516,2.370967741935484,4.098286290322581
62,1441,valence,8.0,4.901713709677419,7.516129032258065,0.48387096774193505,3.098286290322581
62,Flowers_6,valence,8.0,4.901713709677419,6.709677419354839,1.290322580645161,3.098286290322581
62,Yarn_1,valence,6.0,4.901713709677419,5.32258064516129,0.67741935483871,1.098286290322581
62,9331,valence,3.0,4.901713709677419,3.8548387096774195,-0.8548387096774195,-1.901713709677419
62,Beach_1,valence,9.0,4.901713709677419,7.612903225806452,1.387096774193548,4.098286290322581
62,2491,valence,6.0,4.901713709677419,4.709677419354839,1.290322580645161,1.098286290322581
62,9360,valence,3.0,4.901713709677419,4.17741935483871,-1.17741935483871,-1.901713709677419
62,Lake_3,valence,7.0,4.901713709677419,6.17741935483871,0.82258064516129,2.098286290322581
62,3170,valence,3.0,4.901713709677419,1.7903225806451613,1.2096774193548387,-1.901713709677419
62,8080,valence,6.0,4.901713709677419,5.838709677419355,0.16129032258064502,1.098286290322581
62,Snow_1,valence,8.0,4.901713709677419,6.370967741935484,1.629032258064516,3.098286290322581
62,4220,valence,6.0,4.901713709677419,6.419354838709677,-0.41935483870967705,1.098286290322581
62,5760,valence,8.0,4.901713709677419,7.161290322580645,0.838709677419355,3.098286290322581
62,3063,valence,1.0,4.901713709677419,1.7741935483870968,-0.7741935483870968,-3.901713709677419
62,3080,valence,3.0,4.901713709677419,2.0161290322580645,0.9838709677419355,-1.901713709677419
63,Dummy_1,valence,5.0,4.91179435483871,2.225806451612903,2.774193548387097,0.08820564516129004
63,3053,valence,1.0,4.91179435483871,1.6935483870967742,-0.6935483870967742,-3.91179435483871
63,Tumor_1,valence,1.0,4.91179435483871,2.661290322580645,-1.661290322580645,-3.91179435483871
63,Dog_18,valence,9.0,4.91179435483871,7.709677419354839,1.290322580645161,4.08820564516129
63,Miserable_pose_3,valence,1.0,4.91179435483871,1.564516129032258,-0.564516129032258,-3.91179435483871
63,Pinecone_1,valence,5.0,4.91179435483871,5.645161290322581,-0.645161290322581,0.08820564516129004
63,Garbage_dump_6,valence,2.0,4.91179435483871,2.935483870967742,-0.935483870967742,-2.91179435483871
63,Depressed_pose_4,valence,3.0,4.91179435483871,3.806451612903226,-0.806451612903226,-1.91179435483871
63,Angry_face_1,valence,4.0,4.91179435483871,4.403225806451613,-0.403225806451613,-0.91179435483871
63,Dog_26,valence,1.0,4.91179435483871,1.6774193548387097,-0.6774193548387097,-3.91179435483871
63,8370,valence,7.0,4.91179435483871,6.548387096774194,0.45161290322580605,2.08820564516129
63,Dog_6,valence,9.0,4.91179435483871,7.758064516129032,1.241935483870968,4.08820564516129
63,9220,valence,2.0,4.91179435483871,2.5483870967741935,-0.5483870967741935,-2.91179435483871
63,Lake_12,valence,9.0,4.91179435483871,7.403225806451613,1.596774193548387,4.08820564516129
63,2314,valence,6.0,4.91179435483871,7.193548387096774,-1.193548387096774,1.08820564516129
63,1750,valence,7.0,4.91179435483871,7.161290322580645,-0.16129032258064502,2.08820564516129
63,8492,valence,7.0,4.91179435483871,6.661290322580645,0.338709677419355,2.08820564516129
63,1441,valence,9.0,4.91179435483871,7.5,1.5,4.08820564516129
63,Flowers_6,valence,7.0,4.91179435483871,6.725806451612903,0.274193548387097,2.08820564516129
63,Yarn_1,valence,5.0,4.91179435483871,5.338709677419355,-0.338709677419355,0.08820564516129004
63,9331,valence,4.0,4.91179435483871,3.838709677419355,0.16129032258064502,-0.91179435483871
63,Beach_1,valence,6.0,4.91179435483871,7.661290322580645,-1.661290322580645,1.08820564516129
63,2491,valence,5.0,4.91179435483871,4.725806451612903,0.274193548387097,0.08820564516129004
63,9360,valence,5.0,4.91179435483871,4.145161290322581,0.854838709677419,0.08820564516129004
63,Lake_3,valence,9.0,4.91179435483871,6.145161290322581,2.854838709677419,4.08820564516129
63,3170,valence,1.0,4.91179435483871,1.8225806451612903,-0.8225806451612903,-3.91179435483871
63,8080,valence,5.0,4.91179435483871,5.854838709677419,-0.854838709677419,0.08820564516129004
63,Snow_1,valence,7.0,4.91179435483871,6.387096774193548,0.612903225806452,2.08820564516129
63,4220,valence,5.0,4.91179435483871,6.435483870967742,-1.435483870967742,0.08820564516129004
63,5760,valence,7.0,4.91179435483871,7.17741935483871,-0.17741935483870996,2.08820564516129
63,3063,valence,1.0,4.91179435483871,1.7741935483870968,-0.7741935483870968,-3.91179435483871
63,3080,valence,1.0,4.91179435483871,2.0483870967741935,-1.0483870967741935,-3.91179435483871
64,Dummy_1,valence,2.0,4.920362903225806,2.274193548387097,-0.274193548387097,-2.920362903225806
64,3053,valence,1.0,4.920362903225806,1.6935483870967742,-0.6935483870967742,-3.920362903225806
64,Tumor_1,valence,2.0,4.920362903225806,2.6451612903225805,-0.6451612903225805,-2.920362903225806
64,Dog_18,valence,6.0,4.920362903225806,7.758064516129032,-1.758064516129032,1.079637096774194
64,Miserable_pose_3,valence,1.0,4.920362903225806,1.564516129032258,-0.564516129032258,-3.920362903225806
64,Pinecone_1,valence,5.0,4.920362903225806,5.645161290322581,-0.645161290322581,0.07963709677419395
64,Garbage_dump_6,valence,3.0,4.920362903225806,2.9193548387096775,0.08064516129032251,-1.920362903225806
64,Depressed_pose_4,valence,5.0,4.920362903225806,3.774193548387097,1.225806451612903,0.07963709677419395
64,Angry_face_1,valence,3.0,4.920362903225806,4.419354838709677,-1.419354838709677,-1.920362903225806
64,Dog_26,valence,2.0,4.920362903225806,1.6612903225806452,0.33870967741935476,-2.920362903225806
64,8370,valence,6.0,4.920362903225806,6.564516129032258,-0.564516129032258,1.079637096774194
64,Dog_6,valence,7.0,4.920362903225806,7.790322580645161,-0.790322580645161,2.079637096774194
64,9220,valence,2.0,4.920362903225806,2.5483870967741935,-0.5483870967741935,-2.920362903225806
64,Lake_12,valence,6.0,4.920362903225806,7.451612903225806,-1.451612903225806,1.079637096774194
64,2314,valence,5.0,4.920362903225806,7.209677419354839,-2.209677419354839,0.07963709677419395
64,1750,valence,6.0,4.920362903225806,7.17741935483871,-1.17741935483871,1.079637096774194
64,8492,valence,5.0,4.920362903225806,6.693548387096774,-1.693548387096774,0.07963709677419395
64,1441,valence,5.0,4.920362903225806,7.564516129032258,-2.564516129032258,0.07963709677419395
64,Flowers_6,valence,5.0,4.920362903225806,6.758064516129032,-1.758064516129032,0.07963709677419395
64,Yarn_1,valence,5.0,4.920362903225806,5.338709677419355,-0.338709677419355,0.07963709677419395
64,9331,valence,4.0,4.920362903225806,3.838709677419355,0.16129032258064502,-0.920362903225806
64,Beach_1,valence,8.0,4.920362903225806,7.629032258064516,0.370967741935484,3.079637096774194
64,2491,valence,5.0,4.920362903225806,4.725806451612903,0.274193548387097,0.07963709677419395
64,9360,valence,5.0,4.920362903225806,4.145161290322581,0.854838709677419,0.07963709677419395
64,Lake_3,valence,5.0,4.920362903225806,6.209677419354839,-1.209677419354839,0.07963709677419395
64,3170,valence,1.0,4.920362903225806,1.8225806451612903,-0.8225806451612903,-3.920362903225806
64,8080,valence,6.0,4.920362903225806,5.838709677419355,0.16129032258064502,1.079637096774194
64,Snow_1,valence,7.0,4.920362903225806,6.387096774193548,0.612903225806452,2.079637096774194
64,4220,valence,9.0,4.920362903225806,6.370967741935484,2.629032258064516,4.079637096774194
64,5760,valence,5.0,4.920362903225806,7.209677419354839,-2.209677419354839,0.07963709677419395
64,3063,valence,1.0,4.920362903225806,1.7741935483870968,-0.7741935483870968,-3.920362903225806
64,3080,valence,1.0,4.920362903225806,2.0483870967741935,-1.0483870967741935,-3.920362903225806
65,Dummy_1,valence,1.0,4.909778225806452,2.2903225806451615,-1.2903225806451615,-3.909778225806452
65,3053,valence,1.0,4.909778225806452,1.6935483870967742,-0.6935483870967742,-3.909778225806452
65,Tumor_1,valence,1.0,4.909778225806452,2.661290322580645,-1.661290322580645,-3.909778225806452
65,Dog_18,valence,9.0,4.909778225806452,7.709677419354839,1.290322580645161,4.090221774193548
65,Miserable_pose_3,valence,2.0,4.909778225806452,1.5483870967741935,0.4516129032258065,-2.909778225806452
65,Pinecone_1,valence,5.0,4.909778225806452,5.645161290322581,-0.645161290322581,0.09022177419354804
65,Garbage_dump_6,valence,4.0,4.909778225806452,2.903225806451613,1.096774193548387,-0.909778225806452
65,Depressed_pose_4,valence,5.0,4.909778225806452,3.774193548387097,1.225806451612903,0.09022177419354804
65,Angry_face_1,valence,4.0,4.909778225806452,4.403225806451613,-0.403225806451613,-0.909778225806452
65,Dog_26,valence,1.0,4.909778225806452,1.6774193548387097,-0.6774193548387097,-3.909778225806452
65,8370,valence,7.0,4.909778225806452,6.548387096774194,0.45161290322580605,2.090221774193548
65,Dog_6,valence,9.0,4.909778225806452,7.758064516129032,1.241935483870968,4.090221774193548
65,9220,valence,4.0,4.909778225806452,2.5161290322580645,1.4838709677419355,-0.909778225806452
65,Lake_12,valence,7.0,4.909778225806452,7.435483870967742,-0.435483870967742,2.090221774193548
65,2314,valence,9.0,4.909778225806452,7.145161290322581,1.854838709677419,4.090221774193548
65,1750,valence,7.0,4.909778225806452,7.161290322580645,-0.16129032258064502,2.090221774193548
65,8492,valence,6.0,4.909778225806452,6.67741935483871,-0.67741935483871,1.090221774193548
65,1441,valence,9.0,4.909778225806452,7.5,1.5,4.090221774193548
65,Flowers_6,valence,7.0,4.909778225806452,6.725806451612903,0.274193548387097,2.090221774193548
65,Yarn_1,valence,5.0,4.909778225806452,5.338709677419355,-0.338709677419355,0.09022177419354804
65,9331,valence,4.0,4.909778225806452,3.838709677419355,0.16129032258064502,-0.909778225806452
65,Beach_1,valence,9.0,4.909778225806452,7.612903225806452,1.387096774193548,4.090221774193548
65,2491,valence,6.0,4.909778225806452,4.709677419354839,1.290322580645161,1.090221774193548
65,9360,valence,4.0,4.909778225806452,4.161290322580645,-0.16129032258064502,-0.909778225806452
65,Lake_3,valence,6.0,4.909778225806452,6.193548387096774,-0.19354838709677402,1.090221774193548
65,3170,valence,1.0,4.909778225806452,1.8225806451612903,-0.8225806451612903,-3.909778225806452
65,8080,valence,6.0,4.909778225806452,5.838709677419355,0.16129032258064502,1.090221774193548
65,Snow_1,valence,5.0,4.909778225806452,6.419354838709677,-1.419354838709677,0.09022177419354804
65,4220,valence,7.0,4.909778225806452,6.403225806451613,0.596774193548387,2.090221774193548
65,5760,valence,7.0,4.909778225806452,7.17741935483871,-0.17741935483870996,2.090221774193548
65,3063,valence,1.0,4.909778225806452,1.7741935483870968,-0.7741935483870968,-3.909778225806452
65,3080,valence,1.0,4.909778225806452,2.0483870967741935,-1.0483870967741935,-3.909778225806452
1,Dummy_1,arousal,4.0,4.306451612903226,6.612903225806452,-2.612903225806452,-0.306451612903226
1,3053,arousal,6.0,4.306451612903226,7.048387096774194,-1.048387096774194,1.693548387096774
1,Tumor_1,arousal,5.0,4.306451612903226,6.951612903225806,-1.951612903225806,0.693548387096774
1,Dog_18,arousal,1.0,4.306451612903226,3.629032258064516,-2.629032258064516,-3.306451612903226
1,Miserable_pose_3,arousal,5.0,4.306451612903226,6.338709677419355,-1.338709677419355,0.693548387096774
1,Pinecone_1,arousal,3.0,4.306451612903226,2.3548387096774195,0.6451612903225805,-1.306451612903226
1,Garbage_dump_6,arousal,7.0,4.306451612903226,4.17741935483871,2.82258064516129,2.693548387096774
1,Depressed_pose_4,arousal,3.0,4.306451612903226,3.596774193548387,-0.596774193548387,-1.306451612903226
1,Angry_face_1,arousal,3.0,4.306451612903226,4.209677419354839,-1.209677419354839,-1.306451612903226
1,Dog_26,arousal,6.0,4.306451612903226,6.209677419354839,-0.20967741935483897,1.693548387096774
1,8370,arousal,8.0,4.306451612903226,5.612903225806452,2.387096774193548,3.693548387096774
1,Dog_6,arousal,1.0,4.306451612903226,3.3870967741935485,-2.3870967741935485,-3.306451612903226
1,9220,arousal,2.0,4.306451612903226,4.112903225806452,-2.112903225806452,-2.306451612903226
1,Lake_12,arousal,2.0,4.306451612903226,2.9193548387096775,-0.9193548387096775,-2.306451612903226
1,2314,arousal,4.0,4.306451612903226,3.467741935483871,0.532258064516129,-0.306451612903226
1,1750,arousal,3.0,4.306451612903226,3.1129032258064515,-0.11290322580645151,-1.306451612903226
1,8492,arousal,7.0,4.306451612903226,5.935483870967742,1.064516129032258,2.693548387096774
1,1441,arousal,2.0,4.306451612903226,2.596774193548387,-0.596774193548387,-2.306451612903226
1,Flowers_6,arousal,2.0,4.306451612903226,2.9516129032258065,-0.9516129032258065,-2.306451612903226
1,Yarn_1,arousal,1.0,4.306451612903226,2.2580645161290325,-1.2580645161290325,-3.306451612903226
1,9331,arousal,5.0,4.306451612903226,3.870967741935484,1.129032258064516,0.693548387096774
1,Beach_1,arousal,1.0,4.306451612903226,2.435483870967742,-1.435483870967742,-3.306451612903226
1,2491,arousal,6.0,4.306451612903226,3.129032258064516,2.870967741935484,1.693548387096774
1,9360,arousal,8.0,4.306451612903226,3.774193548387097,4.225806451612903,3.693548387096774
1,Lake_3,arousal,6.0,4.306451612903226,2.225806451612903,3.774193548387097,1.693548387096774
1,3170,arousal,8.0,4.306451612903226,6.580645161290323,1.419354838709677,3.693548387096774
1,8080,arousal,8.0,4.306451612903226,4.758064516129032,3.241935483870968,3.693548387096774
1,Snow_1,arousal,3.0,4.306451612903226,2.7903225806451615,0.20967741935483852,-1.306451612903226
1,4220,arousal,3.0,4.306451612903226,4.467741935483871,-1.467741935483871,-1.306451612903226
1,5760,arousal,2.0,4.306451612903226,2.435483870967742,-0.435483870967742,-2.306451612903226
1,3063,arousal,8.0,4.306451612903226,7.048387096774194,0.951612903225806,3.693548387096774
1,3080,arousal,8.0,4.306451612903226,6.806451612903226,1.193548387096774,3.693548387096774
2,Dummy_1,arousal,8.0,4.272681451612903,6.548387096774194,1.451612903225806,3.727318548387097
2,3053,arousal,9.0,4.272681451612903,7.0,2.0,4.727318548387097
2,Tumor_1,arousal,9.0,4.272681451612903,6.887096774193548,2.112903225806452,4.727318548387097
2,Dog_18,arousal,8.0,4.272681451612903,3.5161290322580645,4.483870967741936,3.727318548387097
2,Miserable_pose_3,arousal,9.0,4.272681451612903,6.274193548387097,2.725806451612903,4.727318548387097
2,Pinecone_1,arousal,2.0,4.272681451612903,2.370967741935484,-0.370967741935484,-2.272681451612903
2,Garbage_dump_6,arousal,5.0,4.272681451612903,4.209677419354839,0.790322580645161,0.727318548387097
2,Depressed_pose_4,arousal,6.0,4.272681451612903,3.5483870967741935,2.4516129032258065,1.727318548387097
2,Angry_face_1,arousal,7.0,4.272681451612903,4.145161290322581,2.854838709677419,2.727318548387097
2,Dog_26,arousal,8.0,4.272681451612903,6.17741935483871,1.82258064516129,3.727318548387097
2,8370,arousal,8.0,4.272681451612903,5.612903225806452,2.387096774193548,3.727318548387097
2,Dog_6,arousal,8.0,4.272681451612903,3.274193548387097,4.725806451612903,3.727318548387097
2,9220,arousal,9.0,4.272681451612903,4.0,5.0,4.727318548387097
2,Lake_12,arousal,2.0,4.272681451612903,2.9193548387096775,-0.9193548387096775,-2.272681451612903
2,2314,arousal,6.0,4.272681451612903,3.435483870967742,2.564516129032258,1.727318548387097
2,1750,arousal,6.0,4.272681451612903,3.064516129032258,2.935483870967742,1.727318548387097
2,8492,arousal,8.0,4.272681451612903,5.919354838709677,2.080645161290323,3.727318548387097
2,1441,arousal,8.0,4.272681451612903,2.5,5.5,3.727318548387097
2,Flowers_6,arousal,4.0,4.272681451612903,2.9193548387096775,1.0806451612903225,-0.272681451612903
2,Yarn_1,arousal,3.0,4.272681451612903,2.225806451612903,0.774193548387097,-1.272681451612903
2,9331,arousal,8.0,4.272681451612903,3.8225806451612905,4.17741935483871,3.727318548387097
2,Beach_1,arousal,3.0,4.272681451612903,2.403225806451613,0.596774193548387,-1.272681451612903
2,2491,arousal,5.0,4.272681451612903,3.1451612903225805,1.8548387096774195,0.727318548387097
2,9360,arousal,4.0,4.272681451612903,3.838709677419355,0.16129032258064502,-0.272681451612903
2,Lake_3,arousal,2.0,4.272681451612903,2.2903225806451615,-0.2903225806451615,-2.272681451612903
2,3170,arousal,9.0,4.272681451612903,6.564516129032258,2.435483870967742,4.727318548387097
2,8080,arousal,6.0,4.272681451612903,4.790322580645161,1.209677419354839,1.727318548387097
2,Snow_1,arousal,5.0,4.272681451612903,2.7580645161290325,2.2419354838709675,0.727318548387097
2,4220,arousal,8.0,4.272681451612903,4.387096774193548,3.612903225806452,3.727318548387097
2,5760,arousal,7.0,4.272681451612903,2.3548387096774195,4.64516129032258,2.727318548387097
2,3063,arousal,9.0,4.272681451612903,7.032258064516129,1.967741935483871,4.727318548387097
2,3080,arousal,9.0,4.272681451612903,6.790322580645161,2.209677419354839,4.727318548387097
3,Dummy_1,arousal,4.0,4.328125,6.612903225806452,-2.612903225806452,-0.328125
3,3053,arousal,6.0,4.328125,7.048387096774194,-1.048387096774194,1.671875
3,Tumor_1,arousal,5.0,4.328125,6.951612903225806,-1.951612903225806,0.671875
3,Dog_18,arousal,4.0,4.328125,3.5806451612903225,0.4193548387096775,-0.328125
3,Miserable_pose_3,arousal,4.0,4.328125,6.354838709677419,-2.354838709677419,-0.328125
3,Pinecone_1,arousal,1.0,4.328125,2.3870967741935485,-1.3870967741935485,-3.328125
3,Garbage_dump_6,arousal,2.0,4.328125,4.258064516129032,-2.258064516129032,-2.328125
3,Depressed_pose_4,arousal,3.0,4.328125,3.596774193548387,-0.596774193548387,-1.328125
3,Angry_face_1,arousal,4.0,4.328125,4.193548387096774,-0.19354838709677402,-0.328125
3,Dog_26,arousal,5.0,4.328125,6.225806451612903,-1.225806451612903,0.671875
3,8370,arousal,4.0,4.328125,5.67741935483871,-1.67741935483871,-0.328125
3,Dog_6,arousal,5.0,4.328125,3.3225806451612905,1.6774193548387095,0.671875
3,9220,arousal,3.0,4.328125,4.096774193548387,-1.096774193548387,-1.328125
3,Lake_12,arousal,1.0,4.328125,2.935483870967742,-1.935483870967742,-3.328125
3,2314,arousal,2.0,4.328125,3.5,-1.5,-2.328125
3,1750,arousal,4.0,4.328125,3.096774193548387,0.903225806451613,-0.328125
3,8492,arousal,4.0,4.328125,5.983870967741935,-1.983870967741935,-0.328125
3,1441,arousal,4.0,4.328125,2.564516129032258,1.435483870967742,-0.328125
3,Flowers_6,arousal,4.0,4.328125,2.9193548387096775,1.0806451612903225,-0.328125
3,Yarn_1,arousal,1.0,4.328125,2.2580645161290325,-1.2580645161290325,-3.328125
3,9331,arousal,2.0,4.328125,3.9193548387096775,-1.9193548387096775,-2.328125
3,Beach_1,arousal,1.0,4.328125,2.435483870967742,-1.435483870967742,-3.328125
3,2491,arousal,2.0,4.328125,3.193548387096774,-1.193548387096774,-2.328125
3,9360,arousal,1.0,4.328125,3.8870967741935485,-2.8870967741935485,-3.328125
3,Lake_3,arousal,1.0,4.328125,2.306451612903226,-1.306451612903226,-3.328125
3,3170,arousal,5.0,4.328125,6.629032258064516,-1.629032258064516,0.671875
3,8080,arousal,3.0,4.328125,4.838709677419355,-1.838709677419355,-1.328125
3,Snow_1,arousal,1.0,4.328125,2.8225806451612905,-1.8225806451612905,-3.328125
3,4220,arousal,5.0,4.328125,4.435483870967742,0.564516129032258,0.671875
3,5760,arousal,1.0,4.328125,2.4516129032258065,-1.4516129032258065,-3.328125
3,3063,arousal,3.0,4.328125,7.129032258064516,-4.129032258064516,-1.328125
3,3080,arousal,3.0,4.328125,6.887096774193548,-3.887096774193548,-1.328125
5,Dummy_1,arousal,8.0,4.293850806451613,6.548387096774194,1.451612903225806,3.706149193548387
5,3053,arousal,8.0,4.293850806451613,7.016129032258065,0.983870967741935,3.706149193548387
5,Tumor_1,arousal,7.0,4.293850806451613,6.919354838709677,0.08064516129032295,2.706149193548387
5,Dog_18,arousal,4.0,4.293850806451613,3.5806451612903225,0.4193548387096775,-0.293850806451613
5,Miserable_pose_3,arousal,7.0,4.293850806451613,6.306451612903226,0.693548387096774,2.706149193548387
5,Pinecone_1,arousal,5.0,4.293850806451613,2.3225806451612905,2.6774193548387095,0.706149193548387
5,Garbage_dump_6,arousal,7.0,4.293850806451613,4.17741935483871,2.82258064516129,2.706149193548387
5,Depressed_pose_4,arousal,6.0,4.293850806451613,3.5483870967741935,2.4516129032258065,1.706149193548387
5,Angry_face_1,arousal,7.0,4.293850806451613,4.145161290322581,2.854838709677419,2.706149193548387
5,Dog_26,arousal,8.0,4.293850806451613,6.17741935483871,1.82258064516129,3.706149193548387
5,8370,arousal,7.0,4.293850806451613,5.629032258064516,1.370967741935484,2.706149193548387
5,Dog_6,arousal,2.0,4.293850806451613,3.370967741935484,-1.370967741935484,-2.293850806451613
5,9220,arousal,4.0,4.293850806451613,4.080645161290323,-0.08064516129032295,-0.293850806451613
5,Lake_12,arousal,1.0,4.293850806451613,2.935483870967742,-1.935483870967742,-3.293850806451613
5,2314,arousal,4.0,4.293850806451613,3.467741935483871,0.532258064516129,-0.293850806451613
5,1750,arousal,2.0,4.293850806451613,3.129032258064516,-1.129032258064516,-2.293850806451613
5,8492,arousal,6.0,4.293850806451613,5.951612903225806,0.04838709677419395,1.706149193548387
5,1441,arousal,6.0,4.293850806451613,2.532258064516129,3.467741935483871,1.706149193548387
5,Flowers_6,arousal,4.0,4.293850806451613,2.9193548387096775,1.0806451612903225,-0.293850806451613
5,Yarn_1,arousal,6.0,4.293850806451613,2.1774193548387095,3.8225806451612905,1.706149193548387
5,9331,arousal,6.0,4.293850806451613,3.8548387096774195,2.1451612903225805,1.706149193548387
5,Beach_1,arousal,1.0,4.293850806451613,2.435483870967742,-1.435483870967742,-3.293850806451613
5,2491,arousal,4.0,4.293850806451613,3.161290322580645,0.838709677419355,-0.293850806451613
5,9360,arousal,6.0,4.293850806451613,3.806451612903226,2.193548387096774,1.706149193548387
5,Lake_3,arousal,2.0,4.293850806451613,2.2903225806451615,-0.2903225806451615,-2.293850806451613
5,3170,arousal,6.0,4.293850806451613,6.612903225806452,-0.612903225806452,1.706149193548387
5,8080,arousal,4.0,4.293850806451613,4.82258064516129,-0.82258064516129,-0.293850806451613
5,Snow_1,arousal,5.0,4.293850806451613,2.7580645161290325,2.2419354838709675,0.706149193548387
5,4220,arousal,7.0,4.293850806451613,4.403225806451613,2.596774193548387,2.706149193548387
5,5760,arousal,2.0,4.293850806451613,2.435483870967742,-0.435483870967742,-2.293850806451613
5,3063,arousal,7.0,4.293850806451613,7.064516129032258,-0.06451612903225801,2.706149193548387
5,3080,arousal,7.0,4.293850806451613,6.82258064516129,0.17741935483870996,2.706149193548387
6,Dummy_1,arousal,9.0,4.256048387096774,6.532258064516129,2.467741935483871,4.743951612903226
6,3053,arousal,9.0,4.256048387096774,7.0,2.0,4.743951612903226
6,Tumor_1,arousal,9.0,4.256048387096774,6.887096774193548,2.112903225806452,4.743951612903226
6,Dog_18,arousal,8.0,4.256048387096774,3.5161290322580645,4.483870967741936,3.743951612903226
6,Miserable_pose_3,arousal,9.0,4.256048387096774,6.274193548387097,2.725806451612903,4.743951612903226
6,Pinecone_1,arousal,8.0,4.256048387096774,2.274193548387097,5.725806451612903,3.743951612903226
6,Garbage_dump_6,arousal,8.0,4.256048387096774,4.161290322580645,3.838709677419355,3.743951612903226
6,Depressed_pose_4,arousal,7.0,4.256048387096774,3.532258064516129,3.467741935483871,2.743951612903226
6,Angry_face_1,arousal,8.0,4.256048387096774,4.129032258064516,3.870967741935484,3.743951612903226
6,Dog_26,arousal,8.0,4.256048387096774,6.17741935483871,1.82258064516129,3.743951612903226
6,8370,arousal,6.0,4.256048387096774,5.645161290322581,0.35483870967741904,1.743951612903226
6,Dog_6,arousal,9.0,4.256048387096774,3.2580645161290325,5.741935483870968,4.743951612903226
6,9220,arousal,8.0,4.256048387096774,4.016129032258065,3.983870967741935,3.743951612903226
6,Lake_12,arousal,9.0,4.256048387096774,2.806451612903226,6.193548387096774,4.743951612903226
6,2314,arousal,7.0,4.256048387096774,3.4193548387096775,3.5806451612903225,2.743951612903226
6,1750,arousal,8.0,4.256048387096774,3.032258064516129,4.967741935483871,3.743951612903226
6,8492,arousal,7.0,4.256048387096774,5.935483870967742,1.064516129032258,2.743951612903226
6,1441,arousal,8.0,4.256048387096774,2.5,5.5,3.743951612903226
6,Flowers_6,arousal,8.0,4.256048387096774,2.8548387096774195,5.14516129032258,3.743951612903226
6,Yarn_1,arousal,7.0,4.256048387096774,2.161290322580645,4.838709677419355,2.743951612903226
6,9331,arousal,7.0,4.256048387096774,3.838709677419355,3.161290322580645,2.743951612903226
6,Beach_1,arousal,7.0,4.256048387096774,2.338709677419355,4.661290322580645,2.743951612903226
6,2491,arousal,3.0,4.256048387096774,3.1774193548387095,-0.17741935483870952,-1.256048387096774
6,9360,arousal,6.0,4.256048387096774,3.806451612903226,2.193548387096774,1.743951612903226
6,Lake_3,arousal,6.0,4.256048387096774,2.225806451612903,3.774193548387097,1.743951612903226
6,3170,arousal,9.0,4.256048387096774,6.564516129032258,2.435483870967742,4.743951612903226
6,8080,arousal,4.0,4.256048387096774,4.82258064516129,-0.82258064516129,-0.256048387096774
6,Snow_1,arousal,7.0,4.256048387096774,2.725806451612903,4.274193548387097,2.743951612903226
6,4220,arousal,7.0,4.256048387096774,4.403225806451613,2.596774193548387,2.743951612903226
6,5760,arousal,8.0,4.256048387096774,2.338709677419355,5.661290322580645,3.743951612903226
6,3063,arousal,9.0,4.256048387096774,7.032258064516129,1.967741935483871,4.743951612903226
6,3080,arousal,8.0,4.256048387096774,6.806451612903226,1.193548387096774,3.743951612903226
7,Dummy_1,arousal,4.0,4.324596774193548,6.612903225806452,-2.612903225806452,-0.32459677419354804
7,3053,arousal,5.0,4.324596774193548,7.064516129032258,-2.064516129032258,0.675403225806452
7,Tumor_1,arousal,5.0,4.324596774193548,6.951612903225806,-1.951612903225806,0.675403225806452
7,Dog_18,arousal,5.0,4.324596774193548,3.564516129032258,1.435483870967742,0.675403225806452
7,Miserable_pose_3,arousal,4.0,4.324596774193548,6.354838709677419,-2.354838709677419,-0.32459677419354804
7,Pinecone_1,arousal,2.0,4.324596774193548,2.370967741935484,-0.370967741935484,-2.324596774193548
7,Garbage_dump_6,arousal,3.0,4.324596774193548,4.241935483870968,-1.241935483870968,-1.324596774193548
7,Depressed_pose_4,arousal,3.0,4.324596774193548,3.596774193548387,-0.596774193548387,-1.324596774193548
7,Angry_face_1,arousal,3.0,4.324596774193548,4.209677419354839,-1.209677419354839,-1.324596774193548
7,Dog_26,arousal,4.0,4.324596774193548,6.241935483870968,-2.241935483870968,-0.32459677419354804
7,8370,arousal,3.0,4.324596774193548,5.693548387096774,-2.693548387096774,-1.324596774193548
7,Dog_6,arousal,5.0,4.324596774193548,3.3225806451612905,1.6774193548387095,0.675403225806452
7,9220,arousal,2.0,4.324596774193548,4.112903225806452,-2.112903225806452,-2.324596774193548
7,Lake_12,arousal,2.0,4.324596774193548,2.9193548387096775,-0.9193548387096775,-2.324596774193548
7,2314,arousal,3.0,4.324596774193548,3.4838709677419355,-0.4838709677419355,-1.324596774193548
7,1750,arousal,3.0,4.324596774193548,3.1129032258064515,-0.11290322580645151,-1.324596774193548
7,8492,arousal,4.0,4.324596774193548,5.983870967741935,-1.983870967741935,-0.32459677419354804
7,1441,arousal,2.0,4.324596774193548,2.596774193548387,-0.596774193548387,-2.324596774193548
7,Flowers_6,arousal,3.0,4.324596774193548,2.935483870967742,0.06451612903225801,-1.324596774193548
7,Yarn_1,arousal,3.0,4.324596774193548,2.225806451612903,0.774193548387097,-1.324596774193548
7,9331,arousal,3.0,4.324596774193548,3.903225806451613,-0.903225806451613,-1.324596774193548
7,Beach_1,arousal,2.0,4.324596774193548,2.4193548387096775,-0.4193548387096775,-2.324596774193548
7,2491,arousal,3.0,4.324596774193548,3.1774193548387095,-0.17741935483870952,-1.324596774193548
7,9360,arousal,3.0,4.324596774193548,3.8548387096774195,-0.8548387096774195,-1.324596774193548
7,Lake_3,arousal,3.0,4.324596774193548,2.274193548387097,0.725806451612903,-1.324596774193548
7,3170,arousal,4.0,4.324596774193548,6.645161290322581,-2.645161290322581,-0.32459677419354804
7,8080,arousal,3.0,4.324596774193548,4.838709677419355,-1.838709677419355,-1.324596774193548
7,Snow_1,arousal,3.0,4.324596774193548,2.7903225806451615,0.20967741935483852,-1.324596774193548
7,4220,arousal,3.0,4.324596774193548,4.467741935483871,-1.467741935483871,-1.324596774193548
7,5760,arousal,2.0,4.324596774193548,2.435483870967742,-0.435483870967742,-2.324596774193548
7,3063,arousal,4.0,4.324596774193548,7.112903225806452,-3.112903225806452,-0.32459677419354804
7,3080,arousal,4.0,4.324596774193548,6.870967741935484,-2.870967741935484,-0.32459677419354804
8,Dummy_1,arousal,7.0,4.324092741935484,6.564516129032258,0.435483870967742,2.675907258064516
8,3053,arousal,6.0,4.324092741935484,7.048387096774194,-1.048387096774194,1.675907258064516
8,Tumor_1,arousal,7.0,4.324092741935484,6.919354838709677,0.08064516129032295,2.675907258064516
8,Dog_18,arousal,5.0,4.324092741935484,3.564516129032258,1.435483870967742,0.675907258064516
8,Miserable_pose_3,arousal,4.0,4.324092741935484,6.354838709677419,-2.354838709677419,-0.324092741935484
8,Pinecone_1,arousal,1.0,4.324092741935484,2.3870967741935485,-1.3870967741935485,-3.324092741935484
8,Garbage_dump_6,arousal,1.0,4.324092741935484,4.274193548387097,-3.274193548387097,-3.324092741935484
8,Depressed_pose_4,arousal,1.0,4.324092741935484,3.629032258064516,-2.629032258064516,-3.324092741935484
8,Angry_face_1,arousal,2.0,4.324092741935484,4.225806451612903,-2.225806451612903,-2.324092741935484
8,Dog_26,arousal,5.0,4.324092741935484,6.225806451612903,-1.225806451612903,0.675907258064516
8,8370,arousal,8.0,4.324092741935484,5.612903225806452,2.387096774193548,3.675907258064516
8,Dog_6,arousal,2.0,4.324092741935484,3.370967741935484,-1.370967741935484,-2.324092741935484
8,9220,arousal,3.0,4.324092741935484,4.096774193548387,-1.096774193548387,-1.324092741935484
8,Lake_12,arousal,1.0,4.324092741935484,2.935483870967742,-1.935483870967742,-3.324092741935484
8,2314,arousal,1.0,4.324092741935484,3.5161290322580645,-2.5161290322580645,-3.324092741935484
8,1750,arousal,2.0,4.324092741935484,3.129032258064516,-1.129032258064516,-2.324092741935484
8,8492,arousal,8.0,4.324092741935484,5.919354838709677,2.080645161290323,3.675907258064516
8,1441,arousal,1.0,4.324092741935484,2.6129032258064515,-1.6129032258064515,-3.324092741935484
8,Flowers_6,arousal,3.0,4.324092741935484,2.935483870967742,0.06451612903225801,-1.324092741935484
8,Yarn_1,arousal,1.0,4.324092741935484,2.2580645161290325,-1.2580645161290325,-3.324092741935484
8,9331,arousal,3.0,4.324092741935484,3.903225806451613,-0.903225806451613,-1.324092741935484
8,Beach_1,arousal,1.0,4.324092741935484,2.435483870967742,-1.435483870967742,-3.324092741935484
8,2491,arousal,1.0,4.324092741935484,3.2096774193548385,-2.2096774193548385,-3.324092741935484
8,9360,arousal,1.0,4.324092741935484,3.8870967741935485,-2.8870967741935485,-3.324092741935484
8,Lake_3,arousal,1.0,4.324092741935484,2.306451612903226,-1.306451612903226,-3.324092741935484
8,3170,arousal,3.0,4.324092741935484,6.661290322580645,-3.661290322580645,-1.324092741935484
8,8080,arousal,8.0,4.324092741935484,4.758064516129032,3.241935483870968,3.675907258064516
8,Snow_1,arousal,1.0,4.324092741935484,2.8225806451612905,-1.8225806451612905,-3.324092741935484
8,4220,arousal,6.0,4.324092741935484,4.419354838709677,1.580645161290323,1.675907258064516
8,5760,arousal,1.0,4.324092741935484,2.4516129032258065,-1.4516129032258065,-3.324092741935484
8,3063,arousal,6.0,4.324092741935484,7.080645161290323,-1.080645161290323,1.675907258064516
8,3080,arousal,5.0,4.324092741935484,6.854838709677419,-1.854838709677419,0.675907258064516
9,Dummy_1,arousal,6.0,4.29133064516129,6.580645161290323,-0.580645161290323,1.70866935483871
9,3053,arousal,6.0,4.29133064516129,7.048387096774194,-1.048387096774194,1.70866935483871
9,Tumor_1,arousal,6.0,4.29133064516129,6.935483870967742,-0.935483870967742,1.70866935483871
9,Dog_18,arousal,6.0,4.29133064516129,3.5483870967741935,2.4516129032258065,1.70866935483871
9,Miserable_pose_3,arousal,7.0,4.29133064516129,6.306451612903226,0.693548387096774,2.70866935483871
9,Pinecone_1,arousal,8.0,4.29133064516129,2.274193548387097,5.725806451612903,3.70866935483871
9,Garbage_dump_6,arousal,6.0,4.29133064516129,4.193548387096774,1.806451612903226,1.70866935483871
9,Depressed_pose_4,arousal,4.0,4.29133064516129,3.5806451612903225,0.4193548387096775,-0.29133064516129004
9,Angry_face_1,arousal,5.0,4.29133064516129,4.17741935483871,0.82258064516129,0.70866935483871
9,Dog_26,arousal,6.0,4.29133064516129,6.209677419354839,-0.20967741935483897,1.70866935483871
9,8370,arousal,8.0,4.29133064516129,5.612903225806452,2.387096774193548,3.70866935483871
9,Dog_6,arousal,6.0,4.29133064516129,3.306451612903226,2.693548387096774,1.70866935483871
9,9220,arousal,4.0,4.29133064516129,4.080645161290323,-0.08064516129032295,-0.29133064516129004
9,Lake_12,arousal,4.0,4.29133064516129,2.8870967741935485,1.1129032258064515,-0.29133064516129004
9,2314,arousal,7.0,4.29133064516129,3.4193548387096775,3.5806451612903225,2.70866935483871
9,1750,arousal,7.0,4.29133064516129,3.0483870967741935,3.9516129032258065,2.70866935483871
9,8492,arousal,9.0,4.29133064516129,5.903225806451613,3.096774193548387,4.70866935483871
9,1441,arousal,3.0,4.29133064516129,2.5806451612903225,0.4193548387096775,-1.29133064516129
9,Flowers_6,arousal,3.0,4.29133064516129,2.935483870967742,0.06451612903225801,-1.29133064516129
9,Yarn_1,arousal,3.0,4.29133064516129,2.225806451612903,0.774193548387097,-1.29133064516129
9,9331,arousal,5.0,4.29133064516129,3.870967741935484,1.129032258064516,0.70866935483871
9,Beach_1,arousal,1.0,4.29133064516129,2.435483870967742,-1.435483870967742,-3.29133064516129
9,2491,arousal,4.0,4.29133064516129,3.161290322580645,0.838709677419355,-0.29133064516129004
9,9360,arousal,7.0,4.29133064516129,3.7903225806451615,3.2096774193548385,2.70866935483871
9,Lake_3,arousal,5.0,4.29133064516129,2.2419354838709675,2.7580645161290325,0.70866935483871
9,3170,arousal,5.0,4.29133064516129,6.629032258064516,-1.629032258064516,0.70866935483871
9,8080,arousal,9.0,4.29133064516129,4.741935483870968,4.258064516129032,4.70866935483871
9,Snow_1,arousal,3.0,4.29133064516129,2.7903225806451615,0.20967741935483852,-1.29133064516129
9,4220,arousal,6.0,4.29133064516129,4.419354838709677,1.580645161290323,1.70866935483871
9,5760,arousal,1.0,4.29133064516129,2.4516129032258065,-1.4516129032258065,-3.29133064516129
9,3063,arousal,6.0,4.29133064516129,7.080645161290323,-1.080645161290323,1.70866935483871
9,3080,arousal,5.0,4.29133064516129,6.854838709677419,-1.854838709677419,0.70866935483871
10,Dummy_1,arousal,9.0,4.309979838709677,6.532258064516129,2.467741935483871,4.690020161290323
10,3053,arousal,8.0,4.309979838709677,7.016129032258065,0.983870967741935,3.690020161290323
10,Tumor_1,arousal,6.0,4.309979838709677,6.935483870967742,-0.935483870967742,1.690020161290323
10,Dog_18,arousal,4.0,4.309979838709677,3.5806451612903225,0.4193548387096775,-0.30997983870967705
10,Miserable_pose_3,arousal,5.0,4.309979838709677,6.338709677419355,-1.338709677419355,0.690020161290323
10,Pinecone_1,arousal,5.0,4.309979838709677,2.3225806451612905,2.6774193548387095,0.690020161290323
10,Garbage_dump_6,arousal,6.0,4.309979838709677,4.193548387096774,1.806451612903226,1.690020161290323
10,Depressed_pose_4,arousal,1.0,4.309979838709677,3.629032258064516,-2.629032258064516,-3.309979838709677
10,Angry_face_1,arousal,4.0,4.309979838709677,4.193548387096774,-0.19354838709677402,-0.30997983870967705
10,Dog_26,arousal,7.0,4.309979838709677,6.193548387096774,0.806451612903226,2.690020161290323
10,8370,arousal,7.0,4.309979838709677,5.629032258064516,1.370967741935484,2.690020161290323
10,Dog_6,arousal,3.0,4.309979838709677,3.3548387096774195,-0.3548387096774195,-1.309979838709677
10,9220,arousal,1.0,4.309979838709677,4.129032258064516,-3.129032258064516,-3.309979838709677
10,Lake_12,arousal,3.0,4.309979838709677,2.903225806451613,0.09677419354838701,-1.309979838709677
10,2314,arousal,4.0,4.309979838709677,3.467741935483871,0.532258064516129,-0.30997983870967705
10,1750,arousal,2.0,4.309979838709677,3.129032258064516,-1.129032258064516,-2.309979838709677
10,8492,arousal,8.0,4.309979838709677,5.919354838709677,2.080645161290323,3.690020161290323
10,1441,arousal,3.0,4.309979838709677,2.5806451612903225,0.4193548387096775,-1.309979838709677
10,Flowers_6,arousal,1.0,4.309979838709677,2.967741935483871,-1.967741935483871,-3.309979838709677
10,Yarn_1,arousal,1.0,4.309979838709677,2.2580645161290325,-1.2580645161290325,-3.309979838709677
10,9331,arousal,2.0,4.309979838709677,3.9193548387096775,-1.9193548387096775,-2.309979838709677
10,Beach_1,arousal,6.0,4.309979838709677,2.3548387096774195,3.6451612903225805,1.690020161290323
10,2491,arousal,1.0,4.309979838709677,3.2096774193548385,-2.2096774193548385,-3.309979838709677
10,9360,arousal,2.0,4.309979838709677,3.870967741935484,-1.870967741935484,-2.309979838709677
10,Lake_3,arousal,2.0,4.309979838709677,2.2903225806451615,-0.2903225806451615,-2.309979838709677
10,3170,arousal,6.0,4.309979838709677,6.612903225806452,-0.612903225806452,1.690020161290323
10,8080,arousal,2.0,4.309979838709677,4.854838709677419,-2.854838709677419,-2.309979838709677
10,Snow_1,arousal,1.0,4.309979838709677,2.8225806451612905,-1.8225806451612905,-3.309979838709677
10,4220,arousal,4.0,4.309979838709677,4.451612903225806,-0.45161290322580605,-0.30997983870967705
10,5760,arousal,3.0,4.309979838709677,2.4193548387096775,0.5806451612903225,-1.309979838709677
10,3063,arousal,9.0,4.309979838709677,7.032258064516129,1.967741935483871,4.690020161290323
10,3080,arousal,8.0,4.309979838709677,6.806451612903226,1.193548387096774,3.690020161290323
11,Dummy_1,arousal,5.0,4.296875,6.596774193548387,-1.596774193548387,0.703125
11,3053,arousal,5.0,4.296875,7.064516129032258,-2.064516129032258,0.703125
11,Tumor_1,arousal,6.0,4.296875,6.935483870967742,-0.935483870967742,1.703125
11,Dog_18,arousal,6.0,4.296875,3.5483870967741935,2.4516129032258065,1.703125
11,Miserable_pose_3,arousal,5.0,4.296875,6.338709677419355,-1.338709677419355,0.703125
11,Pinecone_1,arousal,4.0,4.296875,2.338709677419355,1.661290322580645,-0.296875
11,Garbage_dump_6,arousal,7.0,4.296875,4.17741935483871,2.82258064516129,2.703125
11,Depressed_pose_4,arousal,6.0,4.296875,3.5483870967741935,2.4516129032258065,1.703125
11,Angry_face_1,arousal,3.0,4.296875,4.209677419354839,-1.209677419354839,-1.296875
11,Dog_26,arousal,7.0,4.296875,6.193548387096774,0.806451612903226,2.703125
11,8370,arousal,7.0,4.296875,5.629032258064516,1.370967741935484,2.703125
11,Dog_6,arousal,8.0,4.296875,3.274193548387097,4.725806451612903,3.703125
11,9220,arousal,8.0,4.296875,4.016129032258065,3.983870967741935,3.703125
11,Lake_12,arousal,3.0,4.296875,2.903225806451613,0.09677419354838701,-1.296875
11,2314,arousal,6.0,4.296875,3.435483870967742,2.564516129032258,1.703125
11,1750,arousal,6.0,4.296875,3.064516129032258,2.935483870967742,1.703125
11,8492,arousal,9.0,4.296875,5.903225806451613,3.096774193548387,4.703125
11,1441,arousal,2.0,4.296875,2.596774193548387,-0.596774193548387,-2.296875
11,Flowers_6,arousal,3.0,4.296875,2.935483870967742,0.06451612903225801,-1.296875
11,Yarn_1,arousal,6.0,4.296875,2.1774193548387095,3.8225806451612905,1.703125
11,9331,arousal,5.0,4.296875,3.870967741935484,1.129032258064516,0.703125
11,Beach_1,arousal,1.0,4.296875,2.435483870967742,-1.435483870967742,-3.296875
11,2491,arousal,4.0,4.296875,3.161290322580645,0.838709677419355,-0.296875
11,9360,arousal,5.0,4.296875,3.8225806451612905,1.1774193548387095,0.703125
11,Lake_3,arousal,1.0,4.296875,2.306451612903226,-1.306451612903226,-3.296875
11,3170,arousal,5.0,4.296875,6.629032258064516,-1.629032258064516,0.703125
11,8080,arousal,5.0,4.296875,4.806451612903226,0.19354838709677402,0.703125
11,Snow_1,arousal,3.0,4.296875,2.7903225806451615,0.20967741935483852,-1.296875
11,4220,arousal,4.0,4.296875,4.451612903225806,-0.45161290322580605,-0.296875
11,5760,arousal,4.0,4.296875,2.403225806451613,1.596774193548387,-0.296875
11,3063,arousal,6.0,4.296875,7.080645161290323,-1.080645161290323,1.703125
11,3080,arousal,5.0,4.296875,6.854838709677419,-1.854838709677419,0.703125
12,Dummy_1,arousal,7.0,4.299899193548387,6.564516129032258,0.435483870967742,2.700100806451613
12,3053,arousal,6.0,4.299899193548387,7.048387096774194,-1.048387096774194,1.700100806451613
12,Tumor_1,arousal,6.0,4.299899193548387,6.935483870967742,-0.935483870967742,1.700100806451613
12,Dog_18,arousal,4.0,4.299899193548387,3.5806451612903225,0.4193548387096775,-0.299899193548387
12,Miserable_pose_3,arousal,6.0,4.299899193548387,6.32258064516129,-0.32258064516129004,1.700100806451613
12,Pinecone_1,arousal,4.0,4.299899193548387,2.338709677419355,1.661290322580645,-0.299899193548387
12,Garbage_dump_6,arousal,6.0,4.299899193548387,4.193548387096774,1.806451612903226,1.700100806451613
12,Depressed_pose_4,arousal,4.0,4.299899193548387,3.5806451612903225,0.4193548387096775,-0.299899193548387
12,Angry_face_1,arousal,4.0,4.299899193548387,4.193548387096774,-0.19354838709677402,-0.299899193548387
12,Dog_26,arousal,4.0,4.299899193548387,6.241935483870968,-2.241935483870968,-0.299899193548387
12,8370,arousal,4.0,4.299899193548387,5.67741935483871,-1.67741935483871,-0.299899193548387
12,Dog_6,arousal,3.0,4.299899193548387,3.3548387096774195,-0.3548387096774195,-1.299899193548387
12,9220,arousal,5.0,4.299899193548387,4.064516129032258,0.935483870967742,0.700100806451613
12,Lake_12,arousal,3.0,4.299899193548387,2.903225806451613,0.09677419354838701,-1.299899193548387
12,2314,arousal,4.0,4.299899193548387,3.467741935483871,0.532258064516129,-0.299899193548387
12,1750,arousal,4.0,4.299899193548387,3.096774193548387,0.903225806451613,-0.299899193548387
12,8492,arousal,4.0,4.299899193548387,5.983870967741935,-1.983870967741935,-0.299899193548387
12,1441,arousal,5.0,4.299899193548387,2.5483870967741935,2.4516129032258065,0.700100806451613
12,Flowers_6,arousal,5.0,4.299899193548387,2.903225806451613,2.096774193548387,0.700100806451613
12,Yarn_1,arousal,4.0,4.299899193548387,2.2096774193548385,1.7903225806451615,-0.299899193548387
12,9331,arousal,5.0,4.299899193548387,3.870967741935484,1.129032258064516,0.700100806451613
12,Beach_1,arousal,4.0,4.299899193548387,2.3870967741935485,1.6129032258064515,-0.299899193548387
12,2491,arousal,4.0,4.299899193548387,3.161290322580645,0.838709677419355,-0.299899193548387
12,9360,arousal,6.0,4.299899193548387,3.806451612903226,2.193548387096774,1.700100806451613
12,Lake_3,arousal,4.0,4.299899193548387,2.2580645161290325,1.7419354838709675,-0.299899193548387
12,3170,arousal,7.0,4.299899193548387,6.596774193548387,0.403225806451613,2.700100806451613
12,8080,arousal,5.0,4.299899193548387,4.806451612903226,0.19354838709677402,0.700100806451613
12,Snow_1,arousal,5.0,4.299899193548387,2.7580645161290325,2.2419354838709675,0.700100806451613
12,4220,arousal,4.0,4.299899193548387,4.451612903225806,-0.45161290322580605,-0.299899193548387
12,5760,arousal,4.0,4.299899193548387,2.403225806451613,1.596774193548387,-0.299899193548387
12,3063,arousal,7.0,4.299899193548387,7.064516129032258,-0.06451612903225801,2.700100806451613
12,3080,arousal,7.0,4.299899193548387,6.82258064516129,0.17741935483870996,2.700100806451613
13,Dummy_1,arousal,4.0,4.339213709677419,6.612903225806452,-2.612903225806452,-0.33921370967741904
13,3053,arousal,4.0,4.339213709677419,7.080645161290323,-3.080645161290323,-0.33921370967741904
13,Tumor_1,arousal,5.0,4.339213709677419,6.951612903225806,-1.951612903225806,0.660786290322581
13,Dog_18,arousal,4.0,4.339213709677419,3.5806451612903225,0.4193548387096775,-0.33921370967741904
13,Miserable_pose_3,arousal,3.0,4.339213709677419,6.370967741935484,-3.370967741935484,-1.339213709677419
13,Pinecone_1,arousal,1.0,4.339213709677419,2.3870967741935485,-1.3870967741935485,-3.339213709677419
13,Garbage_dump_6,arousal,1.0,4.339213709677419,4.274193548387097,-3.274193548387097,-3.339213709677419
13,Depressed_pose_4,arousal,2.0,4.339213709677419,3.6129032258064515,-1.6129032258064515,-2.339213709677419
13,Angry_face_1,arousal,2.0,4.339213709677419,4.225806451612903,-2.225806451612903,-2.339213709677419
13,Dog_26,arousal,4.0,4.339213709677419,6.241935483870968,-2.241935483870968,-0.33921370967741904
13,8370,arousal,1.0,4.339213709677419,5.725806451612903,-4.725806451612903,-3.339213709677419
13,Dog_6,arousal,4.0,4.339213709677419,3.338709677419355,0.661290322580645,-0.33921370967741904
13,9220,arousal,2.0,4.339213709677419,4.112903225806452,-2.112903225806452,-2.339213709677419
13,Lake_12,arousal,1.0,4.339213709677419,2.935483870967742,-1.935483870967742,-3.339213709677419
13,2314,arousal,1.0,4.339213709677419,3.5161290322580645,-2.5161290322580645,-3.339213709677419
13,1750,arousal,1.0,4.339213709677419,3.1451612903225805,-2.1451612903225805,-3.339213709677419
13,8492,arousal,2.0,4.339213709677419,6.016129032258065,-4.016129032258065,-2.339213709677419
13,1441,arousal,2.0,4.339213709677419,2.596774193548387,-0.596774193548387,-2.339213709677419
13,Flowers_6,arousal,2.0,4.339213709677419,2.9516129032258065,-0.9516129032258065,-2.339213709677419
13,Yarn_1,arousal,1.0,4.339213709677419,2.2580645161290325,-1.2580645161290325,-3.339213709677419
13,9331,arousal,2.0,4.339213709677419,3.9193548387096775,-1.9193548387096775,-2.339213709677419
13,Beach_1,arousal,1.0,4.339213709677419,2.435483870967742,-1.435483870967742,-3.339213709677419
13,2491,arousal,2.0,4.339213709677419,3.193548387096774,-1.193548387096774,-2.339213709677419
13,9360,arousal,2.0,4.339213709677419,3.870967741935484,-1.870967741935484,-2.339213709677419
13,Lake_3,arousal,2.0,4.339213709677419,2.2903225806451615,-0.2903225806451615,-2.339213709677419
13,3170,arousal,4.0,4.339213709677419,6.645161290322581,-2.645161290322581,-0.33921370967741904
13,8080,arousal,1.0,4.339213709677419,4.870967741935484,-3.870967741935484,-3.339213709677419
13,Snow_1,arousal,3.0,4.339213709677419,2.7903225806451615,0.20967741935483852,-1.339213709677419
13,4220,arousal,2.0,4.339213709677419,4.483870967741935,-2.483870967741935,-2.339213709677419
13,5760,arousal,3.0,4.339213709677419,2.4193548387096775,0.5806451612903225,-1.339213709677419
13,3063,arousal,2.0,4.339213709677419,7.145161290322581,-5.145161290322581,-2.339213709677419
13,3080,arousal,5.0,4.339213709677419,6.854838709677419,-1.854838709677419,0.660786290322581
14,Dummy_1,arousal,7.0,4.333165322580645,6.564516129032258,0.435483870967742,2.666834677419355
14,3053,arousal,5.0,4.333165322580645,7.064516129032258,-2.064516129032258,0.666834677419355
14,Tumor_1,arousal,4.0,4.333165322580645,6.967741935483871,-2.967741935483871,-0.333165322580645
14,Dog_18,arousal,1.0,4.333165322580645,3.629032258064516,-2.629032258064516,-3.333165322580645
14,Miserable_pose_3,arousal,5.0,4.333165322580645,6.338709677419355,-1.338709677419355,0.666834677419355
14,Pinecone_1,arousal,1.0,4.333165322580645,2.3870967741935485,-1.3870967741935485,-3.333165322580645
14,Garbage_dump_6,arousal,2.0,4.333165322580645,4.258064516129032,-2.258064516129032,-2.333165322580645
14,Depressed_pose_4,arousal,2.0,4.333165322580645,3.6129032258064515,-1.6129032258064515,-2.333165322580645
14,Angry_face_1,arousal,1.0,4.333165322580645,4.241935483870968,-3.241935483870968,-3.333165322580645
14,Dog_26,arousal,5.0,4.333165322580645,6.225806451612903,-1.225806451612903,0.666834677419355
14,8370,arousal,4.0,4.333165322580645,5.67741935483871,-1.67741935483871,-0.333165322580645
14,Dog_6,arousal,2.0,4.333165322580645,3.370967741935484,-1.370967741935484,-2.333165322580645
14,9220,arousal,3.0,4.333165322580645,4.096774193548387,-1.096774193548387,-1.333165322580645
14,Lake_12,arousal,2.0,4.333165322580645,2.9193548387096775,-0.9193548387096775,-2.333165322580645
14,2314,arousal,3.0,4.333165322580645,3.4838709677419355,-0.4838709677419355,-1.333165322580645
14,1750,arousal,3.0,4.333165322580645,3.1129032258064515,-0.11290322580645151,-1.333165322580645
14,8492,arousal,3.0,4.333165322580645,6.0,-3.0,-1.333165322580645
14,1441,arousal,2.0,4.333165322580645,2.596774193548387,-0.596774193548387,-2.333165322580645
14,Flowers_6,arousal,1.0,4.333165322580645,2.967741935483871,-1.967741935483871,-3.333165322580645
14,Yarn_1,arousal,1.0,4.333165322580645,2.2580645161290325,-1.2580645161290325,-3.333165322580645
14,9331,arousal,2.0,4.333165322580645,3.9193548387096775,-1.9193548387096775,-2.333165322580645
14,Beach_1,arousal,2.0,4.333165322580645,2.4193548387096775,-0.4193548387096775,-2.333165322580645
14,2491,arousal,2.0,4.333165322580645,3.193548387096774,-1.193548387096774,-2.333165322580645
14,9360,arousal,1.0,4.333165322580645,3.8870967741935485,-2.8870967741935485,-3.333165322580645
14,Lake_3,arousal,1.0,4.333165322580645,2.306451612903226,-1.306451612903226,-3.333165322580645
14,3170,arousal,4.0,4.333165322580645,6.645161290322581,-2.645161290322581,-0.333165322580645
14,8080,arousal,3.0,4.333165322580645,4.838709677419355,-1.838709677419355,-1.333165322580645
14,Snow_1,arousal,1.0,4.333165322580645,2.8225806451612905,-1.8225806451612905,-3.333165322580645
14,4220,arousal,3.0,4.333165322580645,4.467741935483871,-1.467741935483871,-1.333165322580645
14,5760,arousal,1.0,4.333165322580645,2.4516129032258065,-1.4516129032258065,-3.333165322580645
14,3063,arousal,6.0,4.333165322580645,7.080645161290323,-1.080645161290323,1.666834677419355
14,3080,arousal,5.0,4.333165322580645,6.854838709677419,-1.854838709677419,0.666834677419355
15,Dummy_1,arousal,4.0,4.316028225806452,6.612903225806452,-2.612903225806452,-0.31602822580645196
15,3053,arousal,5.0,4.316028225806452,7.064516129032258,-2.064516129032258,0.683971774193548
15,Tumor_1,arousal,6.0,4.316028225806452,6.935483870967742,-0.935483870967742,1.683971774193548
15,Dog_18,arousal,3.0,4.316028225806452,3.596774193548387,-0.596774193548387,-1.316028225806452
15,Miserable_pose_3,arousal,6.0,4.316028225806452,6.32258064516129,-0.32258064516129004,1.683971774193548
15,Pinecone_1,arousal,1.0,4.316028225806452,2.3870967741935485,-1.3870967741935485,-3.316028225806452
15,Garbage_dump_6,arousal,6.0,4.316028225806452,4.193548387096774,1.806451612903226,1.683971774193548
15,Depressed_pose_4,arousal,2.0,4.316028225806452,3.6129032258064515,-1.6129032258064515,-2.316028225806452
15,Angry_face_1,arousal,1.0,4.316028225806452,4.241935483870968,-3.241935483870968,-3.316028225806452
15,Dog_26,arousal,6.0,4.316028225806452,6.209677419354839,-0.20967741935483897,1.683971774193548
15,8370,arousal,8.0,4.316028225806452,5.612903225806452,2.387096774193548,3.683971774193548
15,Dog_6,arousal,4.0,4.316028225806452,3.338709677419355,0.661290322580645,-0.31602822580645196
15,9220,arousal,3.0,4.316028225806452,4.096774193548387,-1.096774193548387,-1.316028225806452
15,Lake_12,arousal,7.0,4.316028225806452,2.838709677419355,4.161290322580645,2.683971774193548
15,2314,arousal,3.0,4.316028225806452,3.4838709677419355,-0.4838709677419355,-1.316028225806452
15,1750,arousal,4.0,4.316028225806452,3.096774193548387,0.903225806451613,-0.31602822580645196
15,8492,arousal,8.0,4.316028225806452,5.919354838709677,2.080645161290323,3.683971774193548
15,1441,arousal,1.0,4.316028225806452,2.6129032258064515,-1.6129032258064515,-3.316028225806452
15,Flowers_6,arousal,1.0,4.316028225806452,2.967741935483871,-1.967741935483871,-3.316028225806452
15,Yarn_1,arousal,1.0,4.316028225806452,2.2580645161290325,-1.2580645161290325,-3.316028225806452
15,9331,arousal,4.0,4.316028225806452,3.8870967741935485,0.11290322580645151,-0.31602822580645196
15,Beach_1,arousal,1.0,4.316028225806452,2.435483870967742,-1.435483870967742,-3.316028225806452
15,2491,arousal,1.0,4.316028225806452,3.2096774193548385,-2.2096774193548385,-3.316028225806452
15,9360,arousal,2.0,4.316028225806452,3.870967741935484,-1.870967741935484,-2.316028225806452
15,Lake_3,arousal,2.0,4.316028225806452,2.2903225806451615,-0.2903225806451615,-2.316028225806452
15,3170,arousal,5.0,4.316028225806452,6.629032258064516,-1.629032258064516,0.683971774193548
15,8080,arousal,6.0,4.316028225806452,4.790322580645161,1.209677419354839,1.683971774193548
15,Snow_1,arousal,2.0,4.316028225806452,2.806451612903226,-0.806451612903226,-2.316028225806452
15,4220,arousal,6.0,4.316028225806452,4.419354838709677,1.580645161290323,1.683971774193548
15,5760,arousal,2.0,4.316028225806452,2.435483870967742,-0.435483870967742,-2.316028225806452
15,3063,arousal,5.0,4.316028225806452,7.096774193548387,-2.096774193548387,0.683971774193548
15,3080,arousal,6.0,4.316028225806452,6.838709677419355,-0.838709677419355,1.683971774193548
16,Dummy_1,arousal,8.0,4.311995967741935,6.548387096774194,1.451612903225806,3.688004032258065
16,3053,arousal,9.0,4.311995967741935,7.0,2.0,4.688004032258065
16,Tumor_1,arousal,9.0,4.311995967741935,6.887096774193548,2.112903225806452,4.688004032258065
16,Dog_18,arousal,6.0,4.311995967741935,3.5483870967741935,2.4516129032258065,1.688004032258065
16,Miserable_pose_3,arousal,5.0,4.311995967741935,6.338709677419355,-1.338709677419355,0.688004032258065
16,Pinecone_1,arousal,1.0,4.311995967741935,2.3870967741935485,-1.3870967741935485,-3.311995967741935
16,Garbage_dump_6,arousal,4.0,4.311995967741935,4.225806451612903,-0.22580645161290303,-0.31199596774193505
16,Depressed_pose_4,arousal,3.0,4.311995967741935,3.596774193548387,-0.596774193548387,-1.311995967741935
16,Angry_face_1,arousal,4.0,4.311995967741935,4.193548387096774,-0.19354838709677402,-0.31199596774193505
16,Dog_26,arousal,6.0,4.311995967741935,6.209677419354839,-0.20967741935483897,1.688004032258065
16,8370,arousal,7.0,4.311995967741935,5.629032258064516,1.370967741935484,2.688004032258065
16,Dog_6,arousal,1.0,4.311995967741935,3.3870967741935485,-2.3870967741935485,-3.311995967741935
16,9220,arousal,4.0,4.311995967741935,4.080645161290323,-0.08064516129032295,-0.31199596774193505
16,Lake_12,arousal,4.0,4.311995967741935,2.8870967741935485,1.1129032258064515,-0.31199596774193505
16,2314,arousal,2.0,4.311995967741935,3.5,-1.5,-2.311995967741935
16,1750,arousal,2.0,4.311995967741935,3.129032258064516,-1.129032258064516,-2.311995967741935
16,8492,arousal,5.0,4.311995967741935,5.967741935483871,-0.967741935483871,0.688004032258065
16,1441,arousal,2.0,4.311995967741935,2.596774193548387,-0.596774193548387,-2.311995967741935
16,Flowers_6,arousal,2.0,4.311995967741935,2.9516129032258065,-0.9516129032258065,-2.311995967741935
16,Yarn_1,arousal,2.0,4.311995967741935,2.2419354838709675,-0.24193548387096753,-2.311995967741935
16,9331,arousal,3.0,4.311995967741935,3.903225806451613,-0.903225806451613,-1.311995967741935
16,Beach_1,arousal,3.0,4.311995967741935,2.403225806451613,0.596774193548387,-1.311995967741935
16,2491,arousal,1.0,4.311995967741935,3.2096774193548385,-2.2096774193548385,-3.311995967741935
16,9360,arousal,3.0,4.311995967741935,3.8548387096774195,-0.8548387096774195,-1.311995967741935
16,Lake_3,arousal,2.0,4.311995967741935,2.2903225806451615,-0.2903225806451615,-2.311995967741935
16,3170,arousal,7.0,4.311995967741935,6.596774193548387,0.403225806451613,2.688004032258065
16,8080,arousal,1.0,4.311995967741935,4.870967741935484,-3.870967741935484,-3.311995967741935
16,Snow_1,arousal,4.0,4.311995967741935,2.774193548387097,1.225806451612903,-0.31199596774193505
16,4220,arousal,4.0,4.311995967741935,4.451612903225806,-0.45161290322580605,-0.31199596774193505
16,5760,arousal,1.0,4.311995967741935,2.4516129032258065,-1.4516129032258065,-3.311995967741935
16,3063,arousal,8.0,4.311995967741935,7.048387096774194,0.951612903225806,3.688004032258065
16,3080,arousal,7.0,4.311995967741935,6.82258064516129,0.17741935483870996,2.688004032258065
17,Dummy_1,arousal,4.0,4.317540322580645,6.612903225806452,-2.612903225806452,-0.317540322580645
17,3053,arousal,7.0,4.317540322580645,7.032258064516129,-0.032258064516129004,2.682459677419355
17,Tumor_1,arousal,8.0,4.317540322580645,6.903225806451613,1.096774193548387,3.682459677419355
17,Dog_18,arousal,1.0,4.317540322580645,3.629032258064516,-2.629032258064516,-3.317540322580645
17,Miserable_pose_3,arousal,7.0,4.317540322580645,6.306451612903226,0.693548387096774,2.682459677419355
17,Pinecone_1,arousal,2.0,4.317540322580645,2.370967741935484,-0.370967741935484,-2.317540322580645
17,Garbage_dump_6,arousal,4.0,4.317540322580645,4.225806451612903,-0.22580645161290303,-0.317540322580645
17,Depressed_pose_4,arousal,2.0,4.317540322580645,3.6129032258064515,-1.6129032258064515,-2.317540322580645
17,Angry_face_1,arousal,4.0,4.317540322580645,4.193548387096774,-0.19354838709677402,-0.317540322580645
17,Dog_26,arousal,8.0,4.317540322580645,6.17741935483871,1.82258064516129,3.682459677419355
17,8370,arousal,4.0,4.317540322580645,5.67741935483871,-1.67741935483871,-0.317540322580645
17,Dog_6,arousal,1.0,4.317540322580645,3.3870967741935485,-2.3870967741935485,-3.317540322580645
17,9220,arousal,4.0,4.317540322580645,4.080645161290323,-0.08064516129032295,-0.317540322580645
17,Lake_12,arousal,2.0,4.317540322580645,2.9193548387096775,-0.9193548387096775,-2.317540322580645
17,2314,arousal,1.0,4.317540322580645,3.5161290322580645,-2.5161290322580645,-3.317540322580645
17,1750,arousal,3.0,4.317540322580645,3.1129032258064515,-0.11290322580645151,-1.317540322580645
17,8492,arousal,3.0,4.317540322580645,6.0,-3.0,-1.317540322580645
17,1441,arousal,1.0,4.317540322580645,2.6129032258064515,-1.6129032258064515,-3.317540322580645
17,Flowers_6,arousal,1.0,4.317540322580645,2.967741935483871,-1.967741935483871,-3.317540322580645
17,Yarn_1,arousal,2.0,4.317540322580645,2.2419354838709675,-0.24193548387096753,-2.317540322580645
17,9331,arousal,3.0,4.317540322580645,3.903225806451613,-0.903225806451613,-1.317540322580645
17,Beach_1,arousal,2.0,4.317540322580645,2.4193548387096775,-0.4193548387096775,-2.317540322580645
17,2491,arousal,2.0,4.317540322580645,3.193548387096774,-1.193548387096774,-2.317540322580645
17,9360,arousal,5.0,4.317540322580645,3.8225806451612905,1.1774193548387095,0.682459677419355
17,Lake_3,arousal,1.0,4.317540322580645,2.306451612903226,-1.306451612903226,-3.317540322580645
17,3170,arousal,8.0,4.317540322580645,6.580645161290323,1.419354838709677,3.682459677419355
17,8080,arousal,3.0,4.317540322580645,4.838709677419355,-1.838709677419355,-1.317540322580645
17,Snow_1,arousal,3.0,4.317540322580645,2.7903225806451615,0.20967741935483852,-1.317540322580645
17,4220,arousal,4.0,4.317540322580645,4.451612903225806,-0.45161290322580605,-0.317540322580645
17,5760,arousal,3.0,4.317540322580645,2.4193548387096775,0.5806451612903225,-1.317540322580645
17,3063,arousal,8.0,4.317540322580645,7.048387096774194,0.951612903225806,3.682459677419355
17,3080,arousal,8.0,4.317540322580645,6.806451612903226,1.193548387096774,3.682459677419355
18,Dummy_1,arousal,9.0,4.297883064516129,6.532258064516129,2.467741935483871,4.702116935483871
18,3053,arousal,9.0,4.297883064516129,7.0,2.0,4.702116935483871
18,Tumor_1,arousal,7.0,4.297883064516129,6.919354838709677,0.08064516129032295,2.702116935483871
18,Dog_18,arousal,1.0,4.297883064516129,3.629032258064516,-2.629032258064516,-3.297883064516129
18,Miserable_pose_3,arousal,6.0,4.297883064516129,6.32258064516129,-0.32258064516129004,1.702116935483871
18,Pinecone_1,arousal,1.0,4.297883064516129,2.3870967741935485,-1.3870967741935485,-3.297883064516129
18,Garbage_dump_6,arousal,3.0,4.297883064516129,4.241935483870968,-1.241935483870968,-1.297883064516129
18,Depressed_pose_4,arousal,4.0,4.297883064516129,3.5806451612903225,0.4193548387096775,-0.297883064516129
18,Angry_face_1,arousal,6.0,4.297883064516129,4.161290322580645,1.838709677419355,1.702116935483871
18,Dog_26,arousal,8.0,4.297883064516129,6.17741935483871,1.82258064516129,3.702116935483871
18,8370,arousal,9.0,4.297883064516129,5.596774193548387,3.403225806451613,4.702116935483871
18,Dog_6,arousal,1.0,4.297883064516129,3.3870967741935485,-2.3870967741935485,-3.297883064516129
18,9220,arousal,3.0,4.297883064516129,4.096774193548387,-1.096774193548387,-1.297883064516129
18,Lake_12,arousal,7.0,4.297883064516129,2.838709677419355,4.161290322580645,2.702116935483871
18,2314,arousal,7.0,4.297883064516129,3.4193548387096775,3.5806451612903225,2.702116935483871
18,1750,arousal,1.0,4.297883064516129,3.1451612903225805,-2.1451612903225805,-3.297883064516129
18,8492,arousal,9.0,4.297883064516129,5.903225806451613,3.096774193548387,4.702116935483871
18,1441,arousal,1.0,4.297883064516129,2.6129032258064515,-1.6129032258064515,-3.297883064516129
18,Flowers_6,arousal,1.0,4.297883064516129,2.967741935483871,-1.967741935483871,-3.297883064516129
18,Yarn_1,arousal,2.0,4.297883064516129,2.2419354838709675,-0.24193548387096753,-2.297883064516129
18,9331,arousal,5.0,4.297883064516129,3.870967741935484,1.129032258064516,0.702116935483871
18,Beach_1,arousal,2.0,4.297883064516129,2.4193548387096775,-0.4193548387096775,-2.297883064516129
18,2491,arousal,3.0,4.297883064516129,3.1774193548387095,-0.17741935483870952,-1.297883064516129
18,9360,arousal,5.0,4.297883064516129,3.8225806451612905,1.1774193548387095,0.702116935483871
18,Lake_3,arousal,6.0,4.297883064516129,2.225806451612903,3.774193548387097,1.702116935483871
18,3170,arousal,7.0,4.297883064516129,6.596774193548387,0.403225806451613,2.702116935483871
18,8080,arousal,8.0,4.297883064516129,4.758064516129032,3.241935483870968,3.702116935483871
18,Snow_1,arousal,7.0,4.297883064516129,2.725806451612903,4.274193548387097,2.702116935483871
18,4220,arousal,2.0,4.297883064516129,4.483870967741935,-2.483870967741935,-2.297883064516129
18,5760,arousal,1.0,4.297883064516129,2.4516129032258065,-1.4516129032258065,-3.297883064516129
18,3063,arousal,8.0,4.297883064516129,7.048387096774194,0.951612903225806,3.702116935483871
18,3080,arousal,9.0,4.297883064516129,6.790322580645161,2.209677419354839,4.702116935483871
19,Dummy_1,arousal,5.0,4.289818548387097,6.596774193548387,-1.596774193548387,0.710181451612903
19,3053,arousal,7.0,4.289818548387097,7.032258064516129,-0.032258064516129004,2.710181451612903
19,Tumor_1,arousal,8.0,4.289818548387097,6.903225806451613,1.096774193548387,3.710181451612903
19,Dog_18,arousal,6.0,4.289818548387097,3.5483870967741935,2.4516129032258065,1.710181451612903
19,Miserable_pose_3,arousal,7.0,4.289818548387097,6.306451612903226,0.693548387096774,2.710181451612903
19,Pinecone_1,arousal,2.0,4.289818548387097,2.370967741935484,-0.370967741935484,-2.289818548387097
19,Garbage_dump_6,arousal,8.0,4.289818548387097,4.161290322580645,3.838709677419355,3.710181451612903
19,Depressed_pose_4,arousal,5.0,4.289818548387097,3.564516129032258,1.435483870967742,0.710181451612903
19,Angry_face_1,arousal,7.0,4.289818548387097,4.145161290322581,2.854838709677419,2.710181451612903
19,Dog_26,arousal,6.0,4.289818548387097,6.209677419354839,-0.20967741935483897,1.710181451612903
19,8370,arousal,7.0,4.289818548387097,5.629032258064516,1.370967741935484,2.710181451612903
19,Dog_6,arousal,7.0,4.289818548387097,3.2903225806451615,3.7096774193548385,2.710181451612903
19,9220,arousal,5.0,4.289818548387097,4.064516129032258,0.935483870967742,0.710181451612903
19,Lake_12,arousal,3.0,4.289818548387097,2.903225806451613,0.09677419354838701,-1.289818548387097
19,2314,arousal,6.0,4.289818548387097,3.435483870967742,2.564516129032258,1.710181451612903
19,1750,arousal,4.0,4.289818548387097,3.096774193548387,0.903225806451613,-0.289818548387097
19,8492,arousal,7.0,4.289818548387097,5.935483870967742,1.064516129032258,2.710181451612903
19,1441,arousal,5.0,4.289818548387097,2.5483870967741935,2.4516129032258065,0.710181451612903
19,Flowers_6,arousal,5.0,4.289818548387097,2.903225806451613,2.096774193548387,0.710181451612903
19,Yarn_1,arousal,4.0,4.289818548387097,2.2096774193548385,1.7903225806451615,-0.289818548387097
19,9331,arousal,7.0,4.289818548387097,3.838709677419355,3.161290322580645,2.710181451612903
19,Beach_1,arousal,2.0,4.289818548387097,2.4193548387096775,-0.4193548387096775,-2.289818548387097
19,2491,arousal,6.0,4.289818548387097,3.129032258064516,2.870967741935484,1.710181451612903
19,9360,arousal,3.0,4.289818548387097,3.8548387096774195,-0.8548387096774195,-1.289818548387097
19,Lake_3,arousal,1.0,4.289818548387097,2.306451612903226,-1.306451612903226,-3.289818548387097
19,3170,arousal,7.0,4.289818548387097,6.596774193548387,0.403225806451613,2.710181451612903
19,8080,arousal,6.0,4.289818548387097,4.790322580645161,1.209677419354839,1.710181451612903
19,Snow_1,arousal,4.0,4.289818548387097,2.774193548387097,1.225806451612903,-0.289818548387097
19,4220,arousal,8.0,4.289818548387097,4.387096774193548,3.612903225806452,3.710181451612903
19,5760,arousal,2.0,4.289818548387097,2.435483870967742,-0.435483870967742,-2.289818548387097
19,3063,arousal,7.0,4.289818548387097,7.064516129032258,-0.06451612903225801,2.710181451612903
19,3080,arousal,7.0,4.289818548387097,6.82258064516129,0.17741935483870996,2.710181451612903
20,Dummy_1,arousal,7.0,4.291834677419355,6.564516129032258,0.435483870967742,2.708165322580645
20,3053,arousal,8.0,4.291834677419355,7.016129032258065,0.983870967741935,3.708165322580645
20,Tumor_1,arousal,9.0,4.291834677419355,6.887096774193548,2.112903225806452,4.708165322580645
20,Dog_18,arousal,6.0,4.291834677419355,3.5483870967741935,2.4516129032258065,1.708165322580645
20,Miserable_pose_3,arousal,8.0,4.291834677419355,6.290322580645161,1.709677419354839,3.708165322580645
20,Pinecone_1,arousal,2.0,4.291834677419355,2.370967741935484,-0.370967741935484,-2.291834677419355
20,Garbage_dump_6,arousal,5.0,4.291834677419355,4.209677419354839,0.790322580645161,0.708165322580645
20,Depressed_pose_4,arousal,6.0,4.291834677419355,3.5483870967741935,2.4516129032258065,1.708165322580645
20,Angry_face_1,arousal,4.0,4.291834677419355,4.193548387096774,-0.19354838709677402,-0.291834677419355
20,Dog_26,arousal,7.0,4.291834677419355,6.193548387096774,0.806451612903226,2.708165322580645
20,8370,arousal,6.0,4.291834677419355,5.645161290322581,0.35483870967741904,1.708165322580645
20,Dog_6,arousal,6.0,4.291834677419355,3.306451612903226,2.693548387096774,1.708165322580645
20,9220,arousal,6.0,4.291834677419355,4.048387096774194,1.951612903225806,1.708165322580645
20,Lake_12,arousal,2.0,4.291834677419355,2.9193548387096775,-0.9193548387096775,-2.291834677419355
20,2314,arousal,4.0,4.291834677419355,3.467741935483871,0.532258064516129,-0.291834677419355
20,1750,arousal,6.0,4.291834677419355,3.064516129032258,2.935483870967742,1.708165322580645
20,8492,arousal,7.0,4.291834677419355,5.935483870967742,1.064516129032258,2.708165322580645
20,1441,arousal,7.0,4.291834677419355,2.5161290322580645,4.483870967741936,2.708165322580645
20,Flowers_6,arousal,3.0,4.291834677419355,2.935483870967742,0.06451612903225801,-1.291834677419355
20,Yarn_1,arousal,3.0,4.291834677419355,2.225806451612903,0.774193548387097,-1.291834677419355
20,9331,arousal,4.0,4.291834677419355,3.8870967741935485,0.11290322580645151,-0.291834677419355
20,Beach_1,arousal,2.0,4.291834677419355,2.4193548387096775,-0.4193548387096775,-2.291834677419355
20,2491,arousal,3.0,4.291834677419355,3.1774193548387095,-0.17741935483870952,-1.291834677419355
20,9360,arousal,3.0,4.291834677419355,3.8548387096774195,-0.8548387096774195,-1.291834677419355
20,Lake_3,arousal,2.0,4.291834677419355,2.2903225806451615,-0.2903225806451615,-2.291834677419355
20,3170,arousal,8.0,4.291834677419355,6.580645161290323,1.419354838709677,3.708165322580645
20,8080,arousal,6.0,4.291834677419355,4.790322580645161,1.209677419354839,1.708165322580645
20,Snow_1,arousal,3.0,4.291834677419355,2.7903225806451615,0.20967741935483852,-1.291834677419355
20,4220,arousal,7.0,4.291834677419355,4.403225806451613,2.596774193548387,2.708165322580645
20,5760,arousal,4.0,4.291834677419355,2.403225806451613,1.596774193548387,-0.291834677419355
20,3063,arousal,9.0,4.291834677419355,7.032258064516129,1.967741935483871,4.708165322580645
20,3080,arousal,7.0,4.291834677419355,6.82258064516129,0.17741935483870996,2.708165322580645
21,Dummy_1,arousal,9.0,4.307459677419355,6.532258064516129,2.467741935483871,4.692540322580645
21,3053,arousal,9.0,4.307459677419355,7.0,2.0,4.692540322580645
21,Tumor_1,arousal,9.0,4.307459677419355,6.887096774193548,2.112903225806452,4.692540322580645
21,Dog_18,arousal,4.0,4.307459677419355,3.5806451612903225,0.4193548387096775,-0.307459677419355
21,Miserable_pose_3,arousal,8.0,4.307459677419355,6.290322580645161,1.709677419354839,3.692540322580645
21,Pinecone_1,arousal,2.0,4.307459677419355,2.370967741935484,-0.370967741935484,-2.307459677419355
21,Garbage_dump_6,arousal,1.0,4.307459677419355,4.274193548387097,-3.274193548387097,-3.307459677419355
21,Depressed_pose_4,arousal,2.0,4.307459677419355,3.6129032258064515,-1.6129032258064515,-2.307459677419355
21,Angry_face_1,arousal,4.0,4.307459677419355,4.193548387096774,-0.19354838709677402,-0.307459677419355
21,Dog_26,arousal,2.0,4.307459677419355,6.274193548387097,-4.274193548387097,-2.307459677419355
21,8370,arousal,7.0,4.307459677419355,5.629032258064516,1.370967741935484,2.692540322580645
21,Dog_6,arousal,5.0,4.307459677419355,3.3225806451612905,1.6774193548387095,0.692540322580645
21,9220,arousal,3.0,4.307459677419355,4.096774193548387,-1.096774193548387,-1.307459677419355
21,Lake_12,arousal,1.0,4.307459677419355,2.935483870967742,-1.935483870967742,-3.307459677419355
21,2314,arousal,4.0,4.307459677419355,3.467741935483871,0.532258064516129,-0.307459677419355
21,1750,arousal,3.0,4.307459677419355,3.1129032258064515,-0.11290322580645151,-1.307459677419355
21,8492,arousal,6.0,4.307459677419355,5.951612903225806,0.04838709677419395,1.692540322580645
21,1441,arousal,2.0,4.307459677419355,2.596774193548387,-0.596774193548387,-2.307459677419355
21,Flowers_6,arousal,4.0,4.307459677419355,2.9193548387096775,1.0806451612903225,-0.307459677419355
21,Yarn_1,arousal,1.0,4.307459677419355,2.2580645161290325,-1.2580645161290325,-3.307459677419355
21,9331,arousal,2.0,4.307459677419355,3.9193548387096775,-1.9193548387096775,-2.307459677419355
21,Beach_1,arousal,2.0,4.307459677419355,2.4193548387096775,-0.4193548387096775,-2.307459677419355
21,2491,arousal,3.0,4.307459677419355,3.1774193548387095,-0.17741935483870952,-1.307459677419355
21,9360,arousal,2.0,4.307459677419355,3.870967741935484,-1.870967741935484,-2.307459677419355
21,Lake_3,arousal,2.0,4.307459677419355,2.2903225806451615,-0.2903225806451615,-2.307459677419355
21,3170,arousal,9.0,4.307459677419355,6.564516129032258,2.435483870967742,4.692540322580645
21,8080,arousal,5.0,4.307459677419355,4.806451612903226,0.19354838709677402,0.692540322580645
21,Snow_1,arousal,3.0,4.307459677419355,2.7903225806451615,0.20967741935483852,-1.307459677419355
21,4220,arousal,4.0,4.307459677419355,4.451612903225806,-0.45161290322580605,-0.307459677419355
21,5760,arousal,3.0,4.307459677419355,2.4193548387096775,0.5806451612903225,-1.307459677419355
21,3063,arousal,9.0,4.307459677419355,7.032258064516129,1.967741935483871,4.692540322580645
21,3080,arousal,9.0,4.307459677419355,6.790322580645161,2.209677419354839,4.692540322580645
22,Dummy_1,arousal,7.0,4.316028225806452,6.564516129032258,0.435483870967742,2.683971774193548
22,3053,arousal,9.0,4.316028225806452,7.0,2.0,4.683971774193548
22,Tumor_1,arousal,9.0,4.316028225806452,6.887096774193548,2.112903225806452,4.683971774193548
22,Dog_18,arousal,5.0,4.316028225806452,3.564516129032258,1.435483870967742,0.683971774193548
22,Miserable_pose_3,arousal,9.0,4.316028225806452,6.274193548387097,2.725806451612903,4.683971774193548
22,Pinecone_1,arousal,1.0,4.316028225806452,2.3870967741935485,-1.3870967741935485,-3.316028225806452
22,Garbage_dump_6,arousal,2.0,4.316028225806452,4.258064516129032,-2.258064516129032,-2.316028225806452
22,Depressed_pose_4,arousal,1.0,4.316028225806452,3.629032258064516,-2.629032258064516,-3.316028225806452
22,Angry_face_1,arousal,5.0,4.316028225806452,4.17741935483871,0.82258064516129,0.683971774193548
22,Dog_26,arousal,7.0,4.316028225806452,6.193548387096774,0.806451612903226,2.683971774193548
22,8370,arousal,1.0,4.316028225806452,5.725806451612903,-4.725806451612903,-3.316028225806452
22,Dog_6,arousal,1.0,4.316028225806452,3.3870967741935485,-2.3870967741935485,-3.316028225806452
22,9220,arousal,3.0,4.316028225806452,4.096774193548387,-1.096774193548387,-1.316028225806452
22,Lake_12,arousal,6.0,4.316028225806452,2.8548387096774195,3.1451612903225805,1.683971774193548
22,2314,arousal,1.0,4.316028225806452,3.5161290322580645,-2.5161290322580645,-3.316028225806452
22,1750,arousal,2.0,4.316028225806452,3.129032258064516,-1.129032258064516,-2.316028225806452
22,8492,arousal,2.0,4.316028225806452,6.016129032258065,-4.016129032258065,-2.316028225806452
22,1441,arousal,1.0,4.316028225806452,2.6129032258064515,-1.6129032258064515,-3.316028225806452
22,Flowers_6,arousal,1.0,4.316028225806452,2.967741935483871,-1.967741935483871,-3.316028225806452
22,Yarn_1,arousal,1.0,4.316028225806452,2.2580645161290325,-1.2580645161290325,-3.316028225806452
22,9331,arousal,3.0,4.316028225806452,3.903225806451613,-0.903225806451613,-1.316028225806452
22,Beach_1,arousal,1.0,4.316028225806452,2.435483870967742,-1.435483870967742,-3.316028225806452
22,2491,arousal,2.0,4.316028225806452,3.193548387096774,-1.193548387096774,-2.316028225806452
22,9360,arousal,2.0,4.316028225806452,3.870967741935484,-1.870967741935484,-2.316028225806452
22,Lake_3,arousal,5.0,4.316028225806452,2.2419354838709675,2.7580645161290325,0.683971774193548
22,3170,arousal,9.0,4.316028225806452,6.564516129032258,2.435483870967742,4.683971774193548
22,8080,arousal,1.0,4.316028225806452,4.870967741935484,-3.870967741935484,-3.316028225806452
22,Snow_1,arousal,1.0,4.316028225806452,2.8225806451612905,-1.8225806451612905,-3.316028225806452
22,4220,arousal,7.0,4.316028225806452,4.403225806451613,2.596774193548387,2.683971774193548
22,5760,arousal,1.0,4.316028225806452,2.4516129032258065,-1.4516129032258065,-3.316028225806452
22,3063,arousal,8.0,4.316028225806452,7.048387096774194,0.951612903225806,3.683971774193548
22,3080,arousal,8.0,4.316028225806452,6.806451612903226,1.193548387096774,3.683971774193548
23,Dummy_1,arousal,9.0,4.294354838709677,6.532258064516129,2.467741935483871,4.705645161290323
23,3053,arousal,8.0,4.294354838709677,7.016129032258065,0.983870967741935,3.705645161290323
23,Tumor_1,arousal,8.0,4.294354838709677,6.903225806451613,1.096774193548387,3.705645161290323
23,Dog_18,arousal,5.0,4.294354838709677,3.564516129032258,1.435483870967742,0.705645161290323
23,Miserable_pose_3,arousal,7.0,4.294354838709677,6.306451612903226,0.693548387096774,2.705645161290323
23,Pinecone_1,arousal,4.0,4.294354838709677,2.338709677419355,1.661290322580645,-0.29435483870967705
23,Garbage_dump_6,arousal,3.0,4.294354838709677,4.241935483870968,-1.241935483870968,-1.294354838709677
23,Depressed_pose_4,arousal,5.0,4.294354838709677,3.564516129032258,1.435483870967742,0.705645161290323
23,Angry_face_1,arousal,5.0,4.294354838709677,4.17741935483871,0.82258064516129,0.705645161290323
23,Dog_26,arousal,6.0,4.294354838709677,6.209677419354839,-0.20967741935483897,1.705645161290323
23,8370,arousal,7.0,4.294354838709677,5.629032258064516,1.370967741935484,2.705645161290323
23,Dog_6,arousal,4.0,4.294354838709677,3.338709677419355,0.661290322580645,-0.29435483870967705
23,9220,arousal,6.0,4.294354838709677,4.048387096774194,1.951612903225806,1.705645161290323
23,Lake_12,arousal,1.0,4.294354838709677,2.935483870967742,-1.935483870967742,-3.294354838709677
23,2314,arousal,3.0,4.294354838709677,3.4838709677419355,-0.4838709677419355,-1.294354838709677
23,1750,arousal,2.0,4.294354838709677,3.129032258064516,-1.129032258064516,-2.294354838709677
23,8492,arousal,7.0,4.294354838709677,5.935483870967742,1.064516129032258,2.705645161290323
23,1441,arousal,3.0,4.294354838709677,2.5806451612903225,0.4193548387096775,-1.294354838709677
23,Flowers_6,arousal,6.0,4.294354838709677,2.8870967741935485,3.1129032258064515,1.705645161290323
23,Yarn_1,arousal,4.0,4.294354838709677,2.2096774193548385,1.7903225806451615,-0.29435483870967705
23,9331,arousal,5.0,4.294354838709677,3.870967741935484,1.129032258064516,0.705645161290323
23,Beach_1,arousal,2.0,4.294354838709677,2.4193548387096775,-0.4193548387096775,-2.294354838709677
23,2491,arousal,5.0,4.294354838709677,3.1451612903225805,1.8548387096774195,0.705645161290323
23,9360,arousal,4.0,4.294354838709677,3.838709677419355,0.16129032258064502,-0.29435483870967705
23,Lake_3,arousal,4.0,4.294354838709677,2.2580645161290325,1.7419354838709675,-0.29435483870967705
23,3170,arousal,9.0,4.294354838709677,6.564516129032258,2.435483870967742,4.705645161290323
23,8080,arousal,5.0,4.294354838709677,4.806451612903226,0.19354838709677402,0.705645161290323
23,Snow_1,arousal,4.0,4.294354838709677,2.774193548387097,1.225806451612903,-0.29435483870967705
23,4220,arousal,7.0,4.294354838709677,4.403225806451613,2.596774193548387,2.705645161290323
23,5760,arousal,2.0,4.294354838709677,2.435483870967742,-0.435483870967742,-2.294354838709677
23,3063,arousal,8.0,4.294354838709677,7.048387096774194,0.951612903225806,3.705645161290323
23,3080,arousal,7.0,4.294354838709677,6.82258064516129,0.17741935483870996,2.705645161290323
24,Dummy_1,arousal,9.0,4.308467741935484,6.532258064516129,2.467741935483871,4.691532258064516
24,3053,arousal,9.0,4.308467741935484,7.0,2.0,4.691532258064516
24,Tumor_1,arousal,6.0,4.308467741935484,6.935483870967742,-0.935483870967742,1.691532258064516
24,Dog_18,arousal,2.0,4.308467741935484,3.6129032258064515,-1.6129032258064515,-2.308467741935484
24,Miserable_pose_3,arousal,8.0,4.308467741935484,6.290322580645161,1.709677419354839,3.691532258064516
24,Pinecone_1,arousal,2.0,4.308467741935484,2.370967741935484,-0.370967741935484,-2.308467741935484
24,Garbage_dump_6,arousal,2.0,4.308467741935484,4.258064516129032,-2.258064516129032,-2.308467741935484
24,Depressed_pose_4,arousal,2.0,4.308467741935484,3.6129032258064515,-1.6129032258064515,-2.308467741935484
24,Angry_face_1,arousal,4.0,4.308467741935484,4.193548387096774,-0.19354838709677402,-0.308467741935484
24,Dog_26,arousal,8.0,4.308467741935484,6.17741935483871,1.82258064516129,3.691532258064516
24,8370,arousal,6.0,4.308467741935484,5.645161290322581,0.35483870967741904,1.691532258064516
24,Dog_6,arousal,3.0,4.308467741935484,3.3548387096774195,-0.3548387096774195,-1.308467741935484
24,9220,arousal,4.0,4.308467741935484,4.080645161290323,-0.08064516129032295,-0.308467741935484
24,Lake_12,arousal,1.0,4.308467741935484,2.935483870967742,-1.935483870967742,-3.308467741935484
24,2314,arousal,2.0,4.308467741935484,3.5,-1.5,-2.308467741935484
24,1750,arousal,3.0,4.308467741935484,3.1129032258064515,-0.11290322580645151,-1.308467741935484
24,8492,arousal,4.0,4.308467741935484,5.983870967741935,-1.983870967741935,-0.308467741935484
24,1441,arousal,4.0,4.308467741935484,2.564516129032258,1.435483870967742,-0.308467741935484
24,Flowers_6,arousal,2.0,4.308467741935484,2.9516129032258065,-0.9516129032258065,-2.308467741935484
24,Yarn_1,arousal,1.0,4.308467741935484,2.2580645161290325,-1.2580645161290325,-3.308467741935484
24,9331,arousal,5.0,4.308467741935484,3.870967741935484,1.129032258064516,0.691532258064516
24,Beach_1,arousal,1.0,4.308467741935484,2.435483870967742,-1.435483870967742,-3.308467741935484
24,2491,arousal,1.0,4.308467741935484,3.2096774193548385,-2.2096774193548385,-3.308467741935484
24,9360,arousal,3.0,4.308467741935484,3.8548387096774195,-0.8548387096774195,-1.308467741935484
24,Lake_3,arousal,2.0,4.308467741935484,2.2903225806451615,-0.2903225806451615,-2.308467741935484
24,3170,arousal,8.0,4.308467741935484,6.580645161290323,1.419354838709677,3.691532258064516
24,8080,arousal,7.0,4.308467741935484,4.774193548387097,2.225806451612903,2.691532258064516
24,Snow_1,arousal,4.0,4.308467741935484,2.774193548387097,1.225806451612903,-0.308467741935484
24,4220,arousal,6.0,4.308467741935484,4.419354838709677,1.580645161290323,1.691532258064516
24,5760,arousal,1.0,4.308467741935484,2.4516129032258065,-1.4516129032258065,-3.308467741935484
24,3063,arousal,8.0,4.308467741935484,7.048387096774194,0.951612903225806,3.691532258064516
24,3080,arousal,9.0,4.308467741935484,6.790322580645161,2.209677419354839,4.691532258064516
25,Dummy_1,arousal,4.0,4.308971774193548,6.612903225806452,-2.612903225806452,-0.30897177419354804
25,3053,arousal,8.0,4.308971774193548,7.016129032258065,0.983870967741935,3.691028225806452
25,Tumor_1,arousal,7.0,4.308971774193548,6.919354838709677,0.08064516129032295,2.691028225806452
25,Dog_18,arousal,5.0,4.308971774193548,3.564516129032258,1.435483870967742,0.691028225806452
25,Miserable_pose_3,arousal,9.0,4.308971774193548,6.274193548387097,2.725806451612903,4.691028225806452
25,Pinecone_1,arousal,1.0,4.308971774193548,2.3870967741935485,-1.3870967741935485,-3.308971774193548
25,Garbage_dump_6,arousal,1.0,4.308971774193548,4.274193548387097,-3.274193548387097,-3.308971774193548
25,Depressed_pose_4,arousal,4.0,4.308971774193548,3.5806451612903225,0.4193548387096775,-0.30897177419354804
25,Angry_face_1,arousal,4.0,4.308971774193548,4.193548387096774,-0.19354838709677402,-0.30897177419354804
25,Dog_26,arousal,8.0,4.308971774193548,6.17741935483871,1.82258064516129,3.691028225806452
25,8370,arousal,8.0,4.308971774193548,5.612903225806452,2.387096774193548,3.691028225806452
25,Dog_6,arousal,2.0,4.308971774193548,3.370967741935484,-1.370967741935484,-2.308971774193548
25,9220,arousal,9.0,4.308971774193548,4.0,5.0,4.691028225806452
25,Lake_12,arousal,1.0,4.308971774193548,2.935483870967742,-1.935483870967742,-3.308971774193548
25,2314,arousal,2.0,4.308971774193548,3.5,-1.5,-2.308971774193548
25,1750,arousal,1.0,4.308971774193548,3.1451612903225805,-2.1451612903225805,-3.308971774193548
25,8492,arousal,9.0,4.308971774193548,5.903225806451613,3.096774193548387,4.691028225806452
25,1441,arousal,2.0,4.308971774193548,2.596774193548387,-0.596774193548387,-2.308971774193548
25,Flowers_6,arousal,4.0,4.308971774193548,2.9193548387096775,1.0806451612903225,-0.30897177419354804
25,Yarn_1,arousal,1.0,4.308971774193548,2.2580645161290325,-1.2580645161290325,-3.308971774193548
25,9331,arousal,3.0,4.308971774193548,3.903225806451613,-0.903225806451613,-1.308971774193548
25,Beach_1,arousal,1.0,4.308971774193548,2.435483870967742,-1.435483870967742,-3.308971774193548
25,2491,arousal,9.0,4.308971774193548,3.0806451612903225,5.919354838709678,4.691028225806452
25,9360,arousal,4.0,4.308971774193548,3.838709677419355,0.16129032258064502,-0.30897177419354804
25,Lake_3,arousal,1.0,4.308971774193548,2.306451612903226,-1.306451612903226,-3.308971774193548
25,3170,arousal,7.0,4.308971774193548,6.596774193548387,0.403225806451613,2.691028225806452
25,8080,arousal,2.0,4.308971774193548,4.854838709677419,-2.854838709677419,-2.308971774193548
25,Snow_1,arousal,1.0,4.308971774193548,2.8225806451612905,-1.8225806451612905,-3.308971774193548
25,4220,arousal,2.0,4.308971774193548,4.483870967741935,-2.483870967741935,-2.308971774193548
25,5760,arousal,1.0,4.308971774193548,2.4516129032258065,-1.4516129032258065,-3.308971774193548
25,3063,arousal,9.0,4.308971774193548,7.032258064516129,1.967741935483871,4.691028225806452
25,3080,arousal,6.0,4.308971774193548,6.838709677419355,-0.838709677419355,1.691028225806452
26,Dummy_1,arousal,2.0,4.327116935483871,6.645161290322581,-4.645161290322581,-2.327116935483871
26,3053,arousal,5.0,4.327116935483871,7.064516129032258,-2.064516129032258,0.672883064516129
26,Tumor_1,arousal,6.0,4.327116935483871,6.935483870967742,-0.935483870967742,1.672883064516129
26,Dog_18,arousal,4.0,4.327116935483871,3.5806451612903225,0.4193548387096775,-0.327116935483871
26,Miserable_pose_3,arousal,4.0,4.327116935483871,6.354838709677419,-2.354838709677419,-0.327116935483871
26,Pinecone_1,arousal,1.0,4.327116935483871,2.3870967741935485,-1.3870967741935485,-3.327116935483871
26,Garbage_dump_6,arousal,7.0,4.327116935483871,4.17741935483871,2.82258064516129,2.672883064516129
26,Depressed_pose_4,arousal,1.0,4.327116935483871,3.629032258064516,-2.629032258064516,-3.327116935483871
26,Angry_face_1,arousal,3.0,4.327116935483871,4.209677419354839,-1.209677419354839,-1.327116935483871
26,Dog_26,arousal,6.0,4.327116935483871,6.209677419354839,-0.20967741935483897,1.672883064516129
26,8370,arousal,7.0,4.327116935483871,5.629032258064516,1.370967741935484,2.672883064516129
26,Dog_6,arousal,1.0,4.327116935483871,3.3870967741935485,-2.3870967741935485,-3.327116935483871
26,9220,arousal,1.0,4.327116935483871,4.129032258064516,-3.129032258064516,-3.327116935483871
26,Lake_12,arousal,1.0,4.327116935483871,2.935483870967742,-1.935483870967742,-3.327116935483871
26,2314,arousal,1.0,4.327116935483871,3.5161290322580645,-2.5161290322580645,-3.327116935483871
26,1750,arousal,1.0,4.327116935483871,3.1451612903225805,-2.1451612903225805,-3.327116935483871
26,8492,arousal,8.0,4.327116935483871,5.919354838709677,2.080645161290323,3.672883064516129
26,1441,arousal,1.0,4.327116935483871,2.6129032258064515,-1.6129032258064515,-3.327116935483871
26,Flowers_6,arousal,5.0,4.327116935483871,2.903225806451613,2.096774193548387,0.672883064516129
26,Yarn_1,arousal,1.0,4.327116935483871,2.2580645161290325,-1.2580645161290325,-3.327116935483871
26,9331,arousal,1.0,4.327116935483871,3.935483870967742,-2.935483870967742,-3.327116935483871
26,Beach_1,arousal,1.0,4.327116935483871,2.435483870967742,-1.435483870967742,-3.327116935483871
26,2491,arousal,1.0,4.327116935483871,3.2096774193548385,-2.2096774193548385,-3.327116935483871
26,9360,arousal,1.0,4.327116935483871,3.8870967741935485,-2.8870967741935485,-3.327116935483871
26,Lake_3,arousal,1.0,4.327116935483871,2.306451612903226,-1.306451612903226,-3.327116935483871
26,3170,arousal,6.0,4.327116935483871,6.612903225806452,-0.612903225806452,1.672883064516129
26,8080,arousal,3.0,4.327116935483871,4.838709677419355,-1.838709677419355,-1.327116935483871
26,Snow_1,arousal,1.0,4.327116935483871,2.8225806451612905,-1.8225806451612905,-3.327116935483871
26,4220,arousal,6.0,4.327116935483871,4.419354838709677,1.580645161290323,1.672883064516129
26,5760,arousal,2.0,4.327116935483871,2.435483870967742,-0.435483870967742,-2.327116935483871
26,3063,arousal,4.0,4.327116935483871,7.112903225806452,-3.112903225806452,-0.327116935483871
26,3080,arousal,7.0,4.327116935483871,6.82258064516129,0.17741935483870996,2.672883064516129
27,Dummy_1,arousal,5.0,4.295866935483871,6.596774193548387,-1.596774193548387,0.704133064516129
27,3053,arousal,8.0,4.295866935483871,7.016129032258065,0.983870967741935,3.704133064516129
27,Tumor_1,arousal,8.0,4.295866935483871,6.903225806451613,1.096774193548387,3.704133064516129
27,Dog_18,arousal,3.0,4.295866935483871,3.596774193548387,-0.596774193548387,-1.295866935483871
27,Miserable_pose_3,arousal,7.0,4.295866935483871,6.306451612903226,0.693548387096774,2.704133064516129
27,Pinecone_1,arousal,4.0,4.295866935483871,2.338709677419355,1.661290322580645,-0.295866935483871
27,Garbage_dump_6,arousal,4.0,4.295866935483871,4.225806451612903,-0.22580645161290303,-0.295866935483871
27,Depressed_pose_4,arousal,4.0,4.295866935483871,3.5806451612903225,0.4193548387096775,-0.295866935483871
27,Angry_face_1,arousal,6.0,4.295866935483871,4.161290322580645,1.838709677419355,1.704133064516129
27,Dog_26,arousal,7.0,4.295866935483871,6.193548387096774,0.806451612903226,2.704133064516129
27,8370,arousal,7.0,4.295866935483871,5.629032258064516,1.370967741935484,2.704133064516129
27,Dog_6,arousal,4.0,4.295866935483871,3.338709677419355,0.661290322580645,-0.295866935483871
27,9220,arousal,4.0,4.295866935483871,4.080645161290323,-0.08064516129032295,-0.295866935483871
27,Lake_12,arousal,3.0,4.295866935483871,2.903225806451613,0.09677419354838701,-1.295866935483871
27,2314,arousal,6.0,4.295866935483871,3.435483870967742,2.564516129032258,1.704133064516129
27,1750,arousal,3.0,4.295866935483871,3.1129032258064515,-0.11290322580645151,-1.295866935483871
27,8492,arousal,3.0,4.295866935483871,6.0,-3.0,-1.295866935483871
27,1441,arousal,3.0,4.295866935483871,2.5806451612903225,0.4193548387096775,-1.295866935483871
27,Flowers_6,arousal,4.0,4.295866935483871,2.9193548387096775,1.0806451612903225,-0.295866935483871
27,Yarn_1,arousal,3.0,4.295866935483871,2.225806451612903,0.774193548387097,-1.295866935483871
27,9331,arousal,3.0,4.295866935483871,3.903225806451613,-0.903225806451613,-1.295866935483871
27,Beach_1,arousal,4.0,4.295866935483871,2.3870967741935485,1.6129032258064515,-0.295866935483871
27,2491,arousal,6.0,4.295866935483871,3.129032258064516,2.870967741935484,1.704133064516129
27,9360,arousal,6.0,4.295866935483871,3.806451612903226,2.193548387096774,1.704133064516129
27,Lake_3,arousal,5.0,4.295866935483871,2.2419354838709675,2.7580645161290325,0.704133064516129
27,3170,arousal,7.0,4.295866935483871,6.596774193548387,0.403225806451613,2.704133064516129
27,8080,arousal,5.0,4.295866935483871,4.806451612903226,0.19354838709677402,0.704133064516129
27,Snow_1,arousal,4.0,4.295866935483871,2.774193548387097,1.225806451612903,-0.295866935483871
27,4220,arousal,8.0,4.295866935483871,4.387096774193548,3.612903225806452,3.704133064516129
27,5760,arousal,4.0,4.295866935483871,2.403225806451613,1.596774193548387,-0.295866935483871
27,3063,arousal,8.0,4.295866935483871,7.048387096774194,0.951612903225806,3.704133064516129
27,3080,arousal,6.0,4.295866935483871,6.838709677419355,-0.838709677419355,1.704133064516129
28,Dummy_1,arousal,7.0,4.326612903225806,6.564516129032258,0.435483870967742,2.673387096774194
28,3053,arousal,7.0,4.326612903225806,7.032258064516129,-0.032258064516129004,2.673387096774194
28,Tumor_1,arousal,6.0,4.326612903225806,6.935483870967742,-0.935483870967742,1.673387096774194
28,Dog_18,arousal,2.0,4.326612903225806,3.6129032258064515,-1.6129032258064515,-2.326612903225806
28,Miserable_pose_3,arousal,6.0,4.326612903225806,6.32258064516129,-0.32258064516129004,1.673387096774194
28,Pinecone_1,arousal,1.0,4.326612903225806,2.3870967741935485,-1.3870967741935485,-3.326612903225806
28,Garbage_dump_6,arousal,2.0,4.326612903225806,4.258064516129032,-2.258064516129032,-2.326612903225806
28,Depressed_pose_4,arousal,1.0,4.326612903225806,3.629032258064516,-2.629032258064516,-3.326612903225806
28,Angry_face_1,arousal,2.0,4.326612903225806,4.225806451612903,-2.225806451612903,-2.326612903225806
28,Dog_26,arousal,4.0,4.326612903225806,6.241935483870968,-2.241935483870968,-0.32661290322580605
28,8370,arousal,1.0,4.326612903225806,5.725806451612903,-4.725806451612903,-3.326612903225806
28,Dog_6,arousal,1.0,4.326612903225806,3.3870967741935485,-2.3870967741935485,-3.326612903225806
28,9220,arousal,3.0,4.326612903225806,4.096774193548387,-1.096774193548387,-1.326612903225806
28,Lake_12,arousal,1.0,4.326612903225806,2.935483870967742,-1.935483870967742,-3.326612903225806
28,2314,arousal,3.0,4.326612903225806,3.4838709677419355,-0.4838709677419355,-1.326612903225806
28,1750,arousal,1.0,4.326612903225806,3.1451612903225805,-2.1451612903225805,-3.326612903225806
28,8492,arousal,7.0,4.326612903225806,5.935483870967742,1.064516129032258,2.673387096774194
28,1441,arousal,2.0,4.326612903225806,2.596774193548387,-0.596774193548387,-2.326612903225806
28,Flowers_6,arousal,1.0,4.326612903225806,2.967741935483871,-1.967741935483871,-3.326612903225806
28,Yarn_1,arousal,1.0,4.326612903225806,2.2580645161290325,-1.2580645161290325,-3.326612903225806
28,9331,arousal,1.0,4.326612903225806,3.935483870967742,-2.935483870967742,-3.326612903225806
28,Beach_1,arousal,2.0,4.326612903225806,2.4193548387096775,-0.4193548387096775,-2.326612903225806
28,2491,arousal,1.0,4.326612903225806,3.2096774193548385,-2.2096774193548385,-3.326612903225806
28,9360,arousal,4.0,4.326612903225806,3.838709677419355,0.16129032258064502,-0.32661290322580605
28,Lake_3,arousal,1.0,4.326612903225806,2.306451612903226,-1.306451612903226,-3.326612903225806
28,3170,arousal,7.0,4.326612903225806,6.596774193548387,0.403225806451613,2.673387096774194
28,8080,arousal,4.0,4.326612903225806,4.82258064516129,-0.82258064516129,-0.32661290322580605
28,Snow_1,arousal,3.0,4.326612903225806,2.7903225806451615,0.20967741935483852,-1.326612903225806
28,4220,arousal,2.0,4.326612903225806,4.483870967741935,-2.483870967741935,-2.326612903225806
28,5760,arousal,2.0,4.326612903225806,2.435483870967742,-0.435483870967742,-2.326612903225806
28,3063,arousal,7.0,4.326612903225806,7.064516129032258,-0.06451612903225801,2.673387096774194
28,3080,arousal,8.0,4.326612903225806,6.806451612903226,1.193548387096774,3.673387096774194
29,Dummy_1,arousal,6.0,4.316028225806452,6.580645161290323,-0.580645161290323,1.683971774193548
29,3053,arousal,6.0,4.316028225806452,7.048387096774194,-1.048387096774194,1.683971774193548
29,Tumor_1,arousal,7.0,4.316028225806452,6.919354838709677,0.08064516129032295,2.683971774193548
29,Dog_18,arousal,6.0,4.316028225806452,3.5483870967741935,2.4516129032258065,1.683971774193548
29,Miserable_pose_3,arousal,3.0,4.316028225806452,6.370967741935484,-3.370967741935484,-1.316028225806452
29,Pinecone_1,arousal,2.0,4.316028225806452,2.370967741935484,-0.370967741935484,-2.316028225806452
29,Garbage_dump_6,arousal,2.0,4.316028225806452,4.258064516129032,-2.258064516129032,-2.316028225806452
29,Depressed_pose_4,arousal,3.0,4.316028225806452,3.596774193548387,-0.596774193548387,-1.316028225806452
29,Angry_face_1,arousal,4.0,4.316028225806452,4.193548387096774,-0.19354838709677402,-0.31602822580645196
29,Dog_26,arousal,6.0,4.316028225806452,6.209677419354839,-0.20967741935483897,1.683971774193548
29,8370,arousal,8.0,4.316028225806452,5.612903225806452,2.387096774193548,3.683971774193548
29,Dog_6,arousal,3.0,4.316028225806452,3.3548387096774195,-0.3548387096774195,-1.316028225806452
29,9220,arousal,2.0,4.316028225806452,4.112903225806452,-2.112903225806452,-2.316028225806452
29,Lake_12,arousal,3.0,4.316028225806452,2.903225806451613,0.09677419354838701,-1.316028225806452
29,2314,arousal,5.0,4.316028225806452,3.4516129032258065,1.5483870967741935,0.683971774193548
29,1750,arousal,3.0,4.316028225806452,3.1129032258064515,-0.11290322580645151,-1.316028225806452
29,8492,arousal,6.0,4.316028225806452,5.951612903225806,0.04838709677419395,1.683971774193548
29,1441,arousal,3.0,4.316028225806452,2.5806451612903225,0.4193548387096775,-1.316028225806452
29,Flowers_6,arousal,2.0,4.316028225806452,2.9516129032258065,-0.9516129032258065,-2.316028225806452
29,Yarn_1,arousal,1.0,4.316028225806452,2.2580645161290325,-1.2580645161290325,-3.316028225806452
29,9331,arousal,4.0,4.316028225806452,3.8870967741935485,0.11290322580645151,-0.31602822580645196
29,Beach_1,arousal,1.0,4.316028225806452,2.435483870967742,-1.435483870967742,-3.316028225806452
29,2491,arousal,3.0,4.316028225806452,3.1774193548387095,-0.17741935483870952,-1.316028225806452
29,9360,arousal,2.0,4.316028225806452,3.870967741935484,-1.870967741935484,-2.316028225806452
29,Lake_3,arousal,1.0,4.316028225806452,2.306451612903226,-1.306451612903226,-3.316028225806452
29,3170,arousal,4.0,4.316028225806452,6.645161290322581,-2.645161290322581,-0.31602822580645196
29,8080,arousal,7.0,4.316028225806452,4.774193548387097,2.225806451612903,2.683971774193548
29,Snow_1,arousal,1.0,4.316028225806452,2.8225806451612905,-1.8225806451612905,-3.316028225806452
29,4220,arousal,4.0,4.316028225806452,4.451612903225806,-0.45161290322580605,-0.31602822580645196
29,5760,arousal,1.0,4.316028225806452,2.4516129032258065,-1.4516129032258065,-3.316028225806452
29,3063,arousal,7.0,4.316028225806452,7.064516129032258,-0.06451612903225801,2.683971774193548
29,3080,arousal,6.0,4.316028225806452,6.838709677419355,-0.838709677419355,1.683971774193548
30,Dummy_1,arousal,9.0,4.307459677419355,6.532258064516129,2.467741935483871,4.692540322580645
30,3053,arousal,8.0,4.307459677419355,7.016129032258065,0.983870967741935,3.692540322580645
30,Tumor_1,arousal,8.0,4.307459677419355,6.903225806451613,1.096774193548387,3.692540322580645
30,Dog_18,arousal,3.0,4.307459677419355,3.596774193548387,-0.596774193548387,-1.307459677419355
30,Miserable_pose_3,arousal,6.0,4.307459677419355,6.32258064516129,-0.32258064516129004,1.692540322580645
30,Pinecone_1,arousal,2.0,4.307459677419355,2.370967741935484,-0.370967741935484,-2.307459677419355
30,Garbage_dump_6,arousal,4.0,4.307459677419355,4.225806451612903,-0.22580645161290303,-0.307459677419355
30,Depressed_pose_4,arousal,2.0,4.307459677419355,3.6129032258064515,-1.6129032258064515,-2.307459677419355
30,Angry_face_1,arousal,6.0,4.307459677419355,4.161290322580645,1.838709677419355,1.692540322580645
30,Dog_26,arousal,6.0,4.307459677419355,6.209677419354839,-0.20967741935483897,1.692540322580645
30,8370,arousal,6.0,4.307459677419355,5.645161290322581,0.35483870967741904,1.692540322580645
30,Dog_6,arousal,3.0,4.307459677419355,3.3548387096774195,-0.3548387096774195,-1.307459677419355
30,9220,arousal,3.0,4.307459677419355,4.096774193548387,-1.096774193548387,-1.307459677419355
30,Lake_12,arousal,4.0,4.307459677419355,2.8870967741935485,1.1129032258064515,-0.307459677419355
30,2314,arousal,4.0,4.307459677419355,3.467741935483871,0.532258064516129,-0.307459677419355
30,1750,arousal,2.0,4.307459677419355,3.129032258064516,-1.129032258064516,-2.307459677419355
30,8492,arousal,6.0,4.307459677419355,5.951612903225806,0.04838709677419395,1.692540322580645
30,1441,arousal,2.0,4.307459677419355,2.596774193548387,-0.596774193548387,-2.307459677419355
30,Flowers_6,arousal,2.0,4.307459677419355,2.9516129032258065,-0.9516129032258065,-2.307459677419355
30,Yarn_1,arousal,2.0,4.307459677419355,2.2419354838709675,-0.24193548387096753,-2.307459677419355
30,9331,arousal,4.0,4.307459677419355,3.8870967741935485,0.11290322580645151,-0.307459677419355
30,Beach_1,arousal,3.0,4.307459677419355,2.403225806451613,0.596774193548387,-1.307459677419355
30,2491,arousal,3.0,4.307459677419355,3.1774193548387095,-0.17741935483870952,-1.307459677419355
30,9360,arousal,4.0,4.307459677419355,3.838709677419355,0.16129032258064502,-0.307459677419355
30,Lake_3,arousal,2.0,4.307459677419355,2.2903225806451615,-0.2903225806451615,-2.307459677419355
30,3170,arousal,5.0,4.307459677419355,6.629032258064516,-1.629032258064516,0.692540322580645
30,8080,arousal,4.0,4.307459677419355,4.82258064516129,-0.82258064516129,-0.307459677419355
30,Snow_1,arousal,2.0,4.307459677419355,2.806451612903226,-0.806451612903226,-2.307459677419355
30,4220,arousal,5.0,4.307459677419355,4.435483870967742,0.564516129032258,0.692540322580645
30,5760,arousal,4.0,4.307459677419355,2.403225806451613,1.596774193548387,-0.307459677419355
30,3063,arousal,7.0,4.307459677419355,7.064516129032258,-0.06451612903225801,2.692540322580645
30,3080,arousal,8.0,4.307459677419355,6.806451612903226,1.193548387096774,3.692540322580645
31,Dummy_1,arousal,9.0,4.294858870967742,6.532258064516129,2.467741935483871,4.705141129032258
31,3053,arousal,9.0,4.294858870967742,7.0,2.0,4.705141129032258
31,Tumor_1,arousal,7.0,4.294858870967742,6.919354838709677,0.08064516129032295,2.705141129032258
31,Dog_18,arousal,1.0,4.294858870967742,3.629032258064516,-2.629032258064516,-3.294858870967742
31,Miserable_pose_3,arousal,9.0,4.294858870967742,6.274193548387097,2.725806451612903,4.705141129032258
31,Pinecone_1,arousal,3.0,4.294858870967742,2.3548387096774195,0.6451612903225805,-1.294858870967742
31,Garbage_dump_6,arousal,9.0,4.294858870967742,4.145161290322581,4.854838709677419,4.705141129032258
31,Depressed_pose_4,arousal,5.0,4.294858870967742,3.564516129032258,1.435483870967742,0.705141129032258
31,Angry_face_1,arousal,6.0,4.294858870967742,4.161290322580645,1.838709677419355,1.705141129032258
31,Dog_26,arousal,9.0,4.294858870967742,6.161290322580645,2.838709677419355,4.705141129032258
31,8370,arousal,9.0,4.294858870967742,5.596774193548387,3.403225806451613,4.705141129032258
31,Dog_6,arousal,1.0,4.294858870967742,3.3870967741935485,-2.3870967741935485,-3.294858870967742
31,9220,arousal,3.0,4.294858870967742,4.096774193548387,-1.096774193548387,-1.294858870967742
31,Lake_12,arousal,1.0,4.294858870967742,2.935483870967742,-1.935483870967742,-3.294858870967742
31,2314,arousal,3.0,4.294858870967742,3.4838709677419355,-0.4838709677419355,-1.294858870967742
31,1750,arousal,3.0,4.294858870967742,3.1129032258064515,-0.11290322580645151,-1.294858870967742
31,8492,arousal,9.0,4.294858870967742,5.903225806451613,3.096774193548387,4.705141129032258
31,1441,arousal,1.0,4.294858870967742,2.6129032258064515,-1.6129032258064515,-3.294858870967742
31,Flowers_6,arousal,2.0,4.294858870967742,2.9516129032258065,-0.9516129032258065,-2.294858870967742
31,Yarn_1,arousal,3.0,4.294858870967742,2.225806451612903,0.774193548387097,-1.294858870967742
31,9331,arousal,5.0,4.294858870967742,3.870967741935484,1.129032258064516,0.705141129032258
31,Beach_1,arousal,1.0,4.294858870967742,2.435483870967742,-1.435483870967742,-3.294858870967742
31,2491,arousal,5.0,4.294858870967742,3.1451612903225805,1.8548387096774195,0.705141129032258
31,9360,arousal,8.0,4.294858870967742,3.774193548387097,4.225806451612903,3.705141129032258
31,Lake_3,arousal,1.0,4.294858870967742,2.306451612903226,-1.306451612903226,-3.294858870967742
31,3170,arousal,7.0,4.294858870967742,6.596774193548387,0.403225806451613,2.705141129032258
31,8080,arousal,9.0,4.294858870967742,4.741935483870968,4.258064516129032,4.705141129032258
31,Snow_1,arousal,6.0,4.294858870967742,2.7419354838709675,3.2580645161290325,1.705141129032258
31,4220,arousal,1.0,4.294858870967742,4.5,-3.5,-3.294858870967742
31,5760,arousal,1.0,4.294858870967742,2.4516129032258065,-1.4516129032258065,-3.294858870967742
31,3063,arousal,9.0,4.294858870967742,7.032258064516129,1.967741935483871,4.705141129032258
31,3080,arousal,9.0,4.294858870967742,6.790322580645161,2.209677419354839,4.705141129032258
32,Dummy_1,arousal,5.0,4.305947580645161,6.596774193548387,-1.596774193548387,0.694052419354839
32,3053,arousal,7.0,4.305947580645161,7.032258064516129,-0.032258064516129004,2.694052419354839
32,Tumor_1,arousal,7.0,4.305947580645161,6.919354838709677,0.08064516129032295,2.694052419354839
32,Dog_18,arousal,2.0,4.305947580645161,3.6129032258064515,-1.6129032258064515,-2.305947580645161
32,Miserable_pose_3,arousal,6.0,4.305947580645161,6.32258064516129,-0.32258064516129004,1.694052419354839
32,Pinecone_1,arousal,3.0,4.305947580645161,2.3548387096774195,0.6451612903225805,-1.305947580645161
32,Garbage_dump_6,arousal,4.0,4.305947580645161,4.225806451612903,-0.22580645161290303,-0.30594758064516103
32,Depressed_pose_4,arousal,5.0,4.305947580645161,3.564516129032258,1.435483870967742,0.694052419354839
32,Angry_face_1,arousal,5.0,4.305947580645161,4.17741935483871,0.82258064516129,0.694052419354839
32,Dog_26,arousal,8.0,4.305947580645161,6.17741935483871,1.82258064516129,3.694052419354839
32,8370,arousal,4.0,4.305947580645161,5.67741935483871,-1.67741935483871,-0.30594758064516103
32,Dog_6,arousal,4.0,4.305947580645161,3.338709677419355,0.661290322580645,-0.30594758064516103
32,9220,arousal,2.0,4.305947580645161,4.112903225806452,-2.112903225806452,-2.305947580645161
32,Lake_12,arousal,4.0,4.305947580645161,2.8870967741935485,1.1129032258064515,-0.30594758064516103
32,2314,arousal,2.0,4.305947580645161,3.5,-1.5,-2.305947580645161
32,1750,arousal,1.0,4.305947580645161,3.1451612903225805,-2.1451612903225805,-3.305947580645161
32,8492,arousal,6.0,4.305947580645161,5.951612903225806,0.04838709677419395,1.694052419354839
32,1441,arousal,4.0,4.305947580645161,2.564516129032258,1.435483870967742,-0.30594758064516103
32,Flowers_6,arousal,3.0,4.305947580645161,2.935483870967742,0.06451612903225801,-1.305947580645161
32,Yarn_1,arousal,2.0,4.305947580645161,2.2419354838709675,-0.24193548387096753,-2.305947580645161
32,9331,arousal,4.0,4.305947580645161,3.8870967741935485,0.11290322580645151,-0.30594758064516103
32,Beach_1,arousal,5.0,4.305947580645161,2.370967741935484,2.629032258064516,0.694052419354839
32,2491,arousal,1.0,4.305947580645161,3.2096774193548385,-2.2096774193548385,-3.305947580645161
32,9360,arousal,3.0,4.305947580645161,3.8548387096774195,-0.8548387096774195,-1.305947580645161
32,Lake_3,arousal,3.0,4.305947580645161,2.274193548387097,0.725806451612903,-1.305947580645161
32,3170,arousal,7.0,4.305947580645161,6.596774193548387,0.403225806451613,2.694052419354839
32,8080,arousal,7.0,4.305947580645161,4.774193548387097,2.225806451612903,2.694052419354839
32,Snow_1,arousal,4.0,4.305947580645161,2.774193548387097,1.225806451612903,-0.30594758064516103
32,4220,arousal,6.0,4.305947580645161,4.419354838709677,1.580645161290323,1.694052419354839
32,5760,arousal,3.0,4.305947580645161,2.4193548387096775,0.5806451612903225,-1.305947580645161
32,3063,arousal,8.0,4.305947580645161,7.048387096774194,0.951612903225806,3.694052419354839
32,3080,arousal,7.0,4.305947580645161,6.82258064516129,0.17741935483870996,2.694052419354839
33,Dummy_1,arousal,6.0,4.319556451612903,6.580645161290323,-0.580645161290323,1.680443548387097
33,3053,arousal,6.0,4.319556451612903,7.048387096774194,-1.048387096774194,1.680443548387097
33,Tumor_1,arousal,4.0,4.319556451612903,6.967741935483871,-2.967741935483871,-0.319556451612903
33,Dog_18,arousal,5.0,4.319556451612903,3.564516129032258,1.435483870967742,0.680443548387097
33,Miserable_pose_3,arousal,6.0,4.319556451612903,6.32258064516129,-0.32258064516129004,1.680443548387097
33,Pinecone_1,arousal,1.0,4.319556451612903,2.3870967741935485,-1.3870967741935485,-3.319556451612903
33,Garbage_dump_6,arousal,3.0,4.319556451612903,4.241935483870968,-1.241935483870968,-1.319556451612903
33,Depressed_pose_4,arousal,4.0,4.319556451612903,3.5806451612903225,0.4193548387096775,-0.319556451612903
33,Angry_face_1,arousal,2.0,4.319556451612903,4.225806451612903,-2.225806451612903,-2.319556451612903
33,Dog_26,arousal,5.0,4.319556451612903,6.225806451612903,-1.225806451612903,0.680443548387097
33,8370,arousal,2.0,4.319556451612903,5.709677419354839,-3.709677419354839,-2.319556451612903
33,Dog_6,arousal,5.0,4.319556451612903,3.3225806451612905,1.6774193548387095,0.680443548387097
33,9220,arousal,4.0,4.319556451612903,4.080645161290323,-0.08064516129032295,-0.319556451612903
33,Lake_12,arousal,1.0,4.319556451612903,2.935483870967742,-1.935483870967742,-3.319556451612903
33,2314,arousal,5.0,4.319556451612903,3.4516129032258065,1.5483870967741935,0.680443548387097
33,1750,arousal,5.0,4.319556451612903,3.0806451612903225,1.9193548387096775,0.680443548387097
33,8492,arousal,3.0,4.319556451612903,6.0,-3.0,-1.319556451612903
33,1441,arousal,3.0,4.319556451612903,2.5806451612903225,0.4193548387096775,-1.319556451612903
33,Flowers_6,arousal,1.0,4.319556451612903,2.967741935483871,-1.967741935483871,-3.319556451612903
33,Yarn_1,arousal,1.0,4.319556451612903,2.2580645161290325,-1.2580645161290325,-3.319556451612903
33,9331,arousal,4.0,4.319556451612903,3.8870967741935485,0.11290322580645151,-0.319556451612903
33,Beach_1,arousal,3.0,4.319556451612903,2.403225806451613,0.596774193548387,-1.319556451612903
33,2491,arousal,4.0,4.319556451612903,3.161290322580645,0.838709677419355,-0.319556451612903
33,9360,arousal,2.0,4.319556451612903,3.870967741935484,-1.870967741935484,-2.319556451612903
33,Lake_3,arousal,3.0,4.319556451612903,2.274193548387097,0.725806451612903,-1.319556451612903
33,3170,arousal,5.0,4.319556451612903,6.629032258064516,-1.629032258064516,0.680443548387097
33,8080,arousal,2.0,4.319556451612903,4.854838709677419,-2.854838709677419,-2.319556451612903
33,Snow_1,arousal,1.0,4.319556451612903,2.8225806451612905,-1.8225806451612905,-3.319556451612903
33,4220,arousal,6.0,4.319556451612903,4.419354838709677,1.580645161290323,1.680443548387097
33,5760,arousal,3.0,4.319556451612903,2.4193548387096775,0.5806451612903225,-1.319556451612903
33,3063,arousal,5.0,4.319556451612903,7.096774193548387,-2.096774193548387,0.680443548387097
33,3080,arousal,5.0,4.319556451612903,6.854838709677419,-1.854838709677419,0.680443548387097
34,Dummy_1,arousal,8.0,4.315524193548387,6.548387096774194,1.451612903225806,3.684475806451613
34,3053,arousal,5.0,4.315524193548387,7.064516129032258,-2.064516129032258,0.684475806451613
34,Tumor_1,arousal,6.0,4.315524193548387,6.935483870967742,-0.935483870967742,1.684475806451613
34,Dog_18,arousal,2.0,4.315524193548387,3.6129032258064515,-1.6129032258064515,-2.315524193548387
34,Miserable_pose_3,arousal,6.0,4.315524193548387,6.32258064516129,-0.32258064516129004,1.684475806451613
34,Pinecone_1,arousal,1.0,4.315524193548387,2.3870967741935485,-1.3870967741935485,-3.315524193548387
34,Garbage_dump_6,arousal,5.0,4.315524193548387,4.209677419354839,0.790322580645161,0.684475806451613
34,Depressed_pose_4,arousal,3.0,4.315524193548387,3.596774193548387,-0.596774193548387,-1.315524193548387
34,Angry_face_1,arousal,2.0,4.315524193548387,4.225806451612903,-2.225806451612903,-2.315524193548387
34,Dog_26,arousal,4.0,4.315524193548387,6.241935483870968,-2.241935483870968,-0.315524193548387
34,8370,arousal,5.0,4.315524193548387,5.661290322580645,-0.661290322580645,0.684475806451613
34,Dog_6,arousal,2.0,4.315524193548387,3.370967741935484,-1.370967741935484,-2.315524193548387
34,9220,arousal,6.0,4.315524193548387,4.048387096774194,1.951612903225806,1.684475806451613
34,Lake_12,arousal,2.0,4.315524193548387,2.9193548387096775,-0.9193548387096775,-2.315524193548387
34,2314,arousal,2.0,4.315524193548387,3.5,-1.5,-2.315524193548387
34,1750,arousal,2.0,4.315524193548387,3.129032258064516,-1.129032258064516,-2.315524193548387
34,8492,arousal,6.0,4.315524193548387,5.951612903225806,0.04838709677419395,1.684475806451613
34,1441,arousal,1.0,4.315524193548387,2.6129032258064515,-1.6129032258064515,-3.315524193548387
34,Flowers_6,arousal,2.0,4.315524193548387,2.9516129032258065,-0.9516129032258065,-2.315524193548387
34,Yarn_1,arousal,1.0,4.315524193548387,2.2580645161290325,-1.2580645161290325,-3.315524193548387
34,9331,arousal,2.0,4.315524193548387,3.9193548387096775,-1.9193548387096775,-2.315524193548387
34,Beach_1,arousal,1.0,4.315524193548387,2.435483870967742,-1.435483870967742,-3.315524193548387
34,2491,arousal,4.0,4.315524193548387,3.161290322580645,0.838709677419355,-0.315524193548387
34,9360,arousal,4.0,4.315524193548387,3.838709677419355,0.16129032258064502,-0.315524193548387
34,Lake_3,arousal,2.0,4.315524193548387,2.2903225806451615,-0.2903225806451615,-2.315524193548387
34,3170,arousal,9.0,4.315524193548387,6.564516129032258,2.435483870967742,4.684475806451613
34,8080,arousal,4.0,4.315524193548387,4.82258064516129,-0.82258064516129,-0.315524193548387
34,Snow_1,arousal,3.0,4.315524193548387,2.7903225806451615,0.20967741935483852,-1.315524193548387
34,4220,arousal,6.0,4.315524193548387,4.419354838709677,1.580645161290323,1.684475806451613
34,5760,arousal,1.0,4.315524193548387,2.4516129032258065,-1.4516129032258065,-3.315524193548387
34,3063,arousal,9.0,4.315524193548387,7.032258064516129,1.967741935483871,4.684475806451613
34,3080,arousal,7.0,4.315524193548387,6.82258064516129,0.17741935483870996,2.684475806451613
35,Dummy_1,arousal,8.0,4.303427419354839,6.548387096774194,1.451612903225806,3.696572580645161
35,3053,arousal,7.0,4.303427419354839,7.032258064516129,-0.032258064516129004,2.696572580645161
35,Tumor_1,arousal,7.0,4.303427419354839,6.919354838709677,0.08064516129032295,2.696572580645161
35,Dog_18,arousal,5.0,4.303427419354839,3.564516129032258,1.435483870967742,0.696572580645161
35,Miserable_pose_3,arousal,6.0,4.303427419354839,6.32258064516129,-0.32258064516129004,1.696572580645161
35,Pinecone_1,arousal,2.0,4.303427419354839,2.370967741935484,-0.370967741935484,-2.303427419354839
35,Garbage_dump_6,arousal,7.0,4.303427419354839,4.17741935483871,2.82258064516129,2.696572580645161
35,Depressed_pose_4,arousal,3.0,4.303427419354839,3.596774193548387,-0.596774193548387,-1.303427419354839
35,Angry_face_1,arousal,3.0,4.303427419354839,4.209677419354839,-1.209677419354839,-1.303427419354839
35,Dog_26,arousal,4.0,4.303427419354839,6.241935483870968,-2.241935483870968,-0.30342741935483897
35,8370,arousal,3.0,4.303427419354839,5.693548387096774,-2.693548387096774,-1.303427419354839
35,Dog_6,arousal,3.0,4.303427419354839,3.3548387096774195,-0.3548387096774195,-1.303427419354839
35,9220,arousal,5.0,4.303427419354839,4.064516129032258,0.935483870967742,0.696572580645161
35,Lake_12,arousal,3.0,4.303427419354839,2.903225806451613,0.09677419354838701,-1.303427419354839
35,2314,arousal,4.0,4.303427419354839,3.467741935483871,0.532258064516129,-0.30342741935483897
35,1750,arousal,5.0,4.303427419354839,3.0806451612903225,1.9193548387096775,0.696572580645161
35,8492,arousal,4.0,4.303427419354839,5.983870967741935,-1.983870967741935,-0.30342741935483897
35,1441,arousal,2.0,4.303427419354839,2.596774193548387,-0.596774193548387,-2.303427419354839
35,Flowers_6,arousal,5.0,4.303427419354839,2.903225806451613,2.096774193548387,0.696572580645161
35,Yarn_1,arousal,3.0,4.303427419354839,2.225806451612903,0.774193548387097,-1.303427419354839
35,9331,arousal,4.0,4.303427419354839,3.8870967741935485,0.11290322580645151,-0.30342741935483897
35,Beach_1,arousal,4.0,4.303427419354839,2.3870967741935485,1.6129032258064515,-0.30342741935483897
35,2491,arousal,5.0,4.303427419354839,3.1451612903225805,1.8548387096774195,0.696572580645161
35,9360,arousal,3.0,4.303427419354839,3.8548387096774195,-0.8548387096774195,-1.303427419354839
35,Lake_3,arousal,3.0,4.303427419354839,2.274193548387097,0.725806451612903,-1.303427419354839
35,3170,arousal,6.0,4.303427419354839,6.612903225806452,-0.612903225806452,1.696572580645161
35,8080,arousal,5.0,4.303427419354839,4.806451612903226,0.19354838709677402,0.696572580645161
35,Snow_1,arousal,5.0,4.303427419354839,2.7580645161290325,2.2419354838709675,0.696572580645161
35,4220,arousal,4.0,4.303427419354839,4.451612903225806,-0.45161290322580605,-0.30342741935483897
35,5760,arousal,7.0,4.303427419354839,2.3548387096774195,4.64516129032258,2.696572580645161
35,3063,arousal,6.0,4.303427419354839,7.080645161290323,-1.080645161290323,1.696572580645161
35,3080,arousal,6.0,4.303427419354839,6.838709677419355,-0.838709677419355,1.696572580645161
36,Dummy_1,arousal,8.0,4.298891129032258,6.548387096774194,1.451612903225806,3.701108870967742
36,3053,arousal,7.0,4.298891129032258,7.032258064516129,-0.032258064516129004,2.701108870967742
36,Tumor_1,arousal,7.0,4.298891129032258,6.919354838709677,0.08064516129032295,2.701108870967742
36,Dog_18,arousal,5.0,4.298891129032258,3.564516129032258,1.435483870967742,0.701108870967742
36,Miserable_pose_3,arousal,8.0,4.298891129032258,6.290322580645161,1.709677419354839,3.701108870967742
36,Pinecone_1,arousal,2.0,4.298891129032258,2.370967741935484,-0.370967741935484,-2.298891129032258
36,Garbage_dump_6,arousal,4.0,4.298891129032258,4.225806451612903,-0.22580645161290303,-0.298891129032258
36,Depressed_pose_4,arousal,6.0,4.298891129032258,3.5483870967741935,2.4516129032258065,1.701108870967742
36,Angry_face_1,arousal,6.0,4.298891129032258,4.161290322580645,1.838709677419355,1.701108870967742
36,Dog_26,arousal,8.0,4.298891129032258,6.17741935483871,1.82258064516129,3.701108870967742
36,8370,arousal,8.0,4.298891129032258,5.612903225806452,2.387096774193548,3.701108870967742
36,Dog_6,arousal,2.0,4.298891129032258,3.370967741935484,-1.370967741935484,-2.298891129032258
36,9220,arousal,3.0,4.298891129032258,4.096774193548387,-1.096774193548387,-1.298891129032258
36,Lake_12,arousal,1.0,4.298891129032258,2.935483870967742,-1.935483870967742,-3.298891129032258
36,2314,arousal,5.0,4.298891129032258,3.4516129032258065,1.5483870967741935,0.701108870967742
36,1750,arousal,4.0,4.298891129032258,3.096774193548387,0.903225806451613,-0.298891129032258
36,8492,arousal,8.0,4.298891129032258,5.919354838709677,2.080645161290323,3.701108870967742
36,1441,arousal,2.0,4.298891129032258,2.596774193548387,-0.596774193548387,-2.298891129032258
36,Flowers_6,arousal,4.0,4.298891129032258,2.9193548387096775,1.0806451612903225,-0.298891129032258
36,Yarn_1,arousal,1.0,4.298891129032258,2.2580645161290325,-1.2580645161290325,-3.298891129032258
36,9331,arousal,5.0,4.298891129032258,3.870967741935484,1.129032258064516,0.701108870967742
36,Beach_1,arousal,2.0,4.298891129032258,2.4193548387096775,-0.4193548387096775,-2.298891129032258
36,2491,arousal,5.0,4.298891129032258,3.1451612903225805,1.8548387096774195,0.701108870967742
36,9360,arousal,7.0,4.298891129032258,3.7903225806451615,3.2096774193548385,2.701108870967742
36,Lake_3,arousal,1.0,4.298891129032258,2.306451612903226,-1.306451612903226,-3.298891129032258
36,3170,arousal,5.0,4.298891129032258,6.629032258064516,-1.629032258064516,0.701108870967742
36,8080,arousal,8.0,4.298891129032258,4.758064516129032,3.241935483870968,3.701108870967742
36,Snow_1,arousal,3.0,4.298891129032258,2.7903225806451615,0.20967741935483852,-1.298891129032258
36,4220,arousal,3.0,4.298891129032258,4.467741935483871,-1.467741935483871,-1.298891129032258
36,5760,arousal,1.0,4.298891129032258,2.4516129032258065,-1.4516129032258065,-3.298891129032258
36,3063,arousal,8.0,4.298891129032258,7.048387096774194,0.951612903225806,3.701108870967742
36,3080,arousal,9.0,4.298891129032258,6.790322580645161,2.209677419354839,4.701108870967742
37,Dummy_1,arousal,6.0,4.300907258064516,6.580645161290323,-0.580645161290323,1.699092741935484
37,3053,arousal,6.0,4.300907258064516,7.048387096774194,-1.048387096774194,1.699092741935484
37,Tumor_1,arousal,6.0,4.300907258064516,6.935483870967742,-0.935483870967742,1.699092741935484
37,Dog_18,arousal,5.0,4.300907258064516,3.564516129032258,1.435483870967742,0.699092741935484
37,Miserable_pose_3,arousal,5.0,4.300907258064516,6.338709677419355,-1.338709677419355,0.699092741935484
37,Pinecone_1,arousal,3.0,4.300907258064516,2.3548387096774195,0.6451612903225805,-1.300907258064516
37,Garbage_dump_6,arousal,3.0,4.300907258064516,4.241935483870968,-1.241935483870968,-1.300907258064516
37,Depressed_pose_4,arousal,5.0,4.300907258064516,3.564516129032258,1.435483870967742,0.699092741935484
37,Angry_face_1,arousal,4.0,4.300907258064516,4.193548387096774,-0.19354838709677402,-0.300907258064516
37,Dog_26,arousal,5.0,4.300907258064516,6.225806451612903,-1.225806451612903,0.699092741935484
37,8370,arousal,5.0,4.300907258064516,5.661290322580645,-0.661290322580645,0.699092741935484
37,Dog_6,arousal,2.0,4.300907258064516,3.370967741935484,-1.370967741935484,-2.300907258064516
37,9220,arousal,6.0,4.300907258064516,4.048387096774194,1.951612903225806,1.699092741935484
37,Lake_12,arousal,7.0,4.300907258064516,2.838709677419355,4.161290322580645,2.699092741935484
37,2314,arousal,5.0,4.300907258064516,3.4516129032258065,1.5483870967741935,0.699092741935484
37,1750,arousal,3.0,4.300907258064516,3.1129032258064515,-0.11290322580645151,-1.300907258064516
37,8492,arousal,6.0,4.300907258064516,5.951612903225806,0.04838709677419395,1.699092741935484
37,1441,arousal,3.0,4.300907258064516,2.5806451612903225,0.4193548387096775,-1.300907258064516
37,Flowers_6,arousal,5.0,4.300907258064516,2.903225806451613,2.096774193548387,0.699092741935484
37,Yarn_1,arousal,5.0,4.300907258064516,2.193548387096774,2.806451612903226,0.699092741935484
37,9331,arousal,3.0,4.300907258064516,3.903225806451613,-0.903225806451613,-1.300907258064516
37,Beach_1,arousal,4.0,4.300907258064516,2.3870967741935485,1.6129032258064515,-0.300907258064516
37,2491,arousal,5.0,4.300907258064516,3.1451612903225805,1.8548387096774195,0.699092741935484
37,9360,arousal,5.0,4.300907258064516,3.8225806451612905,1.1774193548387095,0.699092741935484
37,Lake_3,arousal,5.0,4.300907258064516,2.2419354838709675,2.7580645161290325,0.699092741935484
37,3170,arousal,6.0,4.300907258064516,6.612903225806452,-0.612903225806452,1.699092741935484
37,8080,arousal,6.0,4.300907258064516,4.790322580645161,1.209677419354839,1.699092741935484
37,Snow_1,arousal,3.0,4.300907258064516,2.7903225806451615,0.20967741935483852,-1.300907258064516
37,4220,arousal,7.0,4.300907258064516,4.403225806451613,2.596774193548387,2.699092741935484
37,5760,arousal,2.0,4.300907258064516,2.435483870967742,-0.435483870967742,-2.300907258064516
37,3063,arousal,5.0,4.300907258064516,7.096774193548387,-2.096774193548387,0.699092741935484
37,3080,arousal,6.0,4.300907258064516,6.838709677419355,-0.838709677419355,1.699092741935484
38,Dummy_1,arousal,6.0,4.304939516129032,6.580645161290323,-0.580645161290323,1.695060483870968
38,3053,arousal,7.0,4.304939516129032,7.032258064516129,-0.032258064516129004,2.695060483870968
38,Tumor_1,arousal,8.0,4.304939516129032,6.903225806451613,1.096774193548387,3.695060483870968
38,Dog_18,arousal,2.0,4.304939516129032,3.6129032258064515,-1.6129032258064515,-2.304939516129032
38,Miserable_pose_3,arousal,7.0,4.304939516129032,6.306451612903226,0.693548387096774,2.695060483870968
38,Pinecone_1,arousal,2.0,4.304939516129032,2.370967741935484,-0.370967741935484,-2.304939516129032
38,Garbage_dump_6,arousal,6.0,4.304939516129032,4.193548387096774,1.806451612903226,1.695060483870968
38,Depressed_pose_4,arousal,5.0,4.304939516129032,3.564516129032258,1.435483870967742,0.695060483870968
38,Angry_face_1,arousal,3.0,4.304939516129032,4.209677419354839,-1.209677419354839,-1.304939516129032
38,Dog_26,arousal,5.0,4.304939516129032,6.225806451612903,-1.225806451612903,0.695060483870968
38,8370,arousal,6.0,4.304939516129032,5.645161290322581,0.35483870967741904,1.695060483870968
38,Dog_6,arousal,1.0,4.304939516129032,3.3870967741935485,-2.3870967741935485,-3.304939516129032
38,9220,arousal,5.0,4.304939516129032,4.064516129032258,0.935483870967742,0.695060483870968
38,Lake_12,arousal,2.0,4.304939516129032,2.9193548387096775,-0.9193548387096775,-2.304939516129032
38,2314,arousal,3.0,4.304939516129032,3.4838709677419355,-0.4838709677419355,-1.304939516129032
38,1750,arousal,3.0,4.304939516129032,3.1129032258064515,-0.11290322580645151,-1.304939516129032
38,8492,arousal,6.0,4.304939516129032,5.951612903225806,0.04838709677419395,1.695060483870968
38,1441,arousal,2.0,4.304939516129032,2.596774193548387,-0.596774193548387,-2.304939516129032
38,Flowers_6,arousal,3.0,4.304939516129032,2.935483870967742,0.06451612903225801,-1.304939516129032
38,Yarn_1,arousal,5.0,4.304939516129032,2.193548387096774,2.806451612903226,0.695060483870968
38,9331,arousal,5.0,4.304939516129032,3.870967741935484,1.129032258064516,0.695060483870968
38,Beach_1,arousal,3.0,4.304939516129032,2.403225806451613,0.596774193548387,-1.304939516129032
38,2491,arousal,2.0,4.304939516129032,3.193548387096774,-1.193548387096774,-2.304939516129032
38,9360,arousal,7.0,4.304939516129032,3.7903225806451615,3.2096774193548385,2.695060483870968
38,Lake_3,arousal,5.0,4.304939516129032,2.2419354838709675,2.7580645161290325,0.695060483870968
38,3170,arousal,6.0,4.304939516129032,6.612903225806452,-0.612903225806452,1.695060483870968
38,8080,arousal,7.0,4.304939516129032,4.774193548387097,2.225806451612903,2.695060483870968
38,Snow_1,arousal,1.0,4.304939516129032,2.8225806451612905,-1.8225806451612905,-3.304939516129032
38,4220,arousal,4.0,4.304939516129032,4.451612903225806,-0.45161290322580605,-0.30493951612903203
38,5760,arousal,4.0,4.304939516129032,2.403225806451613,1.596774193548387,-0.30493951612903203
38,3063,arousal,6.0,4.304939516129032,7.080645161290323,-1.080645161290323,1.695060483870968
38,3080,arousal,7.0,4.304939516129032,6.82258064516129,0.17741935483870996,2.695060483870968
39,Dummy_1,arousal,9.0,4.315524193548387,6.532258064516129,2.467741935483871,4.684475806451613
39,3053,arousal,9.0,4.315524193548387,7.0,2.0,4.684475806451613
39,Tumor_1,arousal,9.0,4.315524193548387,6.887096774193548,2.112903225806452,4.684475806451613
39,Dog_18,arousal,5.0,4.315524193548387,3.564516129032258,1.435483870967742,0.684475806451613
39,Miserable_pose_3,arousal,7.0,4.315524193548387,6.306451612903226,0.693548387096774,2.684475806451613
39,Pinecone_1,arousal,1.0,4.315524193548387,2.3870967741935485,-1.3870967741935485,-3.315524193548387
39,Garbage_dump_6,arousal,1.0,4.315524193548387,4.274193548387097,-3.274193548387097,-3.315524193548387
39,Depressed_pose_4,arousal,2.0,4.315524193548387,3.6129032258064515,-1.6129032258064515,-2.315524193548387
39,Angry_face_1,arousal,2.0,4.315524193548387,4.225806451612903,-2.225806451612903,-2.315524193548387
39,Dog_26,arousal,6.0,4.315524193548387,6.209677419354839,-0.20967741935483897,1.684475806451613
39,8370,arousal,1.0,4.315524193548387,5.725806451612903,-4.725806451612903,-3.315524193548387
39,Dog_6,arousal,3.0,4.315524193548387,3.3548387096774195,-0.3548387096774195,-1.315524193548387
39,9220,arousal,4.0,4.315524193548387,4.080645161290323,-0.08064516129032295,-0.315524193548387
39,Lake_12,arousal,1.0,4.315524193548387,2.935483870967742,-1.935483870967742,-3.315524193548387
39,2314,arousal,2.0,4.315524193548387,3.5,-1.5,-2.315524193548387
39,1750,arousal,6.0,4.315524193548387,3.064516129032258,2.935483870967742,1.684475806451613
39,8492,arousal,3.0,4.315524193548387,6.0,-3.0,-1.315524193548387
39,1441,arousal,1.0,4.315524193548387,2.6129032258064515,-1.6129032258064515,-3.315524193548387
39,Flowers_6,arousal,2.0,4.315524193548387,2.9516129032258065,-0.9516129032258065,-2.315524193548387
39,Yarn_1,arousal,2.0,4.315524193548387,2.2419354838709675,-0.24193548387096753,-2.315524193548387
39,9331,arousal,4.0,4.315524193548387,3.8870967741935485,0.11290322580645151,-0.315524193548387
39,Beach_1,arousal,2.0,4.315524193548387,2.4193548387096775,-0.4193548387096775,-2.315524193548387
39,2491,arousal,3.0,4.315524193548387,3.1774193548387095,-0.17741935483870952,-1.315524193548387
39,9360,arousal,1.0,4.315524193548387,3.8870967741935485,-2.8870967741935485,-3.315524193548387
39,Lake_3,arousal,1.0,4.315524193548387,2.306451612903226,-1.306451612903226,-3.315524193548387
39,3170,arousal,9.0,4.315524193548387,6.564516129032258,2.435483870967742,4.684475806451613
39,8080,arousal,3.0,4.315524193548387,4.838709677419355,-1.838709677419355,-1.315524193548387
39,Snow_1,arousal,1.0,4.315524193548387,2.8225806451612905,-1.8225806451612905,-3.315524193548387
39,4220,arousal,1.0,4.315524193548387,4.5,-3.5,-3.315524193548387
39,5760,arousal,4.0,4.315524193548387,2.403225806451613,1.596774193548387,-0.315524193548387
39,3063,arousal,9.0,4.315524193548387,7.032258064516129,1.967741935483871,4.684475806451613
39,3080,arousal,9.0,4.315524193548387,6.790322580645161,2.209677419354839,4.684475806451613
40,Dummy_1,arousal,8.0,4.290826612903226,6.548387096774194,1.451612903225806,3.709173387096774
40,3053,arousal,9.0,4.290826612903226,7.0,2.0,4.709173387096774
40,Tumor_1,arousal,8.0,4.290826612903226,6.903225806451613,1.096774193548387,3.709173387096774
40,Dog_18,arousal,1.0,4.290826612903226,3.629032258064516,-2.629032258064516,-3.290826612903226
40,Miserable_pose_3,arousal,2.0,4.290826612903226,6.387096774193548,-4.387096774193548,-2.290826612903226
40,Pinecone_1,arousal,5.0,4.290826612903226,2.3225806451612905,2.6774193548387095,0.709173387096774
40,Garbage_dump_6,arousal,7.0,4.290826612903226,4.17741935483871,2.82258064516129,2.709173387096774
40,Depressed_pose_4,arousal,4.0,4.290826612903226,3.5806451612903225,0.4193548387096775,-0.290826612903226
40,Angry_face_1,arousal,5.0,4.290826612903226,4.17741935483871,0.82258064516129,0.709173387096774
40,Dog_26,arousal,8.0,4.290826612903226,6.17741935483871,1.82258064516129,3.709173387096774
40,8370,arousal,7.0,4.290826612903226,5.629032258064516,1.370967741935484,2.709173387096774
40,Dog_6,arousal,1.0,4.290826612903226,3.3870967741935485,-2.3870967741935485,-3.290826612903226
40,9220,arousal,8.0,4.290826612903226,4.016129032258065,3.983870967741935,3.709173387096774
40,Lake_12,arousal,8.0,4.290826612903226,2.8225806451612905,5.17741935483871,3.709173387096774
40,2314,arousal,1.0,4.290826612903226,3.5161290322580645,-2.5161290322580645,-3.290826612903226
40,1750,arousal,8.0,4.290826612903226,3.032258064516129,4.967741935483871,3.709173387096774
40,8492,arousal,4.0,4.290826612903226,5.983870967741935,-1.983870967741935,-0.290826612903226
40,1441,arousal,1.0,4.290826612903226,2.6129032258064515,-1.6129032258064515,-3.290826612903226
40,Flowers_6,arousal,8.0,4.290826612903226,2.8548387096774195,5.14516129032258,3.709173387096774
40,Yarn_1,arousal,2.0,4.290826612903226,2.2419354838709675,-0.24193548387096753,-2.290826612903226
40,9331,arousal,8.0,4.290826612903226,3.8225806451612905,4.17741935483871,3.709173387096774
40,Beach_1,arousal,1.0,4.290826612903226,2.435483870967742,-1.435483870967742,-3.290826612903226
40,2491,arousal,7.0,4.290826612903226,3.1129032258064515,3.8870967741935485,2.709173387096774
40,9360,arousal,3.0,4.290826612903226,3.8548387096774195,-0.8548387096774195,-1.290826612903226
40,Lake_3,arousal,2.0,4.290826612903226,2.2903225806451615,-0.2903225806451615,-2.290826612903226
40,3170,arousal,9.0,4.290826612903226,6.564516129032258,2.435483870967742,4.709173387096774
40,8080,arousal,8.0,4.290826612903226,4.758064516129032,3.241935483870968,3.709173387096774
40,Snow_1,arousal,2.0,4.290826612903226,2.806451612903226,-0.806451612903226,-2.290826612903226
40,4220,arousal,1.0,4.290826612903226,4.5,-3.5,-3.290826612903226
40,5760,arousal,8.0,4.290826612903226,2.338709677419355,5.661290322580645,3.709173387096774
40,3063,arousal,9.0,4.290826612903226,7.032258064516129,1.967741935483871,4.709173387096774
40,3080,arousal,9.0,4.290826612903226,6.790322580645161,2.209677419354839,4.709173387096774
41,Dummy_1,arousal,3.0,4.339213709677419,6.629032258064516,-3.629032258064516,-1.339213709677419
41,3053,arousal,2.0,4.339213709677419,7.112903225806452,-5.112903225806452,-2.339213709677419
41,Tumor_1,arousal,4.0,4.339213709677419,6.967741935483871,-2.967741935483871,-0.33921370967741904
41,Dog_18,arousal,2.0,4.339213709677419,3.6129032258064515,-1.6129032258064515,-2.339213709677419
41,Miserable_pose_3,arousal,2.0,4.339213709677419,6.387096774193548,-4.387096774193548,-2.339213709677419
41,Pinecone_1,arousal,2.0,4.339213709677419,2.370967741935484,-0.370967741935484,-2.339213709677419
41,Garbage_dump_6,arousal,4.0,4.339213709677419,4.225806451612903,-0.22580645161290303,-0.33921370967741904
41,Depressed_pose_4,arousal,2.0,4.339213709677419,3.6129032258064515,-1.6129032258064515,-2.339213709677419
41,Angry_face_1,arousal,2.0,4.339213709677419,4.225806451612903,-2.225806451612903,-2.339213709677419
41,Dog_26,arousal,3.0,4.339213709677419,6.258064516129032,-3.258064516129032,-1.339213709677419
41,8370,arousal,3.0,4.339213709677419,5.693548387096774,-2.693548387096774,-1.339213709677419
41,Dog_6,arousal,4.0,4.339213709677419,3.338709677419355,0.661290322580645,-0.33921370967741904
41,9220,arousal,3.0,4.339213709677419,4.096774193548387,-1.096774193548387,-1.339213709677419
41,Lake_12,arousal,2.0,4.339213709677419,2.9193548387096775,-0.9193548387096775,-2.339213709677419
41,2314,arousal,2.0,4.339213709677419,3.5,-1.5,-2.339213709677419
41,1750,arousal,3.0,4.339213709677419,3.1129032258064515,-0.11290322580645151,-1.339213709677419
41,8492,arousal,4.0,4.339213709677419,5.983870967741935,-1.983870967741935,-0.33921370967741904
41,1441,arousal,2.0,4.339213709677419,2.596774193548387,-0.596774193548387,-2.339213709677419
41,Flowers_6,arousal,2.0,4.339213709677419,2.9516129032258065,-0.9516129032258065,-2.339213709677419
41,Yarn_1,arousal,2.0,4.339213709677419,2.2419354838709675,-0.24193548387096753,-2.339213709677419
41,9331,arousal,2.0,4.339213709677419,3.9193548387096775,-1.9193548387096775,-2.339213709677419
41,Beach_1,arousal,1.0,4.339213709677419,2.435483870967742,-1.435483870967742,-3.339213709677419
41,2491,arousal,1.0,4.339213709677419,3.2096774193548385,-2.2096774193548385,-3.339213709677419
41,9360,arousal,2.0,4.339213709677419,3.870967741935484,-1.870967741935484,-2.339213709677419
41,Lake_3,arousal,2.0,4.339213709677419,2.2903225806451615,-0.2903225806451615,-2.339213709677419
41,3170,arousal,2.0,4.339213709677419,6.67741935483871,-4.67741935483871,-2.339213709677419
41,8080,arousal,2.0,4.339213709677419,4.854838709677419,-2.854838709677419,-2.339213709677419
41,Snow_1,arousal,2.0,4.339213709677419,2.806451612903226,-0.806451612903226,-2.339213709677419
41,4220,arousal,1.0,4.339213709677419,4.5,-3.5,-3.339213709677419
41,5760,arousal,2.0,4.339213709677419,2.435483870967742,-0.435483870967742,-2.339213709677419
41,3063,arousal,3.0,4.339213709677419,7.129032258064516,-4.129032258064516,-1.339213709677419
41,3080,arousal,3.0,4.339213709677419,6.887096774193548,-3.887096774193548,-1.339213709677419
42,Dummy_1,arousal,9.0,4.275201612903226,6.532258064516129,2.467741935483871,4.724798387096774
42,3053,arousal,9.0,4.275201612903226,7.0,2.0,4.724798387096774
42,Tumor_1,arousal,9.0,4.275201612903226,6.887096774193548,2.112903225806452,4.724798387096774
42,Dog_18,arousal,2.0,4.275201612903226,3.6129032258064515,-1.6129032258064515,-2.275201612903226
42,Miserable_pose_3,arousal,9.0,4.275201612903226,6.274193548387097,2.725806451612903,4.724798387096774
42,Pinecone_1,arousal,3.0,4.275201612903226,2.3548387096774195,0.6451612903225805,-1.275201612903226
42,Garbage_dump_6,arousal,7.0,4.275201612903226,4.17741935483871,2.82258064516129,2.724798387096774
42,Depressed_pose_4,arousal,4.0,4.275201612903226,3.5806451612903225,0.4193548387096775,-0.275201612903226
42,Angry_face_1,arousal,6.0,4.275201612903226,4.161290322580645,1.838709677419355,1.724798387096774
42,Dog_26,arousal,8.0,4.275201612903226,6.17741935483871,1.82258064516129,3.724798387096774
42,8370,arousal,6.0,4.275201612903226,5.645161290322581,0.35483870967741904,1.724798387096774
42,Dog_6,arousal,8.0,4.275201612903226,3.274193548387097,4.725806451612903,3.724798387096774
42,9220,arousal,8.0,4.275201612903226,4.016129032258065,3.983870967741935,3.724798387096774
42,Lake_12,arousal,2.0,4.275201612903226,2.9193548387096775,-0.9193548387096775,-2.275201612903226
42,2314,arousal,5.0,4.275201612903226,3.4516129032258065,1.5483870967741935,0.724798387096774
42,1750,arousal,7.0,4.275201612903226,3.0483870967741935,3.9516129032258065,2.724798387096774
42,8492,arousal,7.0,4.275201612903226,5.935483870967742,1.064516129032258,2.724798387096774
42,1441,arousal,7.0,4.275201612903226,2.5161290322580645,4.483870967741936,2.724798387096774
42,Flowers_6,arousal,5.0,4.275201612903226,2.903225806451613,2.096774193548387,0.724798387096774
42,Yarn_1,arousal,8.0,4.275201612903226,2.1451612903225805,5.85483870967742,3.724798387096774
42,9331,arousal,7.0,4.275201612903226,3.838709677419355,3.161290322580645,2.724798387096774
42,Beach_1,arousal,2.0,4.275201612903226,2.4193548387096775,-0.4193548387096775,-2.275201612903226
42,2491,arousal,6.0,4.275201612903226,3.129032258064516,2.870967741935484,1.724798387096774
42,9360,arousal,5.0,4.275201612903226,3.8225806451612905,1.1774193548387095,0.724798387096774
42,Lake_3,arousal,3.0,4.275201612903226,2.274193548387097,0.725806451612903,-1.275201612903226
42,3170,arousal,9.0,4.275201612903226,6.564516129032258,2.435483870967742,4.724798387096774
42,8080,arousal,7.0,4.275201612903226,4.774193548387097,2.225806451612903,2.724798387096774
42,Snow_1,arousal,7.0,4.275201612903226,2.725806451612903,4.274193548387097,2.724798387096774
42,4220,arousal,8.0,4.275201612903226,4.387096774193548,3.612903225806452,3.724798387096774
42,5760,arousal,3.0,4.275201612903226,2.4193548387096775,0.5806451612903225,-1.275201612903226
42,3063,arousal,9.0,4.275201612903226,7.032258064516129,1.967741935483871,4.724798387096774
42,3080,arousal,8.0,4.275201612903226,6.806451612903226,1.193548387096774,3.724798387096774
43,Dummy_1,arousal,9.0,4.309979838709677,6.532258064516129,2.467741935483871,4.690020161290323
43,3053,arousal,8.0,4.309979838709677,7.016129032258065,0.983870967741935,3.690020161290323
43,Tumor_1,arousal,7.0,4.309979838709677,6.919354838709677,0.08064516129032295,2.690020161290323
43,Dog_18,arousal,1.0,4.309979838709677,3.629032258064516,-2.629032258064516,-3.309979838709677
43,Miserable_pose_3,arousal,9.0,4.309979838709677,6.274193548387097,2.725806451612903,4.690020161290323
43,Pinecone_1,arousal,1.0,4.309979838709677,2.3870967741935485,-1.3870967741935485,-3.309979838709677
43,Garbage_dump_6,arousal,5.0,4.309979838709677,4.209677419354839,0.790322580645161,0.690020161290323
43,Depressed_pose_4,arousal,4.0,4.309979838709677,3.5806451612903225,0.4193548387096775,-0.30997983870967705
43,Angry_face_1,arousal,5.0,4.309979838709677,4.17741935483871,0.82258064516129,0.690020161290323
43,Dog_26,arousal,9.0,4.309979838709677,6.161290322580645,2.838709677419355,4.690020161290323
43,8370,arousal,7.0,4.309979838709677,5.629032258064516,1.370967741935484,2.690020161290323
43,Dog_6,arousal,1.0,4.309979838709677,3.3870967741935485,-2.3870967741935485,-3.309979838709677
43,9220,arousal,5.0,4.309979838709677,4.064516129032258,0.935483870967742,0.690020161290323
43,Lake_12,arousal,1.0,4.309979838709677,2.935483870967742,-1.935483870967742,-3.309979838709677
43,2314,arousal,1.0,4.309979838709677,3.5161290322580645,-2.5161290322580645,-3.309979838709677
43,1750,arousal,1.0,4.309979838709677,3.1451612903225805,-2.1451612903225805,-3.309979838709677
43,8492,arousal,3.0,4.309979838709677,6.0,-3.0,-1.309979838709677
43,1441,arousal,1.0,4.309979838709677,2.6129032258064515,-1.6129032258064515,-3.309979838709677
43,Flowers_6,arousal,1.0,4.309979838709677,2.967741935483871,-1.967741935483871,-3.309979838709677
43,Yarn_1,arousal,1.0,4.309979838709677,2.2580645161290325,-1.2580645161290325,-3.309979838709677
43,9331,arousal,5.0,4.309979838709677,3.870967741935484,1.129032258064516,0.690020161290323
43,Beach_1,arousal,1.0,4.309979838709677,2.435483870967742,-1.435483870967742,-3.309979838709677
43,2491,arousal,5.0,4.309979838709677,3.1451612903225805,1.8548387096774195,0.690020161290323
43,9360,arousal,5.0,4.309979838709677,3.8225806451612905,1.1774193548387095,0.690020161290323
43,Lake_3,arousal,2.0,4.309979838709677,2.2903225806451615,-0.2903225806451615,-2.309979838709677
43,3170,arousal,8.0,4.309979838709677,6.580645161290323,1.419354838709677,3.690020161290323
43,8080,arousal,6.0,4.309979838709677,4.790322580645161,1.209677419354839,1.690020161290323
43,Snow_1,arousal,3.0,4.309979838709677,2.7903225806451615,0.20967741935483852,-1.309979838709677
43,4220,arousal,1.0,4.309979838709677,4.5,-3.5,-3.309979838709677
43,5760,arousal,1.0,4.309979838709677,2.4516129032258065,-1.4516129032258065,-3.309979838709677
43,3063,arousal,9.0,4.309979838709677,7.032258064516129,1.967741935483871,4.690020161290323
43,3080,arousal,8.0,4.309979838709677,6.806451612903226,1.193548387096774,3.690020161290323
44,Dummy_1,arousal,8.0,4.316028225806452,6.548387096774194,1.451612903225806,3.683971774193548
44,3053,arousal,7.0,4.316028225806452,7.032258064516129,-0.032258064516129004,2.683971774193548
44,Tumor_1,arousal,8.0,4.316028225806452,6.903225806451613,1.096774193548387,3.683971774193548
44,Dog_18,arousal,3.0,4.316028225806452,3.596774193548387,-0.596774193548387,-1.316028225806452
44,Miserable_pose_3,arousal,4.0,4.316028225806452,6.354838709677419,-2.354838709677419,-0.31602822580645196
44,Pinecone_1,arousal,5.0,4.316028225806452,2.3225806451612905,2.6774193548387095,0.683971774193548
44,Garbage_dump_6,arousal,1.0,4.316028225806452,4.274193548387097,-3.274193548387097,-3.316028225806452
44,Depressed_pose_4,arousal,1.0,4.316028225806452,3.629032258064516,-2.629032258064516,-3.316028225806452
44,Angry_face_1,arousal,2.0,4.316028225806452,4.225806451612903,-2.225806451612903,-2.316028225806452
44,Dog_26,arousal,6.0,4.316028225806452,6.209677419354839,-0.20967741935483897,1.683971774193548
44,8370,arousal,2.0,4.316028225806452,5.709677419354839,-3.709677419354839,-2.316028225806452
44,Dog_6,arousal,9.0,4.316028225806452,3.2580645161290325,5.741935483870968,4.683971774193548
44,9220,arousal,2.0,4.316028225806452,4.112903225806452,-2.112903225806452,-2.316028225806452
44,Lake_12,arousal,9.0,4.316028225806452,2.806451612903226,6.193548387096774,4.683971774193548
44,2314,arousal,2.0,4.316028225806452,3.5,-1.5,-2.316028225806452
44,1750,arousal,2.0,4.316028225806452,3.129032258064516,-1.129032258064516,-2.316028225806452
44,8492,arousal,8.0,4.316028225806452,5.919354838709677,2.080645161290323,3.683971774193548
44,1441,arousal,2.0,4.316028225806452,2.596774193548387,-0.596774193548387,-2.316028225806452
44,Flowers_6,arousal,1.0,4.316028225806452,2.967741935483871,-1.967741935483871,-3.316028225806452
44,Yarn_1,arousal,1.0,4.316028225806452,2.2580645161290325,-1.2580645161290325,-3.316028225806452
44,9331,arousal,1.0,4.316028225806452,3.935483870967742,-2.935483870967742,-3.316028225806452
44,Beach_1,arousal,1.0,4.316028225806452,2.435483870967742,-1.435483870967742,-3.316028225806452
44,2491,arousal,3.0,4.316028225806452,3.1774193548387095,-0.17741935483870952,-1.316028225806452
44,9360,arousal,2.0,4.316028225806452,3.870967741935484,-1.870967741935484,-2.316028225806452
44,Lake_3,arousal,1.0,4.316028225806452,2.306451612903226,-1.306451612903226,-3.316028225806452
44,3170,arousal,8.0,4.316028225806452,6.580645161290323,1.419354838709677,3.683971774193548
44,8080,arousal,1.0,4.316028225806452,4.870967741935484,-3.870967741935484,-3.316028225806452
44,Snow_1,arousal,5.0,4.316028225806452,2.7580645161290325,2.2419354838709675,0.683971774193548
44,4220,arousal,1.0,4.316028225806452,4.5,-3.5,-3.316028225806452
44,5760,arousal,3.0,4.316028225806452,2.4193548387096775,0.5806451612903225,-1.316028225806452
44,3063,arousal,6.0,4.316028225806452,7.080645161290323,-1.080645161290323,1.683971774193548
44,3080,arousal,7.0,4.316028225806452,6.82258064516129,0.17741935483870996,2.683971774193548
45,Dummy_1,arousal,7.0,4.301915322580645,6.564516129032258,0.435483870967742,2.698084677419355
45,3053,arousal,5.0,4.301915322580645,7.064516129032258,-2.064516129032258,0.698084677419355
45,Tumor_1,arousal,6.0,4.301915322580645,6.935483870967742,-0.935483870967742,1.698084677419355
45,Dog_18,arousal,5.0,4.301915322580645,3.564516129032258,1.435483870967742,0.698084677419355
45,Miserable_pose_3,arousal,6.0,4.301915322580645,6.32258064516129,-0.32258064516129004,1.698084677419355
45,Pinecone_1,arousal,2.0,4.301915322580645,2.370967741935484,-0.370967741935484,-2.301915322580645
45,Garbage_dump_6,arousal,5.0,4.301915322580645,4.209677419354839,0.790322580645161,0.698084677419355
45,Depressed_pose_4,arousal,3.0,4.301915322580645,3.596774193548387,-0.596774193548387,-1.301915322580645
45,Angry_face_1,arousal,5.0,4.301915322580645,4.17741935483871,0.82258064516129,0.698084677419355
45,Dog_26,arousal,6.0,4.301915322580645,6.209677419354839,-0.20967741935483897,1.698084677419355
45,8370,arousal,8.0,4.301915322580645,5.612903225806452,2.387096774193548,3.698084677419355
45,Dog_6,arousal,4.0,4.301915322580645,3.338709677419355,0.661290322580645,-0.301915322580645
45,9220,arousal,4.0,4.301915322580645,4.080645161290323,-0.08064516129032295,-0.301915322580645
45,Lake_12,arousal,3.0,4.301915322580645,2.903225806451613,0.09677419354838701,-1.301915322580645
45,2314,arousal,6.0,4.301915322580645,3.435483870967742,2.564516129032258,1.698084677419355
45,1750,arousal,3.0,4.301915322580645,3.1129032258064515,-0.11290322580645151,-1.301915322580645
45,8492,arousal,7.0,4.301915322580645,5.935483870967742,1.064516129032258,2.698084677419355
45,1441,arousal,2.0,4.301915322580645,2.596774193548387,-0.596774193548387,-2.301915322580645
45,Flowers_6,arousal,3.0,4.301915322580645,2.935483870967742,0.06451612903225801,-1.301915322580645
45,Yarn_1,arousal,4.0,4.301915322580645,2.2096774193548385,1.7903225806451615,-0.301915322580645
45,9331,arousal,5.0,4.301915322580645,3.870967741935484,1.129032258064516,0.698084677419355
45,Beach_1,arousal,7.0,4.301915322580645,2.338709677419355,4.661290322580645,2.698084677419355
45,2491,arousal,5.0,4.301915322580645,3.1451612903225805,1.8548387096774195,0.698084677419355
45,9360,arousal,4.0,4.301915322580645,3.838709677419355,0.16129032258064502,-0.301915322580645
45,Lake_3,arousal,3.0,4.301915322580645,2.274193548387097,0.725806451612903,-1.301915322580645
45,3170,arousal,5.0,4.301915322580645,6.629032258064516,-1.629032258064516,0.698084677419355
45,8080,arousal,7.0,4.301915322580645,4.774193548387097,2.225806451612903,2.698084677419355
45,Snow_1,arousal,2.0,4.301915322580645,2.806451612903226,-0.806451612903226,-2.301915322580645
45,4220,arousal,6.0,4.301915322580645,4.419354838709677,1.580645161290323,1.698084677419355
45,5760,arousal,2.0,4.301915322580645,2.435483870967742,-0.435483870967742,-2.301915322580645
45,3063,arousal,6.0,4.301915322580645,7.080645161290323,-1.080645161290323,1.698084677419355
45,3080,arousal,4.0,4.301915322580645,6.870967741935484,-2.870967741935484,-0.301915322580645
46,Dummy_1,arousal,3.0,4.306451612903226,6.629032258064516,-3.629032258064516,-1.306451612903226
46,3053,arousal,3.0,4.306451612903226,7.096774193548387,-4.096774193548387,-1.306451612903226
46,Tumor_1,arousal,7.0,4.306451612903226,6.919354838709677,0.08064516129032295,2.693548387096774
46,Dog_18,arousal,3.0,4.306451612903226,3.596774193548387,-0.596774193548387,-1.306451612903226
46,Miserable_pose_3,arousal,7.0,4.306451612903226,6.306451612903226,0.693548387096774,2.693548387096774
46,Pinecone_1,arousal,2.0,4.306451612903226,2.370967741935484,-0.370967741935484,-2.306451612903226
46,Garbage_dump_6,arousal,5.0,4.306451612903226,4.209677419354839,0.790322580645161,0.693548387096774
46,Depressed_pose_4,arousal,7.0,4.306451612903226,3.532258064516129,3.467741935483871,2.693548387096774
46,Angry_face_1,arousal,6.0,4.306451612903226,4.161290322580645,1.838709677419355,1.693548387096774
46,Dog_26,arousal,5.0,4.306451612903226,6.225806451612903,-1.225806451612903,0.693548387096774
46,8370,arousal,3.0,4.306451612903226,5.693548387096774,-2.693548387096774,-1.306451612903226
46,Dog_6,arousal,3.0,4.306451612903226,3.3548387096774195,-0.3548387096774195,-1.306451612903226
46,9220,arousal,7.0,4.306451612903226,4.032258064516129,2.967741935483871,2.693548387096774
46,Lake_12,arousal,4.0,4.306451612903226,2.8870967741935485,1.1129032258064515,-0.306451612903226
46,2314,arousal,4.0,4.306451612903226,3.467741935483871,0.532258064516129,-0.306451612903226
46,1750,arousal,6.0,4.306451612903226,3.064516129032258,2.935483870967742,1.693548387096774
46,8492,arousal,8.0,4.306451612903226,5.919354838709677,2.080645161290323,3.693548387096774
46,1441,arousal,3.0,4.306451612903226,2.5806451612903225,0.4193548387096775,-1.306451612903226
46,Flowers_6,arousal,3.0,4.306451612903226,2.935483870967742,0.06451612903225801,-1.306451612903226
46,Yarn_1,arousal,3.0,4.306451612903226,2.225806451612903,0.774193548387097,-1.306451612903226
46,9331,arousal,3.0,4.306451612903226,3.903225806451613,-0.903225806451613,-1.306451612903226
46,Beach_1,arousal,6.0,4.306451612903226,2.3548387096774195,3.6451612903225805,1.693548387096774
46,2491,arousal,3.0,4.306451612903226,3.1774193548387095,-0.17741935483870952,-1.306451612903226
46,9360,arousal,4.0,4.306451612903226,3.838709677419355,0.16129032258064502,-0.306451612903226
46,Lake_3,arousal,1.0,4.306451612903226,2.306451612903226,-1.306451612903226,-3.306451612903226
46,3170,arousal,3.0,4.306451612903226,6.661290322580645,-3.661290322580645,-1.306451612903226
46,8080,arousal,7.0,4.306451612903226,4.774193548387097,2.225806451612903,2.693548387096774
46,Snow_1,arousal,2.0,4.306451612903226,2.806451612903226,-0.806451612903226,-2.306451612903226
46,4220,arousal,6.0,4.306451612903226,4.419354838709677,1.580645161290323,1.693548387096774
46,5760,arousal,2.0,4.306451612903226,2.435483870967742,-0.435483870967742,-2.306451612903226
46,3063,arousal,6.0,4.306451612903226,7.080645161290323,-1.080645161290323,1.693548387096774
46,3080,arousal,6.0,4.306451612903226,6.838709677419355,-0.838709677419355,1.693548387096774
47,Dummy_1,arousal,9.0,4.297379032258065,6.532258064516129,2.467741935483871,4.702620967741935
47,3053,arousal,8.0,4.297379032258065,7.016129032258065,0.983870967741935,3.702620967741935
47,Tumor_1,arousal,8.0,4.297379032258065,6.903225806451613,1.096774193548387,3.702620967741935
47,Dog_18,arousal,6.0,4.297379032258065,3.5483870967741935,2.4516129032258065,1.702620967741935
47,Miserable_pose_3,arousal,9.0,4.297379032258065,6.274193548387097,2.725806451612903,4.702620967741935
47,Pinecone_1,arousal,7.0,4.297379032258065,2.2903225806451615,4.709677419354838,2.702620967741935
47,Garbage_dump_6,arousal,1.0,4.297379032258065,4.274193548387097,-3.274193548387097,-3.297379032258065
47,Depressed_pose_4,arousal,8.0,4.297379032258065,3.5161290322580645,4.483870967741936,3.702620967741935
47,Angry_face_1,arousal,5.0,4.297379032258065,4.17741935483871,0.82258064516129,0.702620967741935
47,Dog_26,arousal,6.0,4.297379032258065,6.209677419354839,-0.20967741935483897,1.702620967741935
47,8370,arousal,6.0,4.297379032258065,5.645161290322581,0.35483870967741904,1.702620967741935
47,Dog_6,arousal,1.0,4.297379032258065,3.3870967741935485,-2.3870967741935485,-3.297379032258065
47,9220,arousal,5.0,4.297379032258065,4.064516129032258,0.935483870967742,0.702620967741935
47,Lake_12,arousal,8.0,4.297379032258065,2.8225806451612905,5.17741935483871,3.702620967741935
47,2314,arousal,5.0,4.297379032258065,3.4516129032258065,1.5483870967741935,0.702620967741935
47,1750,arousal,5.0,4.297379032258065,3.0806451612903225,1.9193548387096775,0.702620967741935
47,8492,arousal,7.0,4.297379032258065,5.935483870967742,1.064516129032258,2.702620967741935
47,1441,arousal,1.0,4.297379032258065,2.6129032258064515,-1.6129032258064515,-3.297379032258065
47,Flowers_6,arousal,5.0,4.297379032258065,2.903225806451613,2.096774193548387,0.702620967741935
47,Yarn_1,arousal,2.0,4.297379032258065,2.2419354838709675,-0.24193548387096753,-2.297379032258065
47,9331,arousal,5.0,4.297379032258065,3.870967741935484,1.129032258064516,0.702620967741935
47,Beach_1,arousal,7.0,4.297379032258065,2.338709677419355,4.661290322580645,2.702620967741935
47,2491,arousal,2.0,4.297379032258065,3.193548387096774,-1.193548387096774,-2.297379032258065
47,9360,arousal,1.0,4.297379032258065,3.8870967741935485,-2.8870967741935485,-3.297379032258065
47,Lake_3,arousal,4.0,4.297379032258065,2.2580645161290325,1.7419354838709675,-0.29737903225806495
47,3170,arousal,9.0,4.297379032258065,6.564516129032258,2.435483870967742,4.702620967741935
47,8080,arousal,2.0,4.297379032258065,4.854838709677419,-2.854838709677419,-2.297379032258065
47,Snow_1,arousal,1.0,4.297379032258065,2.8225806451612905,-1.8225806451612905,-3.297379032258065
47,4220,arousal,1.0,4.297379032258065,4.5,-3.5,-3.297379032258065
47,5760,arousal,1.0,4.297379032258065,2.4516129032258065,-1.4516129032258065,-3.297379032258065
47,3063,arousal,7.0,4.297379032258065,7.064516129032258,-0.06451612903225801,2.702620967741935
47,3080,arousal,7.0,4.297379032258065,6.82258064516129,0.17741935483870996,2.702620967741935
48,Dummy_1,arousal,7.0,4.306451612903226,6.564516129032258,0.435483870967742,2.693548387096774
48,3053,arousal,7.0,4.306451612903226,7.032258064516129,-0.032258064516129004,2.693548387096774
48,Tumor_1,arousal,8.0,4.306451612903226,6.903225806451613,1.096774193548387,3.693548387096774
48,Dog_18,arousal,2.0,4.306451612903226,3.6129032258064515,-1.6129032258064515,-2.306451612903226
48,Miserable_pose_3,arousal,5.0,4.306451612903226,6.338709677419355,-1.338709677419355,0.693548387096774
48,Pinecone_1,arousal,3.0,4.306451612903226,2.3548387096774195,0.6451612903225805,-1.306451612903226
48,Garbage_dump_6,arousal,5.0,4.306451612903226,4.209677419354839,0.790322580645161,0.693548387096774
48,Depressed_pose_4,arousal,5.0,4.306451612903226,3.564516129032258,1.435483870967742,0.693548387096774
48,Angry_face_1,arousal,5.0,4.306451612903226,4.17741935483871,0.82258064516129,0.693548387096774
48,Dog_26,arousal,5.0,4.306451612903226,6.225806451612903,-1.225806451612903,0.693548387096774
48,8370,arousal,6.0,4.306451612903226,5.645161290322581,0.35483870967741904,1.693548387096774
48,Dog_6,arousal,1.0,4.306451612903226,3.3870967741935485,-2.3870967741935485,-3.306451612903226
48,9220,arousal,4.0,4.306451612903226,4.080645161290323,-0.08064516129032295,-0.306451612903226
48,Lake_12,arousal,1.0,4.306451612903226,2.935483870967742,-1.935483870967742,-3.306451612903226
48,2314,arousal,3.0,4.306451612903226,3.4838709677419355,-0.4838709677419355,-1.306451612903226
48,1750,arousal,4.0,4.306451612903226,3.096774193548387,0.903225806451613,-0.306451612903226
48,8492,arousal,7.0,4.306451612903226,5.935483870967742,1.064516129032258,2.693548387096774
48,1441,arousal,2.0,4.306451612903226,2.596774193548387,-0.596774193548387,-2.306451612903226
48,Flowers_6,arousal,4.0,4.306451612903226,2.9193548387096775,1.0806451612903225,-0.306451612903226
48,Yarn_1,arousal,3.0,4.306451612903226,2.225806451612903,0.774193548387097,-1.306451612903226
48,9331,arousal,4.0,4.306451612903226,3.8870967741935485,0.11290322580645151,-0.306451612903226
48,Beach_1,arousal,1.0,4.306451612903226,2.435483870967742,-1.435483870967742,-3.306451612903226
48,2491,arousal,4.0,4.306451612903226,3.161290322580645,0.838709677419355,-0.306451612903226
48,9360,arousal,6.0,4.306451612903226,3.806451612903226,2.193548387096774,1.693548387096774
48,Lake_3,arousal,2.0,4.306451612903226,2.2903225806451615,-0.2903225806451615,-2.306451612903226
48,3170,arousal,6.0,4.306451612903226,6.612903225806452,-0.612903225806452,1.693548387096774
48,8080,arousal,8.0,4.306451612903226,4.758064516129032,3.241935483870968,3.693548387096774
48,Snow_1,arousal,1.0,4.306451612903226,2.8225806451612905,-1.8225806451612905,-3.306451612903226
48,4220,arousal,7.0,4.306451612903226,4.403225806451613,2.596774193548387,2.693548387096774
48,5760,arousal,2.0,4.306451612903226,2.435483870967742,-0.435483870967742,-2.306451612903226
48,3063,arousal,7.0,4.306451612903226,7.064516129032258,-0.06451612903225801,2.693548387096774
48,3080,arousal,6.0,4.306451612903226,6.838709677419355,-0.838709677419355,1.693548387096774
49,Dummy_1,arousal,3.0,4.334677419354839,6.629032258064516,-3.629032258064516,-1.334677419354839
49,3053,arousal,5.0,4.334677419354839,7.064516129032258,-2.064516129032258,0.665322580645161
49,Tumor_1,arousal,3.0,4.334677419354839,6.983870967741935,-3.983870967741935,-1.334677419354839
49,Dog_18,arousal,1.0,4.334677419354839,3.629032258064516,-2.629032258064516,-3.334677419354839
49,Miserable_pose_3,arousal,6.0,4.334677419354839,6.32258064516129,-0.32258064516129004,1.665322580645161
49,Pinecone_1,arousal,5.0,4.334677419354839,2.3225806451612905,2.6774193548387095,0.665322580645161
49,Garbage_dump_6,arousal,1.0,4.334677419354839,4.274193548387097,-3.274193548387097,-3.334677419354839
49,Depressed_pose_4,arousal,1.0,4.334677419354839,3.629032258064516,-2.629032258064516,-3.334677419354839
49,Angry_face_1,arousal,3.0,4.334677419354839,4.209677419354839,-1.209677419354839,-1.334677419354839
49,Dog_26,arousal,3.0,4.334677419354839,6.258064516129032,-3.258064516129032,-1.334677419354839
49,8370,arousal,2.0,4.334677419354839,5.709677419354839,-3.709677419354839,-2.334677419354839
49,Dog_6,arousal,3.0,4.334677419354839,3.3548387096774195,-0.3548387096774195,-1.334677419354839
49,9220,arousal,2.0,4.334677419354839,4.112903225806452,-2.112903225806452,-2.334677419354839
49,Lake_12,arousal,2.0,4.334677419354839,2.9193548387096775,-0.9193548387096775,-2.334677419354839
49,2314,arousal,2.0,4.334677419354839,3.5,-1.5,-2.334677419354839
49,1750,arousal,2.0,4.334677419354839,3.129032258064516,-1.129032258064516,-2.334677419354839
49,8492,arousal,2.0,4.334677419354839,6.016129032258065,-4.016129032258065,-2.334677419354839
49,1441,arousal,1.0,4.334677419354839,2.6129032258064515,-1.6129032258064515,-3.334677419354839
49,Flowers_6,arousal,1.0,4.334677419354839,2.967741935483871,-1.967741935483871,-3.334677419354839
49,Yarn_1,arousal,2.0,4.334677419354839,2.2419354838709675,-0.24193548387096753,-2.334677419354839
49,9331,arousal,2.0,4.334677419354839,3.9193548387096775,-1.9193548387096775,-2.334677419354839
49,Beach_1,arousal,3.0,4.334677419354839,2.403225806451613,0.596774193548387,-1.334677419354839
49,2491,arousal,2.0,4.334677419354839,3.193548387096774,-1.193548387096774,-2.334677419354839
49,9360,arousal,5.0,4.334677419354839,3.8225806451612905,1.1774193548387095,0.665322580645161
49,Lake_3,arousal,4.0,4.334677419354839,2.2580645161290325,1.7419354838709675,-0.33467741935483897
49,3170,arousal,3.0,4.334677419354839,6.661290322580645,-3.661290322580645,-1.334677419354839
49,8080,arousal,4.0,4.334677419354839,4.82258064516129,-0.82258064516129,-0.33467741935483897
49,Snow_1,arousal,1.0,4.334677419354839,2.8225806451612905,-1.8225806451612905,-3.334677419354839
49,4220,arousal,1.0,4.334677419354839,4.5,-3.5,-3.334677419354839
49,5760,arousal,2.0,4.334677419354839,2.435483870967742,-0.435483870967742,-2.334677419354839
49,3063,arousal,5.0,4.334677419354839,7.096774193548387,-2.096774193548387,0.665322580645161
49,3080,arousal,3.0,4.334677419354839,6.887096774193548,-3.887096774193548,-1.334677419354839
50,Dummy_1,arousal,8.0,4.308467741935484,6.548387096774194,1.451612903225806,3.691532258064516
50,3053,arousal,8.0,4.308467741935484,7.016129032258065,0.983870967741935,3.691532258064516
50,Tumor_1,arousal,6.0,4.308467741935484,6.935483870967742,-0.935483870967742,1.691532258064516
50,Dog_18,arousal,2.0,4.308467741935484,3.6129032258064515,-1.6129032258064515,-2.308467741935484
50,Miserable_pose_3,arousal,7.0,4.308467741935484,6.306451612903226,0.693548387096774,2.691532258064516
50,Pinecone_1,arousal,1.0,4.308467741935484,2.3870967741935485,-1.3870967741935485,-3.308467741935484
50,Garbage_dump_6,arousal,6.0,4.308467741935484,4.193548387096774,1.806451612903226,1.691532258064516
50,Depressed_pose_4,arousal,4.0,4.308467741935484,3.5806451612903225,0.4193548387096775,-0.308467741935484
50,Angry_face_1,arousal,5.0,4.308467741935484,4.17741935483871,0.82258064516129,0.691532258064516
50,Dog_26,arousal,9.0,4.308467741935484,6.161290322580645,2.838709677419355,4.691532258064516
50,8370,arousal,6.0,4.308467741935484,5.645161290322581,0.35483870967741904,1.691532258064516
50,Dog_6,arousal,2.0,4.308467741935484,3.370967741935484,-1.370967741935484,-2.308467741935484
50,9220,arousal,4.0,4.308467741935484,4.080645161290323,-0.08064516129032295,-0.308467741935484
50,Lake_12,arousal,3.0,4.308467741935484,2.903225806451613,0.09677419354838701,-1.308467741935484
50,2314,arousal,5.0,4.308467741935484,3.4516129032258065,1.5483870967741935,0.691532258064516
50,1750,arousal,1.0,4.308467741935484,3.1451612903225805,-2.1451612903225805,-3.308467741935484
50,8492,arousal,7.0,4.308467741935484,5.935483870967742,1.064516129032258,2.691532258064516
50,1441,arousal,4.0,4.308467741935484,2.564516129032258,1.435483870967742,-0.308467741935484
50,Flowers_6,arousal,2.0,4.308467741935484,2.9516129032258065,-0.9516129032258065,-2.308467741935484
50,Yarn_1,arousal,1.0,4.308467741935484,2.2580645161290325,-1.2580645161290325,-3.308467741935484
50,9331,arousal,2.0,4.308467741935484,3.9193548387096775,-1.9193548387096775,-2.308467741935484
50,Beach_1,arousal,2.0,4.308467741935484,2.4193548387096775,-0.4193548387096775,-2.308467741935484
50,2491,arousal,1.0,4.308467741935484,3.2096774193548385,-2.2096774193548385,-3.308467741935484
50,9360,arousal,2.0,4.308467741935484,3.870967741935484,-1.870967741935484,-2.308467741935484
50,Lake_3,arousal,1.0,4.308467741935484,2.306451612903226,-1.306451612903226,-3.308467741935484
50,3170,arousal,9.0,4.308467741935484,6.564516129032258,2.435483870967742,4.691532258064516
50,8080,arousal,5.0,4.308467741935484,4.806451612903226,0.19354838709677402,0.691532258064516
50,Snow_1,arousal,2.0,4.308467741935484,2.806451612903226,-0.806451612903226,-2.308467741935484
50,4220,arousal,6.0,4.308467741935484,4.419354838709677,1.580645161290323,1.691532258064516
50,5760,arousal,1.0,4.308467741935484,2.4516129032258065,-1.4516129032258065,-3.308467741935484
50,3063,arousal,8.0,4.308467741935484,7.048387096774194,0.951612903225806,3.691532258064516
50,3080,arousal,7.0,4.308467741935484,6.82258064516129,0.17741935483870996,2.691532258064516
52,Dummy_1,arousal,4.0,4.299899193548387,6.612903225806452,-2.612903225806452,-0.299899193548387
52,3053,arousal,6.0,4.299899193548387,7.048387096774194,-1.048387096774194,1.700100806451613
52,Tumor_1,arousal,9.0,4.299899193548387,6.887096774193548,2.112903225806452,4.700100806451613
52,Dog_18,arousal,5.0,4.299899193548387,3.564516129032258,1.435483870967742,0.700100806451613
52,Miserable_pose_3,arousal,7.0,4.299899193548387,6.306451612903226,0.693548387096774,2.700100806451613
52,Pinecone_1,arousal,3.0,4.299899193548387,2.3548387096774195,0.6451612903225805,-1.299899193548387
52,Garbage_dump_6,arousal,5.0,4.299899193548387,4.209677419354839,0.790322580645161,0.700100806451613
52,Depressed_pose_4,arousal,1.0,4.299899193548387,3.629032258064516,-2.629032258064516,-3.299899193548387
52,Angry_face_1,arousal,6.0,4.299899193548387,4.161290322580645,1.838709677419355,1.700100806451613
52,Dog_26,arousal,7.0,4.299899193548387,6.193548387096774,0.806451612903226,2.700100806451613
52,8370,arousal,7.0,4.299899193548387,5.629032258064516,1.370967741935484,2.700100806451613
52,Dog_6,arousal,3.0,4.299899193548387,3.3548387096774195,-0.3548387096774195,-1.299899193548387
52,9220,arousal,3.0,4.299899193548387,4.096774193548387,-1.096774193548387,-1.299899193548387
52,Lake_12,arousal,6.0,4.299899193548387,2.8548387096774195,3.1451612903225805,1.700100806451613
52,2314,arousal,7.0,4.299899193548387,3.4193548387096775,3.5806451612903225,2.700100806451613
52,1750,arousal,5.0,4.299899193548387,3.0806451612903225,1.9193548387096775,0.700100806451613
52,8492,arousal,2.0,4.299899193548387,6.016129032258065,-4.016129032258065,-2.299899193548387
52,1441,arousal,4.0,4.299899193548387,2.564516129032258,1.435483870967742,-0.299899193548387
52,Flowers_6,arousal,1.0,4.299899193548387,2.967741935483871,-1.967741935483871,-3.299899193548387
52,Yarn_1,arousal,1.0,4.299899193548387,2.2580645161290325,-1.2580645161290325,-3.299899193548387
52,9331,arousal,7.0,4.299899193548387,3.838709677419355,3.161290322580645,2.700100806451613
52,Beach_1,arousal,3.0,4.299899193548387,2.403225806451613,0.596774193548387,-1.299899193548387
52,2491,arousal,4.0,4.299899193548387,3.161290322580645,0.838709677419355,-0.299899193548387
52,9360,arousal,6.0,4.299899193548387,3.806451612903226,2.193548387096774,1.700100806451613
52,Lake_3,arousal,2.0,4.299899193548387,2.2903225806451615,-0.2903225806451615,-2.299899193548387
52,3170,arousal,8.0,4.299899193548387,6.580645161290323,1.419354838709677,3.700100806451613
52,8080,arousal,4.0,4.299899193548387,4.82258064516129,-0.82258064516129,-0.299899193548387
52,Snow_1,arousal,7.0,4.299899193548387,2.725806451612903,4.274193548387097,2.700100806451613
52,4220,arousal,6.0,4.299899193548387,4.419354838709677,1.580645161290323,1.700100806451613
52,5760,arousal,4.0,4.299899193548387,2.403225806451613,1.596774193548387,-0.299899193548387
52,3063,arousal,7.0,4.299899193548387,7.064516129032258,-0.06451612903225801,2.700100806451613
52,3080,arousal,4.0,4.299899193548387,6.870967741935484,-2.870967741935484,-0.299899193548387
53,Dummy_1,arousal,7.0,4.313508064516129,6.564516129032258,0.435483870967742,2.686491935483871
53,3053,arousal,7.0,4.313508064516129,7.032258064516129,-0.032258064516129004,2.686491935483871
53,Tumor_1,arousal,7.0,4.313508064516129,6.919354838709677,0.08064516129032295,2.686491935483871
53,Dog_18,arousal,3.0,4.313508064516129,3.596774193548387,-0.596774193548387,-1.313508064516129
53,Miserable_pose_3,arousal,7.0,4.313508064516129,6.306451612903226,0.693548387096774,2.686491935483871
53,Pinecone_1,arousal,1.0,4.313508064516129,2.3870967741935485,-1.3870967741935485,-3.313508064516129
53,Garbage_dump_6,arousal,3.0,4.313508064516129,4.241935483870968,-1.241935483870968,-1.313508064516129
53,Depressed_pose_4,arousal,5.0,4.313508064516129,3.564516129032258,1.435483870967742,0.686491935483871
53,Angry_face_1,arousal,5.0,4.313508064516129,4.17741935483871,0.82258064516129,0.686491935483871
53,Dog_26,arousal,6.0,4.313508064516129,6.209677419354839,-0.20967741935483897,1.686491935483871
53,8370,arousal,5.0,4.313508064516129,5.661290322580645,-0.661290322580645,0.686491935483871
53,Dog_6,arousal,1.0,4.313508064516129,3.3870967741935485,-2.3870967741935485,-3.313508064516129
53,9220,arousal,2.0,4.313508064516129,4.112903225806452,-2.112903225806452,-2.313508064516129
53,Lake_12,arousal,3.0,4.313508064516129,2.903225806451613,0.09677419354838701,-1.313508064516129
53,2314,arousal,2.0,4.313508064516129,3.5,-1.5,-2.313508064516129
53,1750,arousal,1.0,4.313508064516129,3.1451612903225805,-2.1451612903225805,-3.313508064516129
53,8492,arousal,6.0,4.313508064516129,5.951612903225806,0.04838709677419395,1.686491935483871
53,1441,arousal,2.0,4.313508064516129,2.596774193548387,-0.596774193548387,-2.313508064516129
53,Flowers_6,arousal,2.0,4.313508064516129,2.9516129032258065,-0.9516129032258065,-2.313508064516129
53,Yarn_1,arousal,1.0,4.313508064516129,2.2580645161290325,-1.2580645161290325,-3.313508064516129
53,9331,arousal,4.0,4.313508064516129,3.8870967741935485,0.11290322580645151,-0.313508064516129
53,Beach_1,arousal,4.0,4.313508064516129,2.3870967741935485,1.6129032258064515,-0.313508064516129
53,2491,arousal,3.0,4.313508064516129,3.1774193548387095,-0.17741935483870952,-1.313508064516129
53,9360,arousal,5.0,4.313508064516129,3.8225806451612905,1.1774193548387095,0.686491935483871
53,Lake_3,arousal,1.0,4.313508064516129,2.306451612903226,-1.306451612903226,-3.313508064516129
53,3170,arousal,7.0,4.313508064516129,6.596774193548387,0.403225806451613,2.686491935483871
53,8080,arousal,6.0,4.313508064516129,4.790322580645161,1.209677419354839,1.686491935483871
53,Snow_1,arousal,1.0,4.313508064516129,2.8225806451612905,-1.8225806451612905,-3.313508064516129
53,4220,arousal,5.0,4.313508064516129,4.435483870967742,0.564516129032258,0.686491935483871
53,5760,arousal,2.0,4.313508064516129,2.435483870967742,-0.435483870967742,-2.313508064516129
53,3063,arousal,6.0,4.313508064516129,7.080645161290323,-1.080645161290323,1.686491935483871
53,3080,arousal,7.0,4.313508064516129,6.82258064516129,0.17741935483870996,2.686491935483871
54,Dummy_1,arousal,5.0,4.305947580645161,6.596774193548387,-1.596774193548387,0.694052419354839
54,3053,arousal,7.0,4.305947580645161,7.032258064516129,-0.032258064516129004,2.694052419354839
54,Tumor_1,arousal,5.0,4.305947580645161,6.951612903225806,-1.951612903225806,0.694052419354839
54,Dog_18,arousal,2.0,4.305947580645161,3.6129032258064515,-1.6129032258064515,-2.305947580645161
54,Miserable_pose_3,arousal,6.0,4.305947580645161,6.32258064516129,-0.32258064516129004,1.694052419354839
54,Pinecone_1,arousal,1.0,4.305947580645161,2.3870967741935485,-1.3870967741935485,-3.305947580645161
54,Garbage_dump_6,arousal,7.0,4.305947580645161,4.17741935483871,2.82258064516129,2.694052419354839
54,Depressed_pose_4,arousal,6.0,4.305947580645161,3.5483870967741935,2.4516129032258065,1.694052419354839
54,Angry_face_1,arousal,5.0,4.305947580645161,4.17741935483871,0.82258064516129,0.694052419354839
54,Dog_26,arousal,7.0,4.305947580645161,6.193548387096774,0.806451612903226,2.694052419354839
54,8370,arousal,6.0,4.305947580645161,5.645161290322581,0.35483870967741904,1.694052419354839
54,Dog_6,arousal,1.0,4.305947580645161,3.3870967741935485,-2.3870967741935485,-3.305947580645161
54,9220,arousal,5.0,4.305947580645161,4.064516129032258,0.935483870967742,0.694052419354839
54,Lake_12,arousal,2.0,4.305947580645161,2.9193548387096775,-0.9193548387096775,-2.305947580645161
54,2314,arousal,4.0,4.305947580645161,3.467741935483871,0.532258064516129,-0.30594758064516103
54,1750,arousal,2.0,4.305947580645161,3.129032258064516,-1.129032258064516,-2.305947580645161
54,8492,arousal,8.0,4.305947580645161,5.919354838709677,2.080645161290323,3.694052419354839
54,1441,arousal,1.0,4.305947580645161,2.6129032258064515,-1.6129032258064515,-3.305947580645161
54,Flowers_6,arousal,2.0,4.305947580645161,2.9516129032258065,-0.9516129032258065,-2.305947580645161
54,Yarn_1,arousal,5.0,4.305947580645161,2.193548387096774,2.806451612903226,0.694052419354839
54,9331,arousal,5.0,4.305947580645161,3.870967741935484,1.129032258064516,0.694052419354839
54,Beach_1,arousal,1.0,4.305947580645161,2.435483870967742,-1.435483870967742,-3.305947580645161
54,2491,arousal,3.0,4.305947580645161,3.1774193548387095,-0.17741935483870952,-1.305947580645161
54,9360,arousal,6.0,4.305947580645161,3.806451612903226,2.193548387096774,1.694052419354839
54,Lake_3,arousal,3.0,4.305947580645161,2.274193548387097,0.725806451612903,-1.305947580645161
54,3170,arousal,6.0,4.305947580645161,6.612903225806452,-0.612903225806452,1.694052419354839
54,8080,arousal,8.0,4.305947580645161,4.758064516129032,3.241935483870968,3.694052419354839
54,Snow_1,arousal,5.0,4.305947580645161,2.7580645161290325,2.2419354838709675,0.694052419354839
54,4220,arousal,7.0,4.305947580645161,4.403225806451613,2.596774193548387,2.694052419354839
54,5760,arousal,1.0,4.305947580645161,2.4516129032258065,-1.4516129032258065,-3.305947580645161
54,3063,arousal,5.0,4.305947580645161,7.096774193548387,-2.096774193548387,0.694052419354839
54,3080,arousal,5.0,4.305947580645161,6.854838709677419,-1.854838709677419,0.694052419354839
55,Dummy_1,arousal,5.0,4.34375,6.596774193548387,-1.596774193548387,0.65625
55,3053,arousal,5.0,4.34375,7.064516129032258,-2.064516129032258,0.65625
55,Tumor_1,arousal,2.0,4.34375,7.0,-5.0,-2.34375
55,Dog_18,arousal,1.0,4.34375,3.629032258064516,-2.629032258064516,-3.34375
55,Miserable_pose_3,arousal,3.0,4.34375,6.370967741935484,-3.370967741935484,-1.34375
55,Pinecone_1,arousal,1.0,4.34375,2.3870967741935485,-1.3870967741935485,-3.34375
55,Garbage_dump_6,arousal,2.0,4.34375,4.258064516129032,-2.258064516129032,-2.34375
55,Depressed_pose_4,arousal,2.0,4.34375,3.6129032258064515,-1.6129032258064515,-2.34375
55,Angry_face_1,arousal,1.0,4.34375,4.241935483870968,-3.241935483870968,-3.34375
55,Dog_26,arousal,3.0,4.34375,6.258064516129032,-3.258064516129032,-1.34375
55,8370,arousal,3.0,4.34375,5.693548387096774,-2.693548387096774,-1.34375
55,Dog_6,arousal,1.0,4.34375,3.3870967741935485,-2.3870967741935485,-3.34375
55,9220,arousal,2.0,4.34375,4.112903225806452,-2.112903225806452,-2.34375
55,Lake_12,arousal,1.0,4.34375,2.935483870967742,-1.935483870967742,-3.34375
55,2314,arousal,1.0,4.34375,3.5161290322580645,-2.5161290322580645,-3.34375
55,1750,arousal,1.0,4.34375,3.1451612903225805,-2.1451612903225805,-3.34375
55,8492,arousal,3.0,4.34375,6.0,-3.0,-1.34375
55,1441,arousal,2.0,4.34375,2.596774193548387,-0.596774193548387,-2.34375
55,Flowers_6,arousal,1.0,4.34375,2.967741935483871,-1.967741935483871,-3.34375
55,Yarn_1,arousal,1.0,4.34375,2.2580645161290325,-1.2580645161290325,-3.34375
55,9331,arousal,1.0,4.34375,3.935483870967742,-2.935483870967742,-3.34375
55,Beach_1,arousal,2.0,4.34375,2.4193548387096775,-0.4193548387096775,-2.34375
55,2491,arousal,1.0,4.34375,3.2096774193548385,-2.2096774193548385,-3.34375
55,9360,arousal,2.0,4.34375,3.870967741935484,-1.870967741935484,-2.34375
55,Lake_3,arousal,1.0,4.34375,2.306451612903226,-1.306451612903226,-3.34375
55,3170,arousal,3.0,4.34375,6.661290322580645,-3.661290322580645,-1.34375
55,8080,arousal,2.0,4.34375,4.854838709677419,-2.854838709677419,-2.34375
55,Snow_1,arousal,2.0,4.34375,2.806451612903226,-0.806451612903226,-2.34375
55,4220,arousal,1.0,4.34375,4.5,-3.5,-3.34375
55,5760,arousal,2.0,4.34375,2.435483870967742,-0.435483870967742,-2.34375
55,3063,arousal,5.0,4.34375,7.096774193548387,-2.096774193548387,0.65625
55,3080,arousal,4.0,4.34375,6.870967741935484,-2.870967741935484,-0.34375
56,Dummy_1,arousal,8.0,4.299395161290323,6.548387096774194,1.451612903225806,3.700604838709677
56,3053,arousal,9.0,4.299395161290323,7.0,2.0,4.700604838709677
56,Tumor_1,arousal,7.0,4.299395161290323,6.919354838709677,0.08064516129032295,2.700604838709677
56,Dog_18,arousal,5.0,4.299395161290323,3.564516129032258,1.435483870967742,0.700604838709677
56,Miserable_pose_3,arousal,6.0,4.299395161290323,6.32258064516129,-0.32258064516129004,1.700604838709677
56,Pinecone_1,arousal,2.0,4.299395161290323,2.370967741935484,-0.370967741935484,-2.299395161290323
56,Garbage_dump_6,arousal,4.0,4.299395161290323,4.225806451612903,-0.22580645161290303,-0.29939516129032295
56,Depressed_pose_4,arousal,6.0,4.299395161290323,3.5483870967741935,2.4516129032258065,1.700604838709677
56,Angry_face_1,arousal,3.0,4.299395161290323,4.209677419354839,-1.209677419354839,-1.299395161290323
56,Dog_26,arousal,7.0,4.299395161290323,6.193548387096774,0.806451612903226,2.700604838709677
56,8370,arousal,8.0,4.299395161290323,5.612903225806452,2.387096774193548,3.700604838709677
56,Dog_6,arousal,2.0,4.299395161290323,3.370967741935484,-1.370967741935484,-2.299395161290323
56,9220,arousal,4.0,4.299395161290323,4.080645161290323,-0.08064516129032295,-0.29939516129032295
56,Lake_12,arousal,1.0,4.299395161290323,2.935483870967742,-1.935483870967742,-3.299395161290323
56,2314,arousal,2.0,4.299395161290323,3.5,-1.5,-2.299395161290323
56,1750,arousal,3.0,4.299395161290323,3.1129032258064515,-0.11290322580645151,-1.299395161290323
56,8492,arousal,8.0,4.299395161290323,5.919354838709677,2.080645161290323,3.700604838709677
56,1441,arousal,4.0,4.299395161290323,2.564516129032258,1.435483870967742,-0.29939516129032295
56,Flowers_6,arousal,5.0,4.299395161290323,2.903225806451613,2.096774193548387,0.700604838709677
56,Yarn_1,arousal,2.0,4.299395161290323,2.2419354838709675,-0.24193548387096753,-2.299395161290323
56,9331,arousal,6.0,4.299395161290323,3.8548387096774195,2.1451612903225805,1.700604838709677
56,Beach_1,arousal,4.0,4.299395161290323,2.3870967741935485,1.6129032258064515,-0.29939516129032295
56,2491,arousal,2.0,4.299395161290323,3.193548387096774,-1.193548387096774,-2.299395161290323
56,9360,arousal,3.0,4.299395161290323,3.8548387096774195,-0.8548387096774195,-1.299395161290323
56,Lake_3,arousal,2.0,4.299395161290323,2.2903225806451615,-0.2903225806451615,-2.299395161290323
56,3170,arousal,8.0,4.299395161290323,6.580645161290323,1.419354838709677,3.700604838709677
56,8080,arousal,6.0,4.299395161290323,4.790322580645161,1.209677419354839,1.700604838709677
56,Snow_1,arousal,2.0,4.299395161290323,2.806451612903226,-0.806451612903226,-2.299395161290323
56,4220,arousal,7.0,4.299395161290323,4.403225806451613,2.596774193548387,2.700604838709677
56,5760,arousal,2.0,4.299395161290323,2.435483870967742,-0.435483870967742,-2.299395161290323
56,3063,arousal,8.0,4.299395161290323,7.048387096774194,0.951612903225806,3.700604838709677
56,3080,arousal,9.0,4.299395161290323,6.790322580645161,2.209677419354839,4.700604838709677
57,Dummy_1,arousal,4.0,4.306451612903226,6.612903225806452,-2.612903225806452,-0.306451612903226
57,3053,arousal,5.0,4.306451612903226,7.064516129032258,-2.064516129032258,0.693548387096774
57,Tumor_1,arousal,5.0,4.306451612903226,6.951612903225806,-1.951612903225806,0.693548387096774
57,Dog_18,arousal,8.0,4.306451612903226,3.5161290322580645,4.483870967741936,3.693548387096774
57,Miserable_pose_3,arousal,4.0,4.306451612903226,6.354838709677419,-2.354838709677419,-0.306451612903226
57,Pinecone_1,arousal,1.0,4.306451612903226,2.3870967741935485,-1.3870967741935485,-3.306451612903226
57,Garbage_dump_6,arousal,3.0,4.306451612903226,4.241935483870968,-1.241935483870968,-1.306451612903226
57,Depressed_pose_4,arousal,5.0,4.306451612903226,3.564516129032258,1.435483870967742,0.693548387096774
57,Angry_face_1,arousal,5.0,4.306451612903226,4.17741935483871,0.82258064516129,0.693548387096774
57,Dog_26,arousal,5.0,4.306451612903226,6.225806451612903,-1.225806451612903,0.693548387096774
57,8370,arousal,8.0,4.306451612903226,5.612903225806452,2.387096774193548,3.693548387096774
57,Dog_6,arousal,8.0,4.306451612903226,3.274193548387097,4.725806451612903,3.693548387096774
57,9220,arousal,1.0,4.306451612903226,4.129032258064516,-3.129032258064516,-3.306451612903226
57,Lake_12,arousal,7.0,4.306451612903226,2.838709677419355,4.161290322580645,2.693548387096774
57,2314,arousal,4.0,4.306451612903226,3.467741935483871,0.532258064516129,-0.306451612903226
57,1750,arousal,1.0,4.306451612903226,3.1451612903225805,-2.1451612903225805,-3.306451612903226
57,8492,arousal,8.0,4.306451612903226,5.919354838709677,2.080645161290323,3.693548387096774
57,1441,arousal,2.0,4.306451612903226,2.596774193548387,-0.596774193548387,-2.306451612903226
57,Flowers_6,arousal,6.0,4.306451612903226,2.8870967741935485,3.1129032258064515,1.693548387096774
57,Yarn_1,arousal,2.0,4.306451612903226,2.2419354838709675,-0.24193548387096753,-2.306451612903226
57,9331,arousal,3.0,4.306451612903226,3.903225806451613,-0.903225806451613,-1.306451612903226
57,Beach_1,arousal,1.0,4.306451612903226,2.435483870967742,-1.435483870967742,-3.306451612903226
57,2491,arousal,5.0,4.306451612903226,3.1451612903225805,1.8548387096774195,0.693548387096774
57,9360,arousal,5.0,4.306451612903226,3.8225806451612905,1.1774193548387095,0.693548387096774
57,Lake_3,arousal,1.0,4.306451612903226,2.306451612903226,-1.306451612903226,-3.306451612903226
57,3170,arousal,5.0,4.306451612903226,6.629032258064516,-1.629032258064516,0.693548387096774
57,8080,arousal,6.0,4.306451612903226,4.790322580645161,1.209677419354839,1.693548387096774
57,Snow_1,arousal,4.0,4.306451612903226,2.774193548387097,1.225806451612903,-0.306451612903226
57,4220,arousal,4.0,4.306451612903226,4.451612903225806,-0.45161290322580605,-0.306451612903226
57,5760,arousal,4.0,4.306451612903226,2.403225806451613,1.596774193548387,-0.306451612903226
57,3063,arousal,4.0,4.306451612903226,7.112903225806452,-3.112903225806452,-0.306451612903226
57,3080,arousal,7.0,4.306451612903226,6.82258064516129,0.17741935483870996,2.693548387096774
58,Dummy_1,arousal,6.0,4.325604838709677,6.580645161290323,-0.580645161290323,1.674395161290323
58,3053,arousal,8.0,4.325604838709677,7.016129032258065,0.983870967741935,3.674395161290323
58,Tumor_1,arousal,8.0,4.325604838709677,6.903225806451613,1.096774193548387,3.674395161290323
58,Dog_18,arousal,1.0,4.325604838709677,3.629032258064516,-2.629032258064516,-3.325604838709677
58,Miserable_pose_3,arousal,6.0,4.325604838709677,6.32258064516129,-0.32258064516129004,1.674395161290323
58,Pinecone_1,arousal,1.0,4.325604838709677,2.3870967741935485,-1.3870967741935485,-3.325604838709677
58,Garbage_dump_6,arousal,4.0,4.325604838709677,4.225806451612903,-0.22580645161290303,-0.32560483870967705
58,Depressed_pose_4,arousal,3.0,4.325604838709677,3.596774193548387,-0.596774193548387,-1.325604838709677
58,Angry_face_1,arousal,4.0,4.325604838709677,4.193548387096774,-0.19354838709677402,-0.32560483870967705
58,Dog_26,arousal,5.0,4.325604838709677,6.225806451612903,-1.225806451612903,0.674395161290323
58,8370,arousal,3.0,4.325604838709677,5.693548387096774,-2.693548387096774,-1.325604838709677
58,Dog_6,arousal,3.0,4.325604838709677,3.3548387096774195,-0.3548387096774195,-1.325604838709677
58,9220,arousal,3.0,4.325604838709677,4.096774193548387,-1.096774193548387,-1.325604838709677
58,Lake_12,arousal,1.0,4.325604838709677,2.935483870967742,-1.935483870967742,-3.325604838709677
58,2314,arousal,2.0,4.325604838709677,3.5,-1.5,-2.325604838709677
58,1750,arousal,4.0,4.325604838709677,3.096774193548387,0.903225806451613,-0.32560483870967705
58,8492,arousal,6.0,4.325604838709677,5.951612903225806,0.04838709677419395,1.674395161290323
58,1441,arousal,1.0,4.325604838709677,2.6129032258064515,-1.6129032258064515,-3.325604838709677
58,Flowers_6,arousal,1.0,4.325604838709677,2.967741935483871,-1.967741935483871,-3.325604838709677
58,Yarn_1,arousal,1.0,4.325604838709677,2.2580645161290325,-1.2580645161290325,-3.325604838709677
58,9331,arousal,2.0,4.325604838709677,3.9193548387096775,-1.9193548387096775,-2.325604838709677
58,Beach_1,arousal,1.0,4.325604838709677,2.435483870967742,-1.435483870967742,-3.325604838709677
58,2491,arousal,2.0,4.325604838709677,3.193548387096774,-1.193548387096774,-2.325604838709677
58,9360,arousal,1.0,4.325604838709677,3.8870967741935485,-2.8870967741935485,-3.325604838709677
58,Lake_3,arousal,1.0,4.325604838709677,2.306451612903226,-1.306451612903226,-3.325604838709677
58,3170,arousal,6.0,4.325604838709677,6.612903225806452,-0.612903225806452,1.674395161290323
58,8080,arousal,2.0,4.325604838709677,4.854838709677419,-2.854838709677419,-2.325604838709677
58,Snow_1,arousal,1.0,4.325604838709677,2.8225806451612905,-1.8225806451612905,-3.325604838709677
58,4220,arousal,1.0,4.325604838709677,4.5,-3.5,-3.325604838709677
58,5760,arousal,1.0,4.325604838709677,2.4516129032258065,-1.4516129032258065,-3.325604838709677
58,3063,arousal,7.0,4.325604838709677,7.064516129032258,-0.06451612903225801,2.674395161290323
58,3080,arousal,7.0,4.325604838709677,6.82258064516129,0.17741935483870996,2.674395161290323
59,Dummy_1,arousal,6.0,4.288306451612903,6.580645161290323,-0.580645161290323,1.711693548387097
59,3053,arousal,7.0,4.288306451612903,7.032258064516129,-0.032258064516129004,2.711693548387097
59,Tumor_1,arousal,7.0,4.288306451612903,6.919354838709677,0.08064516129032295,2.711693548387097
59,Dog_18,arousal,8.0,4.288306451612903,3.5161290322580645,4.483870967741936,3.711693548387097
59,Miserable_pose_3,arousal,7.0,4.288306451612903,6.306451612903226,0.693548387096774,2.711693548387097
59,Pinecone_1,arousal,4.0,4.288306451612903,2.338709677419355,1.661290322580645,-0.288306451612903
59,Garbage_dump_6,arousal,5.0,4.288306451612903,4.209677419354839,0.790322580645161,0.711693548387097
59,Depressed_pose_4,arousal,6.0,4.288306451612903,3.5483870967741935,2.4516129032258065,1.711693548387097
59,Angry_face_1,arousal,8.0,4.288306451612903,4.129032258064516,3.870967741935484,3.711693548387097
59,Dog_26,arousal,6.0,4.288306451612903,6.209677419354839,-0.20967741935483897,1.711693548387097
59,8370,arousal,8.0,4.288306451612903,5.612903225806452,2.387096774193548,3.711693548387097
59,Dog_6,arousal,8.0,4.288306451612903,3.274193548387097,4.725806451612903,3.711693548387097
59,9220,arousal,5.0,4.288306451612903,4.064516129032258,0.935483870967742,0.711693548387097
59,Lake_12,arousal,2.0,4.288306451612903,2.9193548387096775,-0.9193548387096775,-2.288306451612903
59,2314,arousal,7.0,4.288306451612903,3.4193548387096775,3.5806451612903225,2.711693548387097
59,1750,arousal,6.0,4.288306451612903,3.064516129032258,2.935483870967742,1.711693548387097
59,8492,arousal,8.0,4.288306451612903,5.919354838709677,2.080645161290323,3.711693548387097
59,1441,arousal,2.0,4.288306451612903,2.596774193548387,-0.596774193548387,-2.288306451612903
59,Flowers_6,arousal,5.0,4.288306451612903,2.903225806451613,2.096774193548387,0.711693548387097
59,Yarn_1,arousal,2.0,4.288306451612903,2.2419354838709675,-0.24193548387096753,-2.288306451612903
59,9331,arousal,6.0,4.288306451612903,3.8548387096774195,2.1451612903225805,1.711693548387097
59,Beach_1,arousal,2.0,4.288306451612903,2.4193548387096775,-0.4193548387096775,-2.288306451612903
59,2491,arousal,7.0,4.288306451612903,3.1129032258064515,3.8870967741935485,2.711693548387097
59,9360,arousal,3.0,4.288306451612903,3.8548387096774195,-0.8548387096774195,-1.288306451612903
59,Lake_3,arousal,2.0,4.288306451612903,2.2903225806451615,-0.2903225806451615,-2.288306451612903
59,3170,arousal,8.0,4.288306451612903,6.580645161290323,1.419354838709677,3.711693548387097
59,8080,arousal,7.0,4.288306451612903,4.774193548387097,2.225806451612903,2.711693548387097
59,Snow_1,arousal,2.0,4.288306451612903,2.806451612903226,-0.806451612903226,-2.288306451612903
59,4220,arousal,5.0,4.288306451612903,4.435483870967742,0.564516129032258,0.711693548387097
59,5760,arousal,3.0,4.288306451612903,2.4193548387096775,0.5806451612903225,-1.288306451612903
59,3063,arousal,8.0,4.288306451612903,7.048387096774194,0.951612903225806,3.711693548387097
59,3080,arousal,7.0,4.288306451612903,6.82258064516129,0.17741935483870996,2.711693548387097
60,Dummy_1,arousal,9.0,4.288306451612903,6.532258064516129,2.467741935483871,4.711693548387097
60,3053,arousal,9.0,4.288306451612903,7.0,2.0,4.711693548387097
60,Tumor_1,arousal,9.0,4.288306451612903,6.887096774193548,2.112903225806452,4.711693548387097
60,Dog_18,arousal,2.0,4.288306451612903,3.6129032258064515,-1.6129032258064515,-2.288306451612903
60,Miserable_pose_3,arousal,9.0,4.288306451612903,6.274193548387097,2.725806451612903,4.711693548387097
60,Pinecone_1,arousal,1.0,4.288306451612903,2.3870967741935485,-1.3870967741935485,-3.288306451612903
60,Garbage_dump_6,arousal,5.0,4.288306451612903,4.209677419354839,0.790322580645161,0.711693548387097
60,Depressed_pose_4,arousal,5.0,4.288306451612903,3.564516129032258,1.435483870967742,0.711693548387097
60,Angry_face_1,arousal,7.0,4.288306451612903,4.145161290322581,2.854838709677419,2.711693548387097
60,Dog_26,arousal,9.0,4.288306451612903,6.161290322580645,2.838709677419355,4.711693548387097
60,8370,arousal,8.0,4.288306451612903,5.612903225806452,2.387096774193548,3.711693548387097
60,Dog_6,arousal,2.0,4.288306451612903,3.370967741935484,-1.370967741935484,-2.288306451612903
60,9220,arousal,8.0,4.288306451612903,4.016129032258065,3.983870967741935,3.711693548387097
60,Lake_12,arousal,8.0,4.288306451612903,2.8225806451612905,5.17741935483871,3.711693548387097
60,2314,arousal,6.0,4.288306451612903,3.435483870967742,2.564516129032258,1.711693548387097
60,1750,arousal,1.0,4.288306451612903,3.1451612903225805,-2.1451612903225805,-3.288306451612903
60,8492,arousal,9.0,4.288306451612903,5.903225806451613,3.096774193548387,4.711693548387097
60,1441,arousal,2.0,4.288306451612903,2.596774193548387,-0.596774193548387,-2.288306451612903
60,Flowers_6,arousal,3.0,4.288306451612903,2.935483870967742,0.06451612903225801,-1.288306451612903
60,Yarn_1,arousal,1.0,4.288306451612903,2.2580645161290325,-1.2580645161290325,-3.288306451612903
60,9331,arousal,7.0,4.288306451612903,3.838709677419355,3.161290322580645,2.711693548387097
60,Beach_1,arousal,2.0,4.288306451612903,2.4193548387096775,-0.4193548387096775,-2.288306451612903
60,2491,arousal,2.0,4.288306451612903,3.193548387096774,-1.193548387096774,-2.288306451612903
60,9360,arousal,9.0,4.288306451612903,3.7580645161290325,5.241935483870968,4.711693548387097
60,Lake_3,arousal,2.0,4.288306451612903,2.2903225806451615,-0.2903225806451615,-2.288306451612903
60,3170,arousal,8.0,4.288306451612903,6.580645161290323,1.419354838709677,3.711693548387097
60,8080,arousal,8.0,4.288306451612903,4.758064516129032,3.241935483870968,3.711693548387097
60,Snow_1,arousal,1.0,4.288306451612903,2.8225806451612905,-1.8225806451612905,-3.288306451612903
60,4220,arousal,6.0,4.288306451612903,4.419354838709677,1.580645161290323,1.711693548387097
60,5760,arousal,1.0,4.288306451612903,2.4516129032258065,-1.4516129032258065,-3.288306451612903
60,3063,arousal,9.0,4.288306451612903,7.032258064516129,1.967741935483871,4.711693548387097
60,3080,arousal,9.0,4.288306451612903,6.790322580645161,2.209677419354839,4.711693548387097
61,Dummy_1,arousal,7.0,4.322076612903226,6.564516129032258,0.435483870967742,2.677923387096774
61,3053,arousal,9.0,4.322076612903226,7.0,2.0,4.677923387096774
61,Tumor_1,arousal,9.0,4.322076612903226,6.887096774193548,2.112903225806452,4.677923387096774
61,Dog_18,arousal,1.0,4.322076612903226,3.629032258064516,-2.629032258064516,-3.322076612903226
61,Miserable_pose_3,arousal,6.0,4.322076612903226,6.32258064516129,-0.32258064516129004,1.677923387096774
61,Pinecone_1,arousal,1.0,4.322076612903226,2.3870967741935485,-1.3870967741935485,-3.322076612903226
61,Garbage_dump_6,arousal,4.0,4.322076612903226,4.225806451612903,-0.22580645161290303,-0.322076612903226
61,Depressed_pose_4,arousal,3.0,4.322076612903226,3.596774193548387,-0.596774193548387,-1.322076612903226
61,Angry_face_1,arousal,4.0,4.322076612903226,4.193548387096774,-0.19354838709677402,-0.322076612903226
61,Dog_26,arousal,7.0,4.322076612903226,6.193548387096774,0.806451612903226,2.677923387096774
61,8370,arousal,2.0,4.322076612903226,5.709677419354839,-3.709677419354839,-2.322076612903226
61,Dog_6,arousal,1.0,4.322076612903226,3.3870967741935485,-2.3870967741935485,-3.322076612903226
61,9220,arousal,3.0,4.322076612903226,4.096774193548387,-1.096774193548387,-1.322076612903226
61,Lake_12,arousal,1.0,4.322076612903226,2.935483870967742,-1.935483870967742,-3.322076612903226
61,2314,arousal,1.0,4.322076612903226,3.5161290322580645,-2.5161290322580645,-3.322076612903226
61,1750,arousal,1.0,4.322076612903226,3.1451612903225805,-2.1451612903225805,-3.322076612903226
61,8492,arousal,3.0,4.322076612903226,6.0,-3.0,-1.322076612903226
61,1441,arousal,1.0,4.322076612903226,2.6129032258064515,-1.6129032258064515,-3.322076612903226
61,Flowers_6,arousal,1.0,4.322076612903226,2.967741935483871,-1.967741935483871,-3.322076612903226
61,Yarn_1,arousal,1.0,4.322076612903226,2.2580645161290325,-1.2580645161290325,-3.322076612903226
61,9331,arousal,4.0,4.322076612903226,3.8870967741935485,0.11290322580645151,-0.322076612903226
61,Beach_1,arousal,1.0,4.322076612903226,2.435483870967742,-1.435483870967742,-3.322076612903226
61,2491,arousal,2.0,4.322076612903226,3.193548387096774,-1.193548387096774,-2.322076612903226
61,9360,arousal,2.0,4.322076612903226,3.870967741935484,-1.870967741935484,-2.322076612903226
61,Lake_3,arousal,1.0,4.322076612903226,2.306451612903226,-1.306451612903226,-3.322076612903226
61,3170,arousal,8.0,4.322076612903226,6.580645161290323,1.419354838709677,3.677923387096774
61,8080,arousal,1.0,4.322076612903226,4.870967741935484,-3.870967741935484,-3.322076612903226
61,Snow_1,arousal,1.0,4.322076612903226,2.8225806451612905,-1.8225806451612905,-3.322076612903226
61,4220,arousal,5.0,4.322076612903226,4.435483870967742,0.564516129032258,0.677923387096774
61,5760,arousal,1.0,4.322076612903226,2.4516129032258065,-1.4516129032258065,-3.322076612903226
61,3063,arousal,9.0,4.322076612903226,7.032258064516129,1.967741935483871,4.677923387096774
61,3080,arousal,9.0,4.322076612903226,6.790322580645161,2.209677419354839,4.677923387096774
62,Dummy_1,arousal,8.0,4.314012096774194,6.548387096774194,1.451612903225806,3.685987903225806
62,3053,arousal,8.0,4.314012096774194,7.016129032258065,0.983870967741935,3.685987903225806
62,Tumor_1,arousal,8.0,4.314012096774194,6.903225806451613,1.096774193548387,3.685987903225806
62,Dog_18,arousal,1.0,4.314012096774194,3.629032258064516,-2.629032258064516,-3.314012096774194
62,Miserable_pose_3,arousal,7.0,4.314012096774194,6.306451612903226,0.693548387096774,2.685987903225806
62,Pinecone_1,arousal,1.0,4.314012096774194,2.3870967741935485,-1.3870967741935485,-3.314012096774194
62,Garbage_dump_6,arousal,4.0,4.314012096774194,4.225806451612903,-0.22580645161290303,-0.31401209677419395
62,Depressed_pose_4,arousal,1.0,4.314012096774194,3.629032258064516,-2.629032258064516,-3.314012096774194
62,Angry_face_1,arousal,3.0,4.314012096774194,4.209677419354839,-1.209677419354839,-1.314012096774194
62,Dog_26,arousal,8.0,4.314012096774194,6.17741935483871,1.82258064516129,3.685987903225806
62,8370,arousal,7.0,4.314012096774194,5.629032258064516,1.370967741935484,2.685987903225806
62,Dog_6,arousal,1.0,4.314012096774194,3.3870967741935485,-2.3870967741935485,-3.314012096774194
62,9220,arousal,1.0,4.314012096774194,4.129032258064516,-3.129032258064516,-3.314012096774194
62,Lake_12,arousal,1.0,4.314012096774194,2.935483870967742,-1.935483870967742,-3.314012096774194
62,2314,arousal,3.0,4.314012096774194,3.4838709677419355,-0.4838709677419355,-1.314012096774194
62,1750,arousal,1.0,4.314012096774194,3.1451612903225805,-2.1451612903225805,-3.314012096774194
62,8492,arousal,9.0,4.314012096774194,5.903225806451613,3.096774193548387,4.685987903225806
62,1441,arousal,1.0,4.314012096774194,2.6129032258064515,-1.6129032258064515,-3.314012096774194
62,Flowers_6,arousal,4.0,4.314012096774194,2.9193548387096775,1.0806451612903225,-0.31401209677419395
62,Yarn_1,arousal,1.0,4.314012096774194,2.2580645161290325,-1.2580645161290325,-3.314012096774194
62,9331,arousal,2.0,4.314012096774194,3.9193548387096775,-1.9193548387096775,-2.314012096774194
62,Beach_1,arousal,9.0,4.314012096774194,2.306451612903226,6.693548387096774,4.685987903225806
62,2491,arousal,1.0,4.314012096774194,3.2096774193548385,-2.2096774193548385,-3.314012096774194
62,9360,arousal,3.0,4.314012096774194,3.8548387096774195,-0.8548387096774195,-1.314012096774194
62,Lake_3,arousal,1.0,4.314012096774194,2.306451612903226,-1.306451612903226,-3.314012096774194
62,3170,arousal,8.0,4.314012096774194,6.580645161290323,1.419354838709677,3.685987903225806
62,8080,arousal,2.0,4.314012096774194,4.854838709677419,-2.854838709677419,-2.314012096774194
62,Snow_1,arousal,1.0,4.314012096774194,2.8225806451612905,-1.8225806451612905,-3.314012096774194
62,4220,arousal,4.0,4.314012096774194,4.451612903225806,-0.45161290322580605,-0.31401209677419395
62,5760,arousal,1.0,4.314012096774194,2.4516129032258065,-1.4516129032258065,-3.314012096774194
62,3063,arousal,8.0,4.314012096774194,7.048387096774194,0.951612903225806,3.685987903225806
62,3080,arousal,8.0,4.314012096774194,6.806451612903226,1.193548387096774,3.685987903225806
63,Dummy_1,arousal,4.0,4.3125,6.612903225806452,-2.612903225806452,-0.3125
63,3053,arousal,7.0,4.3125,7.032258064516129,-0.032258064516129004,2.6875
63,Tumor_1,arousal,8.0,4.3125,6.903225806451613,1.096774193548387,3.6875
63,Dog_18,arousal,1.0,4.3125,3.629032258064516,-2.629032258064516,-3.3125
63,Miserable_pose_3,arousal,9.0,4.3125,6.274193548387097,2.725806451612903,4.6875
63,Pinecone_1,arousal,1.0,4.3125,2.3870967741935485,-1.3870967741935485,-3.3125
63,Garbage_dump_6,arousal,5.0,4.3125,4.209677419354839,0.790322580645161,0.6875
63,Depressed_pose_4,arousal,4.0,4.3125,3.5806451612903225,0.4193548387096775,-0.3125
63,Angry_face_1,arousal,3.0,4.3125,4.209677419354839,-1.209677419354839,-1.3125
63,Dog_26,arousal,9.0,4.3125,6.161290322580645,2.838709677419355,4.6875
63,8370,arousal,9.0,4.3125,5.596774193548387,3.403225806451613,4.6875
63,Dog_6,arousal,9.0,4.3125,3.2580645161290325,5.741935483870968,4.6875
63,9220,arousal,7.0,4.3125,4.032258064516129,2.967741935483871,2.6875
63,Lake_12,arousal,1.0,4.3125,2.935483870967742,-1.935483870967742,-3.3125
63,2314,arousal,1.0,4.3125,3.5161290322580645,-2.5161290322580645,-3.3125
63,1750,arousal,1.0,4.3125,3.1451612903225805,-2.1451612903225805,-3.3125
63,8492,arousal,7.0,4.3125,5.935483870967742,1.064516129032258,2.6875
63,1441,arousal,1.0,4.3125,2.6129032258064515,-1.6129032258064515,-3.3125
63,Flowers_6,arousal,2.0,4.3125,2.9516129032258065,-0.9516129032258065,-2.3125
63,Yarn_1,arousal,1.0,4.3125,2.2580645161290325,-1.2580645161290325,-3.3125
63,9331,arousal,1.0,4.3125,3.935483870967742,-2.935483870967742,-3.3125
63,Beach_1,arousal,1.0,4.3125,2.435483870967742,-1.435483870967742,-3.3125
63,2491,arousal,1.0,4.3125,3.2096774193548385,-2.2096774193548385,-3.3125
63,9360,arousal,3.0,4.3125,3.8548387096774195,-0.8548387096774195,-1.3125
63,Lake_3,arousal,1.0,4.3125,2.306451612903226,-1.306451612903226,-3.3125
63,3170,arousal,6.0,4.3125,6.612903225806452,-0.612903225806452,1.6875
63,8080,arousal,4.0,4.3125,4.82258064516129,-0.82258064516129,-0.3125
63,Snow_1,arousal,1.0,4.3125,2.8225806451612905,-1.8225806451612905,-3.3125
63,4220,arousal,1.0,4.3125,4.5,-3.5,-3.3125
63,5760,arousal,2.0,4.3125,2.435483870967742,-0.435483870967742,-2.3125
63,3063,arousal,9.0,4.3125,7.032258064516129,1.967741935483871,4.6875
63,3080,arousal,9.0,4.3125,6.790322580645161,2.209677419354839,4.6875
64,Dummy_1,arousal,8.0,4.305947580645161,6.548387096774194,1.451612903225806,3.694052419354839
64,3053,arousal,8.0,4.305947580645161,7.016129032258065,0.983870967741935,3.694052419354839
64,Tumor_1,arousal,7.0,4.305947580645161,6.919354838709677,0.08064516129032295,2.694052419354839
64,Dog_18,arousal,5.0,4.305947580645161,3.564516129032258,1.435483870967742,0.694052419354839
64,Miserable_pose_3,arousal,8.0,4.305947580645161,6.290322580645161,1.709677419354839,3.694052419354839
64,Pinecone_1,arousal,2.0,4.305947580645161,2.370967741935484,-0.370967741935484,-2.305947580645161
64,Garbage_dump_6,arousal,6.0,4.305947580645161,4.193548387096774,1.806451612903226,1.694052419354839
64,Depressed_pose_4,arousal,2.0,4.305947580645161,3.6129032258064515,-1.6129032258064515,-2.305947580645161
64,Angry_face_1,arousal,3.0,4.305947580645161,4.209677419354839,-1.209677419354839,-1.305947580645161
64,Dog_26,arousal,5.0,4.305947580645161,6.225806451612903,-1.225806451612903,0.694052419354839
64,8370,arousal,6.0,4.305947580645161,5.645161290322581,0.35483870967741904,1.694052419354839
64,Dog_6,arousal,5.0,4.305947580645161,3.3225806451612905,1.6774193548387095,0.694052419354839
64,9220,arousal,3.0,4.305947580645161,4.096774193548387,-1.096774193548387,-1.305947580645161
64,Lake_12,arousal,2.0,4.305947580645161,2.9193548387096775,-0.9193548387096775,-2.305947580645161
64,2314,arousal,5.0,4.305947580645161,3.4516129032258065,1.5483870967741935,0.694052419354839
64,1750,arousal,2.0,4.305947580645161,3.129032258064516,-1.129032258064516,-2.305947580645161
64,8492,arousal,2.0,4.305947580645161,6.016129032258065,-4.016129032258065,-2.305947580645161
64,1441,arousal,6.0,4.305947580645161,2.532258064516129,3.467741935483871,1.694052419354839
64,Flowers_6,arousal,2.0,4.305947580645161,2.9516129032258065,-0.9516129032258065,-2.305947580645161
64,Yarn_1,arousal,1.0,4.305947580645161,2.2580645161290325,-1.2580645161290325,-3.305947580645161
64,9331,arousal,4.0,4.305947580645161,3.8870967741935485,0.11290322580645151,-0.30594758064516103
64,Beach_1,arousal,2.0,4.305947580645161,2.4193548387096775,-0.4193548387096775,-2.305947580645161
64,2491,arousal,2.0,4.305947580645161,3.193548387096774,-1.193548387096774,-2.305947580645161
64,9360,arousal,5.0,4.305947580645161,3.8225806451612905,1.1774193548387095,0.694052419354839
64,Lake_3,arousal,2.0,4.305947580645161,2.2903225806451615,-0.2903225806451615,-2.305947580645161
64,3170,arousal,8.0,4.305947580645161,6.580645161290323,1.419354838709677,3.694052419354839
64,8080,arousal,3.0,4.305947580645161,4.838709677419355,-1.838709677419355,-1.305947580645161
64,Snow_1,arousal,4.0,4.305947580645161,2.774193548387097,1.225806451612903,-0.30594758064516103
64,4220,arousal,6.0,4.305947580645161,4.419354838709677,1.580645161290323,1.694052419354839
64,5760,arousal,2.0,4.305947580645161,2.435483870967742,-0.435483870967742,-2.305947580645161
64,3063,arousal,9.0,4.305947580645161,7.032258064516129,1.967741935483871,4.694052419354839
64,3080,arousal,7.0,4.305947580645161,6.82258064516129,0.17741935483870996,2.694052419354839
65,Dummy_1,arousal,8.0,4.324596774193548,6.548387096774194,1.451612903225806,3.675403225806452
65,3053,arousal,9.0,4.324596774193548,7.0,2.0,4.675403225806452
65,Tumor_1,arousal,9.0,4.324596774193548,6.887096774193548,2.112903225806452,4.675403225806452
65,Dog_18,arousal,1.0,4.324596774193548,3.629032258064516,-2.629032258064516,-3.324596774193548
65,Miserable_pose_3,arousal,8.0,4.324596774193548,6.290322580645161,1.709677419354839,3.675403225806452
65,Pinecone_1,arousal,1.0,4.324596774193548,2.3870967741935485,-1.3870967741935485,-3.324596774193548
65,Garbage_dump_6,arousal,1.0,4.324596774193548,4.274193548387097,-3.274193548387097,-3.324596774193548
65,Depressed_pose_4,arousal,1.0,4.324596774193548,3.629032258064516,-2.629032258064516,-3.324596774193548
65,Angry_face_1,arousal,3.0,4.324596774193548,4.209677419354839,-1.209677419354839,-1.324596774193548
65,Dog_26,arousal,7.0,4.324596774193548,6.193548387096774,0.806451612903226,2.675403225806452
65,8370,arousal,3.0,4.324596774193548,5.693548387096774,-2.693548387096774,-1.324596774193548
65,Dog_6,arousal,1.0,4.324596774193548,3.3870967741935485,-2.3870967741935485,-3.324596774193548
65,9220,arousal,3.0,4.324596774193548,4.096774193548387,-1.096774193548387,-1.324596774193548
65,Lake_12,arousal,1.0,4.324596774193548,2.935483870967742,-1.935483870967742,-3.324596774193548
65,2314,arousal,1.0,4.324596774193548,3.5161290322580645,-2.5161290322580645,-3.324596774193548
65,1750,arousal,1.0,4.324596774193548,3.1451612903225805,-2.1451612903225805,-3.324596774193548
65,8492,arousal,5.0,4.324596774193548,5.967741935483871,-0.967741935483871,0.675403225806452
65,1441,arousal,1.0,4.324596774193548,2.6129032258064515,-1.6129032258064515,-3.324596774193548
65,Flowers_6,arousal,1.0,4.324596774193548,2.967741935483871,-1.967741935483871,-3.324596774193548
65,Yarn_1,arousal,1.0,4.324596774193548,2.2580645161290325,-1.2580645161290325,-3.324596774193548
65,9331,arousal,1.0,4.324596774193548,3.935483870967742,-2.935483870967742,-3.324596774193548
65,Beach_1,arousal,1.0,4.324596774193548,2.435483870967742,-1.435483870967742,-3.324596774193548
65,2491,arousal,1.0,4.324596774193548,3.2096774193548385,-2.2096774193548385,-3.324596774193548
65,9360,arousal,5.0,4.324596774193548,3.8225806451612905,1.1774193548387095,0.675403225806452
65,Lake_3,arousal,1.0,4.324596774193548,2.306451612903226,-1.306451612903226,-3.324596774193548
65,3170,arousal,8.0,4.324596774193548,6.580645161290323,1.419354838709677,3.675403225806452
65,8080,arousal,2.0,4.324596774193548,4.854838709677419,-2.854838709677419,-2.324596774193548
65,Snow_1,arousal,1.0,4.324596774193548,2.8225806451612905,-1.8225806451612905,-3.324596774193548
65,4220,arousal,1.0,4.324596774193548,4.5,-3.5,-3.324596774193548
65,5760,arousal,1.0,4.324596774193548,2.4516129032258065,-1.4516129032258065,-3.324596774193548
65,3063,arousal,9.0,4.324596774193548,7.032258064516129,1.967741935483871,4.675403225806452
65,3080,arousal,8.0,4.324596774193548,6.806451612903226,1.193548387096774,3.675403225806452
