target,block,k_calibration,model,subject_id,n,mae,rmse,pearson,ccc,y_true_std,y_pred_std,locked_subject_rmse,delta_rmse_model_minus_locked
valence,emg_existing_22,4,locked_kernel_residual_shrink4,1,280,1.067995164011206,1.2792462060552776,0.8734854536007431,0.8610773554024489,2.478311534336329,2.3428033192743376,1.2792462060552776,0.0
valence,emg_existing_22,4,physio_residual_ridge100,1,280,1.1110959589481353,1.3317901268871084,0.8774669671688385,0.8559167330799734,2.478311534336329,2.422550738607578,1.2792462060552776,0.05254392083183079
valence,emg_existing_22,4,physio_context_ridge100,1,280,1.231631189584732,1.4093148755867888,0.8722908287867442,0.7846125402751141,2.478311534336329,1.6734151739907004,1.2792462060552776,0.1300686695315112
valence,emg_existing_22,4,physio_residual_ridge1000,1,280,1.0693377903529575,1.2904959453374159,0.8823209349587319,0.8646563874263802,2.478311534336329,2.432801083821404,1.2792462060552776,0.011249739282138238
valence,emg_existing_22,4,physio_context_ridge1000,1,280,1.7897050789424351,2.157679988173591,0.861355011212833,0.2957046565473827,2.478311534336329,0.4578353640060356,1.2792462060552776,0.8784337821183132
valence,emg_existing_22,4,physio_similarity_knn64,1,280,1.057175086225782,1.2616154468323637,0.8870178983101612,0.8693600769132838,2.478311534336329,2.409125890413669,1.2792462060552776,-0.017630759222913905
valence,emg_existing_22,16,locked_kernel_residual_shrink4,1,160,1.0486570447683334,1.2111337006419765,0.8870765376963388,0.8772096043057832,2.546681357669232,2.319302836996762,1.2111337006419765,0.0
valence,emg_existing_22,16,physio_residual_ridge100,1,160,1.074057736247778,1.2854709301953258,0.8970866467897954,0.8740676181551925,2.546681357669232,2.510112210233702,1.2111337006419765,0.07433722955334932
valence,emg_existing_22,16,physio_context_ridge100,1,160,1.223037412762642,1.3806482576138899,0.8924663200395903,0.8050256229655268,2.546681357669232,1.7314175689927676,1.2111337006419765,0.16951455697191342
valence,emg_existing_22,16,physio_residual_ridge1000,1,160,1.025238248705864,1.2391665632167819,0.9014483625571114,0.8830292530884492,2.546681357669232,2.5247114026154343,1.2111337006419765,0.028032862574805417
valence,emg_existing_22,16,physio_context_ridge1000,1,160,1.8421604484319687,2.19176176668529,0.8836513193755076,0.3079288566909893,2.546681357669232,0.474898509785378,1.2111337006419765,0.9806280660433135
valence,emg_existing_22,16,physio_similarity_knn64,1,160,1.008161099255085,1.2076183048895412,0.9057635857114031,0.8876761105812596,2.546681357669232,2.498171859531352,1.2111337006419765,-0.003515395752435202
valence,emg_existing_22,4,locked_kernel_residual_shrink4,2,280,1.1674439653754234,1.52470597424409,0.855611222946793,0.8386227681969632,2.8476628440651797,2.4791428666011184,1.52470597424409,0.0
valence,emg_existing_22,4,physio_residual_ridge100,2,280,1.131532494510923,1.484432448579572,0.8675159096425238,0.8451743743691954,2.8476628440651797,2.4346040656406656,1.52470597424409,-0.04027352566451814
valence,emg_existing_22,4,physio_context_ridge100,2,280,1.385025042295456,1.6738236957252233,0.8655952735660019,0.747573865235886,2.8476628440651797,1.683083939089418,1.52470597424409,0.14911772148113323
valence,emg_existing_22,4,physio_residual_ridge1000,2,280,1.1400999124561038,1.4810632380089916,0.8656751000089534,0.8454177669085415,2.8476628440651797,2.433243142959191,1.52470597424409,-0.0436427362350984
valence,emg_existing_22,4,physio_context_ridge1000,2,280,2.1901256016322543,2.494821659027481,0.8225954033430903,0.2630008253165595,2.8476628440651797,0.4740938030999908,1.52470597424409,0.9701156847833909
valence,emg_existing_22,4,physio_similarity_knn64,2,280,1.1860986322164535,1.5165482925333038,0.8632680029761579,0.8394587046929569,2.8476628440651797,2.4460247919595535,1.52470597424409,-0.008157681710786235
valence,emg_existing_22,16,locked_kernel_residual_shrink4,2,160,1.18772381991148,1.6318016587929223,0.8264294754890558,0.8139974539199841,2.8955717807541923,2.434830696858229,1.6318016587929223,0.0
valence,emg_existing_22,16,physio_residual_ridge100,2,160,1.1803176000714302,1.6001760126325932,0.8427992693227482,0.8215653215279605,2.8955717807541923,2.4155157122735855,1.6318016587929223,-0.031625646160329035
valence,emg_existing_22,16,physio_context_ridge100,2,160,1.4531057223677635,1.7698160314149118,0.839650930097816,0.7217464377890834,2.8955717807541923,1.670848453726012,1.6318016587929223,0.13801437262198957
valence,emg_existing_22,16,physio_residual_ridge1000,2,160,1.1980998888611794,1.6003108972373996,0.8404181598164594,0.8211790503664187,2.8955717807541923,2.4163977921144486,1.6318016587929223,-0.03149076155552266
valence,emg_existing_22,16,physio_context_ridge1000,2,160,2.2933777779340745,2.5458336089209443,0.7841426086393856,0.24946037565965562,2.8955717807541923,0.47438242765812655,1.6318016587929223,0.9140319501280221
valence,emg_existing_22,16,physio_similarity_knn64,2,160,1.2291098423302174,1.6212898446216488,0.8399753528634751,0.818027316270126,2.8955717807541923,2.4291372672894966,1.6318016587929223,-0.010511814171273448
valence,emg_existing_22,4,locked_kernel_residual_shrink4,3,280,1.1364343294075556,1.3398132691224192,0.867006436877054,0.8620985880425027,2.683089047485135,2.4120669952991682,1.3398132691224192,0.0
valence,emg_existing_22,4,physio_residual_ridge100,3,280,1.1463478509868894,1.3669326598540317,0.8698160878509218,0.8597850017696419,2.683089047485135,2.454692616533346,1.3398132691224192,0.027119390731612514
valence,emg_existing_22,4,physio_context_ridge100,3,280,1.3407710535185677,1.525621870273781,0.8627097800149455,0.7689613893227953,2.683089047485135,1.6733391713405892,1.3398132691224192,0.18580860115136177
valence,emg_existing_22,4,physio_residual_ridge1000,3,280,1.1308253186089652,1.329535529324111,0.8725985496833306,0.8665088815497134,2.683089047485135,2.4504225071120826,1.3398132691224192,-0.01027773979830826
valence,emg_existing_22,4,physio_context_ridge1000,3,280,2.004451470715659,2.317583730999982,0.8576419043318367,0.274823814392575,2.683089047485135,0.44229356612431436,1.3398132691224192,0.9777704618775627
valence,emg_existing_22,4,physio_similarity_knn64,3,280,1.1330491312912532,1.3321911987341832,0.8707213508565613,0.8654571765755272,2.683089047485135,2.4432836598536696,1.3398132691224192,-0.007622070388235924
valence,emg_existing_22,16,locked_kernel_residual_shrink4,3,160,1.1540890321135522,1.3664296466061174,0.8554325659906047,0.8483685526331126,2.5591746716470913,2.3859103943580338,1.3664296466061174,0.0
valence,emg_existing_22,16,physio_residual_ridge100,3,160,1.1320945553481578,1.3738672524886781,0.8652764311100889,0.8482707432381759,2.5591746716470913,2.3827029516737257,1.3664296466061174,0.007437605882560705
valence,emg_existing_22,16,physio_context_ridge100,3,160,1.3022036269307136,1.4926652886413434,0.8561786584961689,0.7614313038719491,2.5591746716470913,1.6227357907232143,1.3664296466061174,0.12623564203522597
valence,emg_existing_22,16,physio_residual_ridge1000,3,160,1.0994063474237918,1.315668199086992,0.8695922432358533,0.8594879458366714,2.5591746716470913,2.3788846317746692,1.3664296466061174,-0.05076144751912537
valence,emg_existing_22,16,physio_context_ridge1000,3,160,1.898013746738434,2.213628068465366,0.8506329140988168,0.2755247199051619,2.5591746716470913,0.4280299874039884,1.3664296466061174,0.8471984218592488
valence,emg_existing_22,16,physio_similarity_knn64,3,160,1.0976766973733902,1.313816037545282,0.8674682857738624,0.8592312066343393,2.5591746716470913,2.372953571995758,1.3664296466061174,-0.05261360906083534
valence,emg_existing_22,4,locked_kernel_residual_shrink4,5,280,1.272291905113629,1.5510581496973237,0.8456856400017219,0.8329210934017238,2.892175845699736,2.4517419013678374,1.5510581496973237,0.0
valence,emg_existing_22,4,physio_residual_ridge100,5,280,1.26033302460398,1.5362204580601877,0.8486329156740113,0.8326365549404494,2.892175845699736,2.391813938503216,1.5510581496973237,-0.014837691637135997
valence,emg_existing_22,4,physio_context_ridge100,5,280,1.4047826128346579,1.7308042594665263,0.8490984022512624,0.7293364506506715,2.892175845699736,1.6435440297510049,1.5510581496973237,0.17974610976920258
valence,emg_existing_22,4,physio_residual_ridge1000,5,280,1.2615728906222752,1.542759628390855,0.8499357589732789,0.8320839783563444,2.892175845699736,2.3990028439947877,1.5510581496973237,-0.008298521306468798
valence,emg_existing_22,4,physio_context_ridge1000,5,280,2.2383193935666768,2.5348781908907987,0.8446231275882535,0.25078949152937086,2.892175845699736,0.4402526765734715,1.5510581496973237,0.983820041193475
valence,emg_existing_22,4,physio_similarity_knn64,5,280,1.2407491279499872,1.5147919776355312,0.8539738989833481,0.8378568333429761,2.892175845699736,2.400368234602501,1.5510581496973237,-0.0362661720617925
valence,emg_existing_22,16,locked_kernel_residual_shrink4,5,160,1.3127125360071659,1.5965044507405113,0.8306327820315494,0.8217207800949178,2.8392065352841094,2.4907363740116533,1.5965044507405113,0.0
valence,emg_existing_22,16,physio_residual_ridge100,5,160,1.209843572229147,1.4703112487657723,0.8569917067800447,0.8434645649888393,2.8392065352841094,2.3936967844938755,1.5965044507405113,-0.12619320197473893
valence,emg_existing_22,16,physio_context_ridge100,5,160,1.3404382050037384,1.6619709592634067,0.8575421086993847,0.7432011074294035,2.8392065352841094,1.6416388704407616,1.5965044507405113,0.06546650852289537
valence,emg_existing_22,16,physio_residual_ridge1000,5,160,1.2121846608817577,1.4850509274631531,0.8570930721537418,0.8412006739153461,2.8392065352841094,2.400372735510206,1.5965044507405113,-0.11145352327735814
valence,emg_existing_22,16,physio_context_ridge1000,5,160,2.168799328804016,2.476287562021909,0.8529963929623646,0.256982492344631,2.8392065352841094,0.4378571701168938,1.5965044507405113,0.8797831112813979
valence,emg_existing_22,16,physio_similarity_knn64,5,160,1.195345836877823,1.4589999396081066,0.8601992479625633,0.8464340460824601,2.8392065352841094,2.4020535741528732,1.5965044507405113,-0.1375045111324047
valence,emg_existing_22,4,locked_kernel_residual_shrink4,6,280,0.8069795314754759,1.00277272156121,0.951706545149509,0.934696864536892,3.020151283546937,2.5036869453595694,1.00277272156121,0.0
valence,emg_existing_22,4,physio_residual_ridge100,6,280,0.9673746032374245,1.1194727796109352,0.9468701197907309,0.913502531275755,3.020151283546937,2.3141117492476426,1.00277272156121,0.11670005804972527
valence,emg_existing_22,4,physio_context_ridge100,6,280,1.4977639087608883,1.6427785507105108,0.938554498170567,0.7667491233332416,3.020151283546937,1.5648397224781299,1.00277272156121,0.6400058291493009
valence,emg_existing_22,4,physio_residual_ridge1000,6,280,0.9376608682530266,1.0951994924496278,0.9504942268512514,0.9169959431825021,3.020151283546937,2.3080562352942833,1.00277272156121,0.09242677088841789
valence,emg_existing_22,4,physio_context_ridge1000,6,280,2.4746594548225405,2.6860404334553003,0.8436865979558807,0.22483020894446307,3.020151283546937,0.41062281160546604,1.00277272156121,1.6832677118940904
valence,emg_existing_22,4,physio_similarity_knn64,6,280,0.8955870802913394,1.0670647935846396,0.9527304352322198,0.9218578118379043,3.020151283546937,2.334163220569196,1.00277272156121,0.06429207202342968
valence,emg_existing_22,16,locked_kernel_residual_shrink4,6,160,0.7647964093834162,0.9890372154510609,0.9470093475325734,0.9390927086531573,2.9853745054012912,2.6673583677836996,0.9890372154510609,0.0
valence,emg_existing_22,16,physio_residual_ridge100,6,160,0.983064380288124,1.1241910153765884,0.9448294214498939,0.9109511437762018,2.9853745054012912,2.291736787106853,0.9890372154510609,0.13515379992552745
valence,emg_existing_22,16,physio_context_ridge100,6,160,1.474302950501442,1.6282376685290094,0.9376091482805631,0.7660336815846479,2.9853745054012912,1.55052748189819,0.9890372154510609,0.6392004530779485
valence,emg_existing_22,16,physio_residual_ridge1000,6,160,0.9440287165343761,1.090491544801531,0.9493623376822272,0.9160131199864683,2.9853745054012912,2.2880949204983976,0.9890372154510609,0.10145432935047016
valence,emg_existing_22,16,physio_context_ridge1000,6,160,2.409387397766113,2.6377198853251573,0.8629848123905448,0.23468117915041725,2.9853745054012912,0.4140580636189144,0.9890372154510609,1.6486826698740964
valence,emg_existing_22,16,physio_similarity_knn64,6,160,0.9022773496806622,1.0674564332884116,0.9505369405641914,0.9200124421640522,2.9853745054012912,2.3092649645967165,0.9890372154510609,0.07841921783735062
valence,emg_existing_22,4,locked_kernel_residual_shrink4,7,280,0.7348982134035655,0.8896106823949694,0.9314318669610244,0.9121744045360162,1.8963949418594748,2.3267347765173905,0.8896106823949694,0.0
valence,emg_existing_22,4,physio_residual_ridge100,7,280,0.8906842184918268,1.0611688845418958,0.9329814013264462,0.8883396303715532,1.8963949418594748,2.531729022025683,0.8896106823949694,0.1715582021469264
valence,emg_existing_22,4,physio_context_ridge100,7,280,0.6188264489173889,0.7576497373042117,0.9344150405350276,0.9154863268682737,1.8963949418594748,1.754539842135884,0.8896106823949694,-0.13196094509075773
valence,emg_existing_22,4,physio_residual_ridge1000,7,280,0.8711245128086635,1.034493017843643,0.9316577255582421,0.8926058389601254,1.8963949418594748,2.5172074466238024,0.8896106823949694,0.14488233544867346
valence,emg_existing_22,4,physio_context_ridge1000,7,280,1.2394684365817479,1.4801502066868044,0.9347018847417039,0.4335347959917671,1.8963949418594748,0.4729665210668878,0.8896106823949694,0.590539524291835
valence,emg_existing_22,4,physio_similarity_knn64,7,280,0.8427810609340668,1.0028172810630838,0.932312741482655,0.897828305413437,1.8963949418594748,2.499113104105435,0.8896106823949694,0.11320659866811433
valence,emg_existing_22,16,locked_kernel_residual_shrink4,7,160,0.6600043579936028,0.8189868303051746,0.9353887153491478,0.916329435912569,1.8229333332571436,2.153971085744615,0.8189868303051746,0.0
valence,emg_existing_22,16,physio_residual_ridge100,7,160,0.9400357887148857,1.1286578105987435,0.9340321542909221,0.870753697560467,1.8229333332571436,2.5202241769058724,0.8189868303051746,0.3096709802935689
valence,emg_existing_22,16,physio_context_ridge100,7,160,0.6779868006706238,0.819590357945553,0.9361698180855266,0.8987758905484178,1.8229333332571436,1.7474538424066464,0.8189868303051746,0.0006035276403784096
valence,emg_existing_22,16,physio_residual_ridge1000,7,160,0.9178127609193325,1.0910550986613292,0.9322223393439047,0.8773231715787793,1.8229333332571436,2.504783182955491,0.8189868303051746,0.2720682683561546
valence,emg_existing_22,16,physio_context_ridge1000,7,160,1.1959260642528533,1.45285471820796,0.9367346021795379,0.43306710056220366,1.8229333332571436,0.47211800524026687,0.8189868303051746,0.6338678879027855
valence,emg_existing_22,16,physio_similarity_knn64,7,160,0.8798293553292751,1.030307632138246,0.9326079883347589,0.8883596507794617,1.8229333332571436,2.4842858124535843,0.8189868303051746,0.21132080183307145
valence,emg_existing_22,4,locked_kernel_residual_shrink4,8,280,0.9346818649343082,1.2274931917009833,0.8974651590767644,0.8860064943623013,2.6844958292280614,2.430438592535304,1.2274931917009833,0.0
valence,emg_existing_22,4,physio_residual_ridge100,8,280,0.979719603061676,1.2536976914772364,0.904815838344938,0.8838620723638426,2.6844958292280614,2.462312415939115,1.2274931917009833,0.026204499776253165
valence,emg_existing_22,4,physio_context_ridge100,8,280,1.1311754303319113,1.4486880106601336,0.9083079818813852,0.7966754973226016,2.6844958292280614,1.6862253476623674,1.2274931917009833,0.22119481895915039
valence,emg_existing_22,4,physio_residual_ridge1000,8,280,0.9553015125649316,1.2296108371011856,0.9053066880386116,0.8860643318586598,2.6844958292280614,2.4190924018421227,1.2274931917009833,0.002117645400202317
valence,emg_existing_22,4,physio_context_ridge1000,8,280,2.047140874181475,2.3610875442329102,0.8836392599858709,0.27143527418547536,2.6844958292280614,0.43777866500204476,1.2274931917009833,1.133594352531927
valence,emg_existing_22,4,physio_similarity_knn64,8,280,0.9859398228781564,1.2782239382272385,0.9053234028909013,0.8787193280864969,2.6844958292280614,2.435431964036519,1.2274931917009833,0.0507307465262552
valence,emg_existing_22,16,locked_kernel_residual_shrink4,8,160,0.9013733699917793,1.2252531591374713,0.8947775329453369,0.884527804194302,2.6361667246211877,2.437630000942694,1.2252531591374713,0.0
valence,emg_existing_22,16,physio_residual_ridge100,8,160,0.9922003298997879,1.2895019161259993,0.8990232810764396,0.8750727456751457,2.6361667246211877,2.4572941039439193,1.2252531591374713,0.06424875698852794
valence,emg_existing_22,16,physio_context_ridge100,8,160,1.1272656470537186,1.4770807064244056,0.9019265120592674,0.78487385634184,2.6361667246211877,1.6739446718784199,1.2252531591374713,0.25182754728693424
valence,emg_existing_22,16,physio_residual_ridge1000,8,160,0.9707118973135949,1.2628757494897918,0.9000614191933832,0.8775684091630176,2.6361667246211877,2.4089829168962735,1.2252531591374713,0.037622590352320406
valence,emg_existing_22,16,physio_context_ridge1000,8,160,2.0782093346118926,2.378075666767984,0.8673025834056294,0.2558373764900893,2.6361667246211877,0.4251811168464471,1.2252531591374713,1.1528225076305125
valence,emg_existing_22,16,physio_similarity_knn64,8,160,1.0014641098678112,1.3137124980138561,0.9000377253591436,0.8696288953144524,2.6361667246211877,2.4259938553811344,1.2252531591374713,0.0884593388763848
valence,emg_existing_22,4,locked_kernel_residual_shrink4,9,280,0.967767641374043,1.247919563840817,0.8912454533829556,0.8752185726584515,2.5915851858486545,2.3645415547593043,1.247919563840817,0.0
valence,emg_existing_22,4,physio_residual_ridge100,9,280,1.0028738115515028,1.320532642977402,0.8925727122431214,0.8646475016357452,2.5915851858486545,2.407864296382492,1.247919563840817,0.0726130791365851
valence,emg_existing_22,4,physio_context_ridge100,9,280,1.272863233089447,1.4990233397837718,0.8891041902313774,0.7688299009033494,2.5915851858486545,1.6216878184352634,1.247919563840817,0.25110377594295485
valence,emg_existing_22,4,physio_residual_ridge1000,9,280,1.0099491498300008,1.315587910280698,0.8952151830788118,0.8673774173975468,2.5915851858486545,2.4395372508197664,1.247919563840817,0.06766834643988107
valence,emg_existing_22,4,physio_context_ridge1000,9,280,2.0832479987825665,2.3014913049543857,0.8826437989698336,0.26915471792361917,2.5915851858486545,0.42639712441628563,1.247919563840817,1.0535717411135688
valence,emg_existing_22,4,physio_similarity_knn64,9,280,1.0258458793163299,1.3760557519017296,0.8932813158111093,0.8560953533765566,2.5915851858486545,2.432963804203504,1.247919563840817,0.12813618806091265
valence,emg_existing_22,16,locked_kernel_residual_shrink4,9,160,0.9633843466639519,1.2097586501753348,0.8921495953711821,0.8790333334362906,2.522399651125887,2.3629554136974162,1.2097586501753348,0.0
valence,emg_existing_22,16,physio_residual_ridge100,9,160,1.0526942767202854,1.3766424716395864,0.8834548478084734,0.8463742107716327,2.522399651125887,2.3426767721134873,1.2097586501753348,0.16688382146425162
valence,emg_existing_22,16,physio_context_ridge100,9,160,1.328934706747532,1.5392760586972984,0.877517629325635,0.7468313867976297,2.522399651125887,1.5788685885150564,1.2097586501753348,0.32951740852196365
valence,emg_existing_22,16,physio_residual_ridge1000,9,160,1.0542184099555016,1.3653210789517243,0.8878350998251466,0.8509124836080121,2.522399651125887,2.3754013659364865,1.2097586501753348,0.15556242877638948
valence,emg_existing_22,16,physio_context_ridge1000,9,160,2.055395206809044,2.280401857775815,0.8690289710625702,0.259684808758456,2.522399651125887,0.41607776464883,1.2097586501753348,1.0706432076004804
valence,emg_existing_22,16,physio_similarity_knn64,9,160,1.0736071266233922,1.4256024587120848,0.8863993987439702,0.8389075372272387,2.522399651125887,2.3668045779055893,1.2097586501753348,0.21584380853675
arousal,emg_existing_22,4,locked_kernel_residual_shrink4,1,280,2.0084793716669083,2.3335327744770162,0.3839719018089002,0.30813526289399834,2.4906944159148443,1.2679383212978972,2.3335327744770162,0.0
arousal,emg_existing_22,4,physio_residual_ridge100,1,280,2.0259890403066363,2.405793962457471,0.527321888101814,0.43759798866889116,2.4906944159148443,1.7144272939754002,2.3335327744770162,0.07226118798045489
arousal,emg_existing_22,4,physio_context_ridge100,1,280,2.080348667928151,2.3797000623214553,0.5414802255364034,0.39074635602164254,2.4906944159148443,1.3465057158000886,2.3335327744770162,0.04616728784443902
arousal,emg_existing_22,4,physio_residual_ridge1000,1,280,1.9643685945442744,2.267080133046986,0.4869855954848366,0.40136331552890603,2.4906944159148443,1.4205009639883968,2.3335327744770162,-0.06645264143003038
arousal,emg_existing_22,4,physio_context_ridge1000,1,280,2.1846613662583487,2.3922960756874314,0.5383701553053876,0.1663579226535901,2.4906944159148443,0.4258555364536731,2.3335327744770162,0.058763301210415175
arousal,emg_existing_22,4,physio_similarity_knn64,1,280,2.0592617179666246,2.3742031655574003,0.47132820087480454,0.37299710321537255,2.4906944159148443,1.4282288541427932,2.3335327744770162,0.04067039108038406
arousal,emg_existing_22,16,locked_kernel_residual_shrink4,1,160,1.9925293996930122,2.341833875978112,0.3554686573991173,0.2845893916517202,2.424838912175406,1.2654975171148202,2.341833875978112,0.0
arousal,emg_existing_22,16,physio_residual_ridge100,1,160,2.1323457255959513,2.534099305365772,0.5099089736988587,0.4031810672677802,2.424838912175406,1.7542813840979161,2.341833875978112,0.19226542938766
arousal,emg_existing_22,16,physio_context_ridge100,1,160,2.1683083176612854,2.4759060449617687,0.5150265033486231,0.3650258784261687,2.424838912175406,1.4108910623374553,2.341833875978112,0.1340721689836566
arousal,emg_existing_22,16,physio_residual_ridge1000,1,160,1.9729995533823967,2.2843121197226686,0.4848782315333716,0.385979526363752,2.424838912175406,1.3949117389829162,2.341833875978112,-0.057521756255443535
arousal,emg_existing_22,16,physio_context_ridge1000,1,160,2.1237966060638427,2.34896787735047,0.5121754606264448,0.16839901552137454,2.424838912175406,0.4498285892061864,2.341833875978112,0.007134001372357979
arousal,emg_existing_22,16,physio_similarity_knn64,1,160,2.0929390341043472,2.420025981489655,0.4671833130974747,0.34961604678952457,2.424838912175406,1.3895090733257196,2.341833875978112,0.0781921055115431
arousal,emg_existing_22,4,locked_kernel_residual_shrink4,2,280,1.8465353212186268,2.150835890123448,0.6444370453207332,0.4809441704619326,2.3188419655561896,1.4342124778954783,2.150835890123448,0.0
arousal,emg_existing_22,4,physio_residual_ridge100,2,280,2.3391439280339648,2.7151780871582014,0.6361874337397749,0.3786501439824048,2.3188419655561896,1.5226929279313715,2.150835890123448,0.5643421970347533
arousal,emg_existing_22,4,physio_context_ridge100,2,280,2.3923566043376923,2.746189680457129,0.5905885336158849,0.3012066858084263,2.3188419655561896,1.1868361610887035,2.150835890123448,0.595353790333681
arousal,emg_existing_22,4,physio_residual_ridge1000,2,280,2.216160735487938,2.573218450828335,0.6575279061110809,0.3797222497370503,2.3188419655561896,1.3292841280781917,2.150835890123448,0.4223825607048868
arousal,emg_existing_22,4,physio_context_ridge1000,2,280,2.519929836477552,2.828475587174131,0.4396806460740675,0.10143056173999081,2.3188419655561896,0.4428774421676787,2.150835890123448,0.677639697050683
arousal,emg_existing_22,4,physio_similarity_knn64,2,280,2.1449288819517407,2.4970319614846357,0.6194658290164773,0.388226380381694,2.3188419655561896,1.377285570843207,2.150835890123448,0.3461960713611876
arousal,emg_existing_22,16,locked_kernel_residual_shrink4,2,160,1.5695846617221831,1.860419943391542,0.6152619112353844,0.5240446316692404,2.200772236625135,1.4072099430464151,1.860419943391542,0.0
arousal,emg_existing_22,16,physio_residual_ridge100,2,160,2.287686198949814,2.634276293911672,0.6451597669823994,0.37777188792681327,2.200772236625135,1.4836459814732705,1.860419943391542,0.7738563505201301
arousal,emg_existing_22,16,physio_context_ridge100,2,160,2.3606388360261916,2.6763811221540066,0.6032977010645488,0.30257125112961936,2.200772236625135,1.1702724107521536,1.860419943391542,0.8159611787624645
arousal,emg_existing_22,16,physio_residual_ridge1000,2,160,2.1950401410460474,2.504013260877185,0.6658780402324712,0.3758994886263301,2.200772236625135,1.288518500352268,1.860419943391542,0.6435933174856427
arousal,emg_existing_22,16,physio_context_ridge1000,2,160,2.4870552629232408,2.7819900893300344,0.46604893633180206,0.10726410072564026,2.200772236625135,0.4533211046871563,1.860419943391542,0.9215701459384924
arousal,emg_existing_22,16,physio_similarity_knn64,2,160,2.126767709851265,2.4346374201555636,0.6252163158240377,0.38554496836983204,2.200772236625135,1.35150645108933,1.860419943391542,0.5742174767640216
arousal,emg_existing_22,4,locked_kernel_residual_shrink4,3,280,1.5384296221392495,1.8256796684333245,0.6521055697791037,0.4270594344633825,1.5327046921926575,1.2428580058105023,1.8256796684333245,0.0
arousal,emg_existing_22,4,physio_residual_ridge100,3,280,1.1242828973702022,1.4680302233264948,0.6752982957201688,0.5692841033806147,1.5327046921926575,1.3760176777370319,1.8256796684333245,-0.3576494451068297
arousal,emg_existing_22,4,physio_context_ridge100,3,280,1.1974784774439675,1.485861770008105,0.6443228430520019,0.4619652335980208,1.5327046921926575,0.9597624615479706,1.8256796684333245,-0.3398178984252196
arousal,emg_existing_22,4,physio_residual_ridge1000,3,280,1.6750352025032043,1.9731534722015298,0.6965132348477074,0.42229989837543375,1.5327046921926575,1.332976243349638,1.8256796684333245,0.1474738037682053
arousal,emg_existing_22,4,physio_context_ridge1000,3,280,1.8048913853509085,2.1935614214247225,0.6387232127933099,0.09833999148125153,1.5327046921926575,0.2680314619358418,1.8256796684333245,0.367881752991398
arousal,emg_existing_22,4,physio_similarity_knn64,3,280,1.6649273050682885,1.973064287751507,0.694284177554795,0.42011560477622656,1.5327046921926575,1.325208194320753,1.8256796684333245,0.14738461931818247
arousal,emg_existing_22,16,locked_kernel_residual_shrink4,3,160,1.1542520485818386,1.365783262967226,0.6289416158386482,0.541119660372172,1.5031217515557416,1.163383627720614,1.365783262967226,0.0
arousal,emg_existing_22,16,physio_residual_ridge100,3,160,1.0585540935397149,1.3843944174584983,0.6876249569621102,0.5915644916597567,1.5031217515557416,1.3428345262294017,1.365783262967226,0.018611154491272375
arousal,emg_existing_22,16,physio_context_ridge100,3,160,1.122917827963829,1.3884867628172795,0.6650312411793101,0.4929686369651636,1.5031217515557416,0.9375657864702168,1.365783262967226,0.022703499850053488
arousal,emg_existing_22,16,physio_residual_ridge1000,3,160,1.627155075967312,1.9128165305877773,0.6987169752638639,0.42599215350203656,1.5031217515557416,1.2927214455614648,1.365783262967226,0.5470332676205514
arousal,emg_existing_22,16,physio_context_ridge1000,3,160,1.708782324194908,2.0978556492865374,0.6605983907606985,0.10519535192322299,1.5031217515557416,0.2605300700347271,1.365783262967226,0.7320723863193115
arousal,emg_existing_22,16,physio_similarity_knn64,3,160,1.6043514356017112,1.8977705206151012,0.7008084349563518,0.4308915155562698,1.5031217515557416,1.2943055077244519,1.365783262967226,0.5319872576478752
arousal,emg_existing_22,4,locked_kernel_residual_shrink4,5,280,1.4421770104340144,1.7108826103038686,0.5887544793522509,0.5418348995095825,2.079145109836036,1.4139575545322527,1.7108826103038686,0.0
arousal,emg_existing_22,4,physio_residual_ridge100,5,280,1.658618039744241,1.9358402844279703,0.5044584065064323,0.4646307421277102,2.079145109836036,1.5504344079650163,1.7108826103038686,0.22495767412410173
arousal,emg_existing_22,4,physio_context_ridge100,5,280,1.6498575874737331,1.9474850712270986,0.43148166019816103,0.3625694431327682,2.079145109836036,1.2023459848449651,1.7108826103038686,0.23660246092323
arousal,emg_existing_22,4,physio_residual_ridge1000,5,280,1.4278272330760955,1.6773072546252703,0.5938455415123702,0.5396734970495477,2.079145109836036,1.3356788978558616,1.7108826103038686,-0.03357535567859826
arousal,emg_existing_22,4,physio_context_ridge1000,5,280,1.7704707111631122,1.998683608978036,0.3287195292399245,0.12406792143864638,2.079145109836036,0.4139395027047053,1.7108826103038686,0.2878009986741674
arousal,emg_existing_22,4,physio_similarity_knn64,5,280,1.438689546925681,1.728595495067554,0.5668899375415701,0.5145764672114551,2.079145109836036,1.3436999564850776,1.7108826103038686,0.017712884763685377
arousal,emg_existing_22,16,locked_kernel_residual_shrink4,5,160,1.4813708990812302,1.7582271802906637,0.5364127538615023,0.48808061449066975,2.0601880982085112,1.3335337056508314,1.7582271802906637,0.0
arousal,emg_existing_22,16,physio_residual_ridge100,5,160,1.6144517064094543,1.8892912752590216,0.5290887344946327,0.48377343443404375,2.0601880982085112,1.5343842079971697,1.7582271802906637,0.1310640949683579
arousal,emg_existing_22,16,physio_context_ridge100,5,160,1.6168166354298592,1.9123116863917657,0.45406821276392917,0.3802486221778956,2.0601880982085112,1.1992494741158466,1.7582271802906637,0.15408450610110203
arousal,emg_existing_22,16,physio_residual_ridge1000,5,160,1.384401549398899,1.627941401934474,0.6143140103569488,0.5585522010335575,2.0601880982085112,1.3247522281431539,1.7582271802906637,-0.1302857783561897
arousal,emg_existing_22,16,physio_context_ridge1000,5,160,1.7292724192142486,1.970595393534778,0.34521510577972964,0.1348240160025686,2.0601880982085112,0.42543289744464663,1.7582271802906637,0.21236821324411426
arousal,emg_existing_22,16,physio_similarity_knn64,5,160,1.373810376226902,1.6703291640415845,0.593800640142549,0.5372027066009136,2.0601880982085112,1.3236524830848095,1.7582271802906637,-0.08789801624907922
arousal,emg_existing_22,4,locked_kernel_residual_shrink4,6,280,2.379879639829908,2.656287198097352,0.10668948458041548,0.049194648876686134,1.3989062783153854,1.2230270831286307,2.656287198097352,0.0
arousal,emg_existing_22,4,physio_residual_ridge100,6,280,3.3265794213329043,3.6614622107064765,0.16647218442064157,0.047440768124198285,1.3989062783153854,1.4335357926660575,2.656287198097352,1.0051750126091243
arousal,emg_existing_22,4,physio_context_ridge100,6,280,3.275294159139906,3.5017219173083194,0.18262416796008224,0.04081797353139154,1.3989062783153854,1.0212612440894102,2.656287198097352,0.8454347192109672
arousal,emg_existing_22,4,physio_residual_ridge1000,6,280,3.2226556816271374,3.566521051443695,0.13245552975489855,0.0391974776043318,1.3989062783153854,1.4003121620489976,2.656287198097352,0.9102338533463428
arousal,emg_existing_22,4,physio_context_ridge1000,6,280,3.1477701791695187,3.302547051810063,0.1376143333296253,0.010288346296659872,1.3989062783153854,0.29447784875488275,2.656287198097352,0.6462598537127109
arousal,emg_existing_22,4,physio_similarity_knn64,6,280,3.0374094452176776,3.385343192811916,0.12525067636804116,0.04085150727610343,1.3989062783153854,1.3929288912564732,2.656287198097352,0.7290559947145638
arousal,emg_existing_22,16,locked_kernel_residual_shrink4,6,160,1.713674533367157,1.9924322878622773,0.05465100507210152,0.037270363144302564,1.4830289949963926,0.9480879650887556,1.9924322878622773,0.0
arousal,emg_existing_22,16,physio_residual_ridge100,6,160,3.2555155530571938,3.599852602492072,0.18361930810269486,0.056821677901384635,1.4830289949963926,1.433480193709104,1.9924322878622773,1.6074203146297947
arousal,emg_existing_22,16,physio_context_ridge100,6,160,3.227980229258537,3.4607320431669693,0.21009291162539323,0.05114915689473761,1.4830289949963926,1.0360612773664601,1.9924322878622773,1.468299755304692
arousal,emg_existing_22,16,physio_residual_ridge1000,6,160,3.1619098663330076,3.5137422810604497,0.1354168426819464,0.042733545317220255,1.4830289949963926,1.3722194543842636,1.9924322878622773,1.5213099931981724
arousal,emg_existing_22,16,physio_context_ridge1000,6,160,3.1492141604423525,3.3104356252597595,0.16778953836080374,0.013490764885225175,1.4830289949963926,0.3011349724367293,1.9924322878622773,1.3180033373974822
arousal,emg_existing_22,16,physio_similarity_knn64,6,160,2.9767685890197755,3.329905605203415,0.13126850451488065,0.045938820515570314,1.4830289949963926,1.3712836100372547,1.9924322878622773,1.3374733173411377
arousal,emg_existing_22,4,locked_kernel_residual_shrink4,7,280,1.3908922523260117,1.5915792240151727,0.6427790092417068,0.3500810152769947,0.9062636346616835,1.171169150359764,1.5915792240151727,0.0
arousal,emg_existing_22,4,physio_residual_ridge100,7,280,3.7455531094755443,3.9009285004871286,0.6600337875401031,0.10228977409176555,0.9062636346616835,1.449376817444632,1.5915792240151727,2.3093492764719556
arousal,emg_existing_22,4,physio_context_ridge100,7,280,3.6667130844933644,3.7621856080410763,0.641292586221748,0.07981952308775275,0.9062636346616835,1.0562720324292751,1.5915792240151727,2.170606384025904
arousal,emg_existing_22,4,physio_residual_ridge1000,7,280,2.594852123941694,2.791149730497321,0.6693175542752522,0.17727245040594725,0.9062636346616835,1.3836769697863067,1.5915792240151727,1.1995705064821485
arousal,emg_existing_22,4,physio_context_ridge1000,7,280,2.557476566519056,2.6672042744976685,0.6085138524284005,0.04650919613765756,0.9062636346616835,0.3146153175654211,1.5915792240151727,1.0756250504824958
arousal,emg_existing_22,4,physio_similarity_knn64,7,280,2.9384112647601537,3.118426993456704,0.6548799158731958,0.14431129066588558,0.9062636346616835,1.3816862979068882,1.5915792240151727,1.5268477694415312
arousal,emg_existing_22,16,locked_kernel_residual_shrink4,7,160,0.8842392653226853,1.0489021340295022,0.6142722439575454,0.5069599577705918,0.907520660921833,1.0146447093663862,1.0489021340295022,0.0
arousal,emg_existing_22,16,physio_residual_ridge100,7,160,3.710930322110653,3.877837902493028,0.6266914444573567,0.09848498858609205,0.907520660921833,1.444229115277681,1.0489021340295022,2.8289357684635257
arousal,emg_existing_22,16,physio_context_ridge100,7,160,3.617862841486931,3.7238731055205556,0.6048286719624736,0.07707052286481561,0.907520660921833,1.054849856088028,1.0489021340295022,2.6749709714910535
arousal,emg_existing_22,16,physio_residual_ridge1000,7,160,2.5592456638813017,2.770843162063902,0.6401343091523289,0.17296876398267477,0.907520660921833,1.3820127069543107,1.0489021340295022,1.7219410280343999
arousal,emg_existing_22,16,physio_context_ridge1000,7,160,2.487426772713661,2.6053880169762245,0.5634938287772849,0.045273629076035,0.907520660921833,0.3147281084448687,1.0489021340295022,1.5564858829467223
arousal,emg_existing_22,16,physio_similarity_knn64,7,160,2.8983986169099807,3.09230341352128,0.6297114972123483,0.14218262750447344,0.907520660921833,1.3867167409965986,1.0489021340295022,2.043401279491778
arousal,emg_existing_22,4,locked_kernel_residual_shrink4,8,280,1.7831752334322248,2.0668425382065116,0.7234828638562655,0.5621403190600833,2.438383539501997,1.5544054113755463,2.0668425382065116,0.0
arousal,emg_existing_22,4,physio_residual_ridge100,8,280,2.037110952820097,2.4209642259425137,0.5759885550073419,0.4014545668756689,2.438383539501997,1.3994911539149242,2.0668425382065116,0.35412168773600206
arousal,emg_existing_22,4,physio_context_ridge100,8,280,2.2372913318020955,2.5752250753669217,0.46787840790207247,0.267890501572458,2.438383539501997,1.0635224009946702,2.0668425382065116,0.50838253716041
arousal,emg_existing_22,4,physio_residual_ridge1000,8,280,2.0965590757983072,2.4035862193581194,0.6759610132653134,0.41696870344020387,2.438383539501997,1.2533643571538209,2.0668425382065116,0.3367436811516078
arousal,emg_existing_22,4,physio_context_ridge1000,8,280,2.5406066400664193,2.8341679338624424,0.28998896123093576,0.06672515537496482,2.438383539501997,0.40608571638561963,2.0668425382065116,0.7673253956559307
arousal,emg_existing_22,4,physio_similarity_knn64,8,280,2.2605055442878177,2.590719976231981,0.6613003426867733,0.3839241630582878,2.438383539501997,1.296944694231787,2.0668425382065116,0.5238774380254694
arousal,emg_existing_22,16,locked_kernel_residual_shrink4,8,160,1.4750370733439921,1.7514799071268365,0.7521128547201731,0.6702522502213727,2.534997226329843,1.635220275711196,1.7514799071268365,0.0
arousal,emg_existing_22,16,physio_residual_ridge100,8,160,1.9339161343872546,2.33764439642234,0.612139273609092,0.4431084055348761,2.534997226329843,1.4010011479804627,1.7514799071268365,0.5861644892955034
arousal,emg_existing_22,16,physio_context_ridge100,8,160,2.1313349187374113,2.47556388768626,0.5202743537954575,0.3105697080325274,2.534997226329843,1.046591268887199,1.7514799071268365,0.7240839805594232
arousal,emg_existing_22,16,physio_residual_ridge1000,8,160,1.9972867295145988,2.3254120639761955,0.7032696488835943,0.4528590462361154,2.534997226329843,1.255261785988741,1.7514799071268365,0.5739321568493589
arousal,emg_existing_22,16,physio_context_ridge1000,8,160,2.4534778565168383,2.735442992973136,0.375223154637037,0.08565032197902822,2.534997226329843,0.3684468992477664,1.7514799071268365,0.9839630858462995
arousal,emg_existing_22,16,physio_similarity_knn64,8,160,2.1369015261530877,2.5088910227951238,0.6879355982300484,0.4228931849870964,2.534997226329843,1.3224608109120257,1.7514799071268365,0.7574111156682872
arousal,emg_existing_22,4,locked_kernel_residual_shrink4,9,280,1.388268314089094,1.7532609309528606,0.5058059198492804,0.43606287669818694,1.9959109985882917,1.177216841040427,1.7532609309528606,0.0
arousal,emg_existing_22,4,physio_residual_ridge100,9,280,1.1796179405280522,1.574123146759732,0.62597913230044,0.5582467903771401,1.9959109985882917,1.2531207128038209,1.7532609309528606,-0.17913778419312854
arousal,emg_existing_22,4,physio_context_ridge100,9,280,1.2126704829079764,1.6083529933598546,0.6418233708951994,0.45962984074726526,1.9959109985882917,0.8588017246963096,1.7532609309528606,-0.14490793759300602
arousal,emg_existing_22,4,physio_residual_ridge1000,9,280,1.2897692007677897,1.690794665790805,0.5779385535491549,0.5069685152494599,1.9959109985882917,1.2741930710751521,1.7532609309528606,-0.062466265162055556
arousal,emg_existing_22,4,physio_context_ridge1000,9,280,1.530009584767478,1.9016725851549918,0.5756060856106504,0.16585368613305193,1.9959109985882917,0.31293766714190324,1.7532609309528606,0.1484116542021312
arousal,emg_existing_22,4,physio_similarity_knn64,9,280,1.3281580763203757,1.6613967143354598,0.5635246370965963,0.5198957712974507,1.9959109985882917,1.328750292878592,1.7532609309528606,-0.09186421661740085
arousal,emg_existing_22,16,locked_kernel_residual_shrink4,9,160,1.4482894510030746,1.7910370740065358,0.4502996276292438,0.4026004404418655,1.9700491745131639,1.2184559941841409,1.7910370740065358,0.0
arousal,emg_existing_22,16,physio_residual_ridge100,9,160,1.1476327821612358,1.553007928113377,0.6195741964213308,0.5619357567692059,1.9700491745131639,1.2673478228867672,1.7910370740065358,-0.2380291458931587
arousal,emg_existing_22,16,physio_context_ridge100,9,160,1.1667363151907921,1.5757628390161709,0.6399648100176287,0.46564446659961395,1.9700491745131639,0.8581094562318425,1.7910370740065358,-0.2152742349903649
arousal,emg_existing_22,16,physio_residual_ridge1000,9,160,1.2463386297225951,1.6658391047756276,0.5677438885134328,0.5115229877647106,1.9700491745131639,1.2990551832740995,1.7910370740065358,-0.1251979692309082
arousal,emg_existing_22,16,physio_context_ridge1000,9,160,1.4932519376277924,1.8656251926470302,0.5590398798359282,0.16413616396977393,1.9700491745131639,0.3102899336419607,1.7910370740065358,0.07458811864049442
arousal,emg_existing_22,16,physio_similarity_knn64,9,160,1.3526718661189079,1.6805269153632283,0.5410831259917654,0.5018060194644002,1.9700491745131639,1.3343116657858967,1.7910370740065358,-0.11051015864330749
valence,eeg_entropy_complexity,4,locked_kernel_residual_shrink4,1,280,1.072295168893678,1.2721289664960935,0.875763890748786,0.8664878366954897,2.485465402154318,2.412565809960817,1.2721289664960935,0.0
valence,eeg_entropy_complexity,4,physio_residual_ridge100,1,280,1.0607784684215273,1.2778327164262318,0.8593446884989596,0.8552644028225874,2.485465402154318,2.258748779041961,1.2721289664960935,0.005703749930138224
valence,eeg_entropy_complexity,4,physio_context_ridge100,1,280,1.6746660795594965,2.0749834206321762,0.6949631623727277,0.5662375485387976,2.485465402154318,1.6269584798858427,1.2721289664960935,0.8028544541360827
valence,eeg_entropy_complexity,4,physio_residual_ridge1000,1,280,1.033120448248727,1.2893703677188357,0.8904920600520371,0.8653470979431868,2.485465402154318,2.413582923968704,1.2721289664960935,0.017241401222742203
valence,eeg_entropy_complexity,4,physio_context_ridge1000,1,280,1.7676339302744184,2.124246433159225,0.7507954360553805,0.3048380612438639,2.485465402154318,0.5301925961656514,1.2721289664960935,0.8521174666631313
valence,eeg_entropy_complexity,4,physio_similarity_knn64,1,280,1.0408537622009004,1.2655719894037774,0.8867735858263913,0.8718605978787131,2.485465402154318,2.4722227566753214,1.2721289664960935,-0.006556977092316174
valence,eeg_entropy_complexity,16,locked_kernel_residual_shrink4,1,160,1.1177662901580334,1.2918455843414494,0.8527779018748406,0.8477638672748499,2.3947860029656103,2.275336978464263,1.2918455843414494,0.0
valence,eeg_entropy_complexity,16,physio_residual_ridge100,1,160,1.0647453837096692,1.296477108981497,0.8447063273658215,0.8414225712761512,2.3947860029656103,2.204448911133602,1.2918455843414494,0.0046315246400476795
valence,eeg_entropy_complexity,16,physio_context_ridge100,1,160,1.6929385578259826,2.1089275915288024,0.6686235273070039,0.5411153694215433,2.3947860029656103,1.6376886300449967,1.2918455843414494,0.817082007187353
valence,eeg_entropy_complexity,16,physio_residual_ridge1000,1,160,1.0596901312470437,1.3081113957943766,0.8788381253655239,0.8519681591420746,2.3947860029656103,2.3396564247919414,1.2918455843414494,0.01626581145292727
valence,eeg_entropy_complexity,16,physio_context_ridge1000,1,160,1.670283818244934,2.0510710471518556,0.7505068184425112,0.2983508651244516,2.3947860029656103,0.49764238955592227,1.2918455843414494,0.7592254628104063
valence,eeg_entropy_complexity,16,physio_similarity_knn64,1,160,1.0797636426985264,1.2919758796469303,0.8739443141592016,0.857122937205563,2.3947860029656103,2.39226313148037,1.2918455843414494,0.00013029530548092083
valence,eeg_entropy_complexity,4,locked_kernel_residual_shrink4,2,280,1.1485274795975005,1.5350333450049929,0.8514844443660244,0.8374937693853327,2.8207300220231732,2.5280110092687766,1.5350333450049929,0.0
valence,eeg_entropy_complexity,4,physio_residual_ridge100,2,280,1.0439893748079028,1.4425147309006443,0.8603100927977477,0.8524438692403853,2.8207300220231732,2.476866004109628,1.5350333450049929,-0.09251861410434858
valence,eeg_entropy_complexity,4,physio_context_ridge100,2,280,1.3835647429738727,1.725322500453083,0.8443720327498588,0.7328855683485079,2.8207300220231732,1.7145653100466647,1.5350333450049929,0.1902891554480901
valence,eeg_entropy_complexity,4,physio_residual_ridge1000,2,280,1.1314592297588075,1.5052224214612815,0.8579637454036044,0.8403265782019147,2.8207300220231732,2.463521586864659,1.5350333450049929,-0.0298109235437114
valence,eeg_entropy_complexity,4,physio_context_ridge1000,2,280,2.2155699150902883,2.5721917392361138,0.626247806767771,0.2769617048987262,2.8207300220231732,0.717343830939711,1.5350333450049929,1.0371583942311209
valence,eeg_entropy_complexity,4,physio_similarity_knn64,2,280,1.1424104873623167,1.518646808018211,0.8548505398129386,0.8374649358383832,2.8207300220231732,2.464060812182459,1.5350333450049929,-0.01638653698678194
valence,eeg_entropy_complexity,16,locked_kernel_residual_shrink4,2,160,1.1360493179410696,1.530883853131805,0.8450811566350523,0.8373568671030166,2.8481833574227626,2.5064727169813463,1.530883853131805,0.0
valence,eeg_entropy_complexity,16,physio_residual_ridge100,2,160,1.0907245948910713,1.4749479068135871,0.855525461146276,0.845523644091561,2.8481833574227626,2.44335305511861,1.530883853131805,-0.055935946318217855
valence,eeg_entropy_complexity,16,physio_context_ridge100,2,160,1.4201243564486503,1.756529014643825,0.8403020153996047,0.7220914871403222,2.8481833574227626,1.6748182531150242,1.530883853131805,0.22564516151202008
valence,eeg_entropy_complexity,16,physio_residual_ridge1000,2,160,1.159038133919239,1.514655944748801,0.8551618068906736,0.8388135003370016,2.8481833574227626,2.450859969933387,1.530883853131805,-0.01622790838300392
valence,eeg_entropy_complexity,16,physio_context_ridge1000,2,160,2.2618648558855057,2.6061680640453386,0.6219765871566142,0.2646189770207754,2.8481833574227626,0.6898289683421501,1.530883853131805,1.0752842109135337
valence,eeg_entropy_complexity,16,physio_similarity_knn64,2,160,1.1628503903746605,1.5223977617854056,0.8531609263079525,0.8374828725505433,2.8481833574227626,2.457560244873319,1.530883853131805,-0.008486091346399327
valence,eeg_entropy_complexity,4,locked_kernel_residual_shrink4,3,280,1.1203427876744951,1.3350379426945653,0.8662834626497895,0.8610895514657134,2.6389908978970866,2.416421614389839,1.3350379426945653,0.0
valence,eeg_entropy_complexity,4,physio_residual_ridge100,3,280,1.701203408411571,2.0966593337032413,0.8485486996320021,0.7241540770815713,2.6389908978970866,2.5767690425030056,1.3350379426945653,0.761621391008676
valence,eeg_entropy_complexity,4,physio_context_ridge100,3,280,1.6824036896228791,1.990433336027047,0.8400046509772655,0.6691349984551614,2.6389908978970866,1.8072099542351119,1.3350379426945653,0.6553953933324816
valence,eeg_entropy_complexity,4,physio_residual_ridge1000,3,280,1.4631353838103158,1.7943685829999816,0.849198473358778,0.7725148096357556,2.6389908978970866,2.4394948519456556,1.3350379426945653,0.45933064030541626
valence,eeg_entropy_complexity,4,physio_context_ridge1000,3,280,2.013866194656917,2.328268696772443,0.688546795981885,0.3135219421421737,2.6389908978970866,0.6812493942457032,1.3350379426945653,0.9932307540778775
valence,eeg_entropy_complexity,4,physio_similarity_knn64,3,280,1.1021697197641644,1.3047997495685606,0.8750507698934319,0.8669257616232131,2.6389908978970866,2.401455312913279,1.3350379426945653,-0.03023819312600473
valence,eeg_entropy_complexity,16,locked_kernel_residual_shrink4,3,160,1.1376948937773705,1.36204564889078,0.8605779657212421,0.8562683923365364,2.664318627717037,2.4100973053048143,1.36204564889078,0.0
valence,eeg_entropy_complexity,16,physio_residual_ridge100,3,160,1.6184117764234542,2.020994163903009,0.8472569036160508,0.7390350792911399,2.664318627717037,2.5620155786107572,1.36204564889078,0.658948515012229
valence,eeg_entropy_complexity,16,physio_context_ridge100,3,160,1.6859483793377876,1.9634171802624678,0.8340677272817393,0.6753096583361362,2.664318627717037,1.8040197610119195,1.36204564889078,0.6013715313716879
valence,eeg_entropy_complexity,16,physio_residual_ridge1000,3,160,1.4135071113705635,1.7315123019136807,0.8502175331683952,0.786184565460212,2.664318627717037,2.4332706101312964,1.36204564889078,0.3694666530229007
valence,eeg_entropy_complexity,16,physio_context_ridge1000,3,160,2.0377240389585496,2.3527635866369367,0.6673252545656891,0.2977906859927151,2.664318627717037,0.6601572345930573,1.36204564889078,0.9907179377461568
valence,eeg_entropy_complexity,16,physio_similarity_knn64,3,160,1.0705216236412525,1.2800184462319528,0.8795082488523737,0.8741328274627652,2.664318627717037,2.427958931578723,1.36204564889078,-0.08202720265882713
valence,eeg_entropy_complexity,4,locked_kernel_residual_shrink4,5,280,1.2925389451639993,1.5722908005705643,0.8459555685916479,0.8304974039652022,2.903444031645515,2.465679724603826,1.5722908005705643,0.0
valence,eeg_entropy_complexity,4,physio_residual_ridge100,5,280,1.229690033197403,1.48088086646571,0.8645982824152285,0.8475769285336047,2.903444031645515,2.428906732318439,1.5722908005705643,-0.0914099341048542
valence,eeg_entropy_complexity,4,physio_context_ridge100,5,280,1.4205288005726677,1.713860959066835,0.8699995518137461,0.7379403031646068,2.903444031645515,1.6372299644890227,1.5722908005705643,0.14157015849627075
valence,eeg_entropy_complexity,4,physio_residual_ridge1000,5,280,1.2357290910823004,1.499674889455548,0.8603563468933221,0.8420318226170127,2.903444031645515,2.39955835342116,1.5722908005705643,-0.0726159111150162
valence,eeg_entropy_complexity,4,physio_context_ridge1000,5,280,2.2214090611253465,2.5374965644015335,0.866926572305897,0.2634036570285194,2.903444031645515,0.4573802405630459,1.5722908005705643,0.9652057638309692
valence,eeg_entropy_complexity,4,physio_similarity_knn64,5,280,1.2622779054301125,1.5289555249908808,0.8566160765274239,0.8361088253259822,2.903444031645515,2.3975477731384793,1.5722908005705643,-0.04333527557968342
valence,eeg_entropy_complexity,16,locked_kernel_residual_shrink4,5,160,1.3068892888724803,1.57489096775959,0.8353783744855396,0.8292822054667693,2.8526029779834423,2.527958755954342,1.57489096775959,0.0
valence,eeg_entropy_complexity,16,physio_residual_ridge100,5,160,1.2252019591629506,1.4774421923808623,0.8578548386820666,0.8450705967216601,2.8526029779834423,2.4327361320818186,1.57489096775959,-0.09744877537872765
valence,eeg_entropy_complexity,16,physio_context_ridge100,5,160,1.3806506790220738,1.6825662057613353,0.8639957067926625,0.7389548973244099,2.8526029779834423,1.6257875521001615,1.57489096775959,0.10767523800174539
valence,eeg_entropy_complexity,16,physio_residual_ridge1000,5,160,1.2268152751028538,1.491209719836102,0.8542688700388752,0.8414385011281142,2.8526029779834423,2.421230751982328,1.57489096775959,-0.08368124792348786
valence,eeg_entropy_complexity,16,physio_context_ridge1000,5,160,2.1461859330534936,2.4791913454960848,0.8635038905773035,0.26786374090548315,2.8526029779834423,0.4564639485321558,1.57489096775959,0.9043003777364949
valence,eeg_entropy_complexity,16,physio_similarity_knn64,5,160,1.2486251264810562,1.51542395870237,0.8508421041539888,0.8366270517416238,2.8526029779834423,2.4227006452617723,1.57489096775959,-0.05946700905722002
valence,eeg_entropy_complexity,4,locked_kernel_residual_shrink4,6,280,0.832848561661584,1.0214791573204773,0.9519488108605514,0.9329699869158283,3.0517622042060233,2.4995573547084216,1.0214791573204773,0.0
valence,eeg_entropy_complexity,4,physio_residual_ridge100,6,280,0.984106827207974,1.1587778462637255,0.9411985052661628,0.9112717868758344,3.0517622042060233,2.4006267554709604,1.0214791573204773,0.13729868894324815
valence,eeg_entropy_complexity,4,physio_context_ridge100,6,280,1.507726947750364,1.6811435391325982,0.925094910164324,0.7623043207177617,3.0517622042060233,1.6052759844721294,1.0214791573204773,0.6596643818121208
valence,eeg_entropy_complexity,4,physio_residual_ridge1000,6,280,0.9534448385238647,1.1056039908651563,0.9508427184067523,0.9174710007979371,3.0517622042060233,2.341507710053223,1.0214791573204773,0.08412483354467892
valence,eeg_entropy_complexity,4,physio_context_ridge1000,6,280,2.4817934393882752,2.686726489928722,0.8499672426996417,0.24099464659171801,3.0517622042060233,0.44180090039171965,1.0214791573204773,1.6652473326082449
valence,eeg_entropy_complexity,4,physio_similarity_knn64,6,280,0.9540156258004052,1.0958078922653485,0.9527507039806477,0.9187494475595085,3.0517622042060233,2.334961114522539,1.0214791573204773,0.07432873494487113
valence,eeg_entropy_complexity,16,locked_kernel_residual_shrink4,6,160,0.7246319077908993,0.9568499710981101,0.9556674087412931,0.9444799421685084,3.0824034352271283,2.6436519315645315,0.9568499710981101,0.0
valence,eeg_entropy_complexity,16,physio_residual_ridge100,6,160,0.980740737915039,1.1732419627187862,0.9414975583626201,0.9103645670840648,3.0824034352271283,2.4086412921502283,0.9568499710981101,0.21639199162067613
valence,eeg_entropy_complexity,16,physio_context_ridge100,6,160,1.5327118307352066,1.7028117686355564,0.9246601691944396,0.7606647715427016,3.0824034352271283,1.6166586677948391,0.9568499710981101,0.7459617975374463
valence,eeg_entropy_complexity,16,physio_residual_ridge1000,6,160,0.9563903875648976,1.1239072326931652,0.9514957820463522,0.9156934225773036,3.0824034352271283,2.3389623171067178,0.9568499710981101,0.16705726159505507
valence,eeg_entropy_complexity,16,physio_context_ridge1000,6,160,2.5302833020687103,2.7211254349007907,0.8571611446500783,0.2357769567436723,3.0824034352271283,0.43231111427738256,0.9568499710981101,1.7642754638026807
valence,eeg_entropy_complexity,16,physio_similarity_knn64,6,160,0.9571329474449157,1.115642832890792,0.9536448274937599,0.9165917573757355,3.0824034352271283,2.3265436385386016,0.9568499710981101,0.15879286179268182
valence,eeg_entropy_complexity,4,locked_kernel_residual_shrink4,7,280,0.7324643343687057,0.8951171357021535,0.9325956548460392,0.9107664464400075,1.8886881312548292,2.321426521914342,0.8951171357021535,0.0
valence,eeg_entropy_complexity,4,physio_residual_ridge100,7,280,0.8390709455524172,0.9863329341508222,0.939304602562098,0.8994617702872904,1.8886881312548292,2.453024284130187,0.8951171357021535,0.09121579844866878
valence,eeg_entropy_complexity,4,physio_context_ridge100,7,280,0.5874971883637564,0.7214472525961078,0.9351138972886386,0.9153822034825195,1.8886881312548292,1.5940251248584487,0.8951171357021535,-0.1736698831060457
valence,eeg_entropy_complexity,4,physio_residual_ridge1000,7,280,0.8367605456284114,0.9980715875256605,0.9335963932805142,0.8983150016404093,1.8886881312548292,2.4954319969288727,0.8951171357021535,0.10295445182350704
valence,eeg_entropy_complexity,4,physio_context_ridge1000,7,280,1.2917805697236742,1.5163186070372174,0.8680911137421733,0.3921066316155561,1.8886881312548292,0.45227455304030717,0.8951171357021535,0.621201471335064
valence,eeg_entropy_complexity,4,physio_similarity_knn64,7,280,0.8727594801357814,1.0387154768463631,0.9290800746922024,0.8911148289982102,1.8886881312548292,2.5160238037025247,0.8951171357021535,0.14359834114420966
valence,eeg_entropy_complexity,16,locked_kernel_residual_shrink4,7,160,0.6376228511333466,0.7786949439375338,0.9340190526127409,0.9267196794873945,1.9032866310674286,2.156779798785939,0.7786949439375338,0.0
valence,eeg_entropy_complexity,16,physio_residual_ridge100,7,160,0.8407412022352219,0.9948375448605584,0.9375851109909804,0.8985707328826201,1.9032866310674286,2.45667904280105,0.7786949439375338,0.21614260092302462
valence,eeg_entropy_complexity,16,physio_context_ridge100,7,160,0.6015917256474494,0.7348042118176055,0.9348498903352219,0.9135960576169763,1.9032866310674286,1.604308401968677,0.7786949439375338,-0.04389073211992833
valence,eeg_entropy_complexity,16,physio_residual_ridge1000,7,160,0.8497832044959068,1.009760313055288,0.9324416359217537,0.8974409214272437,1.9032866310674286,2.5136945457107402,0.7786949439375338,0.2310653691177541
valence,eeg_entropy_complexity,16,physio_context_ridge1000,7,160,1.296592329442501,1.5271286820035157,0.8697564882062773,0.39237570793964277,1.9032866310674286,0.4548690442498639,0.7786949439375338,0.7484337380659819
valence,eeg_entropy_complexity,16,physio_similarity_knn64,7,160,0.8809352174401284,1.0462490701495883,0.9277854628077669,0.8908382462394021,1.9032866310674286,2.529395629855188,0.7786949439375338,0.26755412621205454
valence,eeg_entropy_complexity,4,locked_kernel_residual_shrink4,8,280,0.9591058616127287,1.2695654251194775,0.8913320059841794,0.8800224033540138,2.6986391128167706,2.457476851963525,1.2695654251194775,0.0
valence,eeg_entropy_complexity,4,physio_residual_ridge100,8,280,1.0024817313466754,1.2993279947290166,0.8909935171708946,0.8733236223689983,2.6986391128167706,2.420292262663236,1.2695654251194775,0.029762569609539158
valence,eeg_entropy_complexity,4,physio_context_ridge100,8,280,1.3283341705799103,1.657788323809962,0.8535508553575307,0.7261594564463714,2.6986391128167706,1.5819333943742413,1.2695654251194775,0.38822289869048454
valence,eeg_entropy_complexity,4,physio_residual_ridge1000,8,280,0.9866116898400443,1.276084899870635,0.8956878656665013,0.8768678620584299,2.6986391128167706,2.3987797575240575,1.2695654251194775,0.006519474751157439
valence,eeg_entropy_complexity,4,physio_context_ridge1000,8,280,2.089029049873352,2.4242499871011476,0.7700094565862615,0.2375134505463851,2.6986391128167706,0.4404939632402304,1.2695654251194775,1.1546845619816701
valence,eeg_entropy_complexity,4,physio_similarity_knn64,8,280,0.9955108029501779,1.2979389031445316,0.8939882257641212,0.8730663566618491,2.6986391128167706,2.4014436580193745,1.2695654251194775,0.02837347802505419
valence,eeg_entropy_complexity,16,locked_kernel_residual_shrink4,8,160,0.879137921333313,1.1851479095623938,0.9047559729066014,0.8915129490699991,2.6738315204963827,2.385609570411342,1.1851479095623938,0.0
valence,eeg_entropy_complexity,16,physio_residual_ridge100,8,160,0.9264542683959007,1.2150165225673621,0.9081804997314054,0.8874682183110139,2.6738315204963827,2.397208311878693,1.1851479095623938,0.029868613004968347
valence,eeg_entropy_complexity,16,physio_context_ridge100,8,160,1.305672751367092,1.6197009504684712,0.8682212497258692,0.7336176117696119,2.6738315204963827,1.5561070464209275,1.1851479095623938,0.4345530409060774
valence,eeg_entropy_complexity,16,physio_residual_ridge1000,8,160,0.9159361854195595,1.1935822894210035,0.9122645594416409,0.8906171516969272,2.6738315204963827,2.3777255303707494,1.1851479095623938,0.00843437985860973
valence,eeg_entropy_complexity,16,physio_context_ridge1000,8,160,2.1120462357997893,2.409871984182612,0.7606379811017732,0.23374112981158632,2.6738315204963827,0.4355174172248595,1.1851479095623938,1.2247240746202184
valence,eeg_entropy_complexity,16,physio_similarity_knn64,8,160,0.9323376342654228,1.219022409421577,0.9103844938623907,0.8864117141076455,2.6738315204963827,2.3819708000661857,1.1851479095623938,0.033874499859183116
valence,eeg_entropy_complexity,4,locked_kernel_residual_shrink4,9,280,0.9529117597000939,1.2281022364247598,0.8949790703304583,0.8808660817809078,2.5953230108432064,2.4005414773467306,1.2281022364247598,0.0
valence,eeg_entropy_complexity,4,physio_residual_ridge100,9,280,1.210960441827774,1.587788910409703,0.8885738360879325,0.8191782594508193,2.5953230108432064,2.4762721135742005,1.2281022364247598,0.35968667398494314
valence,eeg_entropy_complexity,4,physio_context_ridge100,9,280,1.3916111716202326,1.715596588487214,0.8651233190967104,0.7126394640172061,2.5953230108432064,1.6254501697527017,1.2281022364247598,0.4874943520624542
valence,eeg_entropy_complexity,4,physio_residual_ridge1000,9,280,1.0767715943711145,1.4123540466889888,0.889083145727114,0.8503484865093963,2.5953230108432064,2.4560612686629435,1.2281022364247598,0.184251810264229
valence,eeg_entropy_complexity,4,physio_context_ridge1000,9,280,2.0880768733365196,2.3150915545752806,0.7478572196440918,0.27051015852549604,2.5953230108432064,0.5119889267152803,1.2281022364247598,1.0869893181505208
valence,eeg_entropy_complexity,4,physio_similarity_knn64,9,280,1.0239524824278696,1.338006231296911,0.8907107677135675,0.8633701287274084,2.5953230108432064,2.4468622235292354,1.2281022364247598,0.10990399487215119
valence,eeg_entropy_complexity,16,locked_kernel_residual_shrink4,9,160,0.938557294011116,1.1955938445944148,0.9040670661760726,0.8869937689000642,2.5763042813301382,2.4085613845598766,1.1955938445944148,0.0
valence,eeg_entropy_complexity,16,physio_residual_ridge100,9,160,1.268459402769804,1.6356865948385697,0.8937101310353021,0.8107212304142303,2.5763042813301382,2.4885478674641925,1.1955938445944148,0.44009275024415495
valence,eeg_entropy_complexity,16,physio_context_ridge100,9,160,1.4162775710225106,1.7275936434442878,0.8715979234938409,0.711799899262482,2.5763042813301382,1.6413592649956952,1.1955938445944148,0.531999798849873
valence,eeg_entropy_complexity,16,physio_residual_ridge1000,9,160,1.0954257033765316,1.444841251557944,0.8945673814532148,0.8445327122882306,2.5763042813301382,2.460240198705922,1.1955938445944148,0.24924740696352932
valence,eeg_entropy_complexity,16,physio_context_ridge1000,9,160,2.08851488083601,2.301823920307801,0.7529619027031201,0.2754455012539193,2.5763042813301382,0.5191689016576068,1.1955938445944148,1.106230075713386
valence,eeg_entropy_complexity,16,physio_similarity_knn64,9,160,1.0295353926718236,1.3603711739781037,0.896600940886799,0.8593716541588499,2.5763042813301382,2.447916820933993,1.1955938445944148,0.16477732938368894
arousal,eeg_entropy_complexity,4,locked_kernel_residual_shrink4,1,280,1.9406277648040227,2.2791502129394305,0.3917299870897947,0.31961028363304245,2.449174683980925,1.2716638532318638,2.2791502129394305,0.0
arousal,eeg_entropy_complexity,4,physio_residual_ridge100,1,280,2.466856941155025,2.7621451268613586,0.38854541872361187,0.27410712645837154,2.449174683980925,1.5137328320589254,2.2791502129394305,0.48299491392192806
arousal,eeg_entropy_complexity,4,physio_context_ridge100,1,280,2.629402811186654,3.0402614312320217,0.28601198197706096,0.15738787449461838,2.449174683980925,1.2323425419307596,2.2791502129394305,0.7611112182925912
arousal,eeg_entropy_complexity,4,physio_residual_ridge1000,1,280,2.029625685725893,2.3067086465429654,0.45810987517702895,0.36279902426246347,2.449174683980925,1.350068344332463,2.2791502129394305,0.027558433603534827
arousal,eeg_entropy_complexity,4,physio_context_ridge1000,1,280,2.210096275806427,2.5096508065090934,0.3098301255037491,0.12029683706972209,2.449174683980925,0.5675070364137272,2.2791502129394305,0.2305005935696629
arousal,eeg_entropy_complexity,4,physio_similarity_knn64,1,280,2.009694654600961,2.3093438002613005,0.4129579740683051,0.3277562014089725,2.449174683980925,1.2854218695811963,2.2791502129394305,0.03019358732186994
arousal,eeg_entropy_complexity,16,locked_kernel_residual_shrink4,1,160,2.059122761338949,2.3784178415293846,0.32957407779514325,0.26575245689721766,2.475378758897312,1.2548343344318655,2.3784178415293846,0.0
arousal,eeg_entropy_complexity,16,physio_residual_ridge100,1,160,2.430034825205803,2.716154518356793,0.4330216342806973,0.308283847760718,2.475378758897312,1.5337357791565194,2.3784178415293846,0.3377366768274084
arousal,eeg_entropy_complexity,16,physio_context_ridge100,1,160,2.5840855568647383,3.0073909770568674,0.3531021058637689,0.1880910355508711,2.475378758897312,1.198584293869468,2.3784178415293846,0.6289731355274828
arousal,eeg_entropy_complexity,16,physio_residual_ridge1000,1,160,2.0806218340992926,2.3249809656957403,0.4613970046105082,0.3695415994780285,2.475378758897312,1.3870728638993477,2.3784178415293846,-0.053436875833644315
arousal,eeg_entropy_complexity,16,physio_context_ridge1000,1,160,2.2509739696979523,2.5406429689119934,0.3450777474624178,0.12896256326756605,2.475378758897312,0.5594039171061765,2.3784178415293846,0.16222512738260875
arousal,eeg_entropy_complexity,16,physio_similarity_knn64,1,160,2.076774026453495,2.337570114014839,0.40934970799094567,0.3275728343476063,2.475378758897312,1.3134870032614157,2.3784178415293846,-0.040847727514545795
arousal,eeg_entropy_complexity,4,locked_kernel_residual_shrink4,2,280,1.830567929148674,2.135498046679134,0.633963026319796,0.46966177877472726,2.3174113592893404,1.3744647016949352,2.135498046679134,0.0
arousal,eeg_entropy_complexity,4,physio_residual_ridge100,2,280,3.307978795681681,3.7379891424033485,0.6342344692765364,0.23703401119177633,2.3174113592893404,1.4767214732044307,2.135498046679134,1.6024910957242144
arousal,eeg_entropy_complexity,4,physio_context_ridge100,2,280,3.34149349629879,3.8497066485026448,0.5319355461257596,0.1585072525417947,2.3174113592893404,1.1323010119428716,2.135498046679134,1.7142086018235108
arousal,eeg_entropy_complexity,4,physio_residual_ridge1000,2,280,2.4748015207903724,2.8592178072817713,0.7088613128356073,0.34089029674578397,2.3174113592893404,1.286936185370613,2.135498046679134,0.7237197606026373
arousal,eeg_entropy_complexity,4,physio_context_ridge1000,2,280,2.7635698531355177,3.20439995606884,0.5044144198137915,0.09168362425992481,2.3174113592893404,0.443330328245611,2.135498046679134,1.068901909389706
arousal,eeg_entropy_complexity,4,physio_similarity_knn64,2,280,2.076249587535858,2.413370983002176,0.7148574250389619,0.42634030320630595,2.3174113592893404,1.3064646542644511,2.135498046679134,0.2778729363230421
arousal,eeg_entropy_complexity,16,locked_kernel_residual_shrink4,2,160,1.5626924633979797,1.9358286330489707,0.6159550273436869,0.5418743177197719,2.3893562809886686,1.505871225884395,1.9358286330489707,0.0
arousal,eeg_entropy_complexity,16,physio_residual_ridge100,2,160,3.227288781106472,3.645808208269438,0.691052563461184,0.2734174184699535,2.3893562809886686,1.5146310026523695,1.9358286330489707,1.7099795752204672
arousal,eeg_entropy_complexity,16,physio_context_ridge100,2,160,3.221323611587286,3.720302884992477,0.6231183918674768,0.1970624182020215,2.3893562809886686,1.1407675043556391,1.9358286330489707,1.7844742519435062
arousal,eeg_entropy_complexity,16,physio_residual_ridge1000,2,160,2.4369835168123246,2.8125111995975223,0.7259292787012147,0.3638278939155369,2.3893562809886686,1.30408130466212,1.9358286330489707,0.8766825665485516
arousal,eeg_entropy_complexity,16,physio_context_ridge1000,2,160,2.6466339394450187,3.0938856413382463,0.5974384597010024,0.122796838894592,2.3893562809886686,0.4693441700799726,1.9358286330489707,1.1580570082892756
arousal,eeg_entropy_complexity,16,physio_similarity_knn64,2,160,2.085437174141407,2.395801001035002,0.712679493652715,0.43750768735374346,2.3893562809886686,1.3108874614966217,1.9358286330489707,0.45997236798603125
arousal,eeg_entropy_complexity,4,locked_kernel_residual_shrink4,3,280,1.530654674768448,1.7999534471779757,0.6571506760234748,0.43846206062072884,1.5183234577813058,1.2676991699358542,1.7999534471779757,0.0
arousal,eeg_entropy_complexity,4,physio_residual_ridge100,3,280,1.9370217255183628,2.3068234951754407,0.3724699857850559,0.31808947211629857,1.5183234577813058,2.1946489026387797,1.7999534471779757,0.506870047997465
arousal,eeg_entropy_complexity,4,physio_context_ridge100,3,280,1.9817494171006338,2.3135744870551234,0.2751436439595876,0.24286624336140206,1.5183234577813058,2.0549806478458903,1.7999534471779757,0.5136210398771477
arousal,eeg_entropy_complexity,4,physio_residual_ridge1000,3,280,2.085085564000266,2.3749672074262937,0.5181218154323919,0.3235945062795342,1.5183234577813058,1.7150748263854068,1.7999534471779757,0.5750137602483181
arousal,eeg_entropy_complexity,4,physio_context_ridge1000,3,280,2.32572745680809,2.7167393630811643,0.22065221719022782,0.09691441510133321,1.5183234577813058,1.1820962139308848,1.7999534471779757,0.9167859159031886
arousal,eeg_entropy_complexity,4,physio_similarity_knn64,3,280,2.090228292771748,2.3473701776270914,0.6759895029994359,0.33996371815588744,1.5183234577813058,1.3825908461423855,1.7999534471779757,0.5474167304491158
arousal,eeg_entropy_complexity,16,locked_kernel_residual_shrink4,3,160,1.206716165691614,1.4087872493765072,0.6527274330301743,0.5495913630336693,1.4808016199005185,1.252752480905972,1.4087872493765072,0.0
arousal,eeg_entropy_complexity,16,physio_residual_ridge100,3,160,1.9581255123019219,2.306876837758274,0.4377740470910276,0.3625901659444403,1.4808016199005185,2.334904868634565,1.4087872493765072,0.8980895883817666
arousal,eeg_entropy_complexity,16,physio_context_ridge100,3,160,1.9354531295597552,2.2522256106846057,0.34292951947417344,0.2990774647511454,1.4808016199005185,2.1311092064871335,1.4087872493765072,0.8434383613080985
arousal,eeg_entropy_complexity,16,physio_residual_ridge1000,3,160,2.124700614064932,2.4459777043072237,0.5513778456615843,0.3351388442576849,1.4808016199005185,1.8468116555031213,1.4087872493765072,1.0371904549307165
arousal,eeg_entropy_complexity,16,physio_context_ridge1000,3,160,2.3098225593566895,2.6948547914902097,0.2589558867195772,0.11266108774464569,1.4808016199005185,1.2022713169958394,1.4087872493765072,1.2860675421137024
arousal,eeg_entropy_complexity,16,physio_similarity_knn64,3,160,2.146388866007328,2.3862998204695165,0.6959869791633998,0.33843495530704987,1.4808016199005185,1.4132685305890704,1.4087872493765072,0.9775125710930093
arousal,eeg_entropy_complexity,4,locked_kernel_residual_shrink4,5,280,1.4365880676678249,1.6887281840648776,0.5970620523422538,0.5412623181727328,2.079292339391714,1.3551827415007822,1.6887281840648776,0.0
arousal,eeg_entropy_complexity,4,physio_residual_ridge100,5,280,1.623953514439719,2.057623603861188,0.5875664144608446,0.41720268846458397,2.079292339391714,1.2403918744718074,1.6887281840648776,0.3688954197963106
arousal,eeg_entropy_complexity,4,physio_context_ridge100,5,280,1.6052451389176505,2.1285196767991668,0.5353202770259664,0.278842304459632,2.079292339391714,0.7869090071389576,1.6887281840648776,0.4397914927342892
arousal,eeg_entropy_complexity,4,physio_residual_ridge1000,5,280,1.3993755008493152,1.6919352532662422,0.6247530822255078,0.533720238308672,2.079292339391714,1.2611903173657162,1.6887281840648776,0.0032070692013645985
arousal,eeg_entropy_complexity,4,physio_context_ridge1000,5,280,1.597725634915488,2.0249622930843425,0.430413373628972,0.10791056397072306,2.079292339391714,0.2771137916417537,1.6887281840648776,0.33623410901946493
arousal,eeg_entropy_complexity,4,physio_similarity_knn64,5,280,1.3809610971382686,1.6589466873661192,0.6066646430436112,0.5410945365533214,2.079292339391714,1.2862356603403065,1.6887281840648776,-0.029781496698758403
arousal,eeg_entropy_complexity,16,locked_kernel_residual_shrink4,5,160,1.4637095138430596,1.7208043818175083,0.5556137402166105,0.5004016894404245,2.055775021129502,1.2983215179155687,1.7208043818175083,0.0
arousal,eeg_entropy_complexity,16,physio_residual_ridge100,5,160,1.6236807122826575,2.0545864340635336,0.5795589699903823,0.41251231487307916,2.055775021129502,1.2438951397962108,1.7208043818175083,0.3337820522460253
arousal,eeg_entropy_complexity,16,physio_context_ridge100,5,160,1.6075554579496383,2.1309432394544707,0.5233154858893543,0.2730188443975782,2.055775021129502,0.7925817486791177,1.7208043818175083,0.41013885763696245
arousal,eeg_entropy_complexity,16,physio_residual_ridge1000,5,160,1.3972291439771651,1.6778263755711416,0.6217885363645904,0.5312888265083788,2.055775021129502,1.2481624667414761,1.7208043818175083,-0.04297800624636672
arousal,eeg_entropy_complexity,16,physio_context_ridge1000,5,160,1.6020122230052949,2.019059839241955,0.3898944644023384,0.09636137480126766,2.055775021129502,0.2711776746915519,1.7208043818175083,0.2982554574244467
arousal,eeg_entropy_complexity,16,physio_similarity_knn64,5,160,1.3820754304528236,1.6455627852424974,0.6028875097371036,0.5398382004339732,2.055775021129502,1.281563405075743,1.7208043818175083,-0.07524159657501084
arousal,eeg_entropy_complexity,4,locked_kernel_residual_shrink4,6,280,2.6345697458301274,2.9544007282849747,0.07568026153375114,0.032717162424103864,1.3934934444021727,1.3997271980293473,2.9544007282849747,0.0
arousal,eeg_entropy_complexity,4,physio_residual_ridge100,6,280,3.4743107374225346,3.8162329230848413,0.09642714015681852,0.026453895856422775,1.3934934444021727,1.4725452594138384,2.9544007282849747,0.8618321947998666
arousal,eeg_entropy_complexity,4,physio_context_ridge100,6,280,3.3147976551737104,3.552923583287662,0.11134367455361416,0.02409918332733766,1.3934934444021727,1.0045415437895906,2.9544007282849747,0.5985228550026873
arousal,eeg_entropy_complexity,4,physio_residual_ridge1000,6,280,3.37555587887764,3.69658308763066,0.09357921547770154,0.026110758520804796,1.3934934444021727,1.4047419078342336,2.9544007282849747,0.7421823593456853
arousal,eeg_entropy_complexity,4,physio_context_ridge1000,6,280,3.155071746451514,3.312469504366743,0.0718008407990262,0.005642760579686364,1.3934934444021727,0.31116339810757276,2.9544007282849747,0.35806877608176846
arousal,eeg_entropy_complexity,4,physio_similarity_knn64,6,280,3.5296497136354446,3.864847606544819,0.09621220526340302,0.024493763049196603,1.3934934444021727,1.398701740062241,2.9544007282849747,0.9104468782598443
arousal,eeg_entropy_complexity,16,locked_kernel_residual_shrink4,6,160,1.8234192237257958,2.127096763481296,0.06915763272990437,0.03906499523336235,1.26921173863938,1.047765418421982,2.127096763481296,0.0
arousal,eeg_entropy_complexity,16,physio_residual_ridge100,6,160,3.5248449996113775,3.8521647770597,0.17852336916016218,0.04414588554403333,1.26921173863938,1.5123391001919753,2.127096763481296,1.725068013578404
arousal,eeg_entropy_complexity,16,physio_context_ridge100,6,160,3.368828497827053,3.58531926716994,0.1870691583397123,0.03679306837881031,1.26921173863938,1.0340363599737836,2.127096763481296,1.4582225036886443
arousal,eeg_entropy_complexity,16,physio_residual_ridge1000,6,160,3.4128848657011988,3.721354952956374,0.17674391330602005,0.044680592252765126,1.26921173863938,1.4436568320951237,2.127096763481296,1.5942581894750782
arousal,eeg_entropy_complexity,16,physio_context_ridge1000,6,160,3.2004401981830597,3.33921342165286,0.12854307768356485,0.009282037681013157,1.26921173863938,0.3201613296703546,2.127096763481296,1.2121166581715643
arousal,eeg_entropy_complexity,16,physio_similarity_knn64,6,160,3.5750330716371534,3.8874165371989107,0.1795204637137553,0.04139078717496116,1.26921173863938,1.4318786246794637,2.127096763481296,1.7603197737176148
arousal,eeg_entropy_complexity,4,locked_kernel_residual_shrink4,7,280,1.245114134464945,1.4515445739742086,0.6486920650504622,0.3979120047543215,0.914704145322075,1.173379775734937,1.4515445739742086,0.0
arousal,eeg_entropy_complexity,4,physio_residual_ridge100,7,280,2.3777667675699505,2.6132559327223728,0.6332353766287139,0.19434759551717432,0.914704145322075,1.4220653090478046,1.4515445739742086,1.1617113587481642
arousal,eeg_entropy_complexity,4,physio_context_ridge100,7,280,2.3139887111527577,2.4579803874821997,0.6132223444354786,0.15224993720358973,0.914704145322075,0.9672027084624697,1.4515445739742086,1.0064358135079912
arousal,eeg_entropy_complexity,4,physio_residual_ridge1000,7,280,2.084928211144039,2.3182735465239572,0.6619812304931136,0.2335293712456362,0.914704145322075,1.3521318196221708,1.4515445739742086,0.8667289725497487
arousal,eeg_entropy_complexity,4,physio_context_ridge1000,7,280,2.0510795593261717,2.199506352085202,0.5254872597770013,0.06009200116453366,0.914704145322075,0.321742867708309,1.4515445739742086,0.7479617781109933
arousal,eeg_entropy_complexity,4,physio_similarity_knn64,7,280,2.278017170088632,2.534049997870669,0.6385896228187152,0.20786162098601457,0.914704145322075,1.4423515098869673,1.4515445739742086,1.0825054238964607
arousal,eeg_entropy_complexity,16,locked_kernel_residual_shrink4,7,160,0.8373739883303642,1.0090507780673574,0.6721457189750224,0.5288623207472113,0.8717797887081336,0.9752604278562869,1.0090507780673574,0.0
arousal,eeg_entropy_complexity,16,physio_residual_ridge100,7,160,2.4706271260976793,2.7086838475597244,0.6608105761751918,0.19067964727456238,0.8717797887081336,1.5003298043004776,1.0090507780673574,1.699633069492367
arousal,eeg_entropy_complexity,16,physio_context_ridge100,7,160,2.4227260053157806,2.5584273918587,0.636847144161697,0.1485761306236783,0.8717797887081336,1.0286731814494692,1.0090507780673574,1.5493766137913427
arousal,eeg_entropy_complexity,16,physio_residual_ridge1000,7,160,2.147333601117134,2.3716563846181242,0.6944266383576162,0.23067283684486,0.8717797887081336,1.3929186711229935,1.0090507780673574,1.3626056065507668
arousal,eeg_entropy_complexity,16,physio_context_ridge1000,7,160,2.1575347244739533,2.2825948017773983,0.5374166046855264,0.05872686279353369,0.8717797887081336,0.3469212574685809,1.0090507780673574,1.2735440237100408
arousal,eeg_entropy_complexity,16,physio_similarity_knn64,7,160,2.321972703933716,2.5671864275002325,0.6732748071536704,0.20773346198944537,0.8717797887081336,1.4720440473725458,1.0090507780673574,1.558135649432875
arousal,eeg_entropy_complexity,4,locked_kernel_residual_shrink4,8,280,1.8290236979722976,2.0838410176764555,0.719301468197456,0.5302698238313663,2.481356504422695,1.3732433653845286,2.0838410176764555,0.0
arousal,eeg_entropy_complexity,4,physio_residual_ridge100,8,280,2.3203309748853957,2.719802354745298,0.6454195528987648,0.44414420709047564,2.481356504422695,1.845335249990222,2.0838410176764555,0.6359613370688426
arousal,eeg_entropy_complexity,4,physio_context_ridge100,8,280,2.467975135360445,2.8542165211727486,0.5799518200933307,0.340241419120934,2.481356504422695,1.4597043034257722,2.0838410176764555,0.7703755034962931
arousal,eeg_entropy_complexity,4,physio_residual_ridge1000,8,280,2.2794713650430953,2.591662317321635,0.7059666074688818,0.4289628353830353,2.481356504422695,1.4401535564681687,2.0838410176764555,0.5078212996451796
arousal,eeg_entropy_complexity,4,physio_context_ridge1000,8,280,2.684785747528076,2.9974405395881605,0.4807041093023514,0.12980865219625373,2.481356504422695,0.5618146214043849,2.0838410176764555,0.913599521911705
arousal,eeg_entropy_complexity,4,physio_similarity_knn64,8,280,2.387170055934361,2.71961251127573,0.7067598331742694,0.3978411987818317,2.481356504422695,1.393226597590184,2.0838410176764555,0.6357714935992744
arousal,eeg_entropy_complexity,16,locked_kernel_residual_shrink4,8,160,1.442136973887682,1.7200542874001223,0.8000105513407267,0.6685747537216841,2.5902385869838325,1.4400687100959253,1.7200542874001223,0.0
arousal,eeg_entropy_complexity,16,physio_residual_ridge100,8,160,2.288400185108185,2.6671657177226984,0.6733012685731071,0.48379744543315917,2.5902385869838325,1.9114556456701728,1.7200542874001223,0.947111430322576
arousal,eeg_entropy_complexity,16,physio_context_ridge100,8,160,2.4946809872984885,2.856227777441833,0.5998717388728385,0.3636106497632698,2.5902385869838325,1.4999307268313027,1.7200542874001223,1.1361734900417109
arousal,eeg_entropy_complexity,16,physio_residual_ridge1000,8,160,2.251771515607834,2.5294211225426304,0.7437881023301027,0.4727994337227689,2.5902385869838325,1.4891017359842915,1.7200542874001223,0.8093668351425081
arousal,eeg_entropy_complexity,16,physio_context_ridge1000,8,160,2.7871605515480042,3.071404935153457,0.4867055338383283,0.13296660188535792,2.5902385869838325,0.5737792652706112,1.7200542874001223,1.3513506477533348
arousal,eeg_entropy_complexity,16,physio_similarity_knn64,8,160,2.3442476004362107,2.6354737136354576,0.7530943872078758,0.4465041245067764,2.5902385869838325,1.4361813689249097,1.7200542874001223,0.9154194262353352
arousal,eeg_entropy_complexity,4,locked_kernel_residual_shrink4,9,280,1.4275764814444951,1.8188307141047875,0.5047209803711754,0.43531020497301176,2.0229266281447633,1.2488549028650922,1.8188307141047875,0.0
arousal,eeg_entropy_complexity,4,physio_residual_ridge100,9,280,1.6098720593111855,2.069187937591131,0.5095322784091331,0.4814344978846426,2.0229266281447633,1.9281980228653153,1.8188307141047875,0.25035722348634337
arousal,eeg_entropy_complexity,4,physio_context_ridge100,9,280,1.6055747134344918,1.9840376698951314,0.4566188570306054,0.42643243318132396,2.0229266281447633,1.58416896420286,1.8188307141047875,0.16520695579034395
arousal,eeg_entropy_complexity,4,physio_residual_ridge1000,9,280,1.6727747457368034,2.105070909930567,0.5368232786156569,0.4246013010795196,2.0229266281447633,1.5055820822567658,1.8188307141047875,0.2862401958257794
arousal,eeg_entropy_complexity,4,physio_context_ridge1000,9,280,1.8468864611216953,2.194805791323541,0.3859122077836722,0.18191316210791544,2.0229266281447633,0.6860539493359388,1.8188307141047875,0.37597507721875356
arousal,eeg_entropy_complexity,4,physio_similarity_knn64,9,280,1.4546773876462664,1.8375685161310074,0.5502223618491635,0.4899327332525053,2.0229266281447633,1.456960311750965,1.8188307141047875,0.018737802026219885
arousal,eeg_entropy_complexity,16,locked_kernel_residual_shrink4,9,160,1.4288921535015107,1.7916528081484475,0.4545383047856276,0.39069644762849276,1.986271239659879,1.139920131774905,1.7916528081484475,0.0
arousal,eeg_entropy_complexity,16,physio_residual_ridge100,9,160,1.5515771225094794,2.001032638404353,0.5349529236866771,0.4996678204304944,1.986271239659879,1.8816860892774276,1.7916528081484475,0.20937983025590534
arousal,eeg_entropy_complexity,16,physio_context_ridge100,9,160,1.6101928308606148,1.9802885491992714,0.45936131700468474,0.4189620458543416,1.986271239659879,1.5495448888661696,1.7916528081484475,0.18863574105082392
arousal,eeg_entropy_complexity,16,physio_residual_ridge1000,9,160,1.6420833677053452,2.059035238778377,0.5619191760740603,0.43644547250035204,1.986271239659879,1.4708866459330265,1.7916528081484475,0.2673824306299293
arousal,eeg_entropy_complexity,16,physio_context_ridge1000,9,160,1.9684387877583505,2.2809944606408235,0.3392876837749622,0.15098620846671107,1.986271239659879,0.6864902138990953,1.7916528081484475,0.48934165249237593
arousal,eeg_entropy_complexity,16,physio_similarity_knn64,9,160,1.3679368928074838,1.753359371333028,0.5819518947073604,0.518791151093983,1.986271239659879,1.4336567911307603,1.7916528081484475,-0.038293436815419524
valence,emg_lagged_interaction_experimental,4,locked_kernel_residual_shrink4,1,280,1.062615802884102,1.2685670100732684,0.8724558765620493,0.8637580293398939,2.473780878884525,2.3635963501111066,1.2685670100732684,0.0
valence,emg_lagged_interaction_experimental,4,physio_residual_ridge100,1,280,1.0582716814109256,1.2670949593231549,0.8804615566354316,0.8671683155669935,2.473780878884525,2.406126330319534,1.2685670100732684,-0.0014720507501135849
valence,emg_lagged_interaction_experimental,4,physio_context_ridge100,1,280,1.1567684956959317,1.3592554787042226,0.8791013101942634,0.7961344896632768,2.473780878884525,1.6588790135256413,1.2685670100732684,0.09068846863095414
valence,emg_lagged_interaction_experimental,4,physio_residual_ridge1000,1,280,1.0508636589561189,1.2619340565578205,0.8825469568672354,0.8693789363913695,2.473780878884525,2.4273934423973693,1.2685670100732684,-0.006632953515447904
valence,emg_lagged_interaction_experimental,4,physio_context_ridge1000,1,280,1.7854605538504464,2.1410798897416936,0.8792418507977872,0.29610470810002154,2.473780878884525,0.4433058080806822,1.2685670100732684,0.8725128796684252
valence,emg_lagged_interaction_experimental,4,physio_similarity_knn64,1,280,1.0457289585045406,1.2448898807464581,0.8796243189729029,0.8717377978778179,2.473780878884525,2.420252106300651,1.2685670100732684,-0.02367712932681032
valence,emg_lagged_interaction_experimental,16,locked_kernel_residual_shrink4,1,160,1.0701187066733837,1.2573209581341913,0.8587175053950524,0.85413957574323,2.405064643102136,2.2411793712590287,1.2573209581341913,0.0
valence,emg_lagged_interaction_experimental,16,physio_residual_ridge100,1,160,1.0602039344608785,1.2622420085115627,0.8747270302651738,0.862377885986478,2.405064643102136,2.37282303436675,1.2573209581341913,0.004921050377371339
valence,emg_lagged_interaction_experimental,16,physio_context_ridge100,1,160,1.1332537174224853,1.329729012570136,0.873467934539705,0.7957222143114676,2.405064643102136,1.6393168918953978,1.2573209581341913,0.07240805443594467
valence,emg_lagged_interaction_experimental,16,physio_residual_ridge1000,1,160,1.0547721669077874,1.2578132780173419,0.8765922709001668,0.8640404033904905,2.405064643102136,2.384526466437674,1.2573209581341913,0.0004923198831505715
valence,emg_lagged_interaction_experimental,16,physio_context_ridge1000,1,160,1.7285924434661866,2.0830947022021653,0.8736076639844487,0.2978522896305234,2.405064643102136,0.4380435631245088,1.2573209581341913,0.825773744067974
valence,emg_lagged_interaction_experimental,16,physio_similarity_knn64,1,160,1.042328917235136,1.2397425286664705,0.8739476060249789,0.8668726341116497,2.405064643102136,2.380722667645301,1.2573209581341913,-0.017578429467720813
valence,emg_lagged_interaction_experimental,4,locked_kernel_residual_shrink4,2,280,1.140751703296389,1.5042507538465086,0.8550463486137327,0.8390672345842463,2.8508054715702187,2.41994517946951,1.5042507538465086,0.0
valence,emg_lagged_interaction_experimental,4,physio_residual_ridge100,2,280,1.126903391310147,1.476106502115961,0.8657783883945166,0.8462683866398589,2.8508054715702187,2.4298306114835557,1.5042507538465086,-0.028144251730547687
valence,emg_lagged_interaction_experimental,4,physio_context_ridge100,2,280,1.3822823149817332,1.6821088360961132,0.8605605129470336,0.7440663853282593,2.8508054715702187,1.676538553695616,1.5042507538465086,0.17785808224960453
valence,emg_lagged_interaction_experimental,4,physio_residual_ridge1000,2,280,1.1353162548371725,1.4805362279219274,0.8653261553429562,0.8446107798915753,2.8508054715702187,2.414884702949594,1.5042507538465086,-0.02371452592458123
valence,emg_lagged_interaction_experimental,4,physio_context_ridge1000,2,280,2.201170093672616,2.500148079231043,0.8555613573897098,0.2592027839125723,2.8508054715702187,0.44835605963024155,1.5042507538465086,0.9958973253845342
valence,emg_lagged_interaction_experimental,4,physio_similarity_knn64,2,280,1.1531517543963024,1.5080173295492527,0.8648079608993227,0.8426581313780757,2.8508054715702187,2.470031653437871,1.5042507538465086,0.0037665757027440794
valence,emg_lagged_interaction_experimental,16,locked_kernel_residual_shrink4,2,160,1.1092946007847786,1.5096998165483164,0.859149253445563,0.8497584056824015,2.908607914449797,2.5793049762326206,1.5096998165483164,0.0
valence,emg_lagged_interaction_experimental,16,physio_residual_ridge100,2,160,1.1308514073491096,1.491219033433642,0.8701123819188618,0.851388842714769,2.908607914449797,2.516916969263972,1.5096998165483164,-0.018480783114674493
valence,emg_lagged_interaction_experimental,16,physio_context_ridge100,2,160,1.3765325829386712,1.68372303423376,0.8670227484399592,0.7553262299955287,2.908607914449797,1.7351730344256684,1.5096998165483164,0.1740232176854435
valence,emg_lagged_interaction_experimental,16,physio_residual_ridge1000,2,160,1.1452843807637691,1.500620544057313,0.8686690994048253,0.848759076323136,2.908607914449797,2.5008482278297057,1.5096998165483164,-0.009079272491003376
valence,emg_lagged_interaction_experimental,16,physio_context_ridge1000,2,160,2.2368085384368896,2.5310230945744876,0.8648222835476737,0.2669641051691972,2.908607914449797,0.46374345985275195,1.5096998165483164,1.0213232780261712
valence,emg_lagged_interaction_experimental,16,physio_similarity_knn64,2,160,1.1554710529744625,1.5203976578340626,0.8708277785377808,0.8485721142513437,2.908607914449797,2.557112467221194,1.5096998165483164,0.010697841285746135
valence,emg_lagged_interaction_experimental,4,locked_kernel_residual_shrink4,3,280,1.154927865096501,1.3453746315791208,0.8615661329217371,0.8562612814168438,2.6445940238570476,2.3661451320886373,1.3453746315791208,0.0
valence,emg_lagged_interaction_experimental,4,physio_residual_ridge100,3,280,1.1918245843478612,1.4473054244058348,0.8643866337254845,0.8438992483467382,2.6445940238570476,2.476902633642531,1.3453746315791208,0.10193079282671391
valence,emg_lagged_interaction_experimental,4,physio_context_ridge100,3,280,1.3355690377099174,1.5291181007408228,0.8678971901788408,0.7688418278473226,2.6445940238570476,1.6941525707379523,1.3453746315791208,0.18374346916170192
valence,emg_lagged_interaction_experimental,4,physio_residual_ridge1000,3,280,1.1493298547608513,1.360848585441211,0.8679358096542885,0.857020402479601,2.6445940238570476,2.4180211111788625,1.3453746315791208,0.01547395386209005
valence,emg_lagged_interaction_experimental,4,physio_context_ridge1000,3,280,1.9905835526330131,2.2942308472260775,0.8662554881735818,0.2731010437265696,2.6445940238570476,0.43160705725801607,1.3453746315791208,0.9488562156469567
valence,emg_lagged_interaction_experimental,4,physio_similarity_knn64,3,280,1.159806614262717,1.3769686392516107,0.8683152098871967,0.8536011616564781,2.6445940238570476,2.4071272476217476,1.3453746315791208,0.03159400767248988
valence,emg_lagged_interaction_experimental,16,locked_kernel_residual_shrink4,3,160,1.2154283441603184,1.4191042284105635,0.8577218247617654,0.8457963782047506,2.733473065534029,2.3556381529573436,1.4191042284105635,0.0
valence,emg_lagged_interaction_experimental,16,physio_residual_ridge100,3,160,1.2571472957730294,1.516568708614351,0.8641703208129177,0.8361251240462454,2.733473065534029,2.4839276277417888,1.4191042284105635,0.0974644802037874
valence,emg_lagged_interaction_experimental,16,physio_context_ridge100,3,160,1.4413500756025315,1.6151637048706966,0.8680058263765554,0.7552631253140087,2.733473065534029,1.6965416668946713,1.4191042284105635,0.1960594764601331
valence,emg_lagged_interaction_experimental,16,physio_residual_ridge1000,3,160,1.1971401877701282,1.4142323273523585,0.8692657526610239,0.8519759452351685,2.733473065534029,2.422362825976065,1.4191042284105635,-0.004871901058205008
valence,emg_lagged_interaction_experimental,16,physio_context_ridge1000,3,160,2.0380205631256105,2.3816529253170295,0.8691105410931277,0.26496870709351467,2.733473065534029,0.43035404675816924,1.4191042284105635,0.962548696906466
valence,emg_lagged_interaction_experimental,16,physio_similarity_knn64,3,160,1.2184769921004772,1.4369904485488492,0.8690005669013634,0.8471514665991646,2.733473065534029,2.409032725117056,1.4191042284105635,0.01788622013828567
valence,emg_lagged_interaction_experimental,4,locked_kernel_residual_shrink4,5,280,1.2716392698032515,1.558028101884304,0.839933409089284,0.8299611897221074,2.855749660325461,2.469820066437432,1.558028101884304,0.0
valence,emg_lagged_interaction_experimental,4,physio_residual_ridge100,5,280,1.2241643037114824,1.50349262017271,0.8529912527279477,0.8372744179411067,2.855749660325461,2.387370827682748,1.558028101884304,-0.05453548171159417
valence,emg_lagged_interaction_experimental,4,physio_context_ridge100,5,280,1.3709399844918932,1.6921340360469024,0.8527170463310787,0.7383040229251503,2.855749660325461,1.6586419151676242,1.558028101884304,0.1341059341625983
valence,emg_lagged_interaction_experimental,4,physio_residual_ridge1000,5,280,1.2227529836552484,1.5000574108075102,0.8543386927896734,0.8383457653827228,2.855749660325461,2.3915069409884793,1.558028101884304,-0.05797069107679387
valence,emg_lagged_interaction_experimental,4,physio_context_ridge1000,5,280,2.1894591229302542,2.497217313891455,0.8503766214984718,0.2564412780146269,2.855749660325461,0.4428166004170779,1.558028101884304,0.939189212007151
valence,emg_lagged_interaction_experimental,4,physio_similarity_knn64,5,280,1.2097659025873457,1.5024665338513947,0.8528901194904727,0.8402841149889704,2.855749660325461,2.4380603016979183,1.558028101884304,-0.05556156803290935
valence,emg_lagged_interaction_experimental,16,locked_kernel_residual_shrink4,5,160,1.294602644443512,1.5806442613758678,0.8345941566187693,0.8239054995570789,2.846866424246139,2.4599566902984846,1.5806442613758678,0.0
valence,emg_lagged_interaction_experimental,16,physio_residual_ridge100,5,160,1.2269664525985717,1.510594772886129,0.8527210147068516,0.8358873676707133,2.846866424246139,2.3938539675111947,1.5806442613758678,-0.07004948848973869
valence,emg_lagged_interaction_experimental,16,physio_context_ridge100,5,160,1.3562193632125854,1.6918840926065328,0.8523915451339372,0.7384238522734736,2.846866424246139,1.664993613386985,1.5806442613758678,0.11123983123066505
valence,emg_lagged_interaction_experimental,16,physio_residual_ridge1000,5,160,1.2289619691669942,1.5079800688559652,0.8541363945768923,0.8368255904579851,2.846866424246139,2.3980033868765274,1.5806442613758678,-0.07266419251990253
valence,emg_lagged_interaction_experimental,16,physio_context_ridge1000,5,160,2.2069256991147994,2.4929227175330153,0.8498117063055919,0.2576345866385652,2.846866424246139,0.445742731871405,1.5806442613758678,0.9122784561571475
valence,emg_lagged_interaction_experimental,16,physio_similarity_knn64,5,160,1.1989607334136962,1.4978926960445307,0.8544478135282513,0.8417808648789854,2.846866424246139,2.4536850703044277,1.5806442613758678,-0.0827515653313371
valence,emg_lagged_interaction_experimental,4,locked_kernel_residual_shrink4,6,280,0.8293066476072584,1.0220999421895598,0.9516499594227592,0.9328509537539721,3.04421289381297,2.504822112939602,1.0220999421895598,0.0
valence,emg_lagged_interaction_experimental,4,physio_residual_ridge100,6,280,0.9031376187290464,1.0926443322223705,0.9526632409384274,0.9186706991389925,3.04421289381297,2.325016480838212,1.0220999421895598,0.07054439003281066
valence,emg_lagged_interaction_experimental,4,physio_context_ridge100,6,280,1.451506735597338,1.608029499884206,0.9499472707853922,0.7814143390073582,3.04421289381297,1.5982444849623414,1.0220999421895598,0.5859295576946462
valence,emg_lagged_interaction_experimental,4,physio_residual_ridge1000,6,280,0.908815187215805,1.074918303812175,0.9539345237269451,0.9215584303962537,3.04421289381297,2.3372433572648053,1.0220999421895598,0.05281836162261522
valence,emg_lagged_interaction_experimental,4,physio_context_ridge1000,6,280,2.4434355684689115,2.6494727979255783,0.9430041870460395,0.2568566499810226,3.04421289381297,0.4225893134463987,1.0220999421895598,1.6273728557360185
valence,emg_lagged_interaction_experimental,4,physio_similarity_knn64,6,280,0.9001838675567082,1.1011704118850445,0.9515988942737577,0.917575350307059,3.04421289381297,2.32988641803517,1.0220999421895598,0.0790704696954847
valence,emg_lagged_interaction_experimental,16,locked_kernel_residual_shrink4,6,160,0.7553527768701315,0.9831503521571181,0.9498937515647908,0.9410949970802052,3.045385854042145,2.6691550865139715,0.9831503521571181,0.0
valence,emg_lagged_interaction_experimental,16,physio_residual_ridge100,6,160,0.9208313554525376,1.1151558011841605,0.9496231986156453,0.9152633361709033,3.045385854042145,2.3223205375823137,0.9831503521571181,0.13200544902704237
valence,emg_lagged_interaction_experimental,16,physio_context_ridge100,6,160,1.443833702802658,1.6194050430369942,0.9457436692833043,0.7785916128535728,3.045385854042145,1.6009614073133385,0.9831503521571181,0.6362546908798761
valence,emg_lagged_interaction_experimental,16,physio_residual_ridge1000,6,160,0.9306643091142177,1.099076144829991,0.9506163229941201,0.9179515644944924,3.045385854042145,2.3341428766918346,0.9831503521571181,0.11592579267287295
valence,emg_lagged_interaction_experimental,16,physio_context_ridge1000,6,160,2.427205353975296,2.651835560031979,0.9372243888403962,0.25641883501041235,3.045385854042145,0.4248139983486674,0.9831503521571181,1.668685207874861
valence,emg_lagged_interaction_experimental,16,physio_similarity_knn64,6,160,0.9172470584511757,1.1242749562333678,0.9482209595919856,0.9141114150762246,3.045385854042145,2.3293078245653156,0.9831503521571181,0.14112460407624972
valence,emg_lagged_interaction_experimental,4,locked_kernel_residual_shrink4,7,280,0.757472753737654,0.9282516629815999,0.9267485554354797,0.9045940640551801,1.8848178334539722,2.338559980714364,0.9282516629815999,0.0
valence,emg_lagged_interaction_experimental,4,physio_residual_ridge100,7,280,0.8433647662401199,1.0134068046164468,0.9265933838989893,0.8934804823428976,1.8848178334539722,2.4662377330801575,0.9282516629815999,0.08515514163484694
valence,emg_lagged_interaction_experimental,4,physio_context_ridge100,7,280,0.6174337804317475,0.7108745421277157,0.9265622032709364,0.921384324569861,1.8848178334539722,1.6956789705438626,0.9282516629815999,-0.21737712085388416
valence,emg_lagged_interaction_experimental,4,physio_residual_ridge1000,7,280,0.8484770157507487,1.020040744356922,0.9276413615909249,0.8930607964016027,1.8848178334539722,2.4848469030001588,0.9282516629815999,0.09178908137532205
valence,emg_lagged_interaction_experimental,4,physio_context_ridge1000,7,280,1.2468359981264387,1.4870961374796423,0.9252802636972703,0.4117243362801563,1.8848178334539722,0.44374254532917357,0.9282516629815999,0.5588444744980424
valence,emg_lagged_interaction_experimental,4,physio_similarity_knn64,7,280,0.870557788014412,1.0356486228882298,0.9249505119899769,0.8899839117758783,1.8848178334539722,2.488473074751259,0.9282516629815999,0.1073969599066299
valence,emg_lagged_interaction_experimental,16,locked_kernel_residual_shrink4,7,160,0.6192822478711605,0.7735452807817028,0.9266134040211034,0.917361963426163,1.7787702036800581,2.0150406001939674,0.7735452807817028,0.0
valence,emg_lagged_interaction_experimental,16,physio_residual_ridge100,7,160,0.8259438939392567,1.001207763320655,0.9207444967147345,0.8851849019527893,1.7787702036800581,2.359361239321611,0.7735452807817028,0.22766248253895227
valence,emg_lagged_interaction_experimental,16,physio_context_ridge100,7,160,0.6079775243997574,0.693105652149257,0.9210244185944649,0.9172089071742622,1.7787702036800581,1.6242861572506995,0.7735452807817028,-0.0804396286324458
valence,emg_lagged_interaction_experimental,16,physio_residual_ridge1000,7,160,0.8419339887797832,1.0197333007049234,0.9219852934688649,0.8823198699807224,1.7787702036800581,2.3769622737277567,0.7735452807817028,0.2461880199232206
valence,emg_lagged_interaction_experimental,16,physio_context_ridge1000,7,160,1.1635473370552063,1.396559615174587,0.9205752269675974,0.41741851397389995,1.7787702036800581,0.42670218018579886,0.7735452807817028,0.6230143343928841
valence,emg_lagged_interaction_experimental,16,physio_similarity_knn64,7,160,0.8522781588137149,1.0258236388136737,0.9192313175932875,0.881065613546973,1.7787702036800581,2.383809613479893,0.7735452807817028,0.25227835803197085
valence,emg_lagged_interaction_experimental,4,locked_kernel_residual_shrink4,8,280,0.9672258770891599,1.266343515057016,0.8994881038063586,0.8814256831850222,2.7340236290276705,2.423653038739127,1.266343515057016,0.0
valence,emg_lagged_interaction_experimental,4,physio_residual_ridge100,8,280,0.8965324193239212,1.195460641915348,0.9086844792263671,0.8940199030995977,2.7340236290276705,2.4263199574983614,1.266343515057016,-0.07088287314166797
valence,emg_lagged_interaction_experimental,4,physio_context_ridge100,8,280,1.1395113161631993,1.4587393511077977,0.9048820790280793,0.7954827003737038,2.7340236290276705,1.672753088256106,1.266343515057016,0.1923958360507818
valence,emg_lagged_interaction_experimental,4,physio_residual_ridge1000,8,280,0.9147759888853345,1.2010816260693582,0.9107712628990853,0.8933547490109156,2.7340236290276705,2.426531300889879,1.266343515057016,-0.06526188898765772
valence,emg_lagged_interaction_experimental,4,physio_context_ridge1000,8,280,2.0657580614089968,2.3741306899794488,0.898900201259898,0.27864208011171704,2.7340236290276705,0.4429568339919216,1.266343515057016,1.1077871749224328
valence,emg_lagged_interaction_experimental,4,physio_similarity_knn64,8,280,0.8859354219266347,1.1908750051426056,0.9048065884908609,0.8942956878072449,2.7340236290276705,2.425117460771496,1.266343515057016,-0.07546850991441034
valence,emg_lagged_interaction_experimental,16,locked_kernel_residual_shrink4,8,160,0.8773038059473037,1.1699733541736417,0.9070720155258597,0.8939454795319284,2.6804777442650036,2.372738187341924,1.1699733541736417,0.0
valence,emg_lagged_interaction_experimental,16,physio_residual_ridge100,8,160,0.819264504313469,1.1126968218605657,0.9183816865805613,0.9053065037572863,2.6804777442650036,2.40416221680567,1.1699733541736417,-0.057276532313075945
valence,emg_lagged_interaction_experimental,16,physio_context_ridge100,8,160,1.0606854379177093,1.378344026357237,0.914494380380226,0.8105270342858264,2.6804777442650036,1.6577241572976673,1.1699733541736417,0.2083706721835954
valence,emg_lagged_interaction_experimental,16,physio_residual_ridge1000,8,160,0.8400065019726753,1.118732273080522,0.9204599623851119,0.9045413057052926,2.6804777442650036,2.4033562078185637,1.1699733541736417,-0.051241081093119645
valence,emg_lagged_interaction_experimental,16,physio_context_ridge1000,8,160,2.004836532473564,2.303464546411704,0.9085483210064272,0.28718273174951825,2.6804777442650036,0.4388872285103199,1.1699733541736417,1.1334911922380622
valence,emg_lagged_interaction_experimental,16,physio_similarity_knn64,8,160,0.8087530463933945,1.108422803585942,0.9145453896155985,0.9056855932645843,2.6804777442650036,2.4063725233856506,1.1699733541736417,-0.06155055058769965
valence,emg_lagged_interaction_experimental,4,locked_kernel_residual_shrink4,9,280,1.020052530510085,1.3126198192543113,0.8865374502976296,0.8626675406459073,2.5669579192467644,2.377947944517871,1.3126198192543113,0.0
valence,emg_lagged_interaction_experimental,4,physio_residual_ridge100,9,280,1.0199123923267637,1.3060590697729286,0.8886996136694248,0.866675704534205,2.5669579192467644,2.430352269699415,1.3126198192543113,-0.006560749481382633
valence,emg_lagged_interaction_experimental,4,physio_context_ridge100,9,280,1.2100747994014196,1.4322268909368685,0.891432432679879,0.7877113477499833,2.5669579192467644,1.663132282518387,1.3126198192543113,0.11960707168255724
valence,emg_lagged_interaction_experimental,4,physio_residual_ridge1000,9,280,1.0255838010992322,1.320565041419746,0.8900287870405581,0.8638966910926907,2.5669579192467644,2.422478441085435,1.3126198192543113,0.007945222165434807
valence,emg_lagged_interaction_experimental,4,physio_context_ridge1000,9,280,2.05362001487187,2.260026538293895,0.8918743086562109,0.28042678324171155,2.5669579192467644,0.43472956756850534,1.3126198192543113,0.9474067190395838
valence,emg_lagged_interaction_experimental,4,physio_similarity_knn64,9,280,0.9701213653598513,1.2578804859359713,0.894763363056656,0.8766192894800654,2.5669579192467644,2.4472907987335293,1.3126198192543113,-0.05473933331833991
valence,emg_lagged_interaction_experimental,16,locked_kernel_residual_shrink4,9,160,0.9525443784892559,1.2060731933244182,0.9017019065205498,0.8823492272907517,2.5188042798121484,2.4016275073739504,1.2060731933244182,0.0
valence,emg_lagged_interaction_experimental,16,physio_residual_ridge100,9,160,1.0159045420587063,1.301434326337532,0.8961743560367403,0.8670550278752366,2.5188042798121484,2.4468217244934287,1.2060731933244182,0.09536113301311389
valence,emg_lagged_interaction_experimental,16,physio_context_ridge100,9,160,1.2495723873376847,1.4253428294501582,0.8956759731036977,0.7889605349560778,2.5188042798121484,1.6832744458875621,1.2060731933244182,0.21926963612574002
valence,emg_lagged_interaction_experimental,16,physio_residual_ridge1000,9,160,1.0295036651194096,1.3232263868453955,0.8964896259980888,0.8630820447137535,2.5188042798121484,2.44393862809456,1.2060731933244182,0.1171531935209773
valence,emg_lagged_interaction_experimental,16,physio_context_ridge1000,9,160,2.059841674566269,2.252979062048796,0.8914139457733301,0.281715564902859,2.5188042798121484,0.4433276879798016,1.2060731933244182,1.046905868724378
valence,emg_lagged_interaction_experimental,16,physio_similarity_knn64,9,160,0.966826444864273,1.2611440141660915,0.9001438468612906,0.8758919878947612,2.5188042798121484,2.4753907561581223,1.2060731933244182,0.05507082084167325
arousal,emg_lagged_interaction_experimental,4,locked_kernel_residual_shrink4,1,280,1.952224103467805,2.3141896555165404,0.3753180326703831,0.3178432556374591,2.4427083288006033,1.3608983234805807,2.3141896555165404,0.0
arousal,emg_lagged_interaction_experimental,4,physio_residual_ridge100,1,280,2.0314399693693432,2.3256774441610344,0.4847834194922186,0.3671500072558894,2.4427083288006033,1.3249282395688422,2.3141896555165404,0.011487788644493957
arousal,emg_lagged_interaction_experimental,4,physio_context_ridge100,1,280,2.081255533014025,2.3369582637820887,0.49259554033908143,0.2896088399669825,2.4427083288006033,0.9251754362763946,2.3141896555165404,0.022768608265548274
arousal,emg_lagged_interaction_experimental,4,physio_residual_ridge1000,1,280,1.9907388780798232,2.285988889485241,0.4611002976739887,0.3602944978785451,2.4427083288006033,1.3065582091482038,2.3141896555165404,-0.028200766031299285
arousal,emg_lagged_interaction_experimental,4,physio_context_ridge1000,1,280,2.183639740943909,2.438339682265136,0.4915261684996241,0.09181512851179528,2.4427083288006033,0.2503111198579994,2.3141896555165404,0.12415002674859554
arousal,emg_lagged_interaction_experimental,4,physio_similarity_knn64,1,280,2.2691965869494846,2.5112123345884174,0.4724430368966492,0.3167349043857337,2.4427083288006033,1.2665504699398125,2.3141896555165404,0.19702267907187698
arousal,emg_lagged_interaction_experimental,16,locked_kernel_residual_shrink4,1,160,2.070969656854868,2.426595038934914,0.2914610622029722,0.23734665662679447,2.46272207120495,1.2765111396615307,2.426595038934914,0.0
arousal,emg_lagged_interaction_experimental,16,physio_residual_ridge100,1,160,2.1046775937080384,2.38779976505923,0.46100057224208957,0.3425417502257797,2.46272207120495,1.3082606555763876,2.426595038934914,-0.03879527387568382
arousal,emg_lagged_interaction_experimental,16,physio_context_ridge100,1,160,2.148587766289711,2.392957866562437,0.46890439581923815,0.2697437458987532,2.46272207120495,0.9158334477561694,2.426595038934914,-0.033637172372476876
arousal,emg_lagged_interaction_experimental,16,physio_residual_ridge1000,1,160,2.065139776468277,2.3458234479253175,0.4355920482783734,0.33349876833758957,2.46272207120495,1.283389798031299,2.426595038934914,-0.0807715910095963
arousal,emg_lagged_interaction_experimental,16,physio_context_ridge1000,1,160,2.234224182367325,2.474904774884324,0.4658240245557856,0.08523670930602102,2.46272207120495,0.24875261347375505,2.426595038934914,0.048309735949410015
arousal,emg_lagged_interaction_experimental,16,physio_similarity_knn64,1,160,2.3256316408514977,2.5622460485582517,0.45398316280928713,0.29790082069390167,2.46272207120495,1.2457467244976665,2.426595038934914,0.13565100962333787
arousal,emg_lagged_interaction_experimental,4,locked_kernel_residual_shrink4,2,280,1.7884325998170034,2.090235773212902,0.6373889287201546,0.4760413000794533,2.297178282420522,1.3555293206520334,2.090235773212902,0.0
arousal,emg_lagged_interaction_experimental,4,physio_residual_ridge100,2,280,2.15761222583907,2.511576269581794,0.6211278771770463,0.3817529109606259,2.297178282420522,1.3649203228904818,2.090235773212902,0.42134049636889204
arousal,emg_lagged_interaction_experimental,4,physio_context_ridge100,2,280,2.232643813746316,2.5861258781639123,0.596606060962955,0.2899802079280273,2.297178282420522,0.9965173479622104,2.090235773212902,0.49589010495101027
arousal,emg_lagged_interaction_experimental,4,physio_residual_ridge1000,2,280,2.16430672449725,2.5290129669126387,0.6554573894421521,0.3773062839872192,2.297178282420522,1.2869228324401534,2.090235773212902,0.43877719369973667
arousal,emg_lagged_interaction_experimental,4,physio_context_ridge1000,2,280,2.52276953458786,2.8349561039610753,0.543871248002194,0.0863445711440341,2.297178282420522,0.30396562831831764,2.090235773212902,0.7447203307481733
arousal,emg_lagged_interaction_experimental,4,physio_similarity_knn64,2,280,2.024356008853231,2.396733168855867,0.5934777448481708,0.4207058126562127,2.297178282420522,1.5299934756810987,2.090235773212902,0.30649739564296485
arousal,emg_lagged_interaction_experimental,16,locked_kernel_residual_shrink4,2,160,1.5331442698836326,1.8325059849228544,0.6453349838720395,0.539716469055745,2.235010836103486,1.3650111537453322,1.8325059849228544,0.0
arousal,emg_lagged_interaction_experimental,16,physio_residual_ridge100,2,160,2.1532450139522554,2.48850704411177,0.6644878338218395,0.39788483437146593,2.235010836103486,1.3777134755779206,1.8325059849228544,0.6560010591889156
arousal,emg_lagged_interaction_experimental,16,physio_context_ridge100,2,160,2.2521027237176896,2.592547194571893,0.6383980142395332,0.300057512324502,2.235010836103486,1.009704596818921,1.8325059849228544,0.7600412096490385
arousal,emg_lagged_interaction_experimental,16,physio_residual_ridge1000,2,160,2.151006469875574,2.5029510551912626,0.6972070880441305,0.3895268320249804,2.235010836103486,1.2826379648385298,1.8325059849228544,0.6704450702684082
arousal,emg_lagged_interaction_experimental,16,physio_context_ridge1000,2,160,2.5662816613912582,2.8846389259480754,0.5840248944675883,0.08808810022292408,2.235010836103486,0.30789759157125207,1.8325059849228544,1.052132941025221
arousal,emg_lagged_interaction_experimental,16,physio_similarity_knn64,2,160,2.006727882474661,2.353108661247015,0.6462775704334871,0.44222847837851553,2.235010836103486,1.5196571662155065,1.8325059849228544,0.5206026763241607
arousal,emg_lagged_interaction_experimental,4,locked_kernel_residual_shrink4,3,280,1.486244146312986,1.760712172381301,0.6440567120997828,0.4663923681227742,1.5168946528203933,1.3867450022355847,1.760712172381301,0.0
arousal,emg_lagged_interaction_experimental,4,physio_residual_ridge100,3,280,1.971435580083302,2.245054750202505,0.6607339848250657,0.3749269129743002,1.5168946528203933,1.5081954541549356,1.760712172381301,0.48434257782120405
arousal,emg_lagged_interaction_experimental,4,physio_context_ridge100,3,280,1.9306700153010232,2.1953521117143127,0.6479944607419336,0.3101239077897321,1.5168946528203933,1.1020868402789321,1.760712172381301,0.4346399393330116
arousal,emg_lagged_interaction_experimental,4,physio_residual_ridge1000,3,280,1.975497944014413,2.2588802089813615,0.6829841767447564,0.3590452792663788,1.5168946528203933,1.3794698504628604,1.760712172381301,0.4981680366000605
arousal,emg_lagged_interaction_experimental,4,physio_context_ridge1000,3,280,1.9868023906435286,2.3622757976737017,0.6736477253030947,0.08984402977469655,1.5168946528203933,0.26953572637516315,1.760712172381301,0.6015636252924006
arousal,emg_lagged_interaction_experimental,4,physio_similarity_knn64,3,280,1.6637965764318194,1.9677902686576936,0.6807898848566463,0.42547094107769073,1.5168946528203933,1.388407691197344,1.760712172381301,0.2070780962763925
arousal,emg_lagged_interaction_experimental,16,locked_kernel_residual_shrink4,3,160,1.2307722948491573,1.4626485746832245,0.6653731445611558,0.5465935634075575,1.548991607465967,1.2511589535112317,1.4626485746832245,0.0
arousal,emg_lagged_interaction_experimental,16,physio_residual_ridge100,3,160,2.0398558601737022,2.301435336395173,0.6947324350742876,0.38542989616431655,1.548991607465967,1.543387172505937,1.4626485746832245,0.8387867617119487
arousal,emg_lagged_interaction_experimental,16,physio_context_ridge100,3,160,1.9889592185616494,2.2441451678765434,0.6859925867702341,0.32304971497589974,1.548991607465967,1.1308786306373804,1.4626485746832245,0.7814965931933189
arousal,emg_lagged_interaction_experimental,16,physio_residual_ridge1000,3,160,2.0694242432713508,2.336902927513964,0.7073983805279588,0.35873580904820995,1.548991607465967,1.3940423412410476,1.4626485746832245,0.8742543528307396
arousal,emg_lagged_interaction_experimental,16,physio_context_ridge1000,3,160,2.052170845866203,2.4235746828528053,0.7050021360960597,0.09280346899555178,1.548991607465967,0.27510985663411197,1.4626485746832245,0.9609261081695808
arousal,emg_lagged_interaction_experimental,16,physio_similarity_knn64,3,160,1.7383850283920765,2.032944087004038,0.7039344675511761,0.427227663583034,1.548991607465967,1.4135686639312806,1.4626485746832245,0.5702955123208133
arousal,emg_lagged_interaction_experimental,4,locked_kernel_residual_shrink4,5,280,1.4133307874202727,1.6703450441276795,0.6054765525780531,0.534677531199554,2.0962521220463137,1.262930512042021,1.6703450441276795,0.0
arousal,emg_lagged_interaction_experimental,4,physio_residual_ridge100,5,280,1.4234170590128217,1.6690964249008151,0.6420264075631447,0.5652793656410852,2.0962521220463137,1.3458272859670166,1.6703450441276795,-0.001248619226864367
arousal,emg_lagged_interaction_experimental,4,physio_context_ridge100,5,280,1.5172398260661535,1.7163144882892452,0.6395552468597664,0.467336635169204,2.0962521220463137,0.9638715445437285,1.6703450441276795,0.045969444161565676
arousal,emg_lagged_interaction_experimental,4,physio_residual_ridge1000,5,280,1.424096212216786,1.662629109702989,0.6392387114658207,0.5569954092487399,2.0962521220463137,1.2968733641947485,1.6703450441276795,-0.007715934424690429
arousal,emg_lagged_interaction_experimental,4,physio_context_ridge1000,5,280,1.7820046816553388,1.9852511227262308,0.6223769712574755,0.15086066445406573,2.0962521220463137,0.2683495871341079,1.6703450441276795,0.31490607859855135
arousal,emg_lagged_interaction_experimental,4,physio_similarity_knn64,5,280,1.391328295639583,1.642937471002197,0.6238089444638586,0.5676583662278831,2.0962521220463137,1.3551174715844156,1.6703450441276795,-0.027407573125482587
arousal,emg_lagged_interaction_experimental,16,locked_kernel_residual_shrink4,5,160,1.444637469947338,1.7230305754388173,0.569845620346384,0.5268292831100974,2.0802268506102886,1.3942482470098398,1.7230305754388173,0.0
arousal,emg_lagged_interaction_experimental,16,physio_residual_ridge100,5,160,1.4075224846601486,1.6708430209402736,0.6345354915167614,0.5753922368876789,2.0802268506102886,1.4330150582634893,1.7230305754388173,-0.05218755449854373
arousal,emg_lagged_interaction_experimental,16,physio_context_ridge100,5,160,1.4940043658018112,1.70164987967704,0.6290729578574414,0.4818125385231488,2.0802268506102886,1.0287027537124755,1.7230305754388173,-0.021380695761777258
arousal,emg_lagged_interaction_experimental,16,physio_residual_ridge1000,5,160,1.4070472463965416,1.6524935502394065,0.6377404448084271,0.5714221802588165,2.0802268506102886,1.3722154194571834,1.7230305754388173,-0.07053702519941085
arousal,emg_lagged_interaction_experimental,16,physio_context_ridge1000,5,160,1.750523993372917,1.9669784289052898,0.6096393071150941,0.1583666013889849,2.0802268506102886,0.2870292628046496,1.7230305754388173,0.24394785346647252
arousal,emg_lagged_interaction_experimental,16,physio_similarity_knn64,5,160,1.3932195514440537,1.658425558862094,0.6123550552007092,0.5667512779179131,2.0802268506102886,1.412222678276791,1.7230305754388173,-0.06460501657672335
arousal,emg_lagged_interaction_experimental,4,locked_kernel_residual_shrink4,6,280,2.408461197784969,2.71544001438284,0.07184134059464618,0.034929092161177,1.451529805243489,1.279611455820987,2.71544001438284,0.0
arousal,emg_lagged_interaction_experimental,4,physio_residual_ridge100,6,280,3.191039501769202,3.539191163494323,0.10158752637374599,0.033208898640145604,1.451529805243489,1.4589268970149083,2.71544001438284,0.8237511491114833
arousal,emg_lagged_interaction_experimental,4,physio_context_ridge100,6,280,3.1494217932224275,3.4099660768438715,0.0971971008869984,0.02383728280783817,1.451529805243489,1.0062951618420217,2.71544001438284,0.6945260624610317
arousal,emg_lagged_interaction_experimental,4,physio_residual_ridge1000,6,280,3.2310984441212245,3.583995038707612,0.10520004181288391,0.03351945639864462,1.451529805243489,1.458702693368307,2.71544001438284,0.8685550243247722
arousal,emg_lagged_interaction_experimental,4,physio_context_ridge1000,6,280,3.173419039590018,3.3530435820688123,0.10723017011668494,0.007264025729124001,1.451529805243489,0.26427072852935235,2.71544001438284,0.6376035676859724
arousal,emg_lagged_interaction_experimental,4,physio_similarity_knn64,6,280,3.1361925431660245,3.5028842676459084,0.07981940279182938,0.029250597095691423,1.451529805243489,1.5955659279564864,2.71544001438284,0.7874442532630685
arousal,emg_lagged_interaction_experimental,16,locked_kernel_residual_shrink4,6,160,1.9241780951619147,2.1773936330088266,0.0525969846711436,0.028987431198230797,1.4382606683073824,0.9354710021000341,2.1773936330088266,0.0
arousal,emg_lagged_interaction_experimental,16,physio_residual_ridge100,6,160,3.32295890301466,3.649296436126134,0.17707696338818413,0.050554341815813496,1.4382606683073824,1.392120946432281,2.1773936330088266,1.4719028031173074
arousal,emg_lagged_interaction_experimental,16,physio_context_ridge100,6,160,3.2827138498425485,3.526782921847488,0.1708532638094796,0.03654205840942238,1.4382606683073824,0.9599018428675538,2.1773936330088266,1.3493892888386614
arousal,emg_lagged_interaction_experimental,16,physio_residual_ridge1000,6,160,3.3733216524124146,3.701663004600049,0.1732470959019302,0.048336678431924726,1.4382606683073824,1.396540922078171,2.1773936330088266,1.5242693715912226
arousal,emg_lagged_interaction_experimental,16,physio_context_ridge1000,6,160,3.3154009133577347,3.4657567206186437,0.16960719953703587,0.010115506083214857,1.4382606683073824,0.25158651502926543,2.1773936330088266,1.288363087609817
arousal,emg_lagged_interaction_experimental,16,physio_similarity_knn64,6,160,3.2764975652098656,3.6389735302360435,0.16473051189341842,0.053411653487015806,1.4382606683073824,1.5768522953998936,2.1773936330088266,1.461579897227217
arousal,emg_lagged_interaction_experimental,4,locked_kernel_residual_shrink4,7,280,1.3349134360040937,1.5451550008873802,0.6259230719775096,0.35603926828212196,0.8902461824159216,1.1844631186012933,1.5451550008873802,0.0
arousal,emg_lagged_interaction_experimental,4,physio_residual_ridge100,7,280,3.0869696157319204,3.280102109199738,0.5208037312219616,0.09874073268584291,0.8902461824159216,1.2711802194752369,1.5451550008873802,1.7349471083123578
arousal,emg_lagged_interaction_experimental,4,physio_context_ridge100,7,280,3.1027495060648236,3.237401611308166,0.452332192124207,0.06301968332444913,0.8902461824159216,0.8752684880220809,1.5451550008873802,1.6922466104207858
arousal,emg_lagged_interaction_experimental,4,physio_residual_ridge1000,7,280,2.367453545331955,2.593691529701712,0.6038849286198306,0.17468733781054405,0.8902461824159216,1.3242965847730772,1.5451550008873802,1.0485365288143318
arousal,emg_lagged_interaction_experimental,4,physio_context_ridge1000,7,280,2.420642817020416,2.5631204274604342,0.32321204933950126,0.0230696115722972,0.8902461824159216,0.2695796024114393,1.5451550008873802,1.017965426573054
arousal,emg_lagged_interaction_experimental,4,physio_similarity_knn64,7,280,2.65916828087398,2.8941327633080838,0.5072990751673994,0.12333000174854038,0.8902461824159216,1.304563750349084,1.5451550008873802,1.3489777624207036
arousal,emg_lagged_interaction_experimental,16,locked_kernel_residual_shrink4,7,160,0.8629578836262226,1.0251428359080421,0.6180597360220436,0.5246105884540571,0.9685483661129166,0.9686670989091376,1.0251428359080421,0.0
arousal,emg_lagged_interaction_experimental,16,physio_residual_ridge100,7,160,3.0695882022380827,3.282072143185696,0.49384024193996595,0.10196223225504901,0.9685483661129166,1.2785072469633938,1.0251428359080421,2.256929307277654
arousal,emg_lagged_interaction_experimental,16,physio_context_ridge100,7,160,3.058827805519104,3.2192789442392367,0.41681398286144555,0.06454124610225136,0.9685483661129166,0.8855973994061305,1.0251428359080421,2.1941361083311945
arousal,emg_lagged_interaction_experimental,16,physio_residual_ridge1000,7,160,2.345040164887905,2.5825736424427514,0.5932724118012025,0.1858310668084686,0.9685483661129166,1.3246579803149527,1.0251428359080421,1.5574308065347093
arousal,emg_lagged_interaction_experimental,16,physio_context_ridge1000,7,160,2.3283605754375456,2.505733583358619,0.29336671626179267,0.02426781183894088,0.9685483661129166,0.27479424061061253,1.0251428359080421,1.4805907474505768
arousal,emg_lagged_interaction_experimental,16,physio_similarity_knn64,7,160,2.6064963176846505,2.8675205682690703,0.468352179728155,0.12530945952733313,0.9685483661129166,1.2984303436690392,1.0251428359080421,1.8423777323610282
arousal,emg_lagged_interaction_experimental,4,locked_kernel_residual_shrink4,8,280,1.7493017311607089,2.024154283969776,0.7176628451851926,0.5629434474452446,2.4967095693070482,1.4726375583103641,2.024154283969776,0.0
arousal,emg_lagged_interaction_experimental,4,physio_residual_ridge100,8,280,2.095000378574644,2.4317000636193646,0.6843463284656331,0.41104963234181624,2.4967095693070482,1.2077070905223337,2.024154283969776,0.4075457796495887
arousal,emg_lagged_interaction_experimental,4,physio_context_ridge100,8,280,2.243683500800814,2.5711427736506716,0.6357848192878213,0.2891695595537254,2.4967095693070482,0.8470923644102073,2.024154283969776,0.5469884896808956
arousal,emg_lagged_interaction_experimental,4,physio_residual_ridge1000,8,280,2.1121779365198954,2.409501650159375,0.7279426235958417,0.43149573941735436,2.4967095693070482,1.2122775793544915,2.024154283969776,0.38534736618959897
arousal,emg_lagged_interaction_experimental,4,physio_context_ridge1000,8,280,2.5446967908314297,2.8519920505270675,0.5545986683618592,0.07336271944535125,2.4967095693070482,0.23253344736110337,2.024154283969776,0.8278377665572916
arousal,emg_lagged_interaction_experimental,4,physio_similarity_knn64,8,280,2.2289596259593965,2.5993717587852414,0.672940501024077,0.3819612640664187,2.4967095693070482,1.2426983738579946,2.024154283969776,0.5752174748154655
arousal,emg_lagged_interaction_experimental,16,locked_kernel_residual_shrink4,8,160,1.5845862425863744,1.8514432347678504,0.7159270868544533,0.6238926625812765,2.407272510020417,1.6496614586730138,1.8514432347678504,0.0
arousal,emg_lagged_interaction_experimental,16,physio_residual_ridge100,8,160,2.2086882665753365,2.545592070671837,0.6354092499154823,0.3624106863729811,2.407272510020417,1.204006412535985,1.8514432347678504,0.6941488359039865
arousal,emg_lagged_interaction_experimental,16,physio_context_ridge100,8,160,2.3574264734983443,2.677781858097559,0.5776640719394626,0.24783202135510582,2.407272510020417,0.8494979963663325,1.8514432347678504,0.8263386233297088
arousal,emg_lagged_interaction_experimental,16,physio_residual_ridge1000,8,160,2.208205533027649,2.5076250839773486,0.691749861267253,0.38924542042896704,2.407272510020417,1.2033103653526855,1.8514432347678504,0.6561818492094982
arousal,emg_lagged_interaction_experimental,16,physio_context_ridge1000,8,160,2.629592680931091,2.9298584825803093,0.48119505227561826,0.06055525739621587,2.407272510020417,0.23883473906273672,1.8514432347678504,1.078415247812459
arousal,emg_lagged_interaction_experimental,16,physio_similarity_knn64,8,160,2.3491251066327097,2.7207475105270444,0.6243733344598862,0.33774837344275455,2.407272510020417,1.2558770215077453,1.8514432347678504,0.869304275759194
arousal,emg_lagged_interaction_experimental,4,locked_kernel_residual_shrink4,9,280,1.3884180809770312,1.7455917771279157,0.5016902231495387,0.42987683751266426,1.9954508211408855,1.1475036415395747,1.7455917771279157,0.0
arousal,emg_lagged_interaction_experimental,4,physio_residual_ridge100,9,280,1.615511456131935,2.1281671645836324,0.4435869238653314,0.34151377195969784,1.9954508211408855,1.3268543174566945,1.7455917771279157,0.38257538745571673
arousal,emg_lagged_interaction_experimental,4,physio_context_ridge100,9,280,1.589756384066173,2.089998708055309,0.410787800345099,0.2587924021313718,1.9954508211408855,0.9302831027849635,1.7455917771279157,0.3444069309273934
arousal,emg_lagged_interaction_experimental,4,physio_residual_ridge1000,9,280,1.432830454621996,1.8995270618165077,0.5205939515639999,0.4325408924763896,1.9954508211408855,1.3237727263788768,1.7455917771279157,0.15393528468859197
arousal,emg_lagged_interaction_experimental,4,physio_context_ridge1000,9,280,1.6563090579850333,2.0347795011905596,0.4259725200535788,0.09746371263648015,1.9954508211408855,0.26300280382385555,1.7455917771279157,0.2891877240626439
arousal,emg_lagged_interaction_experimental,4,physio_similarity_knn64,9,280,1.5067807082618987,1.9744826755415363,0.525192928802841,0.426789798282387,1.9954508211408855,1.3848951011118837,1.7455917771279157,0.22889089841362065
arousal,emg_lagged_interaction_experimental,16,locked_kernel_residual_shrink4,9,160,1.4927050307393075,1.864935677719303,0.4735409910310686,0.39198022146808625,2.0614012224698044,1.1484816440227463,1.864935677719303,0.0
arousal,emg_lagged_interaction_experimental,16,physio_residual_ridge100,9,160,1.7732966482639312,2.2883185334548406,0.42829641960436154,0.30753660056363186,2.0614012224698044,1.317030926798837,1.864935677719303,0.4233828557355377
arousal,emg_lagged_interaction_experimental,16,physio_context_ridge100,9,160,1.740946139395237,2.2607768173472387,0.3958014421584975,0.22752352165481535,2.0614012224698044,0.9225427965279934,1.864935677719303,0.39584113962793577
arousal,emg_lagged_interaction_experimental,16,physio_residual_ridge1000,9,160,1.5748753145337104,2.0330302318645717,0.5089662725896726,0.3999424834489459,2.0614012224698044,1.3128369857533413,1.864935677719303,0.16809455414526875
arousal,emg_lagged_interaction_experimental,16,physio_context_ridge1000,9,160,1.7851085603237151,2.1788268650634706,0.4263259498755118,0.08713795552710814,2.0614012224698044,0.257818077561934,1.864935677719303,0.31389118734416765
arousal,emg_lagged_interaction_experimental,16,physio_similarity_knn64,9,160,1.6129334934055806,2.082242936406251,0.5322420259835404,0.4078387658179628,2.0614012224698044,1.360848056742341,1.864935677719303,0.21730725868694822
