target,k_calibration,model,subject_id,n,mae,rmse,pearson,spearman,ccc,y_true_mean,y_true_std,y_pred_mean,y_pred_std,residual_mean,residual_std,residual_rmse,residual_mae
arousal,0,stimulus_only,1,32,1.5544354838709677,1.8757326005488377,0.6396747039031424,0.6336280762871853,0.591079851242668,4.40625,2.4348944407304396,4.306451612903226,1.6326014875239936,0.09979838709677412,1.8730758315387523,1.8757326005488377,1.5544354838709677
arousal,0,stimulus_only,2,32,2.326108870967742,2.7325131631493744,0.7271361956690021,0.7829385631311458,0.42266217010456714,6.5,2.3048861143232218,4.272681451612903,1.6307697904686218,2.2273185483870965,1.5829340702617387,2.7325131631493744,2.326108870967742
arousal,0,stimulus_only,3,32,1.645665322580645,1.8533457350509737,0.6357247908214484,0.6344455352961016,0.4801594393110361,3.0625,1.5194057226429023,4.328125,1.64231059042618,-1.265625,1.353914241378173,1.8533457350509737,1.645665322580645
arousal,0,stimulus_only,5,32,1.4047379032258065,1.7548362080449436,0.6946450633141555,0.7385488473019087,0.6057032951047436,5.1875,2.0832291640623697,4.293850806451613,1.634481336683944,0.893649193548387,1.5102454224184472,1.7548362080449436,1.4047379032258065
arousal,0,stimulus_only,6,32,3.337701612903226,3.7325121194933057,0.3170827001100329,0.38138344258506085,0.09466720235279265,7.53125,1.39159025488827,4.256048387096774,1.6507443513068545,3.2752016129032255,1.790167901902087,3.7325121194933057,3.337701612903226
arousal,0,stimulus_only,7,32,1.3487903225806452,1.6252851346734933,0.664034725547573,0.6860438597275036,0.42976028247690273,3.28125,0.909477013178453,4.324596774193548,1.6482209352998989,-1.0433467741935485,1.2461858921407156,1.6252851346734933,1.3487903225806452
arousal,0,stimulus_only,8,32,1.7182459677419355,1.9187893074403857,0.7647247061481831,0.7852355977697068,0.6275582319326556,3.3125,2.4929588343973914,4.324092741935484,1.6270466548631377,-1.0115927419354838,1.630470033705313,1.9187893074403857,1.7182459677419355
arousal,0,stimulus_only,9,32,1.6965725806451613,2.170411362822948,0.4570923493746102,0.46956461195453625,0.38491407323313337,5.34375,1.96229099205495,4.29133064516129,1.643292035292091,1.0524193548387095,1.898183074793325,2.170411362822948,1.6965725806451613
arousal,0,stimulus_only,10,32,1.4380040322580645,1.7173703785641625,0.7545455569743079,0.6583096352466759,0.681165922336731,4.1875,2.567069097239106,4.309979838709678,1.6265338073463327,-0.12247983870967742,1.7129972872947774,1.7173703785641625,1.4380040322580645
arousal,0,stimulus_only,11,32,1.6718749999999998,2.026535642212376,0.4276580639736072,0.4359750912602661,0.3926659461331032,5.0,1.8874586088176875,4.296875,1.6447504002176132,0.703125,1.9006477694544373,2.026535642212376,1.6718749999999998
arousal,0,stimulus_only,12,32,1.0922379032258065,1.3301654805004859,0.6670130773110609,0.6063847547898518,0.5895021197479596,4.8125,1.1575161985907585,4.299899193548387,1.6454867017620436,0.5126008064516129,1.2274284576871453,1.3301654805004859,1.0922379032258065
arousal,0,stimulus_only,13,32,2.081149193548387,2.4172453841383996,0.555088672893651,0.4724337435465743,0.28013380840659313,2.375,1.243734296383275,4.33921370967742,1.6467787568605616,-1.9642137096774195,1.4088788982214433,2.4172453841383996,2.081149193548387
arousal,0,stimulus_only,14,32,1.610383064516129,1.7966571854818605,0.8654060605055738,0.8158786083038903,0.5896991565968757,2.75,1.6393596310755,4.333165322580645,1.6350625440259345,-1.5831653225806452,0.8494495885699882,1.7966571854818605,1.610383064516129
arousal,0,stimulus_only,15,32,1.4349798387096775,1.6951581251313257,0.6843964811202883,0.6838954529864433,0.6327118970324376,3.8125,2.214123697989794,4.316028225806451,1.6333525202781025,-0.5035282258064515,1.6186477056527646,1.6951581251313257,1.4349798387096775
arousal,0,stimulus_only,16,32,1.1154233870967742,1.3937183709424947,0.8490714537900502,0.7851188280071603,0.7766475824489384,4.0625,2.4486922530199666,4.311995967741936,1.6243325360925709,-0.2494959677419355,1.371204820434612,1.3937183709424947,1.1154233870967742
arousal,0,stimulus_only,17,32,1.1703629032258065,1.443007647866153,0.8494711265706565,0.8058567055675556,0.7589941655334351,3.71875,2.3747943989954163,4.317540322580646,1.6253373414156536,-0.5987903225806452,1.3129056407007988,1.443007647866153,1.1703629032258065
arousal,0,stimulus_only,18,32,1.862399193548387,2.2144458644257767,0.7211949002894917,0.6891756144226439,0.5862598768217002,4.9375,2.9679275176459416,4.29788306451613,1.6231428211835852,0.639616935483871,2.1200614760696554,2.2144458644257767,1.862399193548387
arousal,0,stimulus_only,19,32,1.4783266129032255,1.8649160854374134,0.67305688302963,0.7573562085836922,0.5508004770128475,5.4375,1.9354828209002528,4.289818548387097,1.6368260362049833,1.147681451612903,1.4699453361764527,1.8649160854374134,1.4783266129032255
arousal,0,stimulus_only,20,32,1.2222782258064515,1.6061071539303806,0.8174181670963804,0.8295778754427827,0.6887310952788871,5.3125,2.1423920626253263,4.291834677419355,1.6296327910122985,1.020665322580645,1.2400897101370107,1.6061071539303806,1.2222782258064515
arousal,0,stimulus_only,21,32,1.277217741935484,1.6322030782527182,0.8430035229501304,0.7285661711621355,0.7379262719707491,4.34375,2.745557491202834,4.307459677419355,1.620495926660126,0.03629032258064516,1.631799589761145,1.6322030782527182,1.277217741935484
arousal,0,stimulus_only,22,32,1.9672379032258065,2.2019212090640568,0.7363599371429027,0.6965022133087162,0.5992353607517777,3.8125,3.0355961111452228,4.316028225806452,1.621613874668233,-0.5035282258064516,2.143575596227557,2.2019212090640568,1.9672379032258065
arousal,0,stimulus_only,23,32,1.2278225806451613,1.4444266565960073,0.8378042177970356,0.8186251100740446,0.7339550447883116,5.15625,2.108159371940366,4.294354838709678,1.629406496457281,0.8618951612903224,1.1590966729438268,1.4444266565960073,1.2278225806451613
arousal,0,stimulus_only,24,32,1.310483870967742,1.48257196823593,0.884284626195384,0.8455977263856485,0.7790914999650712,4.28125,2.706870598587971,4.308467741935484,1.6192654257380519,-0.027217741935483875,1.4823221092336485,1.48257196823593,1.310483870967742
arousal,0,stimulus_only,25,32,1.7767137096774193,2.1900265994374353,0.7183776736175677,0.7140056976931781,0.5964710806999016,4.25,3.0413812651491097,4.308971774193548,1.6224070271970636,-0.05897177419354839,2.18923247648393,2.1900265994374353,1.7767137096774193
arousal,0,stimulus_only,26,32,1.861391129032258,2.0975708009095437,0.6921782162668518,0.7032390754941981,0.5500166079740723,3.125,2.381569860407206,4.327116935483871,1.631177894570375,-1.202116935483871,1.7189293581328962,2.0975708009095437,1.861391129032258
arousal,0,stimulus_only,27,32,1.2263104838709675,1.535350762562059,0.6857768600850156,0.6533032970651478,0.6202442042179299,5.0625,1.71277370075559,4.29586693548387,1.6389311656529597,0.766633064516129,1.3302540014938895,1.535350762562059,1.2263104838709675
arousal,0,stimulus_only,28,32,1.3870967741935485,1.736794234893714,0.8523115608810486,0.7439674769942559,0.6831198156012985,3.15625,2.346664854106781,4.326612903225806,1.625620229030218,-1.1703629032258065,1.2832399966930983,1.736794234893714,1.3870967741935485
arousal,0,stimulus_only,29,32,1.0892137096774195,1.4303522584477637,0.7663483928825857,0.7911927673763665,0.7180842706934527,3.8125,2.0832291640623697,4.316028225806452,1.6321077413038991,-0.5035282258064517,1.3387930792556502,1.4303522584477637,1.0892137096774195
arousal,0,stimulus_only,30,32,0.7550403225806451,0.956852374832003,0.8934739322809535,0.8682985705758665,0.8680754224554206,4.34375,2.0707694071286644,4.307459677419355,1.628088483700141,0.03629032258064514,0.9561639397658944,0.956852374832003,0.7550403225806451
arousal,0,stimulus_only,31,32,2.011592741935484,2.3482477221801465,0.7902383180113697,0.7692709474610178,0.6000188698437783,5.125,3.2379584617471546,4.294858870967742,1.6164187210941403,0.8301411290322582,2.1966185537351026,2.3482477221801465,2.011592741935484
arousal,0,stimulus_only,32,32,1.0398185483870965,1.2891028761453294,0.7650874662357704,0.7299560016483684,0.7489324319303492,4.4375,1.9833289565778038,4.305947580645162,1.6333954482244362,0.13155241935483866,1.2823728733282098,1.2891028761453294,1.0398185483870965
arousal,0,stimulus_only,33,32,1.466733870967742,1.7088498453534822,0.5550418725169379,0.5846336260080733,0.5055267984077094,3.59375,1.6366767968966873,4.319556451612903,1.6432005111397983,-0.7258064516129032,1.5470529366384678,1.7088498453534822,1.466733870967742
arousal,0,stimulus_only,34,32,1.1975806451612905,1.370932162726182,0.8577420069249222,0.8685966040979513,0.7787625418460267,3.84375,2.373148949707961,4.315524193548387,1.625049714580117,-0.4717741935483871,1.287200102975002,1.370932162726182,1.1975806451612905
arousal,0,stimulus_only,35,32,1.1804435483870968,1.552764938493383,0.5524171309417635,0.5261720678869681,0.5431462971770319,4.59375,1.5783570373967988,4.303427419354838,1.6437990362349817,0.29032258064516125,1.5253824941246354,1.552764938493383,1.1804435483870968
arousal,0,stimulus_only,36,32,1.3986895161290323,1.6137422213029615,0.8281688496029959,0.8377729054559818,0.7245168899845159,4.875,2.54644359843292,4.298891129032258,1.6238238378140812,0.576108870967742,1.5074025758264082,1.6137422213029615,1.3986895161290323
arousal,0,stimulus_only,37,32,1.2988911290322582,1.579093729239403,0.503569928255726,0.5396798441611068,0.47245173851424793,4.75,1.346291201783626,4.300907258064516,1.6469570832960136,0.4490927419354839,1.513886625498777,1.579093729239403,1.2988911290322582
arousal,0,stimulus_only,38,32,1.1134072580645162,1.3992196939083654,0.7229243531153058,0.719878752428922,0.7054957767595205,4.5,1.984313483298443,4.304939516129032,1.6347132227835457,0.19506048387096772,1.3855566244123854,1.3992196939083654,1.1134072580645162
arousal,0,stimulus_only,39,32,1.719758064516129,2.042019248651355,0.7676405249461905,0.6309757579971604,0.6368732990294124,3.84375,2.9379986278928043,4.315524193548388,1.621343528399755,-0.47177419354838707,1.9867742000953235,2.042019248651355,1.719758064516129
arousal,0,stimulus_only,40,32,2.4994959677419355,2.919191928710636,0.4684225945889068,0.5149480612492227,0.35470059556770084,5.375,3.059309562630104,4.290826612903226,1.6343109757994334,1.0841733870967742,2.710396573079377,2.919191928710636,2.4994959677419355
arousal,0,stimulus_only,41,32,2.0055443548387095,2.4690247430071826,0.4297075601558554,0.44572460955923554,0.16032139639803564,2.375,0.81967981553775,4.33921370967742,1.6522739410377567,-1.9642137096774193,1.4959771670373037,2.4690247430071826,2.0055443548387095
arousal,0,stimulus_only,42,32,2.253024193548387,2.6523340250498326,0.6793976578000543,0.7004036165494839,0.41601257264235547,6.34375,2.2584476831443316,4.275201612903226,1.633034336140881,2.0685483870967745,1.660115463055621,2.6523340250498326,2.253024193548387
arousal,0,stimulus_only,43,32,1.5972782258064515,1.8068903377094594,0.8638948839185943,0.8256486416701168,0.7198429220667221,4.1875,3.0045538354304786,4.309979838709678,1.6159534382778398,-0.12247983870967742,1.802734417937777,1.8068903377094594,1.5972782258064515
arousal,0,stimulus_only,44,32,1.9823588709677418,2.461961855606203,0.5186399224228903,0.4016332543886638,0.4401171305273597,3.8125,2.8111107680061274,4.316028225806452,1.6340292818038096,-0.5035282258064517,2.4099202277826843,2.461961855606203,1.9823588709677418
arousal,0,stimulus_only,45,32,1.142641129032258,1.5219490856302587,0.6039531069248716,0.6180331561745381,0.5879117283252021,4.6875,1.6665364532466729,4.301915322580645,1.6416254815754825,0.38558467741935476,1.4722953086219464,1.5219490856302587,1.142641129032258
arousal,0,stimulus_only,46,32,1.4858870967741935,1.9311611674675555,0.40967788010441525,0.47740043487674816,0.4052697355797902,4.40625,1.885128891481959,4.306451612903226,1.645309528425829,0.09979838709677419,1.9285807571028841,1.9311611674675555,1.4858870967741935
arousal,0,stimulus_only,47,32,2.015120967741935,2.441804445284562,0.5370668726263562,0.48073748385981624,0.4498019813307133,4.96875,2.7780880903059932,4.297379032258065,1.6335022188213828,0.6713709677419355,2.3476946080537613,2.441804445284562,2.015120967741935
arousal,0,stimulus_only,48,32,1.0493951612903225,1.3047018848475163,0.7967730533808148,0.8373097283165034,0.7663000654033917,4.40625,2.1485369295173866,4.306451612903226,1.6302544520914506,0.09979838709677409,1.300879429561996,1.3047018848475163,1.0493951612903225
arousal,0,stimulus_only,49,32,2.065524193548387,2.3836409706151227,0.3876173089081509,0.3433325205976194,0.23736424177812304,2.65625,1.3831434985206705,4.334677419354839,1.6492231245869118,-1.6784274193548387,1.692520509403907,2.3836409706151227,2.065524193548387
arousal,0,stimulus_only,50,32,1.2056451612903225,1.3913277090479512,0.8978581496271996,0.8873978486220416,0.7991559451798751,4.28125,2.6485181588012567,4.308467741935484,1.6195365110629563,-0.027217741935483958,1.3910614610751582,1.3913277090479512,1.2056451612903225
arousal,0,stimulus_only,52,32,1.702116935483871,2.018432152260223,0.48814867280672436,0.5170577002309656,0.45554964967120937,4.8125,2.1277555663186503,4.299899193548386,1.6409747657491789,0.5126008064516129,1.9522573515044046,2.018432152260223,1.702116935483871
arousal,0,stimulus_only,53,32,0.8991935483870968,1.1178085559441453,0.8850872703819913,0.8781714645299696,0.8344007548493225,3.96875,2.1863836437139756,4.313508064516128,1.6267047484545685,-0.34475806451612906,1.0633145558549586,1.1178085559441453,0.8991935483870968
arousal,0,stimulus_only,54,32,1.4773185483870968,1.6993827114266937,0.6430736368541089,0.6790974821338142,0.614906902997159,4.4375,2.1928505991061042,4.305947580645162,1.6350320901614837,0.13155241935483875,1.6942831997212953,1.6993827114266937,1.4773185483870968
arousal,0,stimulus_only,55,32,2.25,2.4616497908979853,0.7950465863012915,0.699520481830936,0.34712249631746184,2.09375,1.2338804388999771,4.34375,1.6421315273475328,-2.25,0.9986088789050975,2.4616497908979853,2.25
arousal,0,stimulus_only,56,32,1.2288306451612905,1.4504419560416728,0.8656702754372579,0.8419496149200265,0.7678782819017453,4.84375,2.4762544169571914,4.299395161290322,1.6233028513427243,0.5443548387096774,1.3444179697621401,1.4504419560416728,1.2288306451612905
arousal,0,stimulus_only,57,32,1.836693548387097,2.166632480586249,0.3731227757768021,0.39690353106472104,0.35969927479984926,4.40625,2.1485369295173866,4.306451612903226,1.6447560380061694,0.09979838709677427,2.1643328274237774,2.166632480586249,1.836693548387097
arousal,0,stimulus_only,58,32,1.3074596774193548,1.5841130079171235,0.8988644335320037,0.8513851569095515,0.731492646727828,3.21875,2.3416657399167797,4.325604838709678,1.6239662800079988,-1.1068548387096775,1.133263600349544,1.5841130079171235,1.3074596774193548
arousal,0,stimulus_only,59,32,1.5524193548387097,2.058506247467732,0.6592880734724359,0.6739317607458565,0.5240910421031152,5.53125,2.1648379702647493,4.288306451612904,1.6347698682421274,1.2429435483870965,1.6408958852975946,2.058506247467732,1.5524193548387097
arousal,0,stimulus_only,60,32,2.089717741935484,2.415655774314542,0.8284694603679771,0.8607821590605765,0.5948220996377501,5.53125,3.201409601644251,4.288306451612903,1.6149671774160346,1.2429435483870968,2.0713483906629713,2.415655774314542,2.089717741935484
arousal,0,stimulus_only,61,32,1.611391129032258,1.8649160854374134,0.8895476149988314,0.882083862391182,0.7059631820797484,3.4375,2.9040650388722358,4.322076612903226,1.6161936415387985,-0.8845766129032258,1.641778371653087,1.8649160854374134,1.611391129032258
arousal,0,stimulus_only,62,32,1.742439516129032,2.092926447829683,0.7970900544626541,0.7038059936815464,0.6461839486641452,3.9375,3.1017887984193897,4.314012096774193,1.6178451727453453,-0.3765120967741936,2.058781133828381,2.092926447829683,1.742439516129032
arousal,0,stimulus_only,63,32,1.8578629032258065,2.1826475464845023,0.7844496410078389,0.7571117581327045,0.6292722366340426,4.03125,3.1867339765816665,4.3125,1.6173715826514223,-0.28125,2.1644511428246234,2.1826475464845023,1.8578629032258065
arousal,0,stimulus_only,64,32,1.2545362903225805,1.5094466023232982,0.7671576636270417,0.7722275080855436,0.7188677773762615,4.4375,2.3310070248714396,4.305947580645161,1.6289797798507877,0.13155241935483863,1.5037030977647274,1.5094466023232982,1.2545362903225805
arousal,0,stimulus_only,65,32,1.908266129032258,2.0286826907965585,0.9102085544158178,0.8628904041766321,0.6868309922540706,3.28125,3.0744346533143294,4.324596774193548,1.6127356263728783,-1.0433467741935485,1.7398221083540357,2.0286826907965585,1.908266129032258
arousal,0,stimulus_plus_fewshot_bias,1,32,1.5544354838709677,1.8757326005488377,0.6396747039031424,0.6336280762871853,0.591079851242668,4.40625,2.4348944407304396,4.306451612903226,1.6326014875239936,0.09979838709677412,1.8730758315387523,1.8757326005488377,1.5544354838709677
arousal,0,stimulus_plus_fewshot_bias,2,32,2.326108870967742,2.7325131631493744,0.7271361956690021,0.7829385631311458,0.42266217010456714,6.5,2.3048861143232218,4.272681451612903,1.6307697904686218,2.2273185483870965,1.5829340702617387,2.7325131631493744,2.326108870967742
arousal,0,stimulus_plus_fewshot_bias,3,32,1.645665322580645,1.8533457350509737,0.6357247908214484,0.6344455352961016,0.4801594393110361,3.0625,1.5194057226429023,4.328125,1.64231059042618,-1.265625,1.353914241378173,1.8533457350509737,1.645665322580645
arousal,0,stimulus_plus_fewshot_bias,5,32,1.4047379032258065,1.7548362080449436,0.6946450633141555,0.7385488473019087,0.6057032951047436,5.1875,2.0832291640623697,4.293850806451613,1.634481336683944,0.893649193548387,1.5102454224184472,1.7548362080449436,1.4047379032258065
arousal,0,stimulus_plus_fewshot_bias,6,32,3.337701612903226,3.7325121194933057,0.3170827001100329,0.38138344258506085,0.09466720235279265,7.53125,1.39159025488827,4.256048387096774,1.6507443513068545,3.2752016129032255,1.790167901902087,3.7325121194933057,3.337701612903226
arousal,0,stimulus_plus_fewshot_bias,7,32,1.3487903225806452,1.6252851346734933,0.664034725547573,0.6860438597275036,0.42976028247690273,3.28125,0.909477013178453,4.324596774193548,1.6482209352998989,-1.0433467741935485,1.2461858921407156,1.6252851346734933,1.3487903225806452
arousal,0,stimulus_plus_fewshot_bias,8,32,1.7182459677419355,1.9187893074403857,0.7647247061481831,0.7852355977697068,0.6275582319326556,3.3125,2.4929588343973914,4.324092741935484,1.6270466548631377,-1.0115927419354838,1.630470033705313,1.9187893074403857,1.7182459677419355
arousal,0,stimulus_plus_fewshot_bias,9,32,1.6965725806451613,2.170411362822948,0.4570923493746102,0.46956461195453625,0.38491407323313337,5.34375,1.96229099205495,4.29133064516129,1.643292035292091,1.0524193548387095,1.898183074793325,2.170411362822948,1.6965725806451613
arousal,0,stimulus_plus_fewshot_bias,10,32,1.4380040322580645,1.7173703785641625,0.7545455569743079,0.6583096352466759,0.681165922336731,4.1875,2.567069097239106,4.309979838709678,1.6265338073463327,-0.12247983870967742,1.7129972872947774,1.7173703785641625,1.4380040322580645
arousal,0,stimulus_plus_fewshot_bias,11,32,1.6718749999999998,2.026535642212376,0.4276580639736072,0.4359750912602661,0.3926659461331032,5.0,1.8874586088176875,4.296875,1.6447504002176132,0.703125,1.9006477694544373,2.026535642212376,1.6718749999999998
arousal,0,stimulus_plus_fewshot_bias,12,32,1.0922379032258065,1.3301654805004859,0.6670130773110609,0.6063847547898518,0.5895021197479596,4.8125,1.1575161985907585,4.299899193548387,1.6454867017620436,0.5126008064516129,1.2274284576871453,1.3301654805004859,1.0922379032258065
arousal,0,stimulus_plus_fewshot_bias,13,32,2.081149193548387,2.4172453841383996,0.555088672893651,0.4724337435465743,0.28013380840659313,2.375,1.243734296383275,4.33921370967742,1.6467787568605616,-1.9642137096774195,1.4088788982214433,2.4172453841383996,2.081149193548387
arousal,0,stimulus_plus_fewshot_bias,14,32,1.610383064516129,1.7966571854818605,0.8654060605055738,0.8158786083038903,0.5896991565968757,2.75,1.6393596310755,4.333165322580645,1.6350625440259345,-1.5831653225806452,0.8494495885699882,1.7966571854818605,1.610383064516129
arousal,0,stimulus_plus_fewshot_bias,15,32,1.4349798387096775,1.6951581251313257,0.6843964811202883,0.6838954529864433,0.6327118970324376,3.8125,2.214123697989794,4.316028225806451,1.6333525202781025,-0.5035282258064515,1.6186477056527646,1.6951581251313257,1.4349798387096775
arousal,0,stimulus_plus_fewshot_bias,16,32,1.1154233870967742,1.3937183709424947,0.8490714537900502,0.7851188280071603,0.7766475824489384,4.0625,2.4486922530199666,4.311995967741936,1.6243325360925709,-0.2494959677419355,1.371204820434612,1.3937183709424947,1.1154233870967742
arousal,0,stimulus_plus_fewshot_bias,17,32,1.1703629032258065,1.443007647866153,0.8494711265706565,0.8058567055675556,0.7589941655334351,3.71875,2.3747943989954163,4.317540322580646,1.6253373414156536,-0.5987903225806452,1.3129056407007988,1.443007647866153,1.1703629032258065
arousal,0,stimulus_plus_fewshot_bias,18,32,1.862399193548387,2.2144458644257767,0.7211949002894917,0.6891756144226439,0.5862598768217002,4.9375,2.9679275176459416,4.29788306451613,1.6231428211835852,0.639616935483871,2.1200614760696554,2.2144458644257767,1.862399193548387
arousal,0,stimulus_plus_fewshot_bias,19,32,1.4783266129032255,1.8649160854374134,0.67305688302963,0.7573562085836922,0.5508004770128475,5.4375,1.9354828209002528,4.289818548387097,1.6368260362049833,1.147681451612903,1.4699453361764527,1.8649160854374134,1.4783266129032255
arousal,0,stimulus_plus_fewshot_bias,20,32,1.2222782258064515,1.6061071539303806,0.8174181670963804,0.8295778754427827,0.6887310952788871,5.3125,2.1423920626253263,4.291834677419355,1.6296327910122985,1.020665322580645,1.2400897101370107,1.6061071539303806,1.2222782258064515
arousal,0,stimulus_plus_fewshot_bias,21,32,1.277217741935484,1.6322030782527182,0.8430035229501304,0.7285661711621355,0.7379262719707491,4.34375,2.745557491202834,4.307459677419355,1.620495926660126,0.03629032258064516,1.631799589761145,1.6322030782527182,1.277217741935484
arousal,0,stimulus_plus_fewshot_bias,22,32,1.9672379032258065,2.2019212090640568,0.7363599371429027,0.6965022133087162,0.5992353607517777,3.8125,3.0355961111452228,4.316028225806452,1.621613874668233,-0.5035282258064516,2.143575596227557,2.2019212090640568,1.9672379032258065
arousal,0,stimulus_plus_fewshot_bias,23,32,1.2278225806451613,1.4444266565960073,0.8378042177970356,0.8186251100740446,0.7339550447883116,5.15625,2.108159371940366,4.294354838709678,1.629406496457281,0.8618951612903224,1.1590966729438268,1.4444266565960073,1.2278225806451613
arousal,0,stimulus_plus_fewshot_bias,24,32,1.310483870967742,1.48257196823593,0.884284626195384,0.8455977263856485,0.7790914999650712,4.28125,2.706870598587971,4.308467741935484,1.6192654257380519,-0.027217741935483875,1.4823221092336485,1.48257196823593,1.310483870967742
arousal,0,stimulus_plus_fewshot_bias,25,32,1.7767137096774193,2.1900265994374353,0.7183776736175677,0.7140056976931781,0.5964710806999016,4.25,3.0413812651491097,4.308971774193548,1.6224070271970636,-0.05897177419354839,2.18923247648393,2.1900265994374353,1.7767137096774193
arousal,0,stimulus_plus_fewshot_bias,26,32,1.861391129032258,2.0975708009095437,0.6921782162668518,0.7032390754941981,0.5500166079740723,3.125,2.381569860407206,4.327116935483871,1.631177894570375,-1.202116935483871,1.7189293581328962,2.0975708009095437,1.861391129032258
arousal,0,stimulus_plus_fewshot_bias,27,32,1.2263104838709675,1.535350762562059,0.6857768600850156,0.6533032970651478,0.6202442042179299,5.0625,1.71277370075559,4.29586693548387,1.6389311656529597,0.766633064516129,1.3302540014938895,1.535350762562059,1.2263104838709675
arousal,0,stimulus_plus_fewshot_bias,28,32,1.3870967741935485,1.736794234893714,0.8523115608810486,0.7439674769942559,0.6831198156012985,3.15625,2.346664854106781,4.326612903225806,1.625620229030218,-1.1703629032258065,1.2832399966930983,1.736794234893714,1.3870967741935485
arousal,0,stimulus_plus_fewshot_bias,29,32,1.0892137096774195,1.4303522584477637,0.7663483928825857,0.7911927673763665,0.7180842706934527,3.8125,2.0832291640623697,4.316028225806452,1.6321077413038991,-0.5035282258064517,1.3387930792556502,1.4303522584477637,1.0892137096774195
arousal,0,stimulus_plus_fewshot_bias,30,32,0.7550403225806451,0.956852374832003,0.8934739322809535,0.8682985705758665,0.8680754224554206,4.34375,2.0707694071286644,4.307459677419355,1.628088483700141,0.03629032258064514,0.9561639397658944,0.956852374832003,0.7550403225806451
arousal,0,stimulus_plus_fewshot_bias,31,32,2.011592741935484,2.3482477221801465,0.7902383180113697,0.7692709474610178,0.6000188698437783,5.125,3.2379584617471546,4.294858870967742,1.6164187210941403,0.8301411290322582,2.1966185537351026,2.3482477221801465,2.011592741935484
arousal,0,stimulus_plus_fewshot_bias,32,32,1.0398185483870965,1.2891028761453294,0.7650874662357704,0.7299560016483684,0.7489324319303492,4.4375,1.9833289565778038,4.305947580645162,1.6333954482244362,0.13155241935483866,1.2823728733282098,1.2891028761453294,1.0398185483870965
arousal,0,stimulus_plus_fewshot_bias,33,32,1.466733870967742,1.7088498453534822,0.5550418725169379,0.5846336260080733,0.5055267984077094,3.59375,1.6366767968966873,4.319556451612903,1.6432005111397983,-0.7258064516129032,1.5470529366384678,1.7088498453534822,1.466733870967742
arousal,0,stimulus_plus_fewshot_bias,34,32,1.1975806451612905,1.370932162726182,0.8577420069249222,0.8685966040979513,0.7787625418460267,3.84375,2.373148949707961,4.315524193548387,1.625049714580117,-0.4717741935483871,1.287200102975002,1.370932162726182,1.1975806451612905
arousal,0,stimulus_plus_fewshot_bias,35,32,1.1804435483870968,1.552764938493383,0.5524171309417635,0.5261720678869681,0.5431462971770319,4.59375,1.5783570373967988,4.303427419354838,1.6437990362349817,0.29032258064516125,1.5253824941246354,1.552764938493383,1.1804435483870968
arousal,0,stimulus_plus_fewshot_bias,36,32,1.3986895161290323,1.6137422213029615,0.8281688496029959,0.8377729054559818,0.7245168899845159,4.875,2.54644359843292,4.298891129032258,1.6238238378140812,0.576108870967742,1.5074025758264082,1.6137422213029615,1.3986895161290323
arousal,0,stimulus_plus_fewshot_bias,37,32,1.2988911290322582,1.579093729239403,0.503569928255726,0.5396798441611068,0.47245173851424793,4.75,1.346291201783626,4.300907258064516,1.6469570832960136,0.4490927419354839,1.513886625498777,1.579093729239403,1.2988911290322582
arousal,0,stimulus_plus_fewshot_bias,38,32,1.1134072580645162,1.3992196939083654,0.7229243531153058,0.719878752428922,0.7054957767595205,4.5,1.984313483298443,4.304939516129032,1.6347132227835457,0.19506048387096772,1.3855566244123854,1.3992196939083654,1.1134072580645162
arousal,0,stimulus_plus_fewshot_bias,39,32,1.719758064516129,2.042019248651355,0.7676405249461905,0.6309757579971604,0.6368732990294124,3.84375,2.9379986278928043,4.315524193548388,1.621343528399755,-0.47177419354838707,1.9867742000953235,2.042019248651355,1.719758064516129
arousal,0,stimulus_plus_fewshot_bias,40,32,2.4994959677419355,2.919191928710636,0.4684225945889068,0.5149480612492227,0.35470059556770084,5.375,3.059309562630104,4.290826612903226,1.6343109757994334,1.0841733870967742,2.710396573079377,2.919191928710636,2.4994959677419355
arousal,0,stimulus_plus_fewshot_bias,41,32,2.0055443548387095,2.4690247430071826,0.4297075601558554,0.44572460955923554,0.16032139639803564,2.375,0.81967981553775,4.33921370967742,1.6522739410377567,-1.9642137096774193,1.4959771670373037,2.4690247430071826,2.0055443548387095
arousal,0,stimulus_plus_fewshot_bias,42,32,2.253024193548387,2.6523340250498326,0.6793976578000543,0.7004036165494839,0.41601257264235547,6.34375,2.2584476831443316,4.275201612903226,1.633034336140881,2.0685483870967745,1.660115463055621,2.6523340250498326,2.253024193548387
arousal,0,stimulus_plus_fewshot_bias,43,32,1.5972782258064515,1.8068903377094594,0.8638948839185943,0.8256486416701168,0.7198429220667221,4.1875,3.0045538354304786,4.309979838709678,1.6159534382778398,-0.12247983870967742,1.802734417937777,1.8068903377094594,1.5972782258064515
arousal,0,stimulus_plus_fewshot_bias,44,32,1.9823588709677418,2.461961855606203,0.5186399224228903,0.4016332543886638,0.4401171305273597,3.8125,2.8111107680061274,4.316028225806452,1.6340292818038096,-0.5035282258064517,2.4099202277826843,2.461961855606203,1.9823588709677418
arousal,0,stimulus_plus_fewshot_bias,45,32,1.142641129032258,1.5219490856302587,0.6039531069248716,0.6180331561745381,0.5879117283252021,4.6875,1.6665364532466729,4.301915322580645,1.6416254815754825,0.38558467741935476,1.4722953086219464,1.5219490856302587,1.142641129032258
arousal,0,stimulus_plus_fewshot_bias,46,32,1.4858870967741935,1.9311611674675555,0.40967788010441525,0.47740043487674816,0.4052697355797902,4.40625,1.885128891481959,4.306451612903226,1.645309528425829,0.09979838709677419,1.9285807571028841,1.9311611674675555,1.4858870967741935
arousal,0,stimulus_plus_fewshot_bias,47,32,2.015120967741935,2.441804445284562,0.5370668726263562,0.48073748385981624,0.4498019813307133,4.96875,2.7780880903059932,4.297379032258065,1.6335022188213828,0.6713709677419355,2.3476946080537613,2.441804445284562,2.015120967741935
arousal,0,stimulus_plus_fewshot_bias,48,32,1.0493951612903225,1.3047018848475163,0.7967730533808148,0.8373097283165034,0.7663000654033917,4.40625,2.1485369295173866,4.306451612903226,1.6302544520914506,0.09979838709677409,1.300879429561996,1.3047018848475163,1.0493951612903225
arousal,0,stimulus_plus_fewshot_bias,49,32,2.065524193548387,2.3836409706151227,0.3876173089081509,0.3433325205976194,0.23736424177812304,2.65625,1.3831434985206705,4.334677419354839,1.6492231245869118,-1.6784274193548387,1.692520509403907,2.3836409706151227,2.065524193548387
arousal,0,stimulus_plus_fewshot_bias,50,32,1.2056451612903225,1.3913277090479512,0.8978581496271996,0.8873978486220416,0.7991559451798751,4.28125,2.6485181588012567,4.308467741935484,1.6195365110629563,-0.027217741935483958,1.3910614610751582,1.3913277090479512,1.2056451612903225
arousal,0,stimulus_plus_fewshot_bias,52,32,1.702116935483871,2.018432152260223,0.48814867280672436,0.5170577002309656,0.45554964967120937,4.8125,2.1277555663186503,4.299899193548386,1.6409747657491789,0.5126008064516129,1.9522573515044046,2.018432152260223,1.702116935483871
arousal,0,stimulus_plus_fewshot_bias,53,32,0.8991935483870968,1.1178085559441453,0.8850872703819913,0.8781714645299696,0.8344007548493225,3.96875,2.1863836437139756,4.313508064516128,1.6267047484545685,-0.34475806451612906,1.0633145558549586,1.1178085559441453,0.8991935483870968
arousal,0,stimulus_plus_fewshot_bias,54,32,1.4773185483870968,1.6993827114266937,0.6430736368541089,0.6790974821338142,0.614906902997159,4.4375,2.1928505991061042,4.305947580645162,1.6350320901614837,0.13155241935483875,1.6942831997212953,1.6993827114266937,1.4773185483870968
arousal,0,stimulus_plus_fewshot_bias,55,32,2.25,2.4616497908979853,0.7950465863012915,0.699520481830936,0.34712249631746184,2.09375,1.2338804388999771,4.34375,1.6421315273475328,-2.25,0.9986088789050975,2.4616497908979853,2.25
arousal,0,stimulus_plus_fewshot_bias,56,32,1.2288306451612905,1.4504419560416728,0.8656702754372579,0.8419496149200265,0.7678782819017453,4.84375,2.4762544169571914,4.299395161290322,1.6233028513427243,0.5443548387096774,1.3444179697621401,1.4504419560416728,1.2288306451612905
arousal,0,stimulus_plus_fewshot_bias,57,32,1.836693548387097,2.166632480586249,0.3731227757768021,0.39690353106472104,0.35969927479984926,4.40625,2.1485369295173866,4.306451612903226,1.6447560380061694,0.09979838709677427,2.1643328274237774,2.166632480586249,1.836693548387097
arousal,0,stimulus_plus_fewshot_bias,58,32,1.3074596774193548,1.5841130079171235,0.8988644335320037,0.8513851569095515,0.731492646727828,3.21875,2.3416657399167797,4.325604838709678,1.6239662800079988,-1.1068548387096775,1.133263600349544,1.5841130079171235,1.3074596774193548
arousal,0,stimulus_plus_fewshot_bias,59,32,1.5524193548387097,2.058506247467732,0.6592880734724359,0.6739317607458565,0.5240910421031152,5.53125,2.1648379702647493,4.288306451612904,1.6347698682421274,1.2429435483870965,1.6408958852975946,2.058506247467732,1.5524193548387097
arousal,0,stimulus_plus_fewshot_bias,60,32,2.089717741935484,2.415655774314542,0.8284694603679771,0.8607821590605765,0.5948220996377501,5.53125,3.201409601644251,4.288306451612903,1.6149671774160346,1.2429435483870968,2.0713483906629713,2.415655774314542,2.089717741935484
arousal,0,stimulus_plus_fewshot_bias,61,32,1.611391129032258,1.8649160854374134,0.8895476149988314,0.882083862391182,0.7059631820797484,3.4375,2.9040650388722358,4.322076612903226,1.6161936415387985,-0.8845766129032258,1.641778371653087,1.8649160854374134,1.611391129032258
arousal,0,stimulus_plus_fewshot_bias,62,32,1.742439516129032,2.092926447829683,0.7970900544626541,0.7038059936815464,0.6461839486641452,3.9375,3.1017887984193897,4.314012096774193,1.6178451727453453,-0.3765120967741936,2.058781133828381,2.092926447829683,1.742439516129032
arousal,0,stimulus_plus_fewshot_bias,63,32,1.8578629032258065,2.1826475464845023,0.7844496410078389,0.7571117581327045,0.6292722366340426,4.03125,3.1867339765816665,4.3125,1.6173715826514223,-0.28125,2.1644511428246234,2.1826475464845023,1.8578629032258065
arousal,0,stimulus_plus_fewshot_bias,64,32,1.2545362903225805,1.5094466023232982,0.7671576636270417,0.7722275080855436,0.7188677773762615,4.4375,2.3310070248714396,4.305947580645161,1.6289797798507877,0.13155241935483863,1.5037030977647274,1.5094466023232982,1.2545362903225805
arousal,0,stimulus_plus_fewshot_bias,65,32,1.908266129032258,2.0286826907965585,0.9102085544158178,0.8628904041766321,0.6868309922540706,3.28125,3.0744346533143294,4.324596774193548,1.6127356263728783,-1.0433467741935485,1.7398221083540357,2.0286826907965585,1.908266129032258
arousal,0,stimulus_plus_fewshot_bias_shrink4,1,32,1.5544354838709677,1.8757326005488377,0.6396747039031424,0.6336280762871853,0.591079851242668,4.40625,2.4348944407304396,4.306451612903226,1.6326014875239936,0.09979838709677412,1.8730758315387523,1.8757326005488377,1.5544354838709677
arousal,0,stimulus_plus_fewshot_bias_shrink4,2,32,2.326108870967742,2.7325131631493744,0.7271361956690021,0.7829385631311458,0.42266217010456714,6.5,2.3048861143232218,4.272681451612903,1.6307697904686218,2.2273185483870965,1.5829340702617387,2.7325131631493744,2.326108870967742
arousal,0,stimulus_plus_fewshot_bias_shrink4,3,32,1.645665322580645,1.8533457350509737,0.6357247908214484,0.6344455352961016,0.4801594393110361,3.0625,1.5194057226429023,4.328125,1.64231059042618,-1.265625,1.353914241378173,1.8533457350509737,1.645665322580645
arousal,0,stimulus_plus_fewshot_bias_shrink4,5,32,1.4047379032258065,1.7548362080449436,0.6946450633141555,0.7385488473019087,0.6057032951047436,5.1875,2.0832291640623697,4.293850806451613,1.634481336683944,0.893649193548387,1.5102454224184472,1.7548362080449436,1.4047379032258065
arousal,0,stimulus_plus_fewshot_bias_shrink4,6,32,3.337701612903226,3.7325121194933057,0.3170827001100329,0.38138344258506085,0.09466720235279265,7.53125,1.39159025488827,4.256048387096774,1.6507443513068545,3.2752016129032255,1.790167901902087,3.7325121194933057,3.337701612903226
arousal,0,stimulus_plus_fewshot_bias_shrink4,7,32,1.3487903225806452,1.6252851346734933,0.664034725547573,0.6860438597275036,0.42976028247690273,3.28125,0.909477013178453,4.324596774193548,1.6482209352998989,-1.0433467741935485,1.2461858921407156,1.6252851346734933,1.3487903225806452
arousal,0,stimulus_plus_fewshot_bias_shrink4,8,32,1.7182459677419355,1.9187893074403857,0.7647247061481831,0.7852355977697068,0.6275582319326556,3.3125,2.4929588343973914,4.324092741935484,1.6270466548631377,-1.0115927419354838,1.630470033705313,1.9187893074403857,1.7182459677419355
arousal,0,stimulus_plus_fewshot_bias_shrink4,9,32,1.6965725806451613,2.170411362822948,0.4570923493746102,0.46956461195453625,0.38491407323313337,5.34375,1.96229099205495,4.29133064516129,1.643292035292091,1.0524193548387095,1.898183074793325,2.170411362822948,1.6965725806451613
arousal,0,stimulus_plus_fewshot_bias_shrink4,10,32,1.4380040322580645,1.7173703785641625,0.7545455569743079,0.6583096352466759,0.681165922336731,4.1875,2.567069097239106,4.309979838709678,1.6265338073463327,-0.12247983870967742,1.7129972872947774,1.7173703785641625,1.4380040322580645
arousal,0,stimulus_plus_fewshot_bias_shrink4,11,32,1.6718749999999998,2.026535642212376,0.4276580639736072,0.4359750912602661,0.3926659461331032,5.0,1.8874586088176875,4.296875,1.6447504002176132,0.703125,1.9006477694544373,2.026535642212376,1.6718749999999998
arousal,0,stimulus_plus_fewshot_bias_shrink4,12,32,1.0922379032258065,1.3301654805004859,0.6670130773110609,0.6063847547898518,0.5895021197479596,4.8125,1.1575161985907585,4.299899193548387,1.6454867017620436,0.5126008064516129,1.2274284576871453,1.3301654805004859,1.0922379032258065
arousal,0,stimulus_plus_fewshot_bias_shrink4,13,32,2.081149193548387,2.4172453841383996,0.555088672893651,0.4724337435465743,0.28013380840659313,2.375,1.243734296383275,4.33921370967742,1.6467787568605616,-1.9642137096774195,1.4088788982214433,2.4172453841383996,2.081149193548387
arousal,0,stimulus_plus_fewshot_bias_shrink4,14,32,1.610383064516129,1.7966571854818605,0.8654060605055738,0.8158786083038903,0.5896991565968757,2.75,1.6393596310755,4.333165322580645,1.6350625440259345,-1.5831653225806452,0.8494495885699882,1.7966571854818605,1.610383064516129
arousal,0,stimulus_plus_fewshot_bias_shrink4,15,32,1.4349798387096775,1.6951581251313257,0.6843964811202883,0.6838954529864433,0.6327118970324376,3.8125,2.214123697989794,4.316028225806451,1.6333525202781025,-0.5035282258064515,1.6186477056527646,1.6951581251313257,1.4349798387096775
arousal,0,stimulus_plus_fewshot_bias_shrink4,16,32,1.1154233870967742,1.3937183709424947,0.8490714537900502,0.7851188280071603,0.7766475824489384,4.0625,2.4486922530199666,4.311995967741936,1.6243325360925709,-0.2494959677419355,1.371204820434612,1.3937183709424947,1.1154233870967742
arousal,0,stimulus_plus_fewshot_bias_shrink4,17,32,1.1703629032258065,1.443007647866153,0.8494711265706565,0.8058567055675556,0.7589941655334351,3.71875,2.3747943989954163,4.317540322580646,1.6253373414156536,-0.5987903225806452,1.3129056407007988,1.443007647866153,1.1703629032258065
arousal,0,stimulus_plus_fewshot_bias_shrink4,18,32,1.862399193548387,2.2144458644257767,0.7211949002894917,0.6891756144226439,0.5862598768217002,4.9375,2.9679275176459416,4.29788306451613,1.6231428211835852,0.639616935483871,2.1200614760696554,2.2144458644257767,1.862399193548387
arousal,0,stimulus_plus_fewshot_bias_shrink4,19,32,1.4783266129032255,1.8649160854374134,0.67305688302963,0.7573562085836922,0.5508004770128475,5.4375,1.9354828209002528,4.289818548387097,1.6368260362049833,1.147681451612903,1.4699453361764527,1.8649160854374134,1.4783266129032255
arousal,0,stimulus_plus_fewshot_bias_shrink4,20,32,1.2222782258064515,1.6061071539303806,0.8174181670963804,0.8295778754427827,0.6887310952788871,5.3125,2.1423920626253263,4.291834677419355,1.6296327910122985,1.020665322580645,1.2400897101370107,1.6061071539303806,1.2222782258064515
arousal,0,stimulus_plus_fewshot_bias_shrink4,21,32,1.277217741935484,1.6322030782527182,0.8430035229501304,0.7285661711621355,0.7379262719707491,4.34375,2.745557491202834,4.307459677419355,1.620495926660126,0.03629032258064516,1.631799589761145,1.6322030782527182,1.277217741935484
arousal,0,stimulus_plus_fewshot_bias_shrink4,22,32,1.9672379032258065,2.2019212090640568,0.7363599371429027,0.6965022133087162,0.5992353607517777,3.8125,3.0355961111452228,4.316028225806452,1.621613874668233,-0.5035282258064516,2.143575596227557,2.2019212090640568,1.9672379032258065
arousal,0,stimulus_plus_fewshot_bias_shrink4,23,32,1.2278225806451613,1.4444266565960073,0.8378042177970356,0.8186251100740446,0.7339550447883116,5.15625,2.108159371940366,4.294354838709678,1.629406496457281,0.8618951612903224,1.1590966729438268,1.4444266565960073,1.2278225806451613
arousal,0,stimulus_plus_fewshot_bias_shrink4,24,32,1.310483870967742,1.48257196823593,0.884284626195384,0.8455977263856485,0.7790914999650712,4.28125,2.706870598587971,4.308467741935484,1.6192654257380519,-0.027217741935483875,1.4823221092336485,1.48257196823593,1.310483870967742
arousal,0,stimulus_plus_fewshot_bias_shrink4,25,32,1.7767137096774193,2.1900265994374353,0.7183776736175677,0.7140056976931781,0.5964710806999016,4.25,3.0413812651491097,4.308971774193548,1.6224070271970636,-0.05897177419354839,2.18923247648393,2.1900265994374353,1.7767137096774193
arousal,0,stimulus_plus_fewshot_bias_shrink4,26,32,1.861391129032258,2.0975708009095437,0.6921782162668518,0.7032390754941981,0.5500166079740723,3.125,2.381569860407206,4.327116935483871,1.631177894570375,-1.202116935483871,1.7189293581328962,2.0975708009095437,1.861391129032258
arousal,0,stimulus_plus_fewshot_bias_shrink4,27,32,1.2263104838709675,1.535350762562059,0.6857768600850156,0.6533032970651478,0.6202442042179299,5.0625,1.71277370075559,4.29586693548387,1.6389311656529597,0.766633064516129,1.3302540014938895,1.535350762562059,1.2263104838709675
arousal,0,stimulus_plus_fewshot_bias_shrink4,28,32,1.3870967741935485,1.736794234893714,0.8523115608810486,0.7439674769942559,0.6831198156012985,3.15625,2.346664854106781,4.326612903225806,1.625620229030218,-1.1703629032258065,1.2832399966930983,1.736794234893714,1.3870967741935485
arousal,0,stimulus_plus_fewshot_bias_shrink4,29,32,1.0892137096774195,1.4303522584477637,0.7663483928825857,0.7911927673763665,0.7180842706934527,3.8125,2.0832291640623697,4.316028225806452,1.6321077413038991,-0.5035282258064517,1.3387930792556502,1.4303522584477637,1.0892137096774195
arousal,0,stimulus_plus_fewshot_bias_shrink4,30,32,0.7550403225806451,0.956852374832003,0.8934739322809535,0.8682985705758665,0.8680754224554206,4.34375,2.0707694071286644,4.307459677419355,1.628088483700141,0.03629032258064514,0.9561639397658944,0.956852374832003,0.7550403225806451
arousal,0,stimulus_plus_fewshot_bias_shrink4,31,32,2.011592741935484,2.3482477221801465,0.7902383180113697,0.7692709474610178,0.6000188698437783,5.125,3.2379584617471546,4.294858870967742,1.6164187210941403,0.8301411290322582,2.1966185537351026,2.3482477221801465,2.011592741935484
arousal,0,stimulus_plus_fewshot_bias_shrink4,32,32,1.0398185483870965,1.2891028761453294,0.7650874662357704,0.7299560016483684,0.7489324319303492,4.4375,1.9833289565778038,4.305947580645162,1.6333954482244362,0.13155241935483866,1.2823728733282098,1.2891028761453294,1.0398185483870965
arousal,0,stimulus_plus_fewshot_bias_shrink4,33,32,1.466733870967742,1.7088498453534822,0.5550418725169379,0.5846336260080733,0.5055267984077094,3.59375,1.6366767968966873,4.319556451612903,1.6432005111397983,-0.7258064516129032,1.5470529366384678,1.7088498453534822,1.466733870967742
arousal,0,stimulus_plus_fewshot_bias_shrink4,34,32,1.1975806451612905,1.370932162726182,0.8577420069249222,0.8685966040979513,0.7787625418460267,3.84375,2.373148949707961,4.315524193548387,1.625049714580117,-0.4717741935483871,1.287200102975002,1.370932162726182,1.1975806451612905
arousal,0,stimulus_plus_fewshot_bias_shrink4,35,32,1.1804435483870968,1.552764938493383,0.5524171309417635,0.5261720678869681,0.5431462971770319,4.59375,1.5783570373967988,4.303427419354838,1.6437990362349817,0.29032258064516125,1.5253824941246354,1.552764938493383,1.1804435483870968
arousal,0,stimulus_plus_fewshot_bias_shrink4,36,32,1.3986895161290323,1.6137422213029615,0.8281688496029959,0.8377729054559818,0.7245168899845159,4.875,2.54644359843292,4.298891129032258,1.6238238378140812,0.576108870967742,1.5074025758264082,1.6137422213029615,1.3986895161290323
arousal,0,stimulus_plus_fewshot_bias_shrink4,37,32,1.2988911290322582,1.579093729239403,0.503569928255726,0.5396798441611068,0.47245173851424793,4.75,1.346291201783626,4.300907258064516,1.6469570832960136,0.4490927419354839,1.513886625498777,1.579093729239403,1.2988911290322582
arousal,0,stimulus_plus_fewshot_bias_shrink4,38,32,1.1134072580645162,1.3992196939083654,0.7229243531153058,0.719878752428922,0.7054957767595205,4.5,1.984313483298443,4.304939516129032,1.6347132227835457,0.19506048387096772,1.3855566244123854,1.3992196939083654,1.1134072580645162
arousal,0,stimulus_plus_fewshot_bias_shrink4,39,32,1.719758064516129,2.042019248651355,0.7676405249461905,0.6309757579971604,0.6368732990294124,3.84375,2.9379986278928043,4.315524193548388,1.621343528399755,-0.47177419354838707,1.9867742000953235,2.042019248651355,1.719758064516129
arousal,0,stimulus_plus_fewshot_bias_shrink4,40,32,2.4994959677419355,2.919191928710636,0.4684225945889068,0.5149480612492227,0.35470059556770084,5.375,3.059309562630104,4.290826612903226,1.6343109757994334,1.0841733870967742,2.710396573079377,2.919191928710636,2.4994959677419355
arousal,0,stimulus_plus_fewshot_bias_shrink4,41,32,2.0055443548387095,2.4690247430071826,0.4297075601558554,0.44572460955923554,0.16032139639803564,2.375,0.81967981553775,4.33921370967742,1.6522739410377567,-1.9642137096774193,1.4959771670373037,2.4690247430071826,2.0055443548387095
arousal,0,stimulus_plus_fewshot_bias_shrink4,42,32,2.253024193548387,2.6523340250498326,0.6793976578000543,0.7004036165494839,0.41601257264235547,6.34375,2.2584476831443316,4.275201612903226,1.633034336140881,2.0685483870967745,1.660115463055621,2.6523340250498326,2.253024193548387
arousal,0,stimulus_plus_fewshot_bias_shrink4,43,32,1.5972782258064515,1.8068903377094594,0.8638948839185943,0.8256486416701168,0.7198429220667221,4.1875,3.0045538354304786,4.309979838709678,1.6159534382778398,-0.12247983870967742,1.802734417937777,1.8068903377094594,1.5972782258064515
arousal,0,stimulus_plus_fewshot_bias_shrink4,44,32,1.9823588709677418,2.461961855606203,0.5186399224228903,0.4016332543886638,0.4401171305273597,3.8125,2.8111107680061274,4.316028225806452,1.6340292818038096,-0.5035282258064517,2.4099202277826843,2.461961855606203,1.9823588709677418
arousal,0,stimulus_plus_fewshot_bias_shrink4,45,32,1.142641129032258,1.5219490856302587,0.6039531069248716,0.6180331561745381,0.5879117283252021,4.6875,1.6665364532466729,4.301915322580645,1.6416254815754825,0.38558467741935476,1.4722953086219464,1.5219490856302587,1.142641129032258
arousal,0,stimulus_plus_fewshot_bias_shrink4,46,32,1.4858870967741935,1.9311611674675555,0.40967788010441525,0.47740043487674816,0.4052697355797902,4.40625,1.885128891481959,4.306451612903226,1.645309528425829,0.09979838709677419,1.9285807571028841,1.9311611674675555,1.4858870967741935
arousal,0,stimulus_plus_fewshot_bias_shrink4,47,32,2.015120967741935,2.441804445284562,0.5370668726263562,0.48073748385981624,0.4498019813307133,4.96875,2.7780880903059932,4.297379032258065,1.6335022188213828,0.6713709677419355,2.3476946080537613,2.441804445284562,2.015120967741935
arousal,0,stimulus_plus_fewshot_bias_shrink4,48,32,1.0493951612903225,1.3047018848475163,0.7967730533808148,0.8373097283165034,0.7663000654033917,4.40625,2.1485369295173866,4.306451612903226,1.6302544520914506,0.09979838709677409,1.300879429561996,1.3047018848475163,1.0493951612903225
arousal,0,stimulus_plus_fewshot_bias_shrink4,49,32,2.065524193548387,2.3836409706151227,0.3876173089081509,0.3433325205976194,0.23736424177812304,2.65625,1.3831434985206705,4.334677419354839,1.6492231245869118,-1.6784274193548387,1.692520509403907,2.3836409706151227,2.065524193548387
arousal,0,stimulus_plus_fewshot_bias_shrink4,50,32,1.2056451612903225,1.3913277090479512,0.8978581496271996,0.8873978486220416,0.7991559451798751,4.28125,2.6485181588012567,4.308467741935484,1.6195365110629563,-0.027217741935483958,1.3910614610751582,1.3913277090479512,1.2056451612903225
arousal,0,stimulus_plus_fewshot_bias_shrink4,52,32,1.702116935483871,2.018432152260223,0.48814867280672436,0.5170577002309656,0.45554964967120937,4.8125,2.1277555663186503,4.299899193548386,1.6409747657491789,0.5126008064516129,1.9522573515044046,2.018432152260223,1.702116935483871
arousal,0,stimulus_plus_fewshot_bias_shrink4,53,32,0.8991935483870968,1.1178085559441453,0.8850872703819913,0.8781714645299696,0.8344007548493225,3.96875,2.1863836437139756,4.313508064516128,1.6267047484545685,-0.34475806451612906,1.0633145558549586,1.1178085559441453,0.8991935483870968
arousal,0,stimulus_plus_fewshot_bias_shrink4,54,32,1.4773185483870968,1.6993827114266937,0.6430736368541089,0.6790974821338142,0.614906902997159,4.4375,2.1928505991061042,4.305947580645162,1.6350320901614837,0.13155241935483875,1.6942831997212953,1.6993827114266937,1.4773185483870968
arousal,0,stimulus_plus_fewshot_bias_shrink4,55,32,2.25,2.4616497908979853,0.7950465863012915,0.699520481830936,0.34712249631746184,2.09375,1.2338804388999771,4.34375,1.6421315273475328,-2.25,0.9986088789050975,2.4616497908979853,2.25
arousal,0,stimulus_plus_fewshot_bias_shrink4,56,32,1.2288306451612905,1.4504419560416728,0.8656702754372579,0.8419496149200265,0.7678782819017453,4.84375,2.4762544169571914,4.299395161290322,1.6233028513427243,0.5443548387096774,1.3444179697621401,1.4504419560416728,1.2288306451612905
arousal,0,stimulus_plus_fewshot_bias_shrink4,57,32,1.836693548387097,2.166632480586249,0.3731227757768021,0.39690353106472104,0.35969927479984926,4.40625,2.1485369295173866,4.306451612903226,1.6447560380061694,0.09979838709677427,2.1643328274237774,2.166632480586249,1.836693548387097
arousal,0,stimulus_plus_fewshot_bias_shrink4,58,32,1.3074596774193548,1.5841130079171235,0.8988644335320037,0.8513851569095515,0.731492646727828,3.21875,2.3416657399167797,4.325604838709678,1.6239662800079988,-1.1068548387096775,1.133263600349544,1.5841130079171235,1.3074596774193548
arousal,0,stimulus_plus_fewshot_bias_shrink4,59,32,1.5524193548387097,2.058506247467732,0.6592880734724359,0.6739317607458565,0.5240910421031152,5.53125,2.1648379702647493,4.288306451612904,1.6347698682421274,1.2429435483870965,1.6408958852975946,2.058506247467732,1.5524193548387097
arousal,0,stimulus_plus_fewshot_bias_shrink4,60,32,2.089717741935484,2.415655774314542,0.8284694603679771,0.8607821590605765,0.5948220996377501,5.53125,3.201409601644251,4.288306451612903,1.6149671774160346,1.2429435483870968,2.0713483906629713,2.415655774314542,2.089717741935484
arousal,0,stimulus_plus_fewshot_bias_shrink4,61,32,1.611391129032258,1.8649160854374134,0.8895476149988314,0.882083862391182,0.7059631820797484,3.4375,2.9040650388722358,4.322076612903226,1.6161936415387985,-0.8845766129032258,1.641778371653087,1.8649160854374134,1.611391129032258
arousal,0,stimulus_plus_fewshot_bias_shrink4,62,32,1.742439516129032,2.092926447829683,0.7970900544626541,0.7038059936815464,0.6461839486641452,3.9375,3.1017887984193897,4.314012096774193,1.6178451727453453,-0.3765120967741936,2.058781133828381,2.092926447829683,1.742439516129032
arousal,0,stimulus_plus_fewshot_bias_shrink4,63,32,1.8578629032258065,2.1826475464845023,0.7844496410078389,0.7571117581327045,0.6292722366340426,4.03125,3.1867339765816665,4.3125,1.6173715826514223,-0.28125,2.1644511428246234,2.1826475464845023,1.8578629032258065
arousal,0,stimulus_plus_fewshot_bias_shrink4,64,32,1.2545362903225805,1.5094466023232982,0.7671576636270417,0.7722275080855436,0.7188677773762615,4.4375,2.3310070248714396,4.305947580645161,1.6289797798507877,0.13155241935483863,1.5037030977647274,1.5094466023232982,1.2545362903225805
arousal,0,stimulus_plus_fewshot_bias_shrink4,65,32,1.908266129032258,2.0286826907965585,0.9102085544158178,0.8628904041766321,0.6868309922540706,3.28125,3.0744346533143294,4.324596774193548,1.6127356263728783,-1.0433467741935485,1.7398221083540357,2.0286826907965585,1.908266129032258
arousal,1,stimulus_only,1,6200,1.5541024973985431,1.8746302713579457,0.6412185167229998,0.6357642946963513,0.5921818317991057,4.405645161290322,2.4381643815602025,4.310283558792924,1.6320021536938027,0.09536160249739843,1.8722031991909138,1.8746302713579457,1.5541024973985431
arousal,1,stimulus_only,2,6200,2.3206893860561912,2.7268204540319,0.7277726340125137,0.7831367094986148,0.4236224287734934,6.490322580645161,2.3050932160438555,4.26906087408949,1.6288112111967257,2.2212617065556715,1.5816277120473463,2.7268204540319,2.3206893860561912
arousal,1,stimulus_only,3,6200,1.6449895941727368,1.8526230489203745,0.6366556812972416,0.6346421344409408,0.48022176557104745,3.0596774193548386,1.5179527466634188,4.327528616024973,1.6406086969549687,-1.2678511966701351,1.3508388151415882,1.8526230489203745,1.6449895941727368
arousal,1,stimulus_only,5,6200,1.406196670135276,1.7559237173363653,0.6947510670021791,0.7379127133531578,0.6056444594972621,5.188548387096774,2.084140843155832,4.293465140478668,1.6351394961744175,0.895083246618106,1.510660147990921,1.7559237173363653,1.406196670135276
arousal,1,stimulus_only,6,6200,3.3401352757544225,3.734533184860567,0.31743235834048117,0.3828434672497845,0.0946914902288797,7.533548387096774,1.3913918498815325,4.255993756503642,1.651415467830991,3.277554630593133,1.7900764654903234,3.734533184860567,3.3401352757544225
arousal,1,stimulus_only,7,6200,1.3438397502601458,1.620925108545221,0.6621828292813702,0.6843883304648257,0.4296693718134361,3.2764516129032257,0.9078654454342492,4.311987513007284,1.6462819021106236,-1.0355359001040583,1.2470218951999255,1.620925108545221,1.3438397502601458
arousal,1,stimulus_only,8,6200,1.719079084287201,1.9200391403370671,0.7636941944597351,0.7855508416005567,0.6269979508513993,3.315,2.4930809091072113,4.324771071800209,1.6273808823565543,-1.009771071800208,1.6330684869232406,1.9200391403370671,1.719079084287201
arousal,1,stimulus_only,9,6200,1.6976821019771071,2.1721140033919326,0.4573590342485153,0.47127097688350245,0.38476205807102437,5.3425806451612905,1.9647850867320693,4.28763007284079,1.6417689901380395,1.0549505723204995,1.8987255024599998,2.1721140033919326,1.6976821019771071
arousal,1,stimulus_only,10,6200,1.4373491155046827,1.7164851186164147,0.7548354548616981,0.6577358254748903,0.6817104154412192,4.193870967741936,2.5678837495285123,4.307822580645161,1.627795867711099,-0.11395161290322581,1.7126985118077145,1.7164851186164147,1.4373491155046827
arousal,1,stimulus_only,11,6200,1.6706555671175862,2.0239020813243487,0.42957805235804397,0.4385332809568638,0.3944388945049114,4.997741935483871,1.888674581641366,4.295192507804371,1.6442639609807606,0.7025494276795006,1.8980526695685334,2.0239020813243487,1.6706555671175862
arousal,1,stimulus_only,12,6200,1.0942143600416232,1.331656475654197,0.6643611646743081,0.6038456341848376,0.5870899344499861,4.807741935483871,1.1549911595176805,4.296451612903226,1.64293613571886,0.5112903225806451,1.2295898402260557,1.331656475654197,1.0942143600416232
arousal,1,stimulus_only,13,6200,2.0777445369406866,2.4147176770456755,0.554186733492095,0.47074170010194,0.27970160222804785,2.370483870967742,1.2412271859571917,4.331542663891779,1.6458029191246994,-1.9610587929240375,1.4089392714138465,2.4147176770456755,2.0777445369406866
arousal,1,stimulus_only,14,6200,1.6107544224765868,1.7961798468492842,0.8660137023146673,0.8173149152676035,0.5901551771447376,2.753548387096774,1.6403885227967199,4.337049947970864,1.6351022839133424,-1.5835015608740897,0.8478118004232076,1.7961798468492842,1.6107544224765868
arousal,1,stimulus_only,15,6200,1.432648283038502,1.692018708602682,0.6860078112915928,0.6855952241332773,0.6340844062139339,3.8111290322580644,2.2127137074399417,4.31853277835588,1.6341510368433525,-0.5074037460978148,1.6141464458677202,1.692018708602682,1.432648283038502
arousal,1,stimulus_only,16,6200,1.1129292403746098,1.3900832682730573,0.8498357244125427,0.7862030591552126,0.7777618919470529,4.066935483870968,2.447553807579919,4.3155098855359,1.625595669155054,-0.2485744016649324,1.3676776884813269,1.3900832682730573,1.1129292403746098
arousal,1,stimulus_only,17,6200,1.1707778355879292,1.4421613768031094,0.8504347011697178,0.8068960581786522,0.7599952302884887,3.7266129032258064,2.3802822030770048,4.321376170655567,1.6267443111389956,-0.5947632674297608,1.3138059569277785,1.4421613768031094,1.1707778355879292
arousal,1,stimulus_only,18,6200,1.8588397502601457,2.2121595999535106,0.7207976828456131,0.6888519494855736,0.5859820549630236,4.940967741935484,2.9630627733747756,4.299927159209157,1.621488357042883,0.6410405827263268,2.117242798302634,2.2121595999535106,1.8588397502601457
arousal,1,stimulus_only,19,6200,1.4770863683662854,1.8631752214820667,0.6732544500443672,0.7576147043463136,0.5513154017923475,5.43758064516129,1.9343184058239378,4.291586888657648,1.6376804716962763,1.1459937565036422,1.469054190967583,1.8631752214820667,1.4770863683662854
arousal,1,stimulus_only,20,6200,1.218423517169615,1.6015440011251207,0.8180034712052833,0.8297629021747709,0.6899223289185461,5.308064516129032,2.1411331328555594,4.291628511966701,1.6292159125490382,1.0164360041623308,1.2376594996130297,1.6015440011251207,1.218423517169615
arousal,1,stimulus_only,21,6200,1.2780567117585848,1.6327686233909957,0.843396956798745,0.7275470379974368,0.7381033823301058,4.343387096774194,2.7477829441607287,4.307718522372529,1.621034093864829,0.035668574401664946,1.632378978770028,1.6327686233909957,1.2780567117585848
arousal,1,stimulus_only,22,6200,1.9660041623309055,2.200032422609963,0.7366888863387501,0.697198857272226,0.5999528682856308,3.819677419354839,3.0363496588470236,4.316508844953174,1.6225505621366374,-0.49683142559833504,2.1431988230383543,2.200032422609963,1.9660041623309055
arousal,1,stimulus_only,23,6200,1.2240218522372528,1.4409120555902148,0.8382969788790956,0.8200197591556853,0.7349517345391519,5.151774193548387,2.1099679130671007,4.295697190426639,1.6274402586022072,0.8560770031217481,1.1590339583771068,1.4409120555902148,1.2240218522372528
arousal,1,stimulus_only,24,6200,1.3102653485952132,1.4825280932173521,0.8840989160801833,0.845950024494214,0.7788706583206214,4.282741935483871,2.705530577834273,4.3111134235171695,1.6182347891950124,-0.02837148803329869,1.4822565924445925,1.4825280932173521,1.3102653485952132
arousal,1,stimulus_only,25,6200,1.776277315296566,2.188995138495581,0.7195043117292947,0.7152047890546777,0.5973138191349867,4.244032258064516,3.0432309653782172,4.306095213319459,1.6230321390401576,-0.06206295525494278,2.188115149150591,2.188995138495581,1.776277315296566
arousal,1,stimulus_only,26,6200,1.858766909469303,2.0946459622635554,0.6926447664248335,0.7038273955341883,0.5512247571920343,3.130161290322581,2.381919794927886,4.3283454734651405,1.6332527410278213,-1.19818418314256,1.7181083698341066,2.0946459622635554,1.858766909469303
arousal,1,stimulus_only,27,6200,1.2229682622268472,1.530668859309372,0.6878850651640414,0.6544811790888115,0.6219003314909799,5.05741935483871,1.7097235538510698,4.289752861602498,1.638344450361317,0.7676664932362123,1.324248961495485,1.530668859309372,1.2229682622268472
arousal,1,stimulus_only,28,6200,1.3872138397502602,1.7388536565423784,0.8518288191595038,0.7426297575496846,0.6827836143171866,3.1570967741935485,2.348403292216399,4.327848595213319,1.6266665579857928,-1.1707518210197712,1.2856718914441934,1.7388536565423784,1.3872138397502602
arousal,1,stimulus_only,29,6200,1.0885978147762747,1.4297001273333072,0.7664325779817825,0.7905510048076151,0.7182250296313621,3.8158064516129033,2.0816266502247993,4.320642559833507,1.632831023246105,-0.5048361082206037,1.3376034382183495,1.4297001273333072,1.0885978147762747
arousal,1,stimulus_only,30,6200,0.7540192507804371,0.9566993772509796,0.8935618867970944,0.868821367045499,0.8680711645162806,4.344032258064516,2.0708101575559352,4.309066077003122,1.627315139729672,0.034966181061394375,0.9560601783435989,0.9566993772509796,0.7540192507804371
arousal,1,stimulus_only,31,6200,2.0111290322580646,2.3459958981322275,0.7914816047559673,0.7703232446487247,0.6010146948672563,5.125806451612903,3.2394710581717767,4.297408949011447,1.61673098342491,0.8283975026014568,2.1948700033799056,2.3459958981322275,2.0111290322580646
arousal,1,stimulus_only,32,6200,1.0359989594172736,1.2853467404403707,0.7661975787005987,0.7321955099868811,0.7504023944187131,4.44483870967742,1.9815737814688572,4.31503121748179,1.635736629873839,0.12980749219562954,1.2787752961840355,1.2853467404403707,1.0359989594172736
arousal,1,stimulus_only,33,6200,1.4658168574401669,1.708814303168988,0.55275659417257,0.5819703516688848,0.5037368179313206,3.5916129032258066,1.634110385923146,4.31394901144641,1.6407260041321259,-0.7223361082206035,1.5486371006390187,1.708814303168988,1.4658168574401669
arousal,1,stimulus_only,34,6200,1.1982206035379812,1.3714757276421372,0.857048890886112,0.868156105931565,0.7782699869948959,3.8430645161290324,2.371276428226679,4.313985431841831,1.6242926343606046,-0.4709209157127992,1.2880912866158785,1.3714757276421372,1.1982206035379812
arousal,1,stimulus_only,35,6200,1.1842247658688865,1.5574955118642746,0.5501488715221737,0.523183161222266,0.5407394812362344,4.598225806451613,1.5784935899545414,4.304994797086368,1.6444835403260996,0.29323100936524443,1.5296430448388927,1.5574955118642746,1.1842247658688865
arousal,1,stimulus_only,36,6200,1.3976899063475543,1.6138124388420747,0.829127286219935,0.8384434214739325,0.7253220572981333,4.880967741935484,2.54995743777093,4.302924037460978,1.6264064235681595,0.5780437044745057,1.5067368925856945,1.6138124388420747,1.3976899063475543
arousal,1,stimulus_only,37,6200,1.2993678459937565,1.578673048758877,0.5036566112830053,0.5402636400618017,0.4727729700284941,4.75,1.3479075779554315,4.301636316337149,1.6459426944309619,0.44836368366285123,1.5136639660274425,1.578673048758877,1.2993678459937565
arousal,1,stimulus_only,38,6200,1.1108506763787722,1.396265990919306,0.7233186479139672,0.7201793900418556,0.7059254506465416,4.4961290322580645,1.9817679910744979,4.3028590010405825,1.6323949873445436,0.19327003121748174,1.3828251561318463,1.396265990919306,1.1108506763787722
arousal,1,stimulus_only,39,6200,1.723129552549428,2.0441099638453655,0.7686554384944146,0.6326531763602398,0.6372941151982343,3.847258064516129,2.944112588438612,4.317395941727367,1.6221002916911664,-0.47013787721123823,1.9893104133601702,2.0441099638453655,1.723129552549428
arousal,1,stimulus_only,40,6200,2.5004500520291364,2.921538361934532,0.4676161944139508,0.5144505177130257,0.35408735824446674,5.3745161290322585,3.0590524979515674,4.287427159209157,1.635510567732832,1.0870889698231008,2.7117566210749926,2.921538361934532,2.5004500520291364
arousal,1,stimulus_only,41,6200,2.0147216441207076,2.4765050941708417,0.43006769488820584,0.44501499125289407,0.15987344340179468,2.3779032258064516,0.8210509337404385,4.351454214360041,1.6526205587331921,-1.97355098855359,1.4960527988788623,2.4765050941708417,2.0147216441207076
arousal,1,stimulus_only,42,6200,2.2515504682622267,2.65178379634182,0.6800977293933264,0.7006065180747122,0.41714608937897285,6.342741935483871,2.2626944182051845,4.276113423517169,1.6352247842688696,2.0666285119667016,1.6616268823256723,2.65178379634182,2.2515504682622267
arousal,1,stimulus_only,43,6200,1.594032258064516,1.8030173986368474,0.8640925143156383,0.8252995812417107,0.720323839627769,4.179193548387096,3.000159027175972,4.301420395421435,1.61487034981689,-0.12222684703433925,1.7988697389336528,1.8030173986368474,1.594032258064516
arousal,1,stimulus_only,44,6200,1.9842403746097819,2.464484189473288,0.5190494358878227,0.4020495026742778,0.440015040363068,3.810967741935484,2.813746618161892,4.320306971904267,1.633877629232259,-0.5093392299687826,2.41127681301393,2.464484189473288,1.9842403746097819
arousal,1,stimulus_only,45,6200,1.1404916753381893,1.5177277946617653,0.6057910104944435,0.6204292797019648,0.5901408999853197,4.678387096774194,1.6663996282776319,4.298077523413111,1.6427706217029154,0.3803095733610821,1.4693067368996773,1.5177277946617653,1.1404916753381893
arousal,1,stimulus_only,46,6200,1.486462018730489,1.9319169786457122,0.4088477692007287,0.4762676804999584,0.40437220803100965,4.408064516129032,1.8844694972750953,4.303413111342351,1.6443812800138256,0.10465140478668053,1.9290804275238893,1.9319169786457122,1.486462018730489
arousal,1,stimulus_only,47,6200,2.011839229968783,2.440366605563158,0.5369057168001763,0.47973735655507455,0.45002713995513294,4.960322580645161,2.7773345122105693,4.293254422476586,1.6339974678696287,0.6670681581685743,2.34742608869916,2.440366605563158,2.011839229968783
arousal,1,stimulus_only,48,6200,1.0501378772112384,1.3057418165358872,0.796289184655731,0.8369762786020544,0.7656419537567625,4.405161290322581,2.147625652139443,4.302406347554631,1.6285499512160428,0.10275494276794998,1.3016924034452968,1.3057418165358872,1.0501378772112384
arousal,1,stimulus_only,49,6200,2.066181061394381,2.384607516824962,0.38682013721308317,0.34231802296135055,0.2367728490848245,2.655806451612903,1.3825812096396721,4.334765868886576,1.6492336423096943,-1.6789594172736737,1.6933541521034983,2.384607516824962,2.066181061394381
arousal,1,stimulus_only,50,6200,1.2067663891779397,1.3926450063791405,0.897705826955784,0.8870500412231289,0.7989370396459261,4.285322580645161,2.649779794710847,4.310486472424557,1.619897413257595,-0.02516389177939652,1.3924176429301918,1.3926450063791405,1.2067663891779397
arousal,1,stimulus_only,52,6200,1.700850676378772,2.0163943946073,0.4917358118456941,0.5205368199117865,0.4586362351556492,4.809516129032258,2.134586102827669,4.297942247658689,1.6407961626656282,0.5115738813735692,1.9504200876990887,2.0163943946073,1.700850676378772
arousal,1,stimulus_only,53,6200,0.9010249739854319,1.1199194823170178,0.8850329299982754,0.8774317447322433,0.8338355768745672,3.962741935483871,2.1878842846640962,4.309162330905306,1.6251827420889333,-0.34642039542143604,1.0649941579695508,1.1199194823170178,0.9010249739854319
arousal,1,stimulus_only,54,6200,1.476475026014568,1.6992132968730802,0.6436041760427124,0.6809234142559566,0.6150369037689022,4.437903225806451,2.1943509857584935,4.303925598335067,1.6331381701106125,0.13397762747138398,1.693923204754992,1.6992132968730802,1.476475026014568
arousal,1,stimulus_only,55,6200,2.247671696149844,2.459900767737779,0.7948411412001988,0.6993007973792734,0.34751692036044984,2.095,1.2339972421153895,4.342671696149844,1.6429235470071648,-2.247671696149844,0.9995417617307434,2.459900767737779,2.247671696149844
arousal,1,stimulus_only,56,6200,1.2248361082206036,1.4467209598601594,0.8662405020423067,0.8429809135758617,0.7692840746187845,4.844838709677419,2.475972758940956,4.302177419354838,1.6269131600487161,0.5426612903225806,1.3410892064602313,1.4467209598601594,1.2248361082206036
arousal,1,stimulus_only,57,6200,1.8370473465140482,2.1675008905271613,0.37040222174979426,0.3941146282424728,0.3572845364632004,4.41,2.1435492123593645,4.310080645161291,1.6446633053641952,0.09991935483870973,2.165196580674525,2.1675008905271613,1.8370473465140482
arousal,1,stimulus_only,58,6200,1.308394901144641,1.5850582520254963,0.8985590266910751,0.8504904143733559,0.7309794055660267,3.216774193548387,2.340549132005997,4.324399063475546,1.6229894593189393,-1.1076248699271591,1.1338327962415646,1.5850582520254963,1.308394901144641
arousal,1,stimulus_only,59,6200,1.5511030176899065,2.055546147398086,0.6592996619591974,0.673882814017964,0.5240518867191143,5.529193548387097,2.161194262429543,4.287559833506763,1.6325349482400762,1.241633714880333,1.6381744968578824,2.055546147398086,1.5511030176899065
arousal,1,stimulus_only,60,6200,2.087942247658689,2.4143256173724126,0.8286147441171615,0.8606556797792173,0.5955391929706377,5.531612903225806,3.2026149565368467,4.2906737773152965,1.6171049597125389,1.2409391259105098,2.070999341497998,2.4143256173724126,2.087942247658689
arousal,1,stimulus_only,61,6200,1.612216441207076,1.864551189859351,0.8901951556866027,0.882802293948873,0.7065952199865532,3.4375806451612902,2.90721692960027,4.321092611862643,1.6175565448459666,-0.8835119667013527,1.6419371925568376,1.864551189859351,1.612216441207076
arousal,1,stimulus_only,62,6200,1.7418314255983351,2.0914244768864,0.7976808140879432,0.7048743541807524,0.6467976955885547,3.9356451612903225,3.1018028685556103,4.313470343392299,1.6186612611737634,-0.3778251821019772,2.057013484226382,2.0914244768864,1.7418314255983351
arousal,1,stimulus_only,63,6200,1.8581373569198751,2.18279446013542,0.7840179998336555,0.7575056375561214,0.6286003239275006,4.026129032258065,3.1846853061927027,4.306727367325703,1.614864964479067,-0.28059833506763787,2.164683863651953,2.18279446013542,1.8581373569198751
arousal,1,stimulus_only,64,6200,1.252232049947971,1.506814742535607,0.7683160832515104,0.7737576417958791,0.720097897086433,4.433225806451613,2.332116423664903,4.306352757544225,1.6299900565547905,0.1268730489073881,1.5014639182423237,1.506814742535607,1.252232049947971
arousal,1,stimulus_only,65,6200,1.9090946930280956,2.0296339573609687,0.9098335268803999,0.8630754588814235,0.6861324616470869,3.279677419354839,3.071382985615572,4.326134235171696,1.61128031044788,-1.0464568158168572,1.739063579488453,2.0296339573609687,1.9090946930280956
arousal,1,stimulus_plus_fewshot_bias,1,6200,2.1957752341311134,2.7105588911142755,0.4008705035367198,0.4020438847936777,0.4000586464402335,4.405645161290322,2.4381643815602025,4.547622268470343,2.506313986858913,-0.14197710718002082,2.706838008310701,2.7105588911142755,2.195775234131113
arousal,1,stimulus_plus_fewshot_bias,2,6200,1.8578511966701354,2.3030703514084494,0.5018470560368425,0.5407459227107005,0.5000634169334834,6.490322580645161,2.3050932160438555,6.6841415192507805,2.2931618411146473,-0.19381893860561913,2.2949002729039076,2.3030703514084494,1.8578511966701354
arousal,1,stimulus_plus_fewshot_bias,3,6200,1.5715712799167534,2.0125747233879205,0.46588045446882265,0.4582329271465447,0.4349353483792758,3.0596774193548386,1.5179527466634188,3.130915712799168,2.204285554351077,-0.0712382934443288,2.01131353169194,2.0125747233879205,1.5715712799167534
arousal,1,stimulus_plus_fewshot_bias,5,6200,1.7800728407908428,2.1607120617385385,0.49800461276498337,0.5347841102445557,0.4968833405380067,5.188548387096774,2.084140843155832,5.142658688865765,2.221207364695733,0.04588969823100939,2.1602246988076663,2.1607120617385385,1.7800728407908428
arousal,1,stimulus_plus_fewshot_bias,6,6200,2.1038449531737773,2.5741902884140857,0.20111946429275646,0.26215335230398373,0.17216207337827097,7.533548387096774,1.3913918498815325,7.458251821019772,2.462293993564975,0.07529656607700315,2.573088818541327,2.5741902884140857,2.1038449531737773
arousal,1,stimulus_plus_fewshot_bias,7,6200,1.4421279916753382,1.7712989347035804,0.5328988189048051,0.5660523026341825,0.38850886416181263,3.2764516129032257,0.9078654454342492,3.026503642039542,2.0601471845603956,0.2499479708636837,1.7535751845709855,1.7712989347035804,1.4421279916753382
arousal,1,stimulus_plus_fewshot_bias,8,6200,1.7590270551508844,2.28405467905488,0.5384068184635377,0.5657721016395868,0.5350876789525343,3.315,2.4930809091072113,3.256706555671176,2.2366084840181806,0.05829344432882419,2.283310677779258,2.2840546790548797,1.7590270551508844
arousal,1,stimulus_plus_fewshot_bias,9,6200,2.2048178980228927,2.7152431566283957,0.2848588764951259,0.2766922979059416,0.27624416784570094,5.3425806451612905,1.9647850867320693,5.261581685744017,2.5138750708563413,0.0809989594172737,2.7140347396801414,2.7152431566283957,2.2048178980228927
arousal,1,stimulus_plus_fewshot_bias,10,6200,2.025785639958377,2.467480092615119,0.5052093857590834,0.47945033611893656,0.5001064057976906,4.193870967741936,2.5678837495285123,3.920967741935484,2.3475529458724886,0.2729032258064516,2.452342112511292,2.467480092615119,2.025785639958377
arousal,1,stimulus_plus_fewshot_bias,11,6200,2.2844797086368365,2.7880874400373368,0.2572646718084338,0.23855770321663153,0.24483999223401026,4.997741935483871,1.888674581641366,5.016160249739855,2.5935156419969907,-0.018418314255983365,2.788026602992503,2.7880874400373368,2.2844797086368365
arousal,1,stimulus_plus_fewshot_bias,12,6200,1.3957804370447449,1.7147499015893946,0.5379159223141095,0.4783427197736394,0.46201315319165587,4.807741935483871,1.1549911595176805,4.849677419354839,2.0321754471752125,-0.041935483870967724,1.7142370431749943,1.7147499015893946,1.3957804370447449
arousal,1,stimulus_plus_fewshot_bias,13,6200,1.615400624349636,2.022913185242186,0.41181184295255013,0.3708143369226477,0.35313521206260834,2.370483870967742,1.2412271859571917,2.2695265348595215,2.1852538641385757,0.1009573361082206,2.0203923805322117,2.022913185242186,1.615400624349636
arousal,1,stimulus_plus_fewshot_bias,14,6200,1.0124141519250782,1.256435549890042,0.7520241747487779,0.727341624067961,0.7454207141599918,2.753548387096774,1.6403885227967199,2.764308012486993,1.8734853679822046,-0.01075962539021851,1.2563894784217806,1.256435549890042,1.0124141519250782
arousal,1,stimulus_plus_fewshot_bias,15,6200,1.9035379812695112,2.4236844713582317,0.45080386612359796,0.46069822960144474,0.44872101964037625,3.8111290322580644,2.2127137074399417,3.935145681581686,2.3967033726036977,-0.12401664932362125,2.4205095098746408,2.4236844713582317,1.903537981269511
arousal,1,stimulus_plus_fewshot_bias,16,6200,1.6344849115504683,2.0471478549194515,0.6146992014624296,0.5926313654336697,0.6107113126764395,4.066935483870968,2.447553807579919,4.037445369406869,2.1849309166035256,0.02949011446409989,2.046935434509405,2.047147854919452,1.6344849115504683
arousal,1,stimulus_plus_fewshot_bias,17,6200,1.5336784599375648,1.8661338214507244,0.6574407711933447,0.6303734570993088,0.6497231752697512,3.7266129032258064,2.3802822030770048,3.5977471383975024,2.0638942611734925,0.12886576482830384,1.8616790953914426,1.8661338214507244,1.5336784599375648
arousal,1,stimulus_plus_fewshot_bias,18,6200,2.5705879292403746,3.108284032452188,0.40539236264376877,0.39511018974011464,0.4039250979449007,4.940967741935484,2.9630627733747756,4.8954110301768985,2.725178708707397,0.045556711758584806,3.107950162472201,3.108284032452188,2.5705879292403746
arousal,1,stimulus_plus_fewshot_bias,19,6200,1.7548022892819979,2.1318068352141815,0.48224681736824476,0.4911383900731074,0.47739283881094857,5.43758064516129,1.9343184058239378,5.491586888657649,2.2251992972129706,-0.054006243496357936,2.1311226403774417,2.131806835214182,1.7548022892819979
arousal,1,stimulus_plus_fewshot_bias,20,6200,1.4790946930280957,1.8349314468910551,0.6254264935722261,0.6369193550003107,0.6239327061100091,5.308064516129032,2.1411331328555594,5.443402705515088,2.0857484613148047,-0.13533818938605618,1.8299336024247999,1.8349314468910554,1.479094693028096
arousal,1,stimulus_plus_fewshot_bias,21,6200,1.8635327783558795,2.3316945993437423,0.5828585887117337,0.5250304053151063,0.5725194110083741,4.343387096774194,2.7477829441607287,4.363283038501561,2.273220326680698,-0.01989594172736731,2.3316097135051472,2.3316945993437423,1.863532778355879
arousal,1,stimulus_plus_fewshot_bias,22,6200,2.50232570239334,3.088126991223047,0.4243351020991353,0.4025667083870911,0.41983680740813634,3.819677419354839,3.0363496588470236,3.6053798126951087,2.678119204305925,0.21429760665972947,3.0806825298463036,3.088126991223047,2.50232570239334
arousal,1,stimulus_plus_fewshot_bias,23,6200,1.3464776274713839,1.666510392906286,0.6751981879404481,0.6814263797287848,0.6712884041776882,5.151774193548387,2.1099679130671007,5.337955254942769,1.990549851886319,-0.18618106139438084,1.6560777463762761,1.666510392906286,1.3464776274713839
arousal,1,stimulus_plus_fewshot_bias,24,6200,1.7520603537981267,2.1313118845993406,0.6381539996677684,0.6158962912421865,0.6232520360254926,4.282741935483871,2.705530577834273,4.319661810613944,2.176200307712297,-0.03691987513007284,2.130992086389523,2.1313118845993406,1.7520603537981267
arousal,1,stimulus_plus_fewshot_bias,25,6200,2.507819979188345,3.1703139625798245,0.40399009423737264,0.4120292321505547,0.4015889629713167,4.244032258064516,3.0432309653782172,4.342950052029136,2.743159712222938,-0.09891779396462025,3.1687704068559084,3.170313962579825,2.5078199791883455
arousal,1,stimulus_plus_fewshot_bias,26,6200,1.9501925078043705,2.487943908548081,0.45670883457617195,0.48487838636224706,0.4560727103819383,3.130161290322581,2.381919794927886,3.0043132154006242,2.3854914573834063,0.12584807492195632,2.4847589730434496,2.487943908548081,1.9501925078043705
arousal,1,stimulus_plus_fewshot_bias,27,6200,1.6184755463059315,2.0404352730535704,0.4921084779203118,0.4692475055231194,0.47479920701970935,5.05741935483871,1.7097235538510698,5.024349635796046,2.2367297775594785,0.033069719042663884,2.0401672718685684,2.0404352730535704,1.6184755463059315
arousal,1,stimulus_plus_fewshot_bias,28,6200,1.438054110301769,1.7887788058692664,0.6736217490213924,0.6080339972660481,0.6657649617021184,3.1570967741935485,2.348403292216399,3.169542143600416,2.0144823365107847,-0.012445369406867877,1.7887355112222167,1.7887788058692664,1.438054110301769
arousal,1,stimulus_plus_fewshot_bias,29,6200,1.528537981269511,1.949923611641135,0.5724948435989498,0.5839590134229292,0.5722068080835002,3.8158064516129033,2.0816266502247993,3.8576586888657647,2.1337814434509395,-0.041852237252861586,1.9494744115972742,1.9499236116411351,1.528537981269511
arousal,1,stimulus_plus_fewshot_bias,30,6200,1.111149843912591,1.3761453312093084,0.7619313403355941,0.7465939113966206,0.7583324721258531,4.344032258064516,2.0708101575559352,4.386404786680541,1.8831453220806667,-0.042372528616024946,1.375492835832983,1.3761453312093082,1.111149843912591
arousal,1,stimulus_plus_fewshot_bias,31,6200,2.6386888657648284,3.194868918374006,0.4415264010371093,0.42183819513841136,0.4357294723054582,5.125806451612903,3.2394710581717767,5.181602497398543,2.755337989984386,-0.05579604578563995,3.1943816626801156,3.194868918374006,2.6386888657648284
arousal,1,stimulus_plus_fewshot_bias,32,6200,1.5662539021852235,1.9208862890543932,0.5698810109737251,0.5625113357553052,0.5678519261786701,4.44483870967742,1.9815737814688572,4.500676378772113,2.1467496749883987,-0.055837669094693,1.9200745532888115,1.9208862890543932,1.5662539021852235
arousal,1,stimulus_plus_fewshot_bias,33,6200,1.7936108220603537,2.1871992952805392,0.39597004271633685,0.39514973683871885,0.37673956260164904,3.5916129032258066,1.634110385923146,3.4805619146722164,2.234470715881774,0.11105098855359004,2.1843782720071534,2.1871992952805392,1.7936108220603537
arousal,1,stimulus_plus_fewshot_bias,34,6200,1.4625078043704471,1.8295351372507438,0.6656817447761902,0.6743008952100328,0.6582816713252563,3.8430645161290324,2.371276428226679,3.8157596253902186,2.042425254667814,0.027304890738813734,1.829331370030274,1.8295351372507438,1.4625078043704476
arousal,1,stimulus_plus_fewshot_bias,35,6200,1.6585535900104056,2.0944960007994706,0.40968366704732734,0.3983106802186468,0.38959140377918766,4.598225806451613,1.5784935899545414,4.505156087408949,2.1648426085579335,0.09306971904266392,2.0924271850562195,2.0944960007994706,1.6585535900104056
arousal,1,stimulus_plus_fewshot_bias,36,6200,1.7918730489073882,2.1806443146622003,0.5901995443193231,0.5898574753131698,0.5844534867228166,4.880967741935484,2.54995743777093,4.819053069719042,2.2219699497875633,0.06191467221644122,2.179765170937665,2.1806443146622003,1.7918730489073882
arousal,1,stimulus_plus_fewshot_bias,37,6200,1.7736732570239333,2.1801654745512082,0.35971157943632315,0.3902956387248587,0.31610220946060613,4.75,1.3479075779554315,4.773329864724246,2.2655346947621595,-0.023329864724245593,2.180040644996566,2.1801654745512082,1.7736732570239333
arousal,1,stimulus_plus_fewshot_bias,38,6200,1.667528616024974,2.0506739346658738,0.523698695026411,0.5377899494521339,0.5206472173522125,4.4961290322580645,1.9817679910744979,4.553423517169615,2.200478980844991,-0.057294484911550474,2.049873393240845,2.0506739346658738,1.667528616024974
arousal,1,stimulus_plus_fewshot_bias,39,6200,2.2857336108220605,2.7975750395374273,0.4810518786433682,0.40853386794099145,0.47442113482515885,3.847258064516129,2.944112588438612,3.7948959417273675,2.4940967657376065,0.05236212278876171,2.797084966521377,2.7975750395374273,2.2857336108220605
arousal,1,stimulus_plus_fewshot_bias,40,6200,3.1875962539021847,3.8639614773110424,0.22085119573764847,0.23781935603155752,0.2206941455464169,5.3745161290322585,3.0590524979515674,5.281217481789802,3.1291888121897404,0.09329864724245575,3.8628349253581185,3.8639614773110424,3.187596253902185
arousal,1,stimulus_plus_fewshot_bias,41,6200,1.742299687825182,2.147148762834377,0.3159175146653287,0.34287795289403705,0.20115588072083876,2.3779032258064516,0.8210509337404385,2.6766961498439126,2.2377994466926996,-0.29879292403746094,2.1262574158098406,2.147148762834377,1.742299687825182
arousal,1,stimulus_plus_fewshot_bias,42,6200,1.9058584807492196,2.3513818653822933,0.4691848781235669,0.5017355727305641,0.46895356128752513,6.342741935483871,2.2626944182051845,6.404177939646202,2.2995547757159733,-0.0614360041623309,2.3505791401782834,2.3513818653822933,1.9058584807492196
arousal,1,stimulus_plus_fewshot_bias,43,6200,2.1911446409989597,2.674841668785851,0.5380253503884876,0.5099063176008584,0.5286353342952635,4.179193548387096,3.000159027175972,4.1710978147762745,2.48552602059855,0.008095733610822041,2.674829417396627,2.674841668785851,2.1911446409989597
arousal,1,stimulus_plus_fewshot_bias,44,6200,2.691035379812695,3.4321640538164484,0.27433416964912427,0.2570927988647337,0.27368540478073244,3.810967741935484,2.813746618161892,3.9969198751300734,2.8751999833699418,-0.18595213319458892,3.4271229765606805,3.4321640538164484,2.691035379812695
arousal,1,stimulus_plus_fewshot_bias,45,6200,1.714276795005203,2.1807299571282437,0.42619565280451976,0.44897467592630547,0.4047924346697261,4.678387096774194,1.6663996282776319,4.847190426638918,2.276929335333835,-0.16880332986472424,2.174186878293385,2.1807299571282437,1.714276795005203
arousal,1,stimulus_plus_fewshot_bias,46,6200,2.209255983350676,2.7597780244161334,0.2500251211295651,0.258450602426623,0.23881956856779996,4.408064516129032,1.8844694972750953,4.252767950052029,2.535875014212183,0.15529656607700307,2.755405182657336,2.7597780244161334,2.209255983350676
arousal,1,stimulus_plus_fewshot_bias,47,6200,2.747721123829345,3.3791541083531142,0.28441100545307674,0.2869096898261563,0.28393272291727983,4.960322580645161,2.7773345122105693,5.098012486992715,2.865979188055311,-0.13768990634755468,3.376347727602969,3.3791541083531142,2.747721123829345
arousal,1,stimulus_plus_fewshot_bias,48,6200,1.4962122788761705,1.8508831278225661,0.6153895641366114,0.6345433994903057,0.6142855925026681,4.405161290322581,2.147625652139443,4.310551508844953,2.0640668348801903,0.09460978147762746,1.8484635084596617,1.8508831278225661,1.4962122788761705
arousal,1,stimulus_plus_fewshot_bias,49,6200,1.9343808532778355,2.4132412523998887,0.2593815581595339,0.27394782258343425,0.22584075175238746,2.655806451612903,1.3825812096396721,2.6728303850156085,2.3687200984004693,-0.01702393340270552,2.413181204960805,2.4132412523998887,1.9343808532778355
arousal,1,stimulus_plus_fewshot_bias,50,6200,1.6189594172736734,1.9682515417966189,0.6788237374127555,0.6762602151994067,0.659766010074878,4.285322580645161,2.649779794710847,4.219599375650364,2.08822187015298,0.06572320499479709,1.9671539319814246,1.9682515417966189,1.618959417273673
arousal,1,stimulus_plus_fewshot_bias,52,6200,2.30210197710718,2.845684910677152,0.2945381054483553,0.29129375099303745,0.2885985261838362,4.809516129032258,2.134586102827669,4.842377731529656,2.612569233117302,-0.03286160249739851,2.8454951635764436,2.845684910677152,2.30210197710718
arousal,1,stimulus_plus_fewshot_bias,53,6200,1.2240946930280956,1.489879478794832,0.7437435712601294,0.7416021179066549,0.7364979392508346,3.962741935483871,2.1878842846640962,4.015936524453694,1.9063920900783626,-0.05319458896982309,1.4889295473723032,1.489879478794832,1.2240946930280956
arousal,1,stimulus_plus_fewshot_bias,54,6200,1.9974921956295524,2.4423828968921693,0.42946584548540273,0.4211776529525072,0.42797693219301425,4.437903225806451,2.1943509857584935,4.360296566077003,2.367934024932871,0.07760665972944848,2.441149610613209,2.4423828968921693,1.9974921956295524
arousal,1,stimulus_plus_fewshot_bias,55,6200,1.1231893860561915,1.4138434761954464,0.6801282510655445,0.6412274570446541,0.6175906187278973,2.095,1.2339972421153895,2.0204942767950054,1.9232680517070069,0.0745057232049948,1.4118789864539114,1.4138434761954464,1.1231893860561915
arousal,1,stimulus_plus_fewshot_bias,56,6200,1.644245577523413,2.004370036879005,0.6341102694475707,0.6267326435799568,0.6281118494031896,4.844838709677419,2.475972758940956,4.8990322580645165,2.1609255527986946,-0.05419354838709674,2.003637268582205,2.004370036879005,1.644245577523413
arousal,1,stimulus_plus_fewshot_bias,57,6200,2.5040946930280956,3.0905047044107476,0.2050737431001408,0.20009302725952408,0.19958119580128694,4.41,2.1435492123593645,4.406129032258065,2.7088667516592815,0.0038709677419355207,3.0905022801469832,3.0905047044107476,2.5040946930280956
arousal,1,stimulus_plus_fewshot_bias,58,6200,1.3096409989594173,1.6155858024712029,0.7311273554892794,0.7009902595939715,0.7194296258108978,3.216774193548387,2.340549132005997,3.2414151925078043,1.9555358010164958,-0.02464099895941725,1.615397878640678,1.6155858024712029,1.3096409989594173
arousal,1,stimulus_plus_fewshot_bias,59,6200,1.9602081165452652,2.4174970321053815,0.43616774703256395,0.415676379641877,0.434107734888366,5.529193548387097,2.161194262429543,5.571108220603538,2.3780354031513267,-0.04191467221644128,2.417133645558581,2.4174970321053815,1.9602081165452652
arousal,1,stimulus_plus_fewshot_bias,60,6200,2.427242455775234,2.9839425983471277,0.48932104505821317,0.4959757070999721,0.47933618864707217,5.531612903225806,3.2026149565368467,5.595754422476587,2.615382034973264,-0.06414151925078049,2.9832531397350124,2.9839425983471277,2.427242455775234
arousal,1,stimulus_plus_fewshot_bias,61,6200,1.9108480749219563,2.3554291663485034,0.6114055340107127,0.5998805393624955,0.5938527290241764,3.4375806451612902,2.90721692960027,3.4035119667013527,2.28191001313862,0.03406867845993758,2.355182770579218,2.3554291663485034,1.9108480749219563
arousal,1,stimulus_plus_fewshot_bias,62,6200,2.2929604578564,2.99722707603977,0.4653989381368524,0.4717506381988681,0.45951635845572336,3.9356451612903225,3.1018028685556103,3.9776638917793963,2.6453804521942925,-0.04201873048907386,2.9969325270406064,2.99722707603977,2.2929604578564
arousal,1,stimulus_plus_fewshot_bias,63,6200,2.466420395421436,3.104785477333307,0.4496917153533551,0.44691025915371185,0.44296486867139173,4.026129032258065,3.1846853061927027,4.005275754422477,2.6763227623431294,0.020853277835587887,3.104715446069627,3.104785477333307,2.466420395421436
arousal,1,stimulus_plus_fewshot_bias,64,6200,1.7597346514047867,2.209695838351877,0.5389502186693226,0.5367841344494009,0.5375219486365859,4.433225806451613,2.332116423664903,4.58296566077003,2.2575698475851316,-0.14973985431841833,2.2046164460191946,2.209695838351877,1.7597346514047867
arousal,1,stimulus_plus_fewshot_bias,65,6200,1.992767950052029,2.516621593240329,0.5985727631360945,0.5868290058219371,0.5778762252971815,3.279677419354839,3.071382985615572,3.3791987513007284,2.3580332818863874,-0.09952133194588969,2.514653007484573,2.516621593240329,1.992767950052029
arousal,1,stimulus_plus_fewshot_bias_shrink4,1,6200,1.587232049947971,1.9228551351308827,0.6189988526480742,0.6166332292165633,0.5779050566014607,4.405645161290322,2.4381643815602025,4.357751300728409,1.6770911056940017,0.04789386056191458,1.9222585801134249,1.9228551351308827,1.587232049947971
arousal,1,stimulus_plus_fewshot_bias_shrink4,2,6200,1.96457232049948,2.37917151006063,0.709552295171207,0.7535438980033945,0.4897501354687076,6.490322580645161,2.3050932160438555,4.752077003121748,1.6608877065177137,1.7382455775234131,1.6244874226981496,2.37917151006063,1.9645723204994796
arousal,1,stimulus_plus_fewshot_bias_shrink4,3,6200,1.5112996878251819,1.7300273221144016,0.6230801043068849,0.6087592722847511,0.5135982808175916,3.0596774193548386,1.5179527466634188,4.088206035379812,1.6707145391645293,-1.028528616024974,1.391087136479983,1.7300273221144016,1.5112996878251823
arousal,1,stimulus_plus_fewshot_bias_shrink4,5,6200,1.3884037460978147,1.7107235269715404,0.6793097225267974,0.7181277200533679,0.6167862581734531,5.188548387096774,2.084140843155832,4.4633038501560875,1.6635213555217363,0.7252445369406867,1.54938547410631,1.7107235269715404,1.3884037460978147
arousal,1,stimulus_plus_fewshot_bias_shrink4,6,6200,2.8051196670135274,3.213793928916758,0.3054344558338812,0.3534611446565294,0.12255706303815521,7.533548387096774,1.3913918498815325,4.896445369406868,1.6972977512013168,2.637103017689906,1.836888426560797,3.2137939289167576,2.8051196670135274
arousal,1,stimulus_plus_fewshot_bias_shrink4,7,6200,1.21756087408949,1.4955161654945133,0.653738924745478,0.6795513133029139,0.4698527633937501,3.2764516129032257,0.9078654454342492,4.054890738813735,1.6699046747093238,-0.77843912591051,1.2769499318716824,1.4955161654945133,1.21756087408949
arousal,1,stimulus_plus_fewshot_bias_shrink4,8,6200,1.6262278876170657,1.8513072584902066,0.7466383426377934,0.7640825829936092,0.6424543739528586,3.315,2.4930809091072113,4.111158168574401,1.6542120149718762,-0.7961581685744017,1.6713679235736159,1.8513072584902068,1.6262278876170657
arousal,1,stimulus_plus_fewshot_bias_shrink4,9,6200,1.6741977107180022,2.1288343867939945,0.4402774376044814,0.4498298326589073,0.39211324501634665,5.3425806451612905,1.9647850867320693,4.482420395421436,1.6896669371595152,0.8601602497398542,1.947321286065562,2.1288343867939945,1.6741977107180022
arousal,1,stimulus_plus_fewshot_bias_shrink4,10,6200,1.461092611862643,1.7572060463098826,0.7345996587659923,0.6356023055526316,0.669909090609432,4.193870967741936,2.5678837495285123,4.230451612903226,1.6610075558631332,-0.03658064516129031,1.756825246172081,1.7572060463098826,1.461092611862643
arousal,1,stimulus_plus_fewshot_bias_shrink4,11,6200,1.6898043704474508,2.0301787754183396,0.411510720324393,0.42257511592223596,0.390306803537552,4.997741935483871,1.888674581641366,4.439386056191467,1.6974424323127038,0.5583558792924037,1.951887438408966,2.0301787754183396,1.6898043704474504
arousal,1,stimulus_plus_fewshot_bias_shrink4,12,6200,1.0770124869927158,1.320345127259171,0.655910833108937,0.5864064339518575,0.5912919948673784,4.807741935483871,1.1549911595176805,4.4070967741935485,1.6646016845132412,0.40064516129032257,1.2580916937217603,1.320345127259171,1.0770124869927158
arousal,1,stimulus_plus_fewshot_bias_shrink4,13,6200,1.787353798126951,2.118407962201114,0.542956703423783,0.45950401799324875,0.33474996499965415,2.370483870967742,1.2412271859571917,3.919139438085327,1.6753608408610179,-1.548655567117586,1.4454474147310874,2.118407962201114,1.787353798126951
arousal,1,stimulus_plus_fewshot_bias_shrink4,14,6200,1.334225806451613,1.5400496633747789,0.8590508496024879,0.8070391274867476,0.661793382118885,2.753548387096774,1.6403885227967199,4.0225015608740895,1.646698847048109,-1.2689531737773152,0.8726458665582785,1.5400496633747789,1.334225806451613
arousal,1,stimulus_plus_fewshot_bias_shrink4,15,6200,1.4237169614984393,1.7183357984250844,0.6655490544652313,0.6619464391316797,0.6251914043245517,3.8111290322580644,2.2127137074399417,4.241855359001041,1.6721846762179107,-0.43072632674297606,1.6634761037056336,1.7183357984250844,1.4237169614984393
arousal,1,stimulus_plus_fewshot_bias_shrink4,16,6200,1.1294422476586887,1.4223373970009088,0.8329587794143809,0.7663492651945518,0.7687414684700878,4.066935483870968,2.447553807579919,4.259896982310093,1.6493090779136048,-0.19296149843912594,1.4091875428868395,1.4223373970009088,1.1294422476586887
arousal,1,stimulus_plus_fewshot_bias_shrink4,17,6200,1.159647242455775,1.4195354014370336,0.8375438767097655,0.7898838355036161,0.765025847925719,3.7266129032258064,2.3802822030770048,4.1766503642039545,1.6454415523372907,-0.4500374609781478,1.3463086717574622,1.4195354014370336,1.159647242455775
arousal,1,stimulus_plus_fewshot_bias_shrink4,18,6200,1.8897304890738815,2.2388402322585543,0.6895132033605873,0.6690837482868809,0.5774686448547324,4.940967741935484,2.9630627733747756,4.4190239334027055,1.6764948979221712,0.5219438085327783,2.177149569118722,2.2388402322585543,1.8897304890738815
arousal,1,stimulus_plus_fewshot_bias_shrink4,19,6200,1.4094089490114463,1.7599434040536994,0.6580236659322911,0.7222490374552449,0.5780140007859551,5.43758064516129,1.9343184058239378,4.531586888657648,1.6666263614100292,0.9059937565036419,1.508832694054759,1.7599434040536992,1.4094089490114463
arousal,1,stimulus_plus_fewshot_bias_shrink4,20,6200,1.1420967741935484,1.496668590860061,0.8045793341482903,0.7967490168207692,0.7172709930738868,5.308064516129032,2.1411331328555594,4.521983350676379,1.6493835106738723,0.7860811654526534,1.273614255647148,1.496668590860061,1.1420967741935484
arousal,1,stimulus_plus_fewshot_bias_shrink4,21,6200,1.3202684703433925,1.6742196168866632,0.8239885411903153,0.704166428786622,0.7270685652062204,4.343387096774194,2.7477829441607287,4.3188314255983355,1.6489712024772558,0.024555671175858468,1.6740395289781027,1.6742196168866632,1.3202684703433925
arousal,1,stimulus_plus_fewshot_bias_shrink4,22,6200,1.952528616024974,2.227650666402676,0.7067276775726353,0.6612318101865574,0.5915591838114498,3.819677419354839,3.0363496588470236,4.174283038501561,1.6746704679553517,-0.35460561914672223,2.199245858560124,2.227650666402676,1.952528616024974
arousal,1,stimulus_plus_fewshot_bias_shrink4,23,6200,1.1342164412070759,1.3536306888356135,0.8276540546969281,0.809437765303461,0.7580264438302284,5.151774193548387,2.1099679130671007,4.504148803329865,1.6434713568482413,0.6476253902185223,1.1886536062713495,1.3536306888356135,1.1342164412070759
arousal,1,stimulus_plus_fewshot_bias_shrink4,24,6200,1.3354651404786682,1.521341940433311,0.8672201408775224,0.8219696839459529,0.7687969565924528,4.282741935483871,2.705530577834273,4.312823100936525,1.640060945911866,-0.03008116545265354,1.521044517167858,1.521341940433311,1.3354651404786682
arousal,1,stimulus_plus_fewshot_bias_shrink4,25,6200,1.819799167533819,2.2480524857122446,0.6879670777868314,0.6784365201655979,0.581950895265274,4.244032258064516,3.0432309653782172,4.3134661810613935,1.6801163967611545,-0.06943392299687828,2.246979952926653,2.2480524857122446,1.819799167533819
arousal,1,stimulus_plus_fewshot_bias_shrink4,26,6200,1.7352143600416234,1.9958007155332393,0.6725279935092948,0.6819374086998385,0.5731912577391552,3.130161290322581,2.381919794927886,4.063539021852237,1.6696794574702356,-0.9333777315296566,1.7640936784670882,1.9958007155332393,1.7352143600416234
arousal,1,stimulus_plus_fewshot_bias_shrink4,27,6200,1.1835140478668054,1.5028854873287014,0.6720599219320612,0.6265607135594374,0.6293859196681265,5.05741935483871,1.7097235538510698,4.436672216441208,1.669102477118871,0.6207471383975026,1.3686993015978857,1.5028854873287014,1.1835140478668054
arousal,1,stimulus_plus_fewshot_bias_shrink4,28,6200,1.2827877211238292,1.6160772536106711,0.8404108951307702,0.7266468952331748,0.7127749632009651,3.1570967741935485,2.348403292216399,4.096187304890739,1.6419503763907464,-0.9390905306971904,1.3152241880351347,1.6160772536106711,1.2827877211238292
arousal,1,stimulus_plus_fewshot_bias_shrink4,29,6200,1.0957679500520294,1.4349488240430166,0.7522550598774798,0.7653440462169792,0.7157667591612,3.8158064516129033,2.0816266502247993,4.228045785639958,1.6556614287121236,-0.41223933402705515,1.3744587513284516,1.4349488240430166,1.0957679500520294
arousal,1,stimulus_plus_fewshot_bias_shrink4,30,6200,0.774732570239334,0.9813416251834594,0.8857520056546155,0.8556887045642315,0.8618204414480338,4.344032258064516,2.0708101575559352,4.3245338189386064,1.6373103396185646,0.019498439125910493,0.9811478972047825,0.9813416251834595,0.774732570239334
arousal,1,stimulus_plus_fewshot_bias_shrink4,31,6200,2.0086857440166495,2.347271155422179,0.7572040524817057,0.7372167757350645,0.598376043944506,5.125806451612903,3.2394710581717767,4.474247658688865,1.6732625184652048,0.6515587929240375,2.255028384841384,2.347271155422179,2.008685744016649
arousal,1,stimulus_plus_fewshot_bias_shrink4,32,6200,1.0726514047866804,1.3212891107686624,0.7516300429375189,0.7058072290850231,0.7390076427834372,4.44483870967742,1.9815737814688572,4.352160249739854,1.6594817395858632,0.09267845993756502,1.3180347557251455,1.3212891107686624,1.0726514047866804
arousal,1,stimulus_plus_fewshot_bias_shrink4,33,6200,1.4498772112382936,1.6807664517101077,0.5397819754258448,0.5482951433806694,0.5107866014907566,3.5916129032258066,1.634110385923146,4.147271592091571,1.6719609554631392,-0.5556586888657649,1.5862595269003636,1.6807664517101077,1.4498772112382936
arousal,1,stimulus_plus_fewshot_bias_shrink4,34,6200,1.1847367325702394,1.3714507859315812,0.84460166251916,0.8539369449025226,0.7774677700251446,3.8430645161290324,2.371276428226679,4.214340270551508,1.6405362000949182,-0.3712757544224766,1.32023921029879,1.3714507859315814,1.1847367325702394
arousal,1,stimulus_plus_fewshot_bias_shrink4,35,6200,1.216174817898023,1.5827892866977142,0.5390801426110929,0.5102425972376645,0.5317462062346566,4.598225806451613,1.5784935899545414,4.345027055150884,1.6716415085961185,0.2531987513007284,1.5624059390647524,1.5827892866977142,1.216174817898023
arousal,1,stimulus_plus_fewshot_bias_shrink4,36,6200,1.4080842872008323,1.6183362604917506,0.8115588704182295,0.8169154112542877,0.7231020795322536,4.880967741935484,2.54995743777093,4.4061498439125915,1.6524734491424464,0.4748178980228928,1.547113510942085,1.6183362604917504,1.4080842872008323
arousal,1,stimulus_plus_fewshot_bias_shrink4,37,6200,1.32228616024974,1.5933726295118351,0.4916451473202787,0.5258125993407751,0.46730966745212144,4.75,1.3479075779554315,4.395975026014568,1.6804391399808154,0.35402497398543187,1.5535451890022618,1.5933726295118351,1.32228616024974
arousal,1,stimulus_plus_fewshot_bias_shrink4,38,6200,1.149299687825182,1.4305573320044618,0.7078185964215796,0.7088537030192907,0.6947321708147053,4.4961290322580645,1.9817679910744979,4.352971904266389,1.6601301352734052,0.1431571279916753,1.423376379197329,1.4305573320044618,1.149299687825182
arousal,1,stimulus_plus_fewshot_bias_shrink4,39,6200,1.7432570239334029,2.0695873460072134,0.7437730271649817,0.6050611167500614,0.6297840122242565,3.847258064516129,2.944112588438612,4.212895941727367,1.6637158253041004,-0.3656378772112383,2.0370323329543987,2.0695873460072134,1.7432570239334029
arousal,1,stimulus_plus_fewshot_bias_shrink4,40,6200,2.4828501560874088,2.9187079264382807,0.435898317961761,0.45488418659694785,0.3500896751794449,5.3745161290322585,3.0590524979515674,4.486185223725286,1.7206994598304803,0.8883309053069718,2.7802381485279533,2.9187079264382807,2.4828501560874088
arousal,1,stimulus_plus_fewshot_bias_shrink4,41,6200,1.7646274713839751,2.244243740199758,0.42104825879148794,0.44189711719155367,0.18796701970983912,2.3779032258064516,0.8210509337404385,4.016502601456816,1.6862270878804735,-1.638599375650364,1.533499935293131,2.244243740199758,1.7646274713839751
arousal,1,stimulus_plus_fewshot_bias_shrink4,42,6200,1.9383558792924038,2.364594976347628,0.6628653319768754,0.67629778204629,0.47221955424680284,6.342741935483871,2.2626944182051845,4.701726326742976,1.6677194331506824,1.641015608740895,1.702462091806214,2.3645949763476284,1.938355879292404
arousal,1,stimulus_plus_fewshot_bias_shrink4,43,6200,1.6245171696149843,1.8547051049018108,0.837067141063311,0.7967570832995772,0.7070656423821612,4.179193548387096,3.000159027175972,4.275355879292404,1.6531208052944313,-0.096162330905307,1.8522105259024135,1.8547051049018108,1.6245171696149843
arousal,1,stimulus_plus_fewshot_bias_shrink4,44,6200,2.0112112382934444,2.5113200809316614,0.4912419988756512,0.38865303049733774,0.4273097106588106,3.810967741935484,2.813746618161892,4.255629552549428,1.7022236114311824,-0.44466181061394383,2.471640027000723,2.5113200809316614,2.0112112382934444
arousal,1,stimulus_plus_fewshot_bias_shrink4,45,6200,1.16940790842872,1.536118017818677,0.5907364664652143,0.6090679864270231,0.5830900916129546,4.678387096774194,1.6663996282776319,4.407900104058273,1.6762534108707825,0.27048699271592086,1.5121161831812655,1.536118017818677,1.16940790842872
arousal,1,stimulus_plus_fewshot_bias_shrink4,46,6200,1.5331446409989598,1.981640271057034,0.3924991236893347,0.4445637190476507,0.3894667312332748,4.408064516129032,1.8844694972750953,4.293284079084287,1.693373936001226,0.11478043704474501,1.9783133258275376,1.981640271057034,1.5331446409989593
arousal,1,stimulus_plus_fewshot_bias_shrink4,47,6200,2.01927471383975,2.461553228199008,0.5084326560536788,0.4713556288832472,0.44222723539830405,4.960322580645161,2.7773345122105693,4.454206035379813,1.7010419366024028,0.5061165452653485,2.408960426795265,2.4615532281990076,2.01927471383975
arousal,1,stimulus_plus_fewshot_bias_shrink4,48,6200,1.077315296566077,1.3379941444953727,0.7838046054852491,0.8191931247512133,0.7560150073113225,4.405161290322581,2.147625652139443,4.304035379812695,1.6477045416613325,0.10112591050988547,1.3341671113198115,1.3379941444953727,1.077315296566077
arousal,1,stimulus_plus_fewshot_bias_shrink4,49,6200,1.8561196670135278,2.197182128277855,0.374849440401696,0.339101737758594,0.26616877083664775,2.655806451612903,1.3825812096396721,4.002378772112383,1.6893339586328853,-1.3465723204994795,1.7361890134683637,2.197182128277855,1.8561196670135278
arousal,1,stimulus_plus_fewshot_bias_shrink4,50,6200,1.2312330905306972,1.4264760694467937,0.883617061938506,0.8622413067699852,0.7902785364745682,4.285322580645161,2.649779794710847,4.29230905306972,1.6374287627224526,-0.006986472424557826,1.4264589604707998,1.4264760694467937,1.2312330905306972
arousal,1,stimulus_plus_fewshot_bias_shrink4,52,6200,1.6974318418314256,2.0444142329543067,0.47155254082905274,0.4746772439690813,0.44948963155090915,4.809516129032258,2.134586102827669,4.406829344432882,1.6951893071065853,0.4026867845993756,2.0043634673918707,2.044414232954307,1.6974318418314256
arousal,1,stimulus_plus_fewshot_bias_shrink4,53,6200,0.9176649323621229,1.127312726539451,0.8765779371656528,0.8608622180451686,0.8316053680557451,3.962741935483871,2.1878842846640962,4.250517169614985,1.6361871622137703,-0.28777523413111344,1.0899630259961086,1.127312726539451,0.9176649323621229
arousal,1,stimulus_plus_fewshot_bias_shrink4,54,6200,1.502602497398543,1.742982335646545,0.6251041230178231,0.657865279650703,0.6013639606320681,4.437903225806451,2.1943509857584935,4.315199791883455,1.670545683882604,0.1227034339229969,1.7386578989782289,1.742982335646545,1.502602497398543
arousal,1,stimulus_plus_fewshot_bias_shrink4,55,6200,1.797404786680541,2.0563146015446327,0.7877739814157882,0.6871313583857329,0.4326069301414192,2.095,1.2339972421153895,3.878236212278876,1.6582222816322734,-1.783236212278876,1.0239620851100637,2.0563146015446327,1.797404786680541
arousal,1,stimulus_plus_fewshot_bias_shrink4,56,6200,1.2432268470343393,1.4449309780057655,0.8500417120780807,0.819120289868279,0.7687371984058171,4.844838709677419,2.475972758940956,4.421548387096774,1.6487325916206308,0.4232903225806451,1.3815392987571042,1.4449309780057655,1.2432268470343393
arousal,1,stimulus_plus_fewshot_bias_shrink4,57,6200,1.8648865764828304,2.221772494055186,0.3513884183432569,0.356763861347863,0.3419969685588196,4.41,2.1435492123593645,4.329290322580645,1.7031097540319615,0.08070967741935482,2.2203060517214888,2.221772494055186,1.8648865764828306
arousal,1,stimulus_plus_fewshot_bias_shrink4,58,6200,1.193939646201873,1.4646854133482692,0.8884784195775638,0.8372106432589387,0.7601729454359423,3.216774193548387,2.340549132005997,4.107802289281998,1.6349644232883311,-0.8910280957336107,1.162485394612993,1.4646854133482692,1.193939646201873
arousal,1,stimulus_plus_fewshot_bias_shrink4,59,6200,1.4990759625390218,1.9520962482276154,0.6398882207479566,0.6397462738056936,0.5479185017026916,5.529193548387097,2.161194262429543,4.544269510926119,1.6698358022457105,0.9849240374609781,1.6854092686276227,1.9520962482276154,1.4990759625390218
arousal,1,stimulus_plus_fewshot_bias_shrink4,60,6200,2.038665972944849,2.340604238898281,0.7982928669112679,0.8229476943158204,0.6082373053305243,5.531612903225806,3.2026149565368467,4.551689906347554,1.6634470368952434,0.9799229968782516,2.1256008852411,2.340604238898281,2.0386659729448495
arousal,1,stimulus_plus_fewshot_bias_shrink4,61,6200,1.562661810613944,1.824180475272208,0.8698872825131861,0.8516634124144706,0.7143174766573104,3.4375806451612902,2.90721692960027,4.137576482830385,1.6450260982228135,-0.6999958376690947,1.684529677272051,1.824180475272208,1.562661810613944
arousal,1,stimulus_plus_fewshot_bias_shrink4,62,6200,1.74783558792924,2.1363267652524365,0.7669651216100417,0.6893279715671277,0.6348701623383565,3.9356451612903225,3.1018028685556103,4.246309053069719,1.6678352648359303,-0.3106638917793966,2.1136177502752047,2.1363267652524365,1.7478355879292407
arousal,1,stimulus_plus_fewshot_bias_shrink4,63,6200,1.8686742976066597,2.231717031269125,0.7526189992436224,0.7213501861656728,0.6158461607252262,4.026129032258065,3.1846853061927027,4.246437044745057,1.6656111466613979,-0.22030801248699272,2.2208163560480876,2.231717031269125,1.8686742976066597
arousal,1,stimulus_plus_fewshot_bias_shrink4,64,6200,1.2811935483870966,1.5456457153519325,0.7504688660532833,0.7358563543362739,0.708550248150566,4.433225806451613,2.332116423664903,4.361675338189387,1.6592581914089837,0.07155046826222682,1.5439887330797604,1.5456457153519327,1.2811935483870966
arousal,1,stimulus_plus_fewshot_bias_shrink4,65,6200,1.8357107180020813,1.9806230784425862,0.8866602308635494,0.8456306940558125,0.6949827730409052,3.279677419354839,3.071382985615572,4.136747138397503,1.6410890292464675,-0.8570697190426639,1.7855809350347345,1.9806230784425862,1.8357107180020813
arousal,2,stimulus_only,1,6000,1.5507311827956989,1.8723123181189487,0.6403722941853712,0.6344797543485249,0.5917962877241297,4.392166666666666,2.432975949782945,4.3013279569892475,1.6309908715264656,0.09083870967741925,1.870107415472195,1.8723123181189487,1.5507311827956989
arousal,2,stimulus_only,2,6000,2.338008064516129,2.7459218413102744,0.7227012821249537,0.7788347834250754,0.4175021014173782,6.4945,2.302528266203624,4.257120967741936,1.6238535333320716,2.2373790322580644,1.5919239380688934,2.7459218413102744,2.338008064516129
arousal,2,stimulus_only,3,6000,1.6477177419354838,1.8554484154530448,0.6349781226800951,0.6327015427110152,0.47900871752151986,3.0615,1.5186785099772324,4.329610215053764,1.6411796549196624,-1.2681102150537633,1.3544686430048916,1.8554484154530448,1.6477177419354838
arousal,2,stimulus_only,5,6000,1.4003413978494625,1.752204114665857,0.6953246109416326,0.7383097701760524,0.6068935618377279,5.19,2.080921270335169,4.297217741935484,1.637941998854142,0.892782258064516,1.5076999367039794,1.752204114665857,1.4003413978494625
arousal,2,stimulus_only,6,6000,3.335397849462366,3.73171309484913,0.31643196443098454,0.38008120734725115,0.09483326225705964,7.528333333333333,1.3955395213162385,4.255994623655914,1.6519470163477432,3.27233870967742,1.7937340916131332,3.73171309484913,3.335397849462366
arousal,2,stimulus_only,7,6000,1.3535779569892474,1.6306542946682732,0.6673311749274625,0.6888917521742391,0.42860323588715316,3.283,0.905489370451139,4.336502688172043,1.6503904437692616,-1.053502688172043,1.244654777331595,1.6306542946682732,1.3535779569892474
arousal,2,stimulus_only,8,6000,1.7213790322580644,1.9219656161574,0.7642738676382972,0.7842335253215131,0.6269771061121475,3.3091666666666666,2.4959799623038292,4.321336021505377,1.62737381342112,-1.0121693548387096,1.633849756500482,1.9219656161574,1.7213790322580644
arousal,2,stimulus_only,9,6000,1.6968145161290324,2.171057022960849,0.4572542677676723,0.4707776288442764,0.38533453142723734,5.340166666666667,1.9658212801665251,4.290244623655914,1.6436516484364825,1.0499220430107525,1.9003032127920405,2.171057022960849,1.6968145161290324
arousal,2,stimulus_only,10,6000,1.4379731182795699,1.7189497243084118,0.75252577439668,0.6567856485473182,0.6797647715662962,4.198,2.5634214115773735,4.311360215053763,1.6257153803982294,-0.11336021505376345,1.7152077472839637,1.7189497243084118,1.4379731182795699
arousal,2,stimulus_only,11,6000,1.6748091397849463,2.0295906820839376,0.4295715353999165,0.43790492780450296,0.3935763826488744,5.0095,1.8942218499074144,4.298201612903226,1.642757695018129,0.7112983870967742,1.9008663659803835,2.0295906820839376,1.6748091397849463
arousal,2,stimulus_only,12,6000,1.0925698924731182,1.3299097022594122,0.6665618683884886,0.6052718648013209,0.5889141762110359,4.808666666666666,1.1568887394886147,4.2938709677419356,1.6428645627553737,0.5147956989247311,1.2262321169062225,1.3299097022594122,1.0925698924731182
arousal,2,stimulus_only,13,6000,2.076680107526882,2.4135549027255094,0.5562666421016521,0.4735711800800682,0.28133601241037387,2.3755,1.2443872990351517,4.336088709677419,1.647195802960021,-1.9605887096774193,1.4076005043888606,2.4135549027255094,2.076680107526882
arousal,2,stimulus_only,14,6000,1.6079919354838712,1.7931062951120844,0.8665887148735655,0.8183962964125153,0.5905302069248732,2.7463333333333333,1.6359461754253681,4.327905913978495,1.6353860299760994,-1.5815725806451613,0.8449013893478877,1.7931062951120844,1.6079919354838712
arousal,2,stimulus_only,15,6000,1.4331424731182796,1.6933204275661369,0.6858328825242329,0.6852688710047844,0.6337197125004401,3.796333333333333,2.21137662001649,4.309362903225806,1.6355015205313168,-0.5130295698924732,1.6137331659319358,1.6933204275661369,1.4331424731182796
arousal,2,stimulus_only,16,6000,1.112801075268817,1.3903146595588043,0.8480523826844,0.7849674246233992,0.7770901638034234,4.066,2.4426032560910635,4.310204301075269,1.6265326185577347,-0.24420430107526886,1.3686997888216588,1.3903146595588043,1.112801075268817
arousal,2,stimulus_only,17,6000,1.165021505376344,1.4384893027613594,0.850089404173201,0.8063703156917076,0.7607011558997332,3.726,2.375904880250891,4.318037634408602,1.628407523975606,-0.5920376344086022,1.3110083575640274,1.4384893027613594,1.165021505376344
arousal,2,stimulus_only,18,6000,1.8561962365591398,2.2094762976518973,0.7225291083102044,0.690203821380038,0.588060999011011,4.937833333333334,2.966698834095268,4.299927419354838,1.6255837724927558,0.6379059139784947,2.115386857006727,2.2094762976518973,1.8561962365591398
arousal,2,stimulus_only,19,6000,1.4759462365591398,1.8634480653708527,0.6739833465576186,0.7581252093182392,0.5519662990441636,5.432,1.9394267194199424,4.286887096774193,1.63637912372912,1.1451129032258065,1.4700867767584807,1.8634480653708527,1.4759462365591398
arousal,2,stimulus_only,20,6000,1.221682795698925,1.6041328755264572,0.8197289641134957,0.831343118853686,0.6907253900254516,5.3195,2.146412452597745,4.296779569892473,1.6331586512007663,1.0227204301075268,1.2358338092904946,1.6041328755264572,1.221682795698925
arousal,2,stimulus_only,21,6000,1.2743387096774195,1.6289081449579565,0.8421038703989425,0.7249344110654088,0.7370412870280483,4.3225,2.735780281747787,4.297166666666667,1.61406331461912,0.025333333333333354,1.6287111367374492,1.6289081449579565,1.2743387096774195
arousal,2,stimulus_only,22,6000,1.9625779569892474,2.1965738445421166,0.7367728971898403,0.6962025653188324,0.5996725917836562,3.8005,3.0278760019745414,4.310755376344086,1.619902097153782,-0.510255376344086,2.1364868605817566,2.1965738445421166,1.9625779569892474
arousal,2,stimulus_only,23,6000,1.2274946236559139,1.4444379129942961,0.837705873810381,0.8205446015867105,0.7335541482633045,5.167833333333333,2.1060227853046185,4.304704301075269,1.6279323389758156,0.8631290322580644,1.1581921939680713,1.4444379129942961,1.2274946236559139
arousal,2,stimulus_only,24,6000,1.3098225806451613,1.482638513427477,0.8847143288962226,0.8464331819166453,0.7792107820934794,4.292,2.7083333128205127,4.311064516129032,1.6188718759940501,-0.019064516129032292,1.48251593776364,1.482638513427477,1.3098225806451613
arousal,2,stimulus_only,25,6000,1.781293010752688,2.1966168745873316,0.7165782806486702,0.7111883571837361,0.5947196953197058,4.2588333333333335,3.0446957109409505,4.308314516129032,1.6226614614445418,-0.04948118279569895,2.1960594951573955,2.1966168745873316,1.781293010752688
arousal,2,stimulus_only,26,6000,1.8630752688172045,2.101233636628475,0.690743365185539,0.7025083509674663,0.5494367026080188,3.1333333333333333,2.3841606955535157,4.3345430107526886,1.6346632633999012,-1.2012096774193548,1.7240296130209058,2.101233636628475,1.8630752688172045
arousal,2,stimulus_only,27,6000,1.228467741935484,1.5363269123292085,0.6871973858768327,0.6535084858550805,0.6200281638964692,5.0655,1.7102270073492194,4.289596774193548,1.6385588027711258,0.7759032258064515,1.3259994591741515,1.5363269123292085,1.228467741935484
arousal,2,stimulus_only,28,6000,1.3841639784946234,1.7354995727194718,0.8532098097545812,0.7451120303932299,0.684897317980144,3.1691666666666665,2.3552528467708562,4.3345295698924735,1.628917221476336,-1.1653629032258066,1.2860357968169427,1.7354995727194718,1.3841639784946234
arousal,2,stimulus_only,29,6000,1.0867795698924732,1.4283057815049278,0.7671260408132347,0.7925930709162466,0.7190304566026783,3.8141666666666665,2.083658474627953,4.316360215053764,1.6330789136141306,-0.5021935483870967,1.337108464350884,1.4283057815049278,1.0867795698924732
arousal,2,stimulus_only,30,6000,0.7558279569892472,0.957758902778535,0.8940215086649496,0.8691775279128775,0.8685348242739471,4.352833333333334,2.0764573931471735,4.312849462365592,1.6322546635676527,0.03998387096774193,0.9569239290110674,0.957758902778535,0.7558279569892472
arousal,2,stimulus_only,31,6000,2.008408602150538,2.3448451222292817,0.7892137934564474,0.767239630130659,0.6001254365600946,5.1193333333333335,3.233794400116096,4.2952258064516124,1.6166258318253084,0.8241075268817203,2.195255208712497,2.3448451222292817,2.008408602150538
arousal,2,stimulus_only,32,6000,1.0453655913978495,1.2943747862999144,0.7642540166818814,0.7296623377253391,0.7479162416427748,4.439666666666667,1.9883896052389285,4.307112903225807,1.6355317472208195,0.1325537634408602,1.2875696436335449,1.2943747862999144,1.0453655913978495
arousal,2,stimulus_only,33,6000,1.4692419354838713,1.7125249415229518,0.5532694781945194,0.5823715109688596,0.503579444267309,3.599666666666667,1.6339318291233027,4.327989247311828,1.6454754510988019,-0.7283225806451613,1.5499315771544764,1.7125249415229518,1.4692419354838713
arousal,2,stimulus_only,34,6000,1.1999112903225806,1.3738250900600084,0.8568357561896879,0.8685386649350718,0.7783138876571694,3.853666666666667,2.374711187117756,4.326029569892474,1.6283239257934947,-0.4723629032258065,1.290065372659261,1.3738250900600084,1.1999112903225806
arousal,2,stimulus_only,35,6000,1.1765376344086023,1.5459096163090322,0.5560387933063881,0.5309385729211917,0.5469617655160725,4.596333333333333,1.5784126696005565,4.310247311827957,1.6437458293791474,0.28608602150537626,1.5192074677594118,1.5459096163090322,1.1765376344086023
arousal,2,stimulus_only,36,6000,1.4009677419354838,1.6150844122487424,0.828173902286594,0.837340832610601,0.7241643083219161,4.877166666666667,2.547563274756662,4.300349462365592,1.6229329977111022,0.5768172043010753,1.5085687162045875,1.6150844122487424,1.4009677419354838
arousal,2,stimulus_only,37,6000,1.3012419354838711,1.5819680935174982,0.5022277508579334,0.5383651063173236,0.47040408385706045,4.757833333333333,1.3418352999612964,4.305155913978495,1.6492708434095353,0.4526774193548387,1.5158186576611437,1.5819680935174982,1.3012419354838711
arousal,2,stimulus_only,38,6000,1.1186962365591397,1.4040770653637222,0.7209371344156528,0.7174843219725374,0.7034629859027854,4.495833333333334,1.9856944978744562,4.303325268817204,1.6334445936550201,0.19250806451612903,1.3908174037509942,1.4040770653637222,1.1186962365591397
arousal,2,stimulus_only,39,6000,1.707970430107527,2.0316966390410087,0.7687586805293012,0.632894382570101,0.6390787686569899,3.849833333333333,2.9307479089057726,4.315158602150538,1.6220386244888676,-0.4653252688172043,1.977691489411513,2.0316966390410087,1.707970430107527
arousal,2,stimulus_only,40,6000,2.5025913978494625,2.9218734457334756,0.46911514014803407,0.5168537924054106,0.35518720401033754,5.383,3.0598983098571537,4.290381720430108,1.6380608411869175,1.0926182795698924,2.709894781727169,2.9218734457334756,2.5025913978494625
arousal,2,stimulus_only,41,6000,2.0142177419354836,2.478676272703434,0.43196583945853423,0.4474551606652117,0.16033397628056065,2.3758333333333335,0.819501457527007,4.350594086021505,1.6570265707015113,-1.974760752688172,1.4980507449700875,2.478676272703434,2.0142177419354836
arousal,2,stimulus_only,42,6000,2.2575833333333333,2.6576271220536434,0.6777893149833832,0.6988958271375396,0.41417037365697806,6.359,2.252432536910558,4.283319892473119,1.6353822792437143,2.075680107526882,1.659678887945594,2.6576271220536434,2.2575833333333333
arousal,2,stimulus_only,43,6000,1.5987876344086023,1.8072307627500253,0.8642530086388029,0.8260669770939583,0.7199452159695908,4.1875,3.0061066320630303,4.308180107526882,1.6158773666519324,-0.12068010752688174,1.8031969780024972,1.8072307627500253,1.5987876344086023
arousal,2,stimulus_only,44,6000,1.9875994623655915,2.469417547295884,0.51444093192419,0.3957568392612498,0.43622807474737463,3.8001666666666667,2.8085405413171842,4.312309139784945,1.6328752931636692,-0.5121424731182797,2.415726207607375,2.469417547295884,1.9875994623655915
arousal,2,stimulus_only,45,6000,1.139282258064516,1.5163526916932197,0.6054496303520682,0.6198863497728242,0.5900502786101401,4.685833333333333,1.660461574047677,4.308411290322581,1.6459704475764456,0.37742204301075266,1.468631365270013,1.5163526916932197,1.139282258064516
arousal,2,stimulus_only,46,6000,1.4850967741935484,1.9305549920104716,0.41119744285406185,0.47927820866839105,0.4068836178798779,4.4075,1.8863837759056348,4.311870967741935,1.648102376142835,0.09562903225806452,1.9281850703098855,1.9305549920104716,1.4850967741935484
arousal,2,stimulus_only,47,6000,2.0176236559139786,2.4450902371439427,0.5384351916184034,0.4828316431085039,0.4505569199198262,4.977,2.7831883994201085,4.299344086021505,1.635726542373279,0.6776559139784947,2.3493081385860375,2.4450902371439427,2.0176236559139786
arousal,2,stimulus_only,48,6000,1.047962365591398,1.3035902223917475,0.7968190314777895,0.8379043916204245,0.7663988359365411,4.408833333333333,2.146708015906112,4.30689247311828,1.6296687982032443,0.1019408602150537,1.2995982182713166,1.3035902223917475,1.047962365591398
arousal,2,stimulus_only,49,6000,2.067150537634409,2.385419055878247,0.38556359920618166,0.3411588249546032,0.2364669995185939,2.6578333333333335,1.384469322721004,4.334435483870968,1.6506794269854186,-1.6766021505376345,1.6968291902721524,2.385419055878247,2.067150537634409
arousal,2,stimulus_only,50,6000,1.2068897849462363,1.3911759381214823,0.8977830495055904,0.8859481625143267,0.7989402782755168,4.2651666666666666,2.6469831832148505,4.298879032258064,1.618082925105842,-0.033712365591397904,1.3907674022691277,1.3911759381214823,1.2068897849462363
arousal,2,stimulus_only,52,6000,1.6990537634408605,2.014436407765107,0.48762069256516594,0.5173017651926913,0.45519890634757376,4.799166666666666,2.124185955189004,4.291629032258064,1.6366872817222082,0.5075376344086021,1.9494510998197694,2.014436407765107,1.6990537634408605
arousal,2,stimulus_only,53,6000,0.8982392473118279,1.1172043075434404,0.8846913420085786,0.8780532022420062,0.834539302237195,3.9775,2.184794517416531,4.321233870967743,1.6284887995663468,-0.34373387096774194,1.0630110492102844,1.1172043075434404,0.8982392473118279
arousal,2,stimulus_only,54,6000,1.4770537634408605,1.6995609091995156,0.6445796041511327,0.6807223838791766,0.6157043222440161,4.4375,2.1978990915569043,4.303564516129033,1.6332996346608972,0.13393548387096776,1.6942752344997944,1.6995609091995156,1.4770537634408605
arousal,2,stimulus_only,55,6000,2.252231182795699,2.465146115224586,0.7940989635160801,0.7013992122904831,0.3472189538934866,2.1013333333333333,1.2372273661520568,4.353564516129032,1.6450044537565682,-2.252231182795699,1.0021976195589146,2.465146115224586,2.252231182795699
arousal,2,stimulus_only,56,6000,1.2331478494623656,1.4539279478803173,0.8658939059126719,0.8429170466089898,0.7677705633923582,4.851333333333334,2.482854181962543,4.307045698924731,1.6253768321551842,0.5442876344086021,1.3482052694813795,1.4539279478803173,1.2331478494623656
arousal,2,stimulus_only,57,6000,1.8419865591397848,2.172058823667554,0.3733037838647043,0.39738292898888994,0.35975618213172583,4.4126666666666665,2.1547713464670806,4.310524193548387,1.6478301994501992,0.1021424731182796,2.1696558364536433,2.172058823667554,1.8419865591397848
arousal,2,stimulus_only,58,6000,1.3078387096774193,1.586012939652466,0.8993156642359478,0.8516423600263691,0.7305255977913162,3.216666666666667,2.3396699672294714,4.327838709677419,1.6204462107568691,-1.1111720430107528,1.131695071817655,1.586012939652466,1.3078387096774193
arousal,2,stimulus_only,59,6000,1.549795698924731,2.0542411058551733,0.660540638441467,0.6760221712378084,0.5252007528249357,5.5216666666666665,2.165686316672436,4.282430107526881,1.6315224674515065,1.239236559139785,1.638352609018117,2.0542411058551733,1.549795698924731
arousal,2,stimulus_only,60,6000,2.0859596774193547,2.410024328715736,0.8297303079285311,0.8618898307112127,0.596325261049039,5.519666666666667,3.2042596475455745,4.287868279569893,1.6136146827621691,1.2317983870967741,2.071446354252873,2.410024328715736,2.0859596774193547
arousal,2,stimulus_only,61,6000,1.6132150537634407,1.866989838731259,0.8895489913454631,0.8822765004147495,0.7063308793919483,3.4465,2.910808206781523,4.327220430107526,1.6189012597765906,-0.8807204301075269,1.646202472940976,1.866989838731259,1.6132150537634407
arousal,2,stimulus_only,62,6000,1.7420268817204299,2.0941993288599754,0.7960875769980239,0.7019967335218321,0.6459334119650498,3.9451666666666667,3.102283025808932,4.317451612903226,1.6198193285985392,-0.37228494623655917,2.060843212814409,2.0941993288599754,1.7420268817204299
arousal,2,stimulus_only,63,6000,1.8487634408602154,2.171812554313056,0.7860489494203905,0.7588338448732281,0.631419404283121,4.0216666666666665,3.1778709679420416,4.308564516129032,1.617388267310002,-0.28689784946236563,2.152779458060131,2.171812554313056,1.8487634408602154
arousal,2,stimulus_only,64,6000,1.2527500000000003,1.5105410491563163,0.7677266101361162,0.7745980440641186,0.7195775752520162,4.4485,2.334954906773719,4.31538440860215,1.6331078132031955,0.13311559139784943,1.5046642484332062,1.5105410491563163,1.2527500000000003
arousal,2,stimulus_only,65,6000,1.9124892473118282,2.032997198750736,0.910016713349115,0.8619003342693151,0.6858210856835042,3.2765,3.0759358061138613,4.323693548387097,1.6115757633282186,-1.0471935483870967,1.7425450589137659,2.032997198750736,1.9124892473118282
arousal,2,stimulus_plus_fewshot_bias,1,6000,1.9571586021505376,2.403646838344286,0.4589551692130584,0.46480828799750074,0.454790256627221,4.392166666666666,2.432975949782945,4.5355215053763445,2.157996731815268,-0.14335483870967744,2.3993681488469014,2.403646838344286,1.9571586021505376
arousal,2,stimulus_plus_fewshot_bias,2,6000,1.5315430107526882,1.905914670442873,0.6048217657637212,0.6456912459483392,0.591305604443134,6.4945,2.302528266203624,6.3335322580645155,1.8869389150727942,0.16096774193548385,1.8991050832077612,1.9059146704428729,1.5315430107526882
arousal,2,stimulus_plus_fewshot_bias,3,6000,1.3204059139784947,1.6888799903332914,0.5358324833643606,0.5208139392979855,0.5217790185033933,3.0615,1.5186785099772324,3.1012634408602153,1.912188422488689,-0.03976344086021507,1.6884118249168758,1.6888799903332914,1.3204059139784947
arousal,2,stimulus_plus_fewshot_bias,5,6000,1.5420080645161287,1.8741392231591438,0.5686593341389866,0.6129296430694746,0.5673782217215032,5.19,2.080921270335169,5.203870967741936,1.946391351965273,-0.013870967741935464,1.8740878912253451,1.8741392231591436,1.5420080645161292
arousal,2,stimulus_plus_fewshot_bias,6,6000,1.8142419354838712,2.226605776296851,0.23823866404893695,0.3029216617982154,0.21963210817495277,7.528333333333333,1.3955395213162385,7.5741397849462375,2.098450456232434,-0.04580645161290325,2.226134553891372,2.226605776296851,1.8142419354838712
arousal,2,stimulus_plus_fewshot_bias,7,6000,1.2728709677419356,1.5531031380562486,0.5851825888100339,0.6124612376822369,0.4534973833549507,3.283,0.905489370451139,3.445494623655914,1.8887669997790284,-0.162494623655914,1.5445791837012077,1.5531031380562486,1.2728709677419356
arousal,2,stimulus_plus_fewshot_bias,8,6000,1.5332768817204303,1.9713817638379747,0.629482889406,0.6545828313522446,0.6087938549167285,3.3091666666666666,2.4959799623038292,3.318392473118279,1.9246467994432739,-0.009225806451612894,1.9713601759415356,1.9713817638379747,1.5332768817204303
arousal,2,stimulus_plus_fewshot_bias,9,6000,1.8858897849462364,2.316954257958512,0.3438871120483351,0.34398761533174865,0.3433116374672965,5.340166666666667,1.9658212801665251,5.3801236559139785,2.075745941036542,-0.03995698924731183,2.3166096936001903,2.316954257958512,1.8858897849462364
arousal,2,stimulus_plus_fewshot_bias,10,6000,1.7278467741935484,2.1127725376147155,0.5957532347558445,0.5626558161044491,0.5751403711754746,4.198,2.5634214115773735,4.052086021505376,1.9784153002156,0.14591397849462365,2.107727901456636,2.1127725376147155,1.7278467741935484
arousal,2,stimulus_plus_fewshot_bias,11,6000,1.9509247311827955,2.372462374521959,0.31448768887182416,0.3035115506495891,0.31154625652480633,5.0095,1.8942218499074144,4.878725806451613,2.13787324435563,0.13077419354838712,2.3688553836872654,2.372462374521959,1.9509247311827957
arousal,2,stimulus_plus_fewshot_bias,12,6000,1.236981182795699,1.5248509704678237,0.5837751459868515,0.5130661297489746,0.5214916696565646,4.808666666666666,1.1568887394886147,4.773548387096774,1.8760546392270254,0.03511827956989245,1.5244465187656515,1.5248509704678237,1.236981182795699
arousal,2,stimulus_plus_fewshot_bias,13,6000,1.3769112903225809,1.7293374903607213,0.4717610885417242,0.4134103613208443,0.43012271975193056,2.3755,1.2443872990351517,2.3175,1.9224846077036455,0.05800000000000001,1.7283645898846451,1.7293374903607213,1.3769112903225809
arousal,2,stimulus_plus_fewshot_bias,14,6000,0.8822096774193549,1.0993527661807159,0.7946295826827221,0.7568689569746989,0.7920602553442305,2.7463333333333333,1.6359461754253681,2.7208494623655914,1.770643488556644,0.025483870967741917,1.0990573582983243,1.0993527661807159,0.8822096774193549
arousal,2,stimulus_plus_fewshot_bias,15,6000,1.6345080645161292,2.0522207532194248,0.5346449333544628,0.5394550394014496,0.5310116743869135,3.796333333333333,2.21137662001649,3.9483548387096774,2.0166569274051542,-0.1520215053763441,2.046582390681502,2.0522207532194248,1.6345080645161292
arousal,2,stimulus_plus_fewshot_bias,16,6000,1.3988360215053763,1.7521858777908006,0.7019429360158462,0.6646239592690342,0.6803273529086474,4.066,2.4426032560910635,3.981333333333333,1.9054083812751166,0.08466666666666667,1.7501391104381026,1.7521858777908006,1.3988360215053763
arousal,2,stimulus_plus_fewshot_bias,17,6000,1.3268951612903226,1.6110796007818786,0.7372419876290142,0.6998550726828608,0.7124955061657567,3.726,2.375904880250891,3.617956989247312,1.8361255886050671,0.10804301075268817,1.6074527016005766,1.6110796007818786,1.3268951612903226
arousal,2,stimulus_plus_fewshot_bias,18,6000,2.2458817204301074,2.714266822769832,0.48929570075719947,0.4990266692614126,0.47233417731780686,4.937833333333334,2.966698834095268,4.965209677419355,2.271541241105172,-0.027376344086021503,2.714128759099966,2.714266822769832,2.245881720430108
arousal,2,stimulus_plus_fewshot_bias,19,6000,1.5006209677419355,1.8243211429664181,0.5576907733365518,0.5760411715412901,0.5575655371288541,5.432,1.9394267194199424,5.473096774193549,1.9388880195465934,-0.041096774193548395,1.8238581874217037,1.8243211429664177,1.5006209677419355
arousal,2,stimulus_plus_fewshot_bias,20,6000,1.2539973118279568,1.5626178623601197,0.7049505631028794,0.706830960921477,0.6979002487498864,5.3195,2.146412452597745,5.286618279569892,1.8640034748319154,0.03288172043010752,1.5622718637383397,1.5626178623601197,1.2539973118279568
arousal,2,stimulus_plus_fewshot_bias,21,6000,1.6450833333333332,2.050591027125406,0.6670141168321402,0.5878411856142665,0.6303610760762659,4.3225,2.735780281747787,4.49781182795699,1.9648235736717294,-0.17531182795698927,2.043083288440686,2.050591027125406,1.6450833333333332
arousal,2,stimulus_plus_fewshot_bias,22,6000,2.2068844086021504,2.6672420211021057,0.517630751507029,0.4957180826311855,0.4913870941114504,3.8005,3.0278760019745414,3.9081344086021503,2.1926689590229698,-0.10763440860215052,2.665069386191983,2.6672420211021057,2.2068844086021504
arousal,2,stimulus_plus_fewshot_bias,23,6000,1.1318198924731184,1.410025577685022,0.7497861198179081,0.744085390792991,0.7401658456396429,5.167833333333333,2.1060227853046185,5.148091397849462,1.7933139542692222,0.019741935483870977,1.4098873663202074,1.410025577685022,1.1318198924731184
arousal,2,stimulus_plus_fewshot_bias,24,6000,1.5674274193548388,1.8869557203050507,0.7189943231535533,0.6952812044743847,0.6782539290330494,4.292,2.7083333128205127,4.161548387096774,1.9272804474172611,0.13045161290322582,1.8824410394705327,1.8869557203050507,1.5674274193548388
arousal,2,stimulus_plus_fewshot_bias,25,6000,2.103534946236559,2.665289822159725,0.5189619218296069,0.5188097894724738,0.4870409854654824,4.2588333333333335,3.0446957109409505,4.106983870967742,2.1343337927966846,0.1518494623655914,2.6609606492557347,2.665289822159725,2.103534946236559
arousal,2,stimulus_plus_fewshot_bias,26,6000,1.647231182795699,2.076892997082889,0.5581028521100122,0.5874651567531998,0.5476963406390218,3.1333333333333333,2.3841606955535157,3.118817204301075,1.9627194223649063,0.014516129032258041,2.076842267320719,2.076892997082889,1.647231182795699
arousal,2,stimulus_plus_fewshot_bias,27,6000,1.3377876344086024,1.6962902152275696,0.5737808047162891,0.5385464069089416,0.5678532438250191,5.0655,1.7102270073492194,4.9171774193548385,1.9265283139677958,0.14832258064516127,1.689793154900195,1.6962902152275698,1.3377876344086024
arousal,2,stimulus_plus_fewshot_bias,28,6000,1.2799220430107525,1.585752152724902,0.7412093795154919,0.6559716777244065,0.7185135101777806,3.1691666666666665,2.3552528467708562,3.089166666666667,1.8383981022955806,0.07999999999999999,1.5837328972625595,1.585752152724902,1.2799220430107525
arousal,2,stimulus_plus_fewshot_bias,29,6000,1.3288655913978495,1.687070136408469,0.6450005165173983,0.6504999292626541,0.6422601708644754,3.8141666666666665,2.083658474627953,3.792811827956989,1.9010492849860892,0.021354838709677422,1.6869349768218613,1.687070136408469,1.3288655913978495
arousal,2,stimulus_plus_fewshot_bias,30,6000,0.9350537634408602,1.1732744837510518,0.8257149239587913,0.7984518528668402,0.8132490293311128,4.352833333333334,2.0764573931471735,4.293736559139785,1.7481423069834365,0.059096774193548376,1.1717852130408601,1.1732744837510518,0.9350537634408602
arousal,2,stimulus_plus_fewshot_bias,31,6000,2.2741021505376344,2.7577355570030013,0.5428398284305375,0.5406279893804119,0.5066287055009558,5.1193333333333335,3.233794400116096,5.215870967741935,2.2243700977908083,-0.09653763440860212,2.7560453348051888,2.7577355570030013,2.2741021505376344
arousal,2,stimulus_plus_fewshot_bias,32,6000,1.2833064516129031,1.5740278700493164,0.6657680158320726,0.6436796432538551,0.6639964844903536,4.439666666666667,1.9883896052389285,4.423645161290323,1.849236203007247,0.01602150537634407,1.5739463291540354,1.5740278700493164,1.2833064516129031
arousal,2,stimulus_plus_fewshot_bias,33,6000,1.6299354838709679,1.9681755096980993,0.4356836643897824,0.4304475221669465,0.42599567225650276,3.599666666666667,1.6339318291233027,3.6399247311827954,2.019214526598959,-0.04025806451612902,1.967763737143458,1.9681755096980993,1.6299354838709679
arousal,2,stimulus_plus_fewshot_bias,34,6000,1.2593064516129033,1.557579018116266,0.754890332261413,0.756560343611695,0.7278526038924237,3.853666666666667,2.374711187117756,3.863086021505376,1.8097341255914074,-0.009419354838709655,1.5575505363969588,1.557579018116266,1.2593064516129033
arousal,2,stimulus_plus_fewshot_bias,35,6000,1.5769919354838708,1.992082511660589,0.42916388542285666,0.4121850923653262,0.4137309610698707,4.596333333333333,1.5784126696005565,4.664118279569893,2.0671023740130163,-0.06778494623655913,1.990928912424466,1.992082511660589,1.5769919354838708
arousal,2,stimulus_plus_fewshot_bias,36,6000,1.5432150537634406,1.857747905559437,0.6868554006955486,0.6917902598891336,0.6584246354042177,4.877166666666667,2.547563274756662,4.865833333333333,1.9009592160287765,0.011333333333333334,1.8577133353039244,1.857747905559437,1.5432150537634406
arousal,2,stimulus_plus_fewshot_bias,37,6000,1.5429569892473118,1.8872353707950007,0.4076425202601397,0.44236469800461714,0.3783193156820417,4.757833333333333,1.3418352999612964,4.700478494623656,1.9812286070118192,0.05735483870967742,1.8863636360087974,1.8872353707950007,1.5429569892473118
arousal,2,stimulus_plus_fewshot_bias,38,6000,1.3760456989247312,1.688755538757566,0.6180771796176383,0.6282080309791764,0.6168345150615933,4.495833333333334,1.9856944978744562,4.5366720430107526,1.8703837513147759,-0.040838709677419344,1.6882616709136768,1.688755538757566,1.3760456989247312
arousal,2,stimulus_plus_fewshot_bias,39,6000,2.055959677419355,2.5139059873807597,0.5487141497058491,0.4674390633604654,0.5237905220718504,3.849833333333333,2.9307479089057726,3.7466505376344093,2.1612402472466243,0.10318279569892472,2.5117875356129518,2.5139059873807597,2.055959677419355
arousal,2,stimulus_plus_fewshot_bias,40,6000,2.7859166666666666,3.3832267060971715,0.2763191020175216,0.3080924376444569,0.27072825889891783,5.383,3.0598983098571537,5.247881720430108,2.5128033793618187,0.13511827956989245,3.38052747295081,3.3832267060971715,2.7859166666666666
arousal,2,stimulus_plus_fewshot_bias,41,6000,1.5289166666666667,1.8815482428900356,0.3541811141027772,0.38440865316332373,0.2469900661209582,2.3758333333333335,0.819501457527007,2.5445860215053764,2.0003425420689958,-0.168752688172043,1.8739654000427248,1.8815482428900356,1.5289166666666667
arousal,2,stimulus_plus_fewshot_bias,42,6000,1.6587043010752687,2.066565897969051,0.5342103038425333,0.5665461295475229,0.5296447846601094,6.359,2.252432536910558,6.244892473118281,1.9983115795538675,0.11410752688172039,2.0634132118791833,2.066565897969051,1.6587043010752687
arousal,2,stimulus_plus_fewshot_bias,43,6000,1.8419139784946237,2.2083813452329615,0.6787538282292954,0.6633723470956862,0.6246022409853281,4.1875,3.0061066320630303,4.158704301075269,1.9884438539359164,0.02879569892473118,2.2081935996864903,2.2083813452329615,1.8419139784946237
arousal,2,stimulus_plus_fewshot_bias,44,6000,2.3046639784946237,2.9386234798153534,0.34588375017592426,0.31075277594390194,0.33752883606819717,3.8001666666666667,2.8085405413171842,3.9379946236559134,2.2645970609727257,-0.13782795698924735,2.9353894818906516,2.9386234798153534,2.3046639784946237
arousal,2,stimulus_plus_fewshot_bias,45,6000,1.406752688172043,1.789296464394781,0.5087839253634612,0.529673140768735,0.5023901353837967,4.685833333333333,1.660461574047677,4.8164354838709675,1.913042077931242,-0.13060215053763438,1.7845237223894248,1.789296464394781,1.406752688172043
arousal,2,stimulus_plus_fewshot_bias,46,6000,1.8624596774193547,2.3387737013854197,0.3101343149609123,0.32363965166920267,0.3084164528969951,4.4075,1.8863837759056348,4.4742096774193545,2.084776096269033,-0.06670967741935485,2.3378221158229002,2.3387737013854197,1.8624596774193547
arousal,2,stimulus_plus_fewshot_bias,47,6000,2.395045698924731,2.940263493351651,0.35186701435372897,0.3665306503551545,0.34634186166815467,4.977,2.7831883994201085,4.8764408602150535,2.3387061653415726,0.10055913978494622,2.9385433925232696,2.940263493351651,2.395045698924731
arousal,2,stimulus_plus_fewshot_bias,48,6000,1.3030295698924732,1.619579770074236,0.6822587269207383,0.700543912072882,0.6753554464128411,4.408833333333333,2.146708015906112,4.37455376344086,1.8628457656191355,0.034279569892473126,1.6192169535678973,1.619579770074236,1.3030295698924732
arousal,2,stimulus_plus_fewshot_bias,49,6000,1.6800376344086023,2.0856762857288977,0.3031216030065807,0.3116844691787125,0.2819188326263573,2.6578333333333335,1.384469322721004,2.6286290322580643,2.0347644261546596,0.029204301075268797,2.085471811761213,2.0856762857288977,1.6800376344086023
arousal,2,stimulus_plus_fewshot_bias,50,6000,1.4193978494623656,1.7123509161100359,0.766765459388692,0.7598148429691781,0.7186179631300743,4.2651666666666666,2.6469831832148505,4.36908064516129,1.8447754992536487,-0.10391397849462364,1.7091949991081468,1.7123509161100359,1.4193978494623656
arousal,2,stimulus_plus_fewshot_bias,52,6000,1.9783763440860214,2.4605823383869847,0.34507914943569445,0.34383536794365765,0.34474572040357965,4.799166666666666,2.124185955189004,4.880177419354839,2.172819122565442,-0.08101075268817204,2.459248401835581,2.460582338386985,1.9783763440860214
arousal,2,stimulus_plus_fewshot_bias,53,6000,1.0945322580645163,1.3372535723334957,0.7912904227964308,0.7819186609582638,0.7755755570564751,3.9775,2.184794517416531,3.961112903225807,1.7873310031228813,0.016387096774193557,1.337153162423067,1.3372535723334957,1.0945322580645163
arousal,2,stimulus_plus_fewshot_bias,54,6000,1.7501774193548385,2.1140449902853056,0.5014956886944462,0.5086145984460732,0.49974024324551936,4.4375,2.1978990915569043,4.399370967741936,2.0252202369284475,0.03812903225806453,2.1137011136509964,2.114044990285306,1.7501774193548387
arousal,2,stimulus_plus_fewshot_bias,55,6000,0.971752688172043,1.2209986359921507,0.7319976003784474,0.6701320390144652,0.6848075809962392,2.1013333333333333,1.2372273661520568,2.1370322580645156,1.7882736738458795,-0.035698924731182795,1.2204766510948624,1.2209986359921507,0.971752688172043
arousal,2,stimulus_plus_fewshot_bias,56,6000,1.3887419354838713,1.6513125501321888,0.7467822706919676,0.7340508662881319,0.7147056110892772,4.851333333333334,2.482854181962543,4.852408602150538,1.8421174478568032,-0.001075268817204293,1.6513122000460854,1.6513125501321888,1.3887419354838713
arousal,2,stimulus_plus_fewshot_bias,57,6000,2.1859166666666665,2.6778610085599013,0.25661988254622403,0.2530316702483836,0.25640735938967607,4.4126666666666665,2.1547713464670806,4.3751612903225805,2.235887650891464,0.03750537634408602,2.6775983507447005,2.6778610085599013,2.1859166666666665
arousal,2,stimulus_plus_fewshot_bias,58,6000,1.1739435483870968,1.4473867093859576,0.7863299587758797,0.7453271412130507,0.7608755159764183,3.216666666666667,2.3396699672294714,3.285741935483871,1.8116291736778167,-0.0690752688172043,1.445737491298106,1.4473867093859576,1.1739435483870968
arousal,2,stimulus_plus_fewshot_bias,59,6000,1.739217741935484,2.1354304621687494,0.49691777674701554,0.4799649007293667,0.4963963851719371,5.5216666666666665,2.165686316672436,5.580978494623657,2.0883368749933635,-0.059311827956989256,2.134606606806659,2.1354304621687494,1.7392177419354835
arousal,2,stimulus_plus_fewshot_bias,60,6000,2.172524193548387,2.6329237106055476,0.5815496825308971,0.6044016952519904,0.5405485536122576,5.519666666666667,3.2042596475455745,5.6979892473118285,2.18840207750999,-0.1783225806451613,2.626878056381936,2.6329237106055476,2.172524193548387
arousal,2,stimulus_plus_fewshot_bias,61,6000,1.655774193548387,2.0388139690215703,0.7155185857473808,0.7004685684669033,0.661345102507156,3.4465,2.910808206781523,3.384801075268817,1.9487739998886284,0.061698924731182755,2.037880183662549,2.0388139690215703,1.655774193548387
arousal,2,stimulus_plus_fewshot_bias,62,6000,1.970319892473118,2.534443410146872,0.5849366613214083,0.56422497949589,0.5438993814314552,3.9451666666666667,3.102283025808932,3.8775322580645164,2.1105849970841626,0.06763440860215053,2.533540800147087,2.534443410146872,1.970319892473118
arousal,2,stimulus_plus_fewshot_bias,63,6000,2.2046155913978494,2.7699955891028014,0.5266843962423648,0.5217573867663331,0.49864305184364205,4.0216666666666665,3.1778709679420416,4.112032258064516,2.279734028352375,-0.09036559139784951,2.7685211979575475,2.769995589102802,2.20461559139785
arousal,2,stimulus_plus_fewshot_bias,64,6000,1.4938521505376345,1.8547718489585754,0.6357643166465892,0.6205752916859142,0.6238533345449556,4.4485,2.334954906773719,4.423489247311828,1.9217709927747288,0.025010752688172072,1.8546032119941946,1.8547718489585754,1.4938521505376345
arousal,2,stimulus_plus_fewshot_bias,65,6000,1.7676693548387097,2.165749632503779,0.7138262473526386,0.7155211112555692,0.6496332313088439,3.2765,3.0759358061138613,3.338048387096774,1.9804416325019003,-0.061548387096774196,2.164874884776494,2.165749632503779,1.7676693548387097
arousal,2,stimulus_plus_fewshot_bias_shrink4,1,6000,1.6088951612903226,1.951311130731498,0.6045531938549782,0.602125426523013,0.5674246497090097,4.392166666666666,2.432975949782945,4.37939247311828,1.6978414907080288,0.012774193548387028,1.9512693173664741,1.951311130731498,1.6088951612903226
arousal,2,stimulus_plus_fewshot_bias_shrink4,2,6000,1.8415421146953403,2.25148476369981,0.7031747891363855,0.7476914054756979,0.5136969225414859,6.4945,2.302528266203624,4.949258064516129,1.6536352181754443,1.545241935483871,1.637501450990029,2.25148476369981,1.8415421146953403
arousal,2,stimulus_plus_fewshot_bias_shrink4,3,6000,1.4218252688172042,1.6466195593499733,0.617618826545318,0.6012249013657114,0.5372249761967265,3.0615,1.5186785099772324,3.920161290322581,1.6778628338320194,-0.8586612903225805,1.405011303063239,1.6466195593499733,1.4218252688172046
arousal,2,stimulus_plus_fewshot_bias_shrink4,5,6000,1.3643297491039426,1.670925111636353,0.6732227657867049,0.7118041669559321,0.6271097021869121,5.19,2.080921270335169,4.599435483870968,1.6758377505865238,0.5905645161290322,1.563081661649909,1.670925111636353,1.3643297491039426
arousal,2,stimulus_plus_fewshot_bias_shrink4,6,6000,2.443860215053763,2.854622789659823,0.30010873104006747,0.34730372222085265,0.14997625309148535,7.528333333333333,1.3955395213162385,5.362043010752688,1.7164775657004703,2.1662903225806454,1.8590474737183755,2.854622789659823,2.4438602150537636
arousal,2,stimulus_plus_fewshot_bias_shrink4,7,6000,1.2223207885304659,1.4954195514733963,0.6541975659578673,0.6786839547938457,0.4717255856064482,3.283,0.905489370451139,4.0395,1.6855191370236589,-0.7565,1.2899563500091364,1.4954195514733963,1.2223207885304659
arousal,2,stimulus_plus_fewshot_bias_shrink4,8,6000,1.5693001792114696,1.8154788385988951,0.7419562953575081,0.7583706413973981,0.6512626699892918,3.3091666666666666,2.4959799623038292,3.9870215053763434,1.6618457666119357,-0.6778548387096774,1.6841841440407492,1.8154788385988951,1.5693001792114696
arousal,2,stimulus_plus_fewshot_bias_shrink4,9,6000,1.6437849462365592,2.07931877681506,0.4344657741726282,0.4434326950269974,0.4019129743779359,5.340166666666667,1.9658212801665251,4.653537634408602,1.700905549405555,0.6866290322580644,1.9626785645326728,2.07931877681506,1.6437849462365592
arousal,2,stimulus_plus_fewshot_bias_shrink4,10,6000,1.4740134408602152,1.774436530282219,0.7257835938790725,0.6313159774810095,0.6630432330779359,4.198,2.5634214115773735,4.224935483870968,1.6650660043088539,-0.026935483870967752,1.7742320816929888,1.774436530282219,1.4740134408602152
arousal,2,stimulus_plus_fewshot_bias_shrink4,11,6000,1.6984094982078852,2.038543635980932,0.40571440505981615,0.4150551932383196,0.38770160651280644,5.0095,1.8942218499074144,4.491709677419355,1.7119585274844042,0.5177903225806452,1.971687941242272,2.038543635980932,1.6984094982078852
arousal,2,stimulus_plus_fewshot_bias_shrink4,12,6000,1.0760071684587813,1.3199206794612215,0.6530928711990949,0.5810875792692228,0.5925687659592819,4.808666666666666,1.1568887394886147,4.4537634408602145,1.6768088994658228,0.3549032258064516,1.2713120389509207,1.3199206794612215,1.0760071684587813
arousal,2,stimulus_plus_fewshot_bias_shrink4,13,6000,1.617822580645161,1.9436157854284453,0.5415260070097181,0.45953290821412374,0.37562929353024904,2.3755,1.2443872990351517,3.6632258064516123,1.686292410808647,-1.287725806451613,1.4558174915713766,1.9436157854284453,1.617822580645161
arousal,2,stimulus_plus_fewshot_bias_shrink4,14,6000,1.1570510752688172,1.369507769428038,0.8554906265751442,0.8038014437627821,0.7115146181512636,2.7463333333333333,1.6359461754253681,3.7922204301075264,1.6526266607385318,-1.0458870967741936,0.8841220002494049,1.369507769428038,1.1570510752688172
arousal,2,stimulus_plus_fewshot_bias_shrink4,15,6000,1.4231290322580643,1.7250521100374854,0.6583607550795216,0.6548859906076944,0.6220054801853561,3.796333333333333,2.21137662001649,4.18902688172043,1.6817308885853741,-0.39269354838709675,1.679760863754103,1.7250521100374854,1.4231290322580643
arousal,2,stimulus_plus_fewshot_bias_shrink4,16,6000,1.1344121863799281,1.4334350537436147,0.8247793385236845,0.759004624268853,0.7645026206343356,4.066,2.4426032560910635,4.20058064516129,1.6554964006725026,-0.1345806451612903,1.427103396131104,1.4334350537436147,1.1344121863799281
arousal,2,stimulus_plus_fewshot_bias_shrink4,17,6000,1.1479130824372759,1.4021911533879325,0.832861927400473,0.7845570792957401,0.7685676237446184,3.726,2.375904880250891,4.084677419354838,1.6498344269224494,-0.35867741935483877,1.3555406816043307,1.4021911533879325,1.147913082437276
arousal,2,stimulus_plus_fewshot_bias_shrink4,18,6000,1.9019363799283155,2.246091984813459,0.6756563721353068,0.6603794457035564,0.5756691266011067,4.937833333333334,2.966698834095268,4.521688172043011,1.7072379261243207,0.4161451612903226,2.207204659513457,2.246091984813459,1.9019363799283155
arousal,2,stimulus_plus_fewshot_bias_shrink4,19,6000,1.3662222222222222,1.69798803206486,0.6536643710969348,0.71408349727689,0.595810838789476,5.432,1.9394267194199424,4.682290322580645,1.6762346042173022,0.7497096774193548,1.5235152630083042,1.69798803206486,1.3662222222222222
arousal,2,stimulus_plus_fewshot_bias_shrink4,20,6000,1.1211317204301077,1.4603393566346201,0.8012773108878604,0.7922035257184409,0.728132542603415,5.3195,2.146412452597745,4.626725806451613,1.6604843058013814,0.692774193548387,1.2855562816498536,1.4603393566346201,1.1211317204301077
arousal,2,stimulus_plus_fewshot_bias_shrink4,21,6000,1.337355734767025,1.6921164581298012,0.8135158015525021,0.6923672817151084,0.7196054568507051,4.3225,2.735780281747787,4.364048387096774,1.6508521742516367,-0.04154838709677417,1.691606289715015,1.6921164581298012,1.337355734767025
arousal,2,stimulus_plus_fewshot_bias_shrink4,22,6000,1.959581541218638,2.2481868264298113,0.6948876554581107,0.6481672366681152,0.5844759575361702,3.8005,3.0278760019745414,4.176548387096774,1.6894782803948687,-0.37604838709677424,2.216513392040405,2.2481868264298113,1.959581541218638
arousal,2,stimulus_plus_fewshot_bias_shrink4,23,6000,1.1120179211469534,1.3299815984233603,0.8242249211287496,0.8068803574537646,0.7637147601159914,5.167833333333333,2.1060227853046185,4.585833333333333,1.646823487154492,0.582,1.1958791963006785,1.3299815984233605,1.1120179211469534
arousal,2,stimulus_plus_fewshot_bias_shrink4,24,6000,1.348741935483871,1.543861619585057,0.8587910926889953,0.812864810065897,0.7630105949662956,4.292,2.7083333128205127,4.261225806451613,1.6496763212374201,0.030774193548387084,1.5435548741263594,1.543861619585057,1.348741935483871
arousal,2,stimulus_plus_fewshot_bias_shrink4,25,6000,1.821252688172043,2.2655936002484816,0.6801408357694907,0.6694697786771725,0.5758463481636127,4.2588333333333335,3.0446957109409505,4.241204301075269,1.6825759737858994,0.01762903225806448,2.2655250117155012,2.2655936002484816,1.821252688172043
arousal,2,stimulus_plus_fewshot_bias_shrink4,26,6000,1.6776747311827958,1.9467668031027965,0.6677602737297547,0.677251648617833,0.5844567063548106,3.1333333333333333,2.3841606955535157,3.9293010752688176,1.674086268411776,-0.7959677419354839,1.77660809957098,1.9467668031027965,1.6776747311827958
arousal,2,stimulus_plus_fewshot_bias_shrink4,27,6000,1.1724847670250895,1.4933252802155759,0.6673920396489494,0.6208870848360306,0.6318883803299139,5.0655,1.7102270073492194,4.498790322580645,1.6768912516061563,0.5667096774193549,1.3816151902936575,1.4933252802155759,1.1724847670250895
arousal,2,stimulus_plus_fewshot_bias_shrink4,28,6000,1.2174345878136201,1.5277469980292162,0.8359797421776014,0.7231121732530953,0.7359133122503572,3.1691666666666665,2.3552528467708562,3.9194086021505377,1.651656538629588,-0.7502419354838711,1.3308448174857566,1.5277469980292162,1.2174345878136201
arousal,2,stimulus_plus_fewshot_bias_shrink4,29,6000,1.0884964157706094,1.4284369790595846,0.7466933456069463,0.7584555604916979,0.7175560773505981,3.8141666666666665,2.083658474627953,4.141844086021505,1.6658924824444987,-0.32767741935483874,1.3903451772814641,1.4284369790595848,1.0884964157706094
arousal,2,stimulus_plus_fewshot_bias_shrink4,30,6000,0.7800331541218638,0.9902673562877475,0.8840343792363744,0.8531039407251204,0.8602888900092504,4.352833333333334,2.0764573931471735,4.306478494623657,1.6447357132363116,0.04635483870967741,0.9891818163802469,0.9902673562877475,0.7800331541218638
arousal,2,stimulus_plus_fewshot_bias_shrink4,31,6000,1.9998521505376345,2.3383274962725507,0.7426241819348602,0.7237972998158757,0.5971312993847594,5.1193333333333335,3.233794400116096,4.602107526881721,1.6873512355987308,0.517225806451613,2.280406311376272,2.3383274962725507,1.999852150537634
arousal,2,stimulus_plus_fewshot_bias_shrink4,32,6000,1.0848799283154122,1.3338266625503263,0.748275007557652,0.7016996467467344,0.7354505724894147,4.439666666666667,1.9883896052389285,4.345956989247312,1.6620830997717546,0.09370967741935483,1.3305307445106642,1.3338266625503263,1.0848799283154122
arousal,2,stimulus_plus_fewshot_bias_shrink4,33,6000,1.456298387096774,1.6890810553490043,0.5308069643935623,0.5346855512022947,0.5076493546207597,3.599666666666667,1.6339318291233027,4.09863440860215,1.6958591061728456,-0.4989677419354839,1.6136994776124551,1.6890810553490043,1.4562983870967743
arousal,2,stimulus_plus_fewshot_bias_shrink4,34,6000,1.1739955197132617,1.3674683966639476,0.8416461980742802,0.8509370244276451,0.7787121265802834,3.853666666666667,2.374711187117756,4.171715053763441,1.646203646077158,-0.31804838709677424,1.3299680595186518,1.3674683966639476,1.1739955197132617
arousal,2,stimulus_plus_fewshot_bias_shrink4,35,6000,1.2410304659498208,1.6011015816349192,0.5313708711573562,0.49929911448405817,0.5270732689580491,4.596333333333333,1.5784126696005565,4.428204301075269,1.7032037500947788,0.16812903225806453,1.5922496359634712,1.6011015816349192,1.2410304659498206
arousal,2,stimulus_plus_fewshot_bias_shrink4,36,6000,1.4058118279569893,1.6086927390253556,0.8057192569860914,0.8107777118816831,0.723837611220217,4.877166666666667,2.547563274756662,4.488844086021505,1.6522817251503483,0.3883225806451613,1.561120719852883,1.6086927390253556,1.4058118279569893
arousal,2,stimulus_plus_fewshot_bias_shrink4,37,6000,1.3345698924731184,1.6042808552950458,0.48447673386020834,0.5179241502821453,0.461354831306422,4.757833333333333,1.3418352999612964,4.436930107526881,1.6954733652680063,0.3209032258064516,1.5718581940916994,1.6042808552950458,1.3345698924731184
arousal,2,stimulus_plus_fewshot_bias_shrink4,38,6000,1.1634390681003586,1.4398751924104545,0.703836091707596,0.70511949393853,0.6915480617961458,4.495833333333334,1.9856944978744562,4.381107526881721,1.6629171120647814,0.11472580645161289,1.4352973765227433,1.4398751924104543,1.1634390681003586
arousal,2,stimulus_plus_fewshot_bias_shrink4,39,6000,1.7409534050179212,2.077607593140828,0.727749533319647,0.5926738044334852,0.624858309884825,3.849833333333333,2.9307479089057726,4.125655913978495,1.6854771600936524,-0.2758225806451613,2.059217136458093,2.077607593140828,1.7409534050179212
arousal,2,stimulus_plus_fewshot_bias_shrink4,40,6000,2.47594623655914,2.9158816891249177,0.4229139704351692,0.44490550236387183,0.34867190124590314,5.383,3.0598983098571537,4.609548387096774,1.7586034130493853,0.7734516129032257,2.8114299969004,2.9158816891249177,2.47594623655914
arousal,2,stimulus_plus_fewshot_bias_shrink4,41,6000,1.6096388888888886,2.0742718526360022,0.41776006571222923,0.4401418729988187,0.21367409015767885,2.3758333333333335,0.819501457527007,3.748591397849462,1.707552151755673,-1.372758064516129,1.5550366603215255,2.0742718526360022,1.6096388888888886
arousal,2,stimulus_plus_fewshot_bias_shrink4,42,6000,1.8086783154121864,2.232135032905039,0.6520225759844623,0.664888982678595,0.4974537627368134,6.359,2.252432536910558,4.937177419354838,1.6790870064049819,1.4218225806451612,1.720711293125466,2.232135032905039,1.8086783154121864
arousal,2,stimulus_plus_fewshot_bias_shrink4,43,6000,1.6365905017921147,1.8653482283186869,0.8342163932884421,0.7942796327672123,0.7046701916577891,4.1875,3.0061066320630303,4.2583548387096775,1.6553329419273632,-0.07085483870967745,1.8640020398924164,1.8653482283186866,1.6365905017921147
arousal,2,stimulus_plus_fewshot_bias_shrink4,44,6000,2.012279569892473,2.5233836073314544,0.4787383233687577,0.3802988229235018,0.4200689743394625,3.8001666666666667,2.8085405413171842,4.187537634408602,1.7151492989705819,-0.3873709677419355,2.493473192777452,2.5233836073314544,2.012279569892473
arousal,2,stimulus_plus_fewshot_bias_shrink4,45,6000,1.1686290322580644,1.530106272999131,0.5883525532447099,0.6066448870822181,0.5837811956155504,4.685833333333333,1.660461574047677,4.477752688172043,1.6806416717022916,0.20808064516129032,1.515891701864138,1.530106272999131,1.1686290322580644
arousal,2,stimulus_plus_fewshot_bias_shrink4,46,6000,1.541239247311828,1.989843259322235,0.39072252872662383,0.4407033540064121,0.38869697970891215,4.4075,1.8863837759056348,4.365983870967742,1.7079055890386587,0.041516129032258056,1.9894101155117092,1.989843259322235,1.541239247311828
arousal,2,stimulus_plus_fewshot_bias_shrink4,47,6000,2.039122759856631,2.486445792243663,0.49769775518379833,0.46919017614043756,0.4368167553518249,4.977,2.7831883994201085,4.491709677419355,1.7308892110307141,0.4852903225806452,2.43862788891126,2.4864457922436625,2.039122759856631
arousal,2,stimulus_plus_fewshot_bias_shrink4,48,6000,1.0857867383512545,1.350297759029126,0.7783055019881275,0.8119035769565138,0.7522352420971818,4.408833333333333,2.146708015906112,4.32944623655914,1.6566095607479379,0.07938709677419352,1.3479620643418881,1.350297759029126,1.0857867383512545
arousal,2,stimulus_plus_fewshot_bias_shrink4,49,6000,1.733972222222222,2.075729505526505,0.3693514189615224,0.3371249646019921,0.2881524618397034,2.6578333333333335,1.384469322721004,3.765833333333334,1.7053901872260155,-1.108,1.7552746167233513,2.075729505526505,1.733972222222222
arousal,2,stimulus_plus_fewshot_bias_shrink4,50,6000,1.2390071684587813,1.4397854104932317,0.8785631105583711,0.85604266659452,0.7862043468015708,4.2651666666666666,2.6469831832148505,4.322279569892473,1.6389962682428965,-0.05711290322580652,1.4386521972159512,1.4397854104932317,1.2390071684587813
arousal,2,stimulus_plus_fewshot_bias_shrink4,52,6000,1.68956541218638,2.050801729952549,0.457713193076919,0.4581738857077859,0.44131091347424056,4.799166666666666,2.124185955189004,4.487811827956989,1.7084641516623402,0.3113548387096774,2.0270288355098547,2.050801729952549,1.68956541218638
arousal,2,stimulus_plus_fewshot_bias_shrink4,53,6000,0.9216586021505377,1.1270949873347853,0.8708147696466609,0.8554474921647269,0.8312326116931185,3.9775,2.184794517416531,4.2011935483870975,1.6443289426329908,-0.2236935483870968,1.1046738463841665,1.1270949873347853,0.9216586021505377
arousal,2,stimulus_plus_fewshot_bias_shrink4,54,6000,1.5169318996415768,1.760735963968838,0.6181907352457078,0.6489139399457408,0.5959932649091019,4.4375,2.1978990915569043,4.3355,1.682987845801136,0.102,1.7577790346949964,1.760735963968838,1.5169318996415768
arousal,2,stimulus_plus_fewshot_bias_shrink4,55,6000,1.5709498207885304,1.8333934654156454,0.7847316855714687,0.6870584765854442,0.4903940573173073,2.1013333333333333,1.2372273661520568,3.614720430107527,1.6657942978451041,-1.5133870967741938,1.0348869959305542,1.8333934654156454,1.5709498207885304
arousal,2,stimulus_plus_fewshot_bias_shrink4,56,6000,1.2517795698924732,1.4400876223686645,0.8478689304550966,0.8163846968264037,0.7698294207202989,4.851333333333334,2.482854181962543,4.488833333333333,1.6474513483635507,0.3625,1.3937166534484093,1.4400876223686645,1.2517795698924732
arousal,2,stimulus_plus_fewshot_bias_shrink4,57,6000,1.8849103942652328,2.2476301335390434,0.3475466666583358,0.35201646832296063,0.3390577642127738,4.4126666666666665,2.1547713464670806,4.332069892473118,1.7302767241273533,0.08059677419354841,2.2461846266908543,2.2476301335390434,1.8849103942652328
arousal,2,stimulus_plus_fewshot_bias_shrink4,58,6000,1.1437347670250895,1.4054292324130295,0.8825505676556522,0.8307938920759754,0.7740865360465627,3.216666666666667,2.3396699672294714,3.98047311827957,1.638857410649488,-0.7638064516129033,1.1797588871441416,1.4054292324130295,1.1437347670250895
arousal,2,stimulus_plus_fewshot_bias_shrink4,59,6000,1.4790340501792112,1.8951116328429112,0.629245886375111,0.6242308459712469,0.5621052859534348,5.5216666666666665,2.165686316672436,4.715279569892473,1.691498543851714,0.8063870967741935,1.7149891985352597,1.8951116328429112,1.4790340501792112
arousal,2,stimulus_plus_fewshot_bias_shrink4,60,6000,1.9976451612903225,2.28677622639306,0.784070059962726,0.8069894788331784,0.6174043067722372,5.519666666666667,3.2042596475455745,4.757908602150538,1.6794394405801751,0.7617580645161292,2.15617025318993,2.2867762263930604,1.9976451612903225
arousal,2,stimulus_plus_fewshot_bias_shrink4,61,6000,1.5324955197132615,1.7969561306316022,0.8623307543346737,0.842077215494766,0.7197980955700534,3.4465,2.910808206781523,4.01308064516129,1.6523311812391261,-0.5665806451612904,1.7052969559414322,1.7969561306316022,1.5324955197132615
arousal,2,stimulus_plus_fewshot_bias_shrink4,62,6000,1.741453405017921,2.143845703791421,0.7585719587945824,0.6828571402570895,0.631822388241553,3.9451666666666667,3.102283025808932,4.17081182795699,1.6757780134867524,-0.2256451612903226,2.1319377718055463,2.143845703791421,1.741453405017921
arousal,2,stimulus_plus_fewshot_bias_shrink4,63,6000,1.8773664874551972,2.2581825301982237,0.7349921508729209,0.7060815846886341,0.6086445448538811,4.0216666666666665,3.1778709679420416,4.2430537634408605,1.697702046893903,-0.22138709677419358,2.2473041834772487,2.2581825301982237,1.8773664874551972
arousal,2,stimulus_plus_fewshot_bias_shrink4,64,6000,1.2893763440860215,1.560380589415518,0.7457607754182721,0.7305767148294261,0.7045173839883286,4.4485,2.334954906773719,4.3514193548387095,1.6669125881176314,0.09708064516129031,1.5573576763736028,1.560380589415518,1.2893763440860215
arousal,2,stimulus_plus_fewshot_bias_shrink4,65,6000,1.7848879928315413,1.944071740538945,0.8793137707924963,0.8396170431506386,0.7022463463004214,3.2765,3.0759358061138613,3.995145161290322,1.647805035369116,-0.7186451612903226,1.8063676437857632,1.9440717405389447,1.7848879928315413
arousal,4,stimulus_only,1,5600,1.5532430875576035,1.8726033937658533,0.6419144816047129,0.6352131673538416,0.5936563528607225,4.393035714285714,2.437868228334848,4.308283410138249,1.6368763013639078,0.08475230414746533,1.8706845050101548,1.8726033937658533,1.5532430875576035
arousal,4,stimulus_only,2,5600,2.315498271889401,2.7189081257444205,0.7307731344082324,0.7863554810939568,0.4265799006646929,6.4992857142857146,2.3048860036444143,4.2824625576036865,1.6325050116783948,2.216823156682028,1.5742161504181589,2.7189081257444205,2.315498271889401
arousal,4,stimulus_only,3,5600,1.6503369815668203,1.8571149752483846,0.6393483491872829,0.6384241920813206,0.4832266215628699,3.067857142857143,1.5274987892042364,4.338447580645162,1.6511247399879396,-1.2705904377880184,1.3544282818567621,1.8571149752483846,1.6503369815668203
arousal,4,stimulus_only,5,5600,1.4130587557603687,1.7624226991916088,0.6920113925939126,0.7363190304908201,0.6015806994186768,5.206428571428572,2.073014048408249,4.297235023041474,1.6346628610533296,0.9091935483870967,1.5098015969646859,1.7624226991916088,1.4130587557603687
arousal,4,stimulus_only,6,5600,3.329697580645161,3.7248654912795796,0.3174081791240719,0.38148566258616184,0.0949853524686719,7.5285714285714285,1.3884362074077499,4.261540898617511,1.6521450728599314,3.267030529953917,1.7891714407720944,3.7248654912795796,3.329697580645161
arousal,4,stimulus_only,7,5600,1.3478657834101384,1.6266700632422149,0.6613926868070646,0.6857126669917429,0.42722852405329864,3.2760714285714285,0.9056561918052026,4.3178369815668205,1.6474986305483459,-1.0417655529953918,1.249311821460374,1.6266700632422149,1.3478657834101384
arousal,4,stimulus_only,8,5600,1.7106768433179724,1.912798931634374,0.7668306155503115,0.7858355334564204,0.6298332672296864,3.3160714285714286,2.486698671052093,4.333885368663594,1.6323536314077618,-1.0178139400921657,1.6195229347606237,1.912798931634374,1.7106768433179724
arousal,4,stimulus_only,9,5600,1.699956797235023,2.1740872802353555,0.45827489518403475,0.47038892671916116,0.3848068475836859,5.355,1.9624265227373119,4.2919038018433175,1.6437500608098343,1.063096198156682,1.8964392886528096,2.1740872802353555,1.699956797235023
arousal,4,stimulus_only,10,5600,1.4409331797235023,1.721668264259974,0.755409296523402,0.6560383918043646,0.6810379174746115,4.1875,2.575125690413688,4.312004608294931,1.6267485563524982,-0.12450460829493087,1.7171605092923836,1.721668264259974,1.4409331797235023
arousal,4,stimulus_only,11,5600,1.6685339861751154,2.0192338880497305,0.4309385466867719,0.436209311780416,0.3957717731697201,4.998392857142857,1.8861802640576029,4.297364631336405,1.6428144898612107,0.7010282258064515,1.8936380122058942,2.0192338880497305,1.6685339861751154
arousal,4,stimulus_only,12,5600,1.0931653225806452,1.3294610532324143,0.6671614160269368,0.6091351869423419,0.5893304410189423,4.807321428571429,1.1559705122774984,4.293983294930875,1.6444093131023687,0.513338133640553,1.2263566579964713,1.3294610532324143,1.0931653225806452
arousal,4,stimulus_only,13,5600,2.0820276497695853,2.415968290322211,0.5588367137962589,0.47432227954141293,0.2829074252732624,2.3832142857142857,1.2512580913722358,4.348594470046083,1.6466062354584219,-1.9653801843317973,1.4050564084328916,2.415968290322211,2.0820276497695853
arousal,4,stimulus_only,14,5600,1.6088076036866361,1.7964882465711767,0.8640218158439468,0.8148829804150123,0.5892919377203828,2.75875,1.64257372361182,4.33940668202765,1.631422533775468,-1.5806566820276502,0.8537531690305591,1.7964882465711767,1.6088076036866361
arousal,4,stimulus_only,15,5600,1.4376468894009218,1.6988174424478273,0.6824162310934541,0.6827918831931872,0.6306001686768448,3.8032142857142857,2.215495032672364,4.302802419354839,1.62929861543027,-0.499588133640553,1.6236971390904544,1.6988174424478273,1.4376468894009218
arousal,4,stimulus_only,16,5600,1.1239228110599078,1.4034999268774677,0.8472991858869013,0.7826003503344504,0.7741543370064131,4.057142857142857,2.453485650403257,4.311935483870967,1.6240159030889916,-0.2547926267281106,1.3801785254488084,1.4034999268774677,1.1239228110599078
arousal,4,stimulus_only,17,5600,1.1617799539170508,1.4350880013873297,0.8500300910696135,0.8069794315109734,0.7605411046088255,3.724107142857143,2.3694011274594518,4.315374423963134,1.623849951273661,-0.5912672811059909,1.3076240185999222,1.4350880013873297,1.1617799539170508
arousal,4,stimulus_only,18,5600,1.861748271889401,2.2126108950782957,0.7214139037258537,0.6891311707819843,0.5863243774123604,4.932142857142857,2.966606234575194,4.295164170506913,1.621114558770318,0.6369786866359448,2.118939622969641,2.2126108950782957,1.861748271889401
arousal,4,stimulus_only,19,5600,1.477430875576037,1.8627061908288605,0.6728985257399741,0.7564446634448613,0.5512836069810749,5.43,1.9387293334995033,4.287845622119815,1.6337857531277837,1.1421543778801844,1.4714474949658558,1.8627061908288605,1.477430875576037
arousal,4,stimulus_only,20,5600,1.2290207373271889,1.6135996768252934,0.81523878805524,0.8273192415008925,0.6851539229938206,5.320357142857143,2.1379763164244445,4.292321428571428,1.6254130358886225,1.0280357142857144,1.2437228337550745,1.6135996768252934,1.2290207373271889
arousal,4,stimulus_only,21,5600,1.279046658986175,1.6308102863469442,0.8467763898388595,0.7318667019613301,0.7406997020734162,4.364107142857143,2.7585770638305243,4.314305875576037,1.6261559085436572,0.04980126728110601,1.6300496998043335,1.6308102863469442,1.279046658986175
arousal,4,stimulus_only,22,5600,1.9574596774193547,2.1934009209376812,0.7356685223376802,0.6960638395244569,0.5998893803455211,3.8130357142857143,3.0245793211871734,4.31190668202765,1.62087674020273,-0.4988709677419355,2.13591557827422,2.1934009209376812,1.9574596774193547
arousal,4,stimulus_only,23,5600,1.2323963133640552,1.4501900989272438,0.8379509408225027,0.8191981336097967,0.7331564584224252,5.171964285714286,2.109815428321073,4.300535714285714,1.634168322163062,0.8714285714285712,1.1591650304959034,1.4501900989272438,1.2323963133640552
arousal,4,stimulus_only,24,5600,1.317525921658986,1.487624688251871,0.8842218205625241,0.8463294377340835,0.7784425853534243,4.29625,2.713376956659095,4.315008640552995,1.620412914572413,-0.018758640552995424,1.4875064122554498,1.487624688251871,1.317525921658986
arousal,4,stimulus_only,25,5600,1.7803197004608293,2.192147248784579,0.7179986590956546,0.713197987944735,0.5961358601014107,4.251785714285714,3.043053627962061,4.312629608294931,1.6232528169468843,-0.060843894009216616,2.19130271320865,2.192147248784579,1.7803197004608293
arousal,4,stimulus_only,26,5600,1.8585426267281109,2.093769825614076,0.6946395339863111,0.7060809718150485,0.5527723375075778,3.1358928571428573,2.3855811487123715,4.335236175115208,1.634902394712715,-1.1993433179723503,1.7162306629025932,2.093769825614076,1.8585426267281109
arousal,4,stimulus_only,27,5600,1.2254493087557605,1.53463991444688,0.685907709502717,0.6534963688149739,0.6211830193743614,5.06125,1.7133921685400237,4.2985483870967744,1.6430495426081477,0.7627016129032258,1.3316928762625206,1.53463991444688,1.2254493087557605
arousal,4,stimulus_only,28,5600,1.3874049539170508,1.7379785099221998,0.8513352269076468,0.742591983367275,0.6826893940925649,3.1558928571428573,2.3455469030131746,4.3262644009216595,1.6272438922793944,-1.1703715437788018,1.2848345225997837,1.7379785099221998,1.3874049539170508
arousal,4,stimulus_only,29,5600,1.0930155529953918,1.4345154625806353,0.7644628261344059,0.7893530082365662,0.7159546937543383,3.81,2.0838597430180923,4.31189228110599,1.6279967707499303,-0.5018922811059908,1.3438522056197846,1.4345154625806353,1.0930155529953918
arousal,4,stimulus_only,30,5600,0.753197004608295,0.9554627565134536,0.8945131537136005,0.8698854472248363,0.8685750106262582,4.338214285714286,2.0737914786542007,4.305270737327189,1.626204256724053,0.03294354838709677,0.9548946547677153,0.9554627565134536,0.753197004608295
arousal,4,stimulus_only,31,5600,2.0110714285714284,2.3460677195279906,0.7941375466876041,0.7737860610876628,0.6026538553293215,5.1525,3.239978091857148,4.302263824884792,1.62222923720699,0.8502361751152074,2.1865800216632207,2.3460677195279906,2.0110714285714284
arousal,4,stimulus_only,32,5600,1.0384274193548386,1.2866860116871266,0.7668534941481351,0.7318304045160731,0.7502332796932585,4.4383928571428575,1.986415721114751,4.3033122119815665,1.63227892351004,0.13508064516129034,1.2795757546836115,1.2866860116871266,1.0384274193548386
arousal,4,stimulus_only,33,5600,1.4699654377880185,1.7130924884808438,0.5506791886935344,0.580223767701054,0.5009548572887242,3.590357142857143,1.6315132812008284,4.319009216589862,1.6394610664148932,-0.7286520737327188,1.5504038278895271,1.7130924884808438,1.4699654377880185
arousal,4,stimulus_only,34,5600,1.1933525345622118,1.369175332771004,0.858342775186255,0.8680138624415203,0.7803131531032882,3.8676785714285713,2.381061806265243,4.326088709677419,1.6290018744742611,-0.4584101382488479,1.290155508851263,1.369175332771004,1.1933525345622118
arousal,4,stimulus_only,35,5600,1.1753571428571428,1.5467820922610582,0.5583540164964996,0.5313583595502792,0.5488662694929554,4.600535714285714,1.5846021578694411,4.3064746543778805,1.6449762420293115,0.29406105990783404,1.518572663386701,1.5467820922610582,1.1753571428571428
arousal,4,stimulus_only,36,5600,1.4004493087557603,1.6162383720842826,0.8250804808099547,0.8349588678812471,0.7220086096065317,4.8758928571428575,2.5380231879961466,4.300558755760368,1.6199438566424216,0.5753341013824885,1.5103698709865925,1.6162383720842826,1.4004493087557603
arousal,4,stimulus_only,37,5600,1.3030011520737328,1.5849346949372072,0.5030861010338783,0.5398208966252799,0.4710355366016043,4.755714285714285,1.3478698235454676,4.295697004608296,1.6494139237083136,0.46001728110599077,1.5167076476037002,1.5849346949372072,1.3030011520737328
arousal,4,stimulus_only,38,5600,1.118427419354839,1.4056971457559566,0.7182520898406434,0.716195284423072,0.7006673626637332,4.5042857142857144,1.975379581193427,4.298565668202765,1.6299860515030202,0.2057200460829493,1.3905623784016565,1.4056971457559566,1.118427419354839
arousal,4,stimulus_only,39,5600,1.7208150921658987,2.040072490182626,0.7702312980789503,0.6328324694403301,0.6389287329882045,3.8410714285714285,2.9436539966580337,4.314063940092166,1.624100012614173,-0.4729925115207373,1.9844832700844937,2.040072490182626,1.7208150921658987
arousal,4,stimulus_only,40,5600,2.4940236175115205,2.9124783835841006,0.46984160299080485,0.5158271195132483,0.3564796811765745,5.371071428571429,3.056693871402465,4.293199884792626,1.6359292843004367,1.0778715437788018,2.705683512526282,2.9124783835841006,2.4940236175115205
arousal,4,stimulus_only,41,5600,2.020408986175115,2.4815047792072624,0.43514938307567136,0.4498046242376998,0.1604736944460911,2.3760714285714286,0.8170060293784963,4.3577476958525345,1.6554121745906911,-1.981676267281106,1.4935947043704005,2.4815047792072624,2.020408986175115
arousal,4,stimulus_only,42,5600,2.253588709677419,2.6557754792180863,0.6780148499381538,0.6978535340464745,0.41493782056298295,6.3498214285714285,2.255853489948371,4.277995391705069,1.635247969373587,2.0718260368663595,1.661529496872893,2.6557754792180863,2.253588709677419
arousal,4,stimulus_only,43,5600,1.599904953917051,1.8098039043133338,0.8613683941910936,0.8239439350060334,0.7178322496964483,4.177142857142857,2.9978049792936083,4.310889976958525,1.6134530305689465,-0.13374711981566825,1.8048550855979546,1.8098039043133338,1.599904953917051
arousal,4,stimulus_only,44,5600,1.976707949308756,2.459489501396038,0.5192876139594611,0.4001128329228847,0.44111340620397443,3.8114285714285714,2.809958965493109,4.312583525345622,1.6359821975946036,-0.5011549539170508,2.4078895987236892,2.459489501396038,1.976707949308756
arousal,4,stimulus_only,45,5600,1.1368231566820277,1.5189761634664083,0.6053019799890885,0.6184624171239017,0.5891859284481706,4.687142857142857,1.6659335802719,4.301264400921658,1.640775641385332,0.3858784562211981,1.4691447859906368,1.5189761634664083,1.1368231566820277
arousal,4,stimulus_only,46,5600,1.4817943548387098,1.9260357310310379,0.4115150765452519,0.480788437763921,0.40684993953590837,4.4105357142857144,1.8851477013399633,4.3066618663594465,1.6399749965971333,0.10387384792626729,1.923232659073066,1.9260357310310379,1.4817943548387098
arousal,4,stimulus_only,47,5600,2.0178945852534564,2.4434472933871874,0.5363675404804832,0.4797792540325415,0.44862267434184416,4.972321428571429,2.777675988426957,4.2978600230414745,1.6302875065841314,0.674461405529954,2.348517934360249,2.4434472933871874,2.0178945852534564
arousal,4,stimulus_only,48,5600,1.0526267281105992,1.3096513129903558,0.7956460591589469,0.8357881542188017,0.7647299601540383,4.410357142857142,2.1504567324555186,4.302845622119816,1.629191830833865,0.10751152073732714,1.3052309506467084,1.3096513129903558,1.0526267281105992
arousal,4,stimulus_only,49,5600,2.0730385944700465,2.390272157453081,0.38327845883321315,0.341218430362494,0.23443978076050234,2.65375,1.3834236290811286,4.3351584101382485,1.64985986336552,-1.6814084101382487,1.698901628997916,2.390272157453081,2.0730385944700465
arousal,4,stimulus_only,50,5600,1.2077592165898616,1.3950493748564952,0.8984494996721625,0.8867266969638062,0.7992997369751575,4.292678571428572,2.657244135694662,4.323836405529954,1.6232513097095151,-0.03115783410138255,1.3947013829711394,1.3950493748564952,1.2077592165898616
arousal,4,stimulus_only,52,5600,1.6929262672811063,2.0088025173937134,0.4903366521699664,0.5181387509886268,0.45841575491820086,4.79625,2.126303014372263,4.29963133640553,1.6380173326402179,0.49661866359447004,1.9464473938067175,2.0088025173937134,1.6929262672811063
arousal,4,stimulus_only,53,5600,0.900967741935484,1.1190047212040721,0.8850344620331574,0.879188141049753,0.8339987702205797,3.976785714285714,2.1887285180008513,4.3171486175115215,1.6238124558938773,-0.3403629032258064,1.065985300172898,1.1190047212040721,0.900967741935484
arousal,4,stimulus_only,54,5600,1.4758986175115205,1.6968418436777706,0.6441416527891249,0.6808820454637666,0.6159001059793447,4.428214285714286,2.1932991353070777,4.302551843317973,1.633953058355993,0.12566244239631338,1.6921823758173256,1.6968418436777706,1.4758986175115205
arousal,4,stimulus_only,55,5600,2.255155529953917,2.467656337932944,0.7937641114075551,0.6994449552664117,0.34613356809696455,2.0975,1.235686983595996,4.352655529953917,1.6432139153194412,-2.255155529953917,1.0017990506378487,2.467656337932944,2.255155529953917
arousal,4,stimulus_only,56,5600,1.2359850230414748,1.4551968047136914,0.8639502563986353,0.8404463527958089,0.7651192202115911,4.841607142857143,2.470558985898965,4.293087557603687,1.6158875534260315,0.5485195852534562,1.3478590449458405,1.4551968047136914,1.2359850230414748
arousal,4,stimulus_only,57,5600,1.8300316820276499,2.1614269443200076,0.377920971068269,0.40331967811247155,0.36394906989967163,4.40375,2.153324723786784,4.30107430875576,1.6424393052271289,0.10267569124423967,2.1589868313771725,2.1614269443200076,1.8300316820276499
arousal,4,stimulus_only,58,5600,1.302214861751152,1.578845682292645,0.9004115425429551,0.8549840876551941,0.7348342435900075,3.2360714285714285,2.3499207270606783,4.337831221198156,1.6324017598710079,-1.1017597926267282,1.130875345847294,1.578845682292645,1.302214861751152
arousal,4,stimulus_only,59,5600,1.5544095622119816,2.0642439449213583,0.658296285163837,0.671656881608345,0.5228898658699438,5.531071428571429,2.1693725875168117,4.285463709677419,1.635038841698989,1.2456077188940091,1.6460754766340928,2.0642439449213583,1.5544095622119816
arousal,4,stimulus_only,60,5600,2.0900086405529956,2.414271262468148,0.8288483641174573,0.8614302590620022,0.5943527564400908,5.537678571428572,3.195925134935461,4.290118087557604,1.6120043304466192,1.247560483870968,2.066953934625342,2.414271262468148,2.0900086405529956
arousal,4,stimulus_only,61,5600,1.612955069124424,1.8668814874097657,0.8894962811823405,0.8824918277938217,0.7053537383100413,3.438214285714286,2.903649862760695,4.326238479262672,1.6151808512711552,-0.8880241935483871,1.6421508821378248,1.8668814874097657,1.612955069124424
arousal,4,stimulus_only,62,5600,1.7415437788018433,2.0907160799048508,0.7965671549409095,0.7043455433684201,0.6447634545470868,3.9194642857142856,3.0916557743862625,4.3091762672811065,1.610754562377112,-0.38971198156682035,2.054073586363441,2.0907160799048508,1.7415437788018433
arousal,4,stimulus_only,63,5600,1.8544988479262672,2.178932803093844,0.7871776949584659,0.759143192899013,0.6320082541363774,4.04125,3.192554710628644,4.319665898617512,1.6223002054517413,-0.27841589861751154,2.1610721292440465,2.178932803093844,1.8544988479262672
arousal,4,stimulus_only,64,5600,1.2592511520737328,1.5198254711029648,0.7626170098252891,0.7694114318742995,0.7154015324088144,4.430714285714286,2.3312748329913346,4.308859447004609,1.632957144976025,0.12185483870967735,1.5149326258604334,1.5198254711029648,1.2592511520737328
arousal,4,stimulus_only,65,5600,1.9094239631336407,2.0302693070610833,0.9092269214661628,0.8624106420229631,0.6854321840535279,3.2751785714285715,3.0675999757089234,4.3244815668202765,1.610113517939572,-1.049302995391705,1.7380899525215276,2.0302693070610833,1.9094239631336407
arousal,4,stimulus_plus_fewshot_bias,1,5600,1.7341215437788018,2.1038880617563924,0.5485400961341123,0.551595379021727,0.5270304883325427,4.393035714285714,2.437868228334848,4.513404377880184,1.8441627705819075,-0.12036866359447003,2.100441944264481,2.1038880617563924,1.734121543778802
arousal,4,stimulus_plus_fewshot_bias,2,5600,1.419618375576037,1.7825972195651982,0.6477790765623196,0.6863029972920676,0.6269703336831179,6.4992857142857146,2.3048860036444143,6.583248847926267,1.788560796580397,-0.083963133640553,1.780618723756109,1.7825972195651982,1.419618375576037
arousal,4,stimulus_plus_fewshot_bias,3,5600,1.1924740783410137,1.5347110223987404,0.5815404642885567,0.5612523096007064,0.5742368577747938,3.067857142857143,1.5274987892042364,3.1075806451612906,1.788073708611457,-0.039723502304147465,1.5341968470952088,1.5347110223987404,1.1924740783410137
arousal,4,stimulus_plus_fewshot_bias,5,5600,1.4456480414746544,1.7355070247114968,0.6085952840961929,0.64993861585881,0.6013866415836177,5.206428571428572,2.073014048408249,5.082073732718894,1.8009176579723396,0.12435483870967742,1.7310460730184054,1.7355070247114968,1.4456480414746544
arousal,4,stimulus_plus_fewshot_bias,6,5600,1.6659835829493088,2.0366684157583763,0.2606806007546206,0.3177399855404209,0.2484096398562057,7.5285714285714285,1.3884362074077499,7.593940092165898,1.8939271136668083,-0.06536866359447012,2.0356191130876145,2.036668415758376,1.6659835829493088
arousal,4,stimulus_plus_fewshot_bias,7,5600,1.1603096198156684,1.408256032888213,0.6170896045439015,0.6416614011498747,0.49988021572106767,3.2760714285714285,0.9056561918052026,3.2634216589861755,1.7734280261480446,0.012649769585253462,1.40819921797148,1.4082560328882128,1.1603096198156682
arousal,4,stimulus_plus_fewshot_bias,8,5600,1.4238911290322582,1.832759705067944,0.6773857659678482,0.6976687292695792,0.6416984609411602,3.3160714285714286,2.486698671052093,3.365841013824885,1.7856821421032976,-0.049769585253456226,1.8320838203817087,1.832759705067944,1.4238911290322582
arousal,4,stimulus_plus_fewshot_bias,9,5600,1.759036578341014,2.1533584607431573,0.37649857633997785,0.3786806256528175,0.37586076751743175,5.355,1.9624265227373119,5.269585253456221,1.8896937948273602,0.08541474654377881,2.151663770556869,2.1533584607431573,1.759036578341014
arousal,4,stimulus_plus_fewshot_bias,10,5600,1.604616935483871,1.94576160626319,0.6566843303478445,0.59874642646966,0.6178336246456781,4.1875,2.575125690413688,4.2036981566820275,1.8097277499678202,-0.016198156682027648,1.9456941815526951,1.9457616062631897,1.604616935483871
arousal,4,stimulus_plus_fewshot_bias,11,5600,1.7973041474654377,2.138035250096759,0.3571282469514937,0.3515679907162645,0.3571140190003028,4.998392857142857,1.8861802640576029,5.015167050691245,1.8847999967198559,-0.016774193548387082,2.1379694471827966,2.138035250096759,1.7973041474654377
arousal,4,stimulus_plus_fewshot_bias,12,5600,1.1371198156682027,1.400320893901778,0.6160254255046429,0.5402437966254482,0.5632923666739692,4.807321428571429,1.1559705122774984,4.801422811059908,1.7759176840937951,0.005898617511520714,1.400308470376912,1.400320893901778,1.1371198156682027
arousal,4,stimulus_plus_fewshot_bias,13,5600,1.2681293202764978,1.6118720638117112,0.4985804060335643,0.4270977786375286,0.4658623425100244,2.3832142857142857,1.2512580913722358,2.3925460829493086,1.8161572298915294,-0.009331797235023009,1.6118450507592192,1.6118720638117112,1.2681293202764978
arousal,4,stimulus_plus_fewshot_bias,14,5600,0.7636146313364056,0.9632824959937011,0.8327269947014934,0.7824872486924416,0.8324001914237551,2.75875,1.64257372361182,2.738680875576037,1.684645321774982,0.02006912442396313,0.9630734122239646,0.9632824959937012,0.7636146313364056
arousal,4,stimulus_plus_fewshot_bias,15,5600,1.4534504608294931,1.8460052286198219,0.595525649854165,0.5981475032687869,0.5833850366170574,3.8032142857142857,2.215495032672364,3.771693548387097,1.8083605613528926,0.03152073732718893,1.8457360990158018,1.8460052286198219,1.4534504608294931
arousal,4,stimulus_plus_fewshot_bias,16,5600,1.2359202188940093,1.5549432398248029,0.7769517147445779,0.7164648790582493,0.7320255671225182,4.057142857142857,2.453485650403257,4.099516129032258,1.7324249229358644,-0.04237327188940092,1.5543657822103012,1.5549432398248029,1.2359202188940093
arousal,4,stimulus_plus_fewshot_bias,17,5600,1.2415740207373271,1.496399078573686,0.7769969582179526,0.7316772905818019,0.7406516011293357,3.724107142857143,2.3694011274594518,3.663922811059908,1.73675018581222,0.060184331797235036,1.4951882986976246,1.496399078573686,1.2415740207373271
arousal,4,stimulus_plus_fewshot_bias,18,5600,2.0263666474654376,2.3946275215376924,0.5919702990325106,0.600176844951446,0.5361150791008961,4.932142857142857,2.966606234575194,4.953248847926267,1.8868348455743418,-0.021105990783410116,2.3945345067588404,2.3946275215376924,2.0263666474654376
arousal,4,stimulus_plus_fewshot_bias,19,5600,1.3765538594470046,1.663266135525922,0.6036498990209858,0.6368748721415438,0.6013721003821934,5.43,1.9387293334995033,5.474216589861752,1.7830633188339378,-0.044216589861751185,1.662678300444296,1.663266135525922,1.3765538594470046
arousal,4,stimulus_plus_fewshot_bias,20,5600,1.1359331797235022,1.4008688873780815,0.757374521150033,0.749598475502463,0.7393814323471791,5.320357142857143,2.1379763164244445,5.261394009216589,1.7191532392304874,0.05896313364055299,1.3996274463210523,1.4008688873780815,1.1359331797235022
arousal,4,stimulus_plus_fewshot_bias,21,5600,1.505260656682028,1.8750227842875122,0.7398277271360153,0.6413657911497781,0.675998325293788,4.364107142857143,2.7585770638305243,4.256019585253457,1.7970731006923857,0.10808755760368663,1.871904784300891,1.8750227842875122,1.505260656682028
arousal,4,stimulus_plus_fewshot_bias,22,5600,2.024222350230415,2.42836178158956,0.597003158816505,0.5658950997357464,0.5371403282244748,3.8130357142857143,3.0245793211871734,3.7757776497695854,1.8949318358269385,0.03725806451612902,2.4280759417516853,2.42836178158956,2.024222350230415
arousal,4,stimulus_plus_fewshot_bias,23,5600,1.0657171658986175,1.3243049184322306,0.7801532024172836,0.7652013026553434,0.7638001325167447,5.171964285714286,2.109815428321073,5.0956970046082946,1.722747818834029,0.07626728110599079,1.3221069619423749,1.3243049184322304,1.0657171658986175
arousal,4,stimulus_plus_fewshot_bias,24,5600,1.421120391705069,1.6562981069694063,0.8117788537060244,0.772745448155116,0.7347657878888489,4.29625,2.713376956659095,4.228577188940092,1.7251169133728905,0.06767281105990786,1.6549150460956261,1.6562981069694063,1.4211203917050692
arousal,4,stimulus_plus_fewshot_bias,25,5600,1.9866604262672811,2.489478283756922,0.5772614134314032,0.5739662902284358,0.5195900990119229,4.251785714285714,3.043053627962061,4.26676267281106,1.9078906150319601,-0.014976958525345628,2.489433231884446,2.489478283756922,1.9866604262672811
arousal,4,stimulus_plus_fewshot_bias,26,5600,1.530823732718894,1.9367073286078913,0.6042204355228759,0.6284042967750494,0.582002698954883,3.1358928571428573,2.3855811487123715,3.1137039170506915,1.8115899946825909,0.022188940092165883,1.9365802146105648,1.9367073286078913,1.530823732718894
arousal,4,stimulus_plus_fewshot_bias,27,5600,1.162049251152074,1.5016744345820534,0.6279297740152505,0.579898965520889,0.6275432081875619,5.06125,1.7133921685400237,5.092701612903226,1.7657184723255277,-0.031451612903225803,1.5013450314711525,1.5016744345820534,1.162049251152074
arousal,4,stimulus_plus_fewshot_bias,28,5600,1.185894297235023,1.4619321472193691,0.7833096077522899,0.6805000243259134,0.7485033929572805,3.1558928571428573,2.3455469030131746,3.1559619815668203,1.7310455839201928,-6.912442396314627e-05,1.4619321455851668,1.4619321472193691,1.185894297235023
arousal,4,stimulus_plus_fewshot_bias,29,5600,1.138211405529954,1.4838048824757777,0.7115167749987518,0.7182384223105432,0.698778845037286,3.81,2.0838597430180923,3.7969124423963136,1.7223612522765874,0.013087557603686635,1.483747163466514,1.4838048824757777,1.138211405529954
arousal,4,stimulus_plus_fewshot_bias,30,5600,0.8792281105990783,1.0991838174204374,0.8487501246858948,0.8191335685647534,0.8311847734794021,4.338214285714286,2.0737914786542007,4.364988479262673,1.689863721175016,-0.02677419354838707,1.098857682795547,1.0991838174204371,0.8792281105990783
arousal,4,stimulus_plus_fewshot_bias,31,5600,2.1130457949308754,2.5232416796343964,0.6300779560691518,0.6291156153417137,0.5539949254405716,5.1525,3.239978091857148,4.991739631336405,1.93694518896084,0.16076036866359447,2.5181153027038605,2.5232416796343964,2.1130457949308754
arousal,4,stimulus_plus_fewshot_bias,32,5600,1.1777131336405529,1.4494894222633898,0.7054726574784177,0.6690216536217775,0.6995193513764717,4.4383928571428575,1.986415721114751,4.4101670506912445,1.7451509599503778,0.028225806451612913,1.4492145766254259,1.4494894222633898,1.1777131336405529
arousal,4,stimulus_plus_fewshot_bias,33,5600,1.492474078341014,1.7703691040901086,0.48060242802186376,0.47538644002222996,0.47751328558282624,3.590357142857143,1.6315132812008284,3.613122119815668,1.8265488064736435,-0.022764976958525338,1.7702227319015227,1.7703691040901084,1.492474078341014
arousal,4,stimulus_plus_fewshot_bias,34,5600,1.1702044930875577,1.4495494005962135,0.798590834801054,0.7976552821348779,0.7559903815198948,3.8676785714285713,2.381061806265243,3.760766129032258,1.7117895842013189,0.10691244239631337,1.4456013262409857,1.4495494005962135,1.1702044930875575
arousal,4,stimulus_plus_fewshot_bias,35,5600,1.379673099078341,1.7484786744067147,0.48680786153232936,0.4555738602703083,0.4813776712045717,4.600535714285714,1.5846021578694411,4.570627880184332,1.8392788983389639,0.02990783410138251,1.7482228680332565,1.7484786744067147,1.379673099078341
arousal,4,stimulus_plus_fewshot_bias,36,5600,1.4664602534562212,1.7299808600676445,0.7326440272419592,0.735360297815371,0.6868816042655658,4.8758928571428575,2.5380231879961466,4.882091013824885,1.7653763493979533,-0.006198156682027626,1.729969756687709,1.7299808600676445,1.4664602534562212
arousal,4,stimulus_plus_fewshot_bias,37,5600,1.3986031105990784,1.6722170969479735,0.4602308069129818,0.49062381789242626,0.44197008279550104,4.755714285714285,1.3478698235454676,4.668317972350231,1.7851186051206023,0.08739631336405528,1.6699317063088177,1.6722170969479735,1.3986031105990784
arousal,4,stimulus_plus_fewshot_bias,38,5600,1.2671947004608295,1.5683050111498151,0.6535834563013421,0.6589473106133177,0.6484479160688701,4.5042857142857144,1.975379581193427,4.419009216589862,1.7569721433537218,0.08527649769585254,1.5659848424995533,1.5683050111498151,1.2671947004608295
arousal,4,stimulus_plus_fewshot_bias,39,5600,1.8868879608294933,2.281841689782906,0.6318206487075936,0.5309777660751732,0.574009817984342,3.8410714285714285,2.9436539966580337,3.8508179723502307,1.8861671657094625,-0.00974654377880183,2.2818208742396227,2.281841689782906,1.8868879608294933
arousal,4,stimulus_plus_fewshot_bias,40,5600,2.5494513248847923,3.065120118065653,0.33457190535913867,0.37353906185867736,0.3105612964446296,5.371071428571429,3.056693871402465,5.421486175115207,2.069070347234371,-0.0504147465437788,3.0647054820164583,3.065120118065653,2.5494513248847923
arousal,4,stimulus_plus_fewshot_bias,41,5600,1.3966373847926268,1.6979174222897644,0.3893439804925597,0.41600413891940297,0.28808238349829085,2.3760714285714286,0.8170060293784963,2.515771889400922,1.8337130226543361,-0.13970046082949308,1.692160558031993,1.6979174222897644,1.3966373847926268
arousal,4,stimulus_plus_fewshot_bias,42,5600,1.4801339285714286,1.8553993467485563,0.6009846944128306,0.6203767910409276,0.5854103704981083,6.3498214285714285,2.255853489948371,6.323600230414746,1.7927200602291748,0.02622119815668201,1.855214053601955,1.8553993467485563,1.4801339285714286
arousal,4,stimulus_plus_fewshot_bias,43,5600,1.7519196428571429,2.066829643096002,0.7372683631402854,0.7125560231028161,0.6516763865629442,4.177142857142857,2.9978049792936083,4.267281105990783,1.8080043058952615,-0.09013824884792625,2.0648631600362717,2.066829643096002,1.7519196428571429
arousal,4,stimulus_plus_fewshot_bias,44,5600,2.1103024193548383,2.7196493476612806,0.39740873963452616,0.3446241644489247,0.37430397329478304,3.8114285714285714,2.809958965493109,3.7924423963133638,1.9811596696340372,0.01898617511520734,2.7195830745518554,2.7196493476612806,2.1103024193548388
arousal,4,stimulus_plus_fewshot_bias,45,5600,1.2838162442396313,1.6511412303014894,0.5450789230940378,0.5656716935165339,0.5437035357627805,4.687142857142857,1.6659335802719,4.68479262672811,1.788695568152075,0.0023502304147465327,1.6511395576445118,1.6511412303014894,1.2838162442396313
arousal,4,stimulus_plus_fewshot_bias,46,5600,1.74832517281106,2.2106236595148863,0.3280933052704418,0.3488749527537155,0.32796281365740415,4.4105357142857144,1.8851477013399633,4.377932027649769,1.92791631769907,0.032603686635944706,2.2103832164637724,2.2106236595148863,1.74832517281106
arousal,4,stimulus_plus_fewshot_bias,47,5600,2.1966388248847926,2.6978250945740503,0.40112374557520775,0.4119588423725097,0.3810318429063832,4.972321428571429,2.777675988426957,4.947597926267281,2.010622748631556,0.024723502304147413,2.697711806206753,2.6978250945740503,2.1966388248847926
arousal,4,stimulus_plus_fewshot_bias,48,5600,1.1890221774193548,1.4779869109758403,0.7311531486644608,0.751234792372277,0.714756889632224,4.410357142857142,2.1504567324555186,4.348652073732719,1.740665427461444,0.061705069124423986,1.4766982743472874,1.4779869109758403,1.1890221774193548
arousal,4,stimulus_plus_fewshot_bias,49,5600,1.5759634216589862,1.9608765633142051,0.3172589136418981,0.3150351304898031,0.3020942770231227,2.65375,1.3834236290811286,2.677597926267281,1.8960388516740736,-0.02384792626728111,1.9607315402593184,1.9608765633142051,1.5759634216589862
arousal,4,stimulus_plus_fewshot_bias,50,5600,1.3294815668202764,1.575095206902489,0.8244375196068067,0.8067787292146167,0.752709895389315,4.292678571428572,2.657244135694662,4.324199308755761,1.7235159468393328,-0.03152073732718893,1.5747797795011038,1.575095206902489,1.3294815668202764
arousal,4,stimulus_plus_fewshot_bias,52,5600,1.7310743087557603,2.1719267267326323,0.4120523037596978,0.4098293362215345,0.40723830883192624,4.79625,2.126303014372263,4.924107142857143,1.8494872377884095,-0.12785714285714286,2.168160108782544,2.171926726732632,1.7310743087557603
arousal,4,stimulus_plus_fewshot_bias,53,5600,0.9839904953917052,1.1905927038704665,0.8426210837374256,0.8272592113008077,0.8138111592615712,3.976785714285714,2.1887285180008513,3.941624423963134,1.6797405733741522,0.03516129032258066,1.1900733885657806,1.1905927038704665,0.9839904953917052
arousal,4,stimulus_plus_fewshot_bias,54,5600,1.6400979262672812,1.9373774759016669,0.5507590302685468,0.5655594608460285,0.5422413590293664,4.428214285714286,2.1932991353070777,4.475334101382487,1.8403273981591464,-0.047119815668202766,1.936804380184666,1.9373774759016669,1.6400979262672812
arousal,4,stimulus_plus_fewshot_bias,55,5600,0.8958539746543777,1.1335933421616375,0.7573211384061793,0.6761714381181657,0.7159904311592461,2.0975,1.235686983595996,2.1387442396313365,1.730893201394645,-0.041244239631336395,1.1328427861316082,1.1335933421616375,0.8958539746543777
arousal,4,stimulus_plus_fewshot_bias,56,5600,1.2991114631336405,1.5036203198490041,0.8015036406687085,0.7762565524331857,0.7488750756996767,4.841607142857143,2.470558985898965,4.808289170506913,1.7024140994638695,0.03331797235023041,1.5032511363645433,1.5036203198490041,1.2991114631336405
arousal,4,stimulus_plus_fewshot_bias,57,5600,2.046153513824885,2.490276325182724,0.2839521154502622,0.2847731530565679,0.28319858746075766,4.40375,2.153324723786784,4.380731566820277,2.0035615051931117,0.023018433179723487,2.4901699394819468,2.490276325182724,2.046153513824885
arousal,4,stimulus_plus_fewshot_bias,58,5600,1.0282790898617513,1.2746286508113467,0.8497835401967192,0.8005172759303717,0.8068463598297412,3.2360714285714285,2.3499207270606783,3.195311059907834,1.6992754254912974,0.04076036866359447,1.2739767618820848,1.2746286508113467,1.0282790898617513
arousal,4,stimulus_plus_fewshot_bias,59,5600,1.5599164746543777,1.8809858462346143,0.569043249541745,0.5506478238284034,0.5609066582588248,5.531071428571429,2.1693725875168117,5.509758064516129,1.8306080992868246,0.02131336405529953,1.8808650919849608,1.8809858462346145,1.5599164746543777
arousal,4,stimulus_plus_fewshot_bias,60,5600,1.9741388248847926,2.348366956662606,0.6864899532844112,0.7139411760875787,0.5964741715846469,5.537678571428572,3.195925134935461,5.500743087557604,1.8577678717599655,0.03693548387096773,2.3480764751549317,2.348366956662606,1.9741388248847924
arousal,4,stimulus_plus_fewshot_bias,61,5600,1.519184907834101,1.8652114604962575,0.7867920140346153,0.7673415732686577,0.6990354061518794,3.438214285714286,2.903649862760695,3.4657949308755764,1.7685027198534087,-0.027580645161290315,1.865007533598476,1.8652114604962575,1.5191849078341013
arousal,4,stimulus_plus_fewshot_bias,62,5600,1.8463911290322579,2.339648781538134,0.6568715004149033,0.6189672316548563,0.5800348495476012,3.9194642857142856,3.0916557743862625,4.025063364055299,1.8614039068658572,-0.10559907834101383,2.3372644813128027,2.339648781538134,1.8463911290322579
arousal,4,stimulus_plus_fewshot_bias,63,5600,1.9506466013824886,2.428172659725372,0.652593630510357,0.6400049894370546,0.5697943290254865,4.04125,3.192554710628644,4.018577188940092,1.8740878558052958,0.022672811059907788,2.4280668049039402,2.428172659725372,1.9506466013824886
arousal,4,stimulus_plus_fewshot_bias,64,5600,1.3869642857142856,1.6981873320708778,0.6890199662487897,0.6682304761825554,0.6620422267508242,4.430714285714286,2.3312748329913346,4.508294930875576,1.7584870182232144,-0.07758064516129032,1.6964142944170106,1.6981873320708778,1.3869642857142856
arousal,4,stimulus_plus_fewshot_bias,65,5600,1.663847926267281,2.005497886626774,0.7818451080494976,0.7735876282587192,0.6818301051310881,3.2751785714285715,3.0675999757089234,3.3228283410138246,1.796850981904432,-0.047649769585253465,2.0049317376716167,2.0054978866267743,1.663847926267281
arousal,4,stimulus_plus_fewshot_bias_shrink4,1,5600,1.6113976094470046,1.9438532011270708,0.6094493311340587,0.6060501814283582,0.5709227401631966,4.393035714285714,2.437868228334848,4.410843894009217,1.691963318808992,-0.01780817972350234,1.943771626572138,1.9438532011270708,1.6113976094470046
arousal,4,stimulus_plus_fewshot_bias_shrink4,2,5600,1.5645593317972348,1.9562746096444927,0.7030002287088658,0.7456850450835572,0.586141246466618,6.4992857142857146,2.3048860036444143,5.432855702764977,1.672533641862902,1.0664300115207372,1.640041883266276,1.956274609644493,1.5645593317972353
arousal,4,stimulus_plus_fewshot_bias_shrink4,3,5600,1.3150792050691245,1.5563986429123706,0.6194620151352308,0.602649173381212,0.5692190486636809,3.067857142857143,1.5274987892042364,3.723014112903226,1.6913717389468885,-0.655156970046083,1.4117882561699913,1.5563986429123706,1.3150792050691245
arousal,4,stimulus_plus_fewshot_bias_shrink4,5,5600,1.369372839861751,1.6630230801765622,0.6633504585538017,0.7027854209334321,0.6253901242643101,5.206428571428572,2.073014048408249,4.689654377880184,1.678777249541878,0.5167741935483872,1.5806929487039394,1.6630230801765622,1.369372839861751
arousal,4,stimulus_plus_fewshot_bias_shrink4,6,5600,2.057272465437788,2.460043508985203,0.29513730913848074,0.34166483096527206,0.1893517739380914,7.5285714285714285,1.3884362074077499,5.927740495391705,1.7248148327524708,1.6008309331797232,1.8679278330479383,2.460043508985203,2.057272465437788
arousal,4,stimulus_plus_fewshot_bias_shrink4,7,5600,1.1402397753456222,1.398059068797018,0.6471258563606711,0.6743830790242832,0.5029740143867144,3.2760714285714285,0.9056561918052026,3.7906293202764973,1.6874673787527183,-0.5145578917050692,1.2999228192202872,1.398059068797018,1.1402397753456222
arousal,4,stimulus_plus_fewshot_bias_shrink4,8,5600,1.4913990495391707,1.7697364605409227,0.7375799711885257,0.7532759245146289,0.6615027905745167,3.3160714285714286,2.486698671052093,3.8498631912442396,1.6685203650566813,-0.533791762672811,1.6873154695760264,1.7697364605409227,1.4913990495391707
arousal,4,stimulus_plus_fewshot_bias_shrink4,9,5600,1.6419830069124426,2.059597942805539,0.4274564801212173,0.4346028152707421,0.4039217220073171,5.355,1.9624265227373119,4.7807445276497695,1.713339811671583,0.5742554723502304,1.9779217220316434,2.059597942805539,1.6419830069124426
arousal,4,stimulus_plus_fewshot_bias_shrink4,10,5600,1.489093461981567,1.7914702613968099,0.7225658731244896,0.6265068990775456,0.6598146434643922,4.1875,2.575125690413688,4.25785138248848,1.6727062044333223,-0.07035138248847926,1.790088372246218,1.7914702613968099,1.489093461981567
arousal,4,stimulus_plus_fewshot_bias_shrink4,11,5600,1.6853614631336404,2.0009754717365578,0.4031309013951755,0.4108450723983155,0.3941599653939931,4.998392857142857,1.8861802640576029,4.656265841013825,1.7129267474160839,0.34212701612903224,1.9715100667574552,2.0009754717365578,1.6853614631336407
arousal,4,stimulus_plus_fewshot_bias_shrink4,12,5600,1.065296658986175,1.3080384963258291,0.6500725408125947,0.5802156782733421,0.5968326876920071,4.807321428571429,1.1559705122774984,4.5477030529953915,1.685271069997415,0.25961837557603684,1.2820152132223688,1.3080384963258291,1.065296658986175
arousal,4,stimulus_plus_fewshot_bias_shrink4,13,5600,1.4480465149769586,1.7719140906522945,0.5375649832000009,0.45453398129667605,0.4211592726198262,2.3832142857142857,1.2512580913722358,3.370570276497696,1.6981057952958967,-0.9873559907834101,1.4713285466258916,1.7719140906522948,1.4480465149769588
arousal,4,stimulus_plus_fewshot_bias_shrink4,14,5600,0.9709043778801844,1.182556998108687,0.8540325477020878,0.801374635261007,0.7676263898068835,2.75875,1.64257372361182,3.5390437788018434,1.646561541213113,-0.7802937788018434,0.8885846456804037,1.182556998108687,0.9709043778801844
arousal,4,stimulus_plus_fewshot_bias_shrink4,15,5600,1.3862708813364055,1.7107158426453308,0.6525578887368993,0.6499084926829962,0.6236333042036768,3.8032142857142857,2.215495032672364,4.037247983870968,1.6770810350440148,-0.23403369815668204,1.694631795525161,1.7107158426453308,1.3862708813364055
arousal,4,stimulus_plus_fewshot_bias_shrink4,16,5600,1.1436693548387098,1.4433147615089814,0.8252435532726902,0.7562130843693948,0.7622410994207578,4.057142857142857,2.453485650403257,4.205725806451612,1.6492330393258374,-0.1485829493087558,1.435646407707845,1.4433147615089814,1.1436693548387098
arousal,4,stimulus_plus_fewshot_bias_shrink4,17,5600,1.1469621255760367,1.3932069796784294,0.8269187565693316,0.7787298123431105,0.7691714011584079,3.724107142857143,2.3694011274594518,3.9896486175115204,1.650567792687517,-0.26554147465437794,1.3676671427884308,1.3932069796784294,1.1469621255760367
arousal,4,stimulus_plus_fewshot_bias_shrink4,18,5600,1.9008712557603686,2.2281848073593005,0.6769239131055984,0.6588440225489137,0.5773836590800185,4.932142857142857,2.966606234575194,4.62420650921659,1.688849164375904,0.30793634792626734,2.2068037387526416,2.2281848073593005,1.9008712557603686
arousal,4,stimulus_plus_fewshot_bias_shrink4,19,5600,1.3228168202764978,1.627776603706838,0.6492226257764703,0.7096210339907649,0.6141905044030443,5.43,1.9387293334995033,4.881031105990783,1.6756332347587468,0.5489688940092166,1.53241307257073,1.6277766037068377,1.3228168202764978
arousal,4,stimulus_plus_fewshot_bias_shrink4,20,5600,1.0900626440092167,1.4029115311467057,0.7966753659306265,0.7878502719122832,0.7405169321594336,5.320357142857143,2.1379763164244445,4.776857718894009,1.648816272700915,0.5434994239631337,1.293355767132979,1.4029115311467057,1.0900626440092165
arousal,4,stimulus_plus_fewshot_bias_shrink4,21,5600,1.3553924251152074,1.709411962418905,0.8127651010705754,0.6926750155446375,0.7187112461836397,4.364107142857143,2.7585770638305243,4.285162730414747,1.6650043989150276,0.07894441244239633,1.7075880759143807,1.709411962418905,1.3553924251152074
arousal,4,stimulus_plus_fewshot_bias_shrink4,22,5600,1.9420413306451614,2.2411693547350704,0.6882557908955592,0.6418700617431424,0.5832041585141999,3.8130357142857143,3.0245793211871734,4.043842165898617,1.688113866113272,-0.23080645161290322,2.2292528924501753,2.2411693547350704,1.9420413306451614
arousal,4,stimulus_plus_fewshot_bias_shrink4,23,5600,1.080935339861751,1.3006661868410248,0.8195153739687342,0.8003467775050355,0.7718936933039023,5.171964285714286,2.109815428321073,4.698116359447005,1.655466265202211,0.473847926267281,1.2112805919207028,1.3006661868410248,1.0809353398617512
arousal,4,stimulus_plus_fewshot_bias_shrink4,24,5600,1.3506019585253457,1.540784418143212,0.8623456113416175,0.8173473115628164,0.7640518901887853,4.29625,2.713376956659095,4.271792914746544,1.642739204890896,0.02445708525345621,1.5405903005581405,1.540784418143212,1.3506019585253457
arousal,4,stimulus_plus_fewshot_bias_shrink4,25,5600,1.8459043778801847,2.2868402795737763,0.6694865538717647,0.6587673494899966,0.568788098277401,4.251785714285714,3.043053627962061,4.289696140552995,1.6929727460076547,-0.037910426267281146,2.2865260251878397,2.2868402795737763,1.8459043778801842
arousal,4,stimulus_plus_fewshot_bias_shrink4,26,5600,1.593467741935484,1.8809069641123732,0.6639495352847948,0.6742070279657633,0.6006216849588539,3.1358928571428573,2.3855811487123715,3.724470046082949,1.6795459704597062,-0.5885771889400921,1.7864456051908786,1.8809069641123732,1.593467741935484
arousal,4,stimulus_plus_fewshot_bias_shrink4,27,5600,1.1063673675115209,1.4331598045971212,0.6662418126025872,0.61945728563478,0.650963826824823,5.06125,1.7133921685400237,4.695625,1.6778649338580107,0.365625,1.385736405269003,1.4331598045971212,1.1063673675115209
arousal,4,stimulus_plus_fewshot_bias_shrink4,28,5600,1.1742533122119816,1.4635295764663088,0.8299071529406674,0.7160945383654793,0.750117592840171,3.1558928571428573,2.3455469030131746,3.74111319124424,1.6515550419684124,-0.5852203341013825,1.3414305728385345,1.4635295764663088,1.1742533122119816
arousal,4,stimulus_plus_fewshot_bias_shrink4,29,5600,1.06369383640553,1.4094463193754554,0.7472556029116162,0.7615772519141661,0.7215290725674833,3.81,2.0838597430180923,4.054402361751152,1.6527356411136724,-0.2444023617511521,1.3880945258776425,1.4094463193754556,1.06369383640553
arousal,4,stimulus_plus_fewshot_bias_shrink4,30,5600,0.7931451612903225,1.0010870184798257,0.8802815753194527,0.8494789636442915,0.8566933119710772,4.338214285714286,2.0737914786542007,4.335129608294931,1.6409142388705513,0.0030846774193548474,1.0010822660171568,1.0010870184798257,0.7931451612903225
arousal,4,stimulus_plus_fewshot_bias_shrink4,31,5600,2.0084504608294926,2.348032760141025,0.7380567675140146,0.7216082739745416,0.5958433858983448,5.1525,3.239978091857148,4.647001728110599,1.6995302547857527,0.5054982718894009,2.292973907355317,2.348032760141025,2.008450460829493
arousal,4,stimulus_plus_fewshot_bias_shrink4,32,5600,1.0844520449308757,1.3361982299891264,0.7465906682774974,0.7003733989222054,0.7342107059604938,4.4383928571428575,1.986415721114751,4.3567396313364055,1.662808809989294,0.0816532258064516,1.333701038667015,1.3361982299891264,1.0844520449308757
arousal,4,stimulus_plus_fewshot_bias_shrink4,33,5600,1.441961405529954,1.6637142409625552,0.5255340461625116,0.5314481977572264,0.5120944802144287,3.590357142857143,1.6315132812008284,3.966065668202765,1.6941441703369906,-0.3757085253456221,1.6207369248475305,1.6637142409625552,1.441961405529954
arousal,4,stimulus_plus_fewshot_bias_shrink4,34,5600,1.1413731278801844,1.3510477594148405,0.8400052951966815,0.8465145617457135,0.7829465677326461,3.8676785714285713,2.381061806265243,4.043427419354839,1.6459785900060675,-0.17574884792626727,1.3395679865809162,1.3510477594148405,1.1413731278801844
arousal,4,stimulus_plus_fewshot_bias_shrink4,35,5600,1.2414681739631337,1.6004798855661242,0.5326973147371442,0.4990840102377692,0.5287633316819882,4.600535714285714,1.5846021578694411,4.438551267281106,1.7025189247812773,0.16198444700460832,1.592261568659611,1.6004798855661242,1.2414681739631337
arousal,4,stimulus_plus_fewshot_bias_shrink4,36,5600,1.4026015264976959,1.6061204045527742,0.7955723120983419,0.8007803254892589,0.7212593989845764,4.8758928571428575,2.5380231879961466,4.591324884792627,1.6528833736104114,0.2845679723502304,1.580709911094773,1.6061204045527742,1.402601526497696
arousal,4,stimulus_plus_fewshot_bias_shrink4,37,5600,1.3317223502304147,1.5888709997569777,0.48834984522021435,0.5227133142440213,0.46856141112259747,4.755714285714285,1.3478698235454676,4.482007488479263,1.6907590041262117,0.27370679723502306,1.565118411819401,1.5888709997569777,1.3317223502304147
arousal,4,stimulus_plus_fewshot_bias_shrink4,38,5600,1.1701756912442398,1.4537222138205785,0.6965640392730084,0.6990965131256502,0.6843146166211731,4.5042857142857144,1.975379581193427,4.358787442396314,1.664648677817058,0.14549827188940093,1.4464226656937458,1.4537222138205785,1.1701756912442398
arousal,4,stimulus_plus_fewshot_bias_shrink4,39,5600,1.75609375,2.0938099955849157,0.723323622590578,0.5896365444790048,0.6212283634266743,3.8410714285714285,2.9436539966580337,4.082440956221198,1.6884918084017713,-0.2413695276497696,2.079851208315978,2.0938099955849157,1.75609375
arousal,4,stimulus_plus_fewshot_bias_shrink4,40,5600,2.434092741935484,2.8666458603270764,0.4164890825963142,0.4388874514062478,0.3520792456133314,5.371071428571429,3.056693871402465,4.857343029953917,1.7538040092248777,0.5137283986175115,2.8202378660290783,2.8666458603270764,2.434092741935484
arousal,4,stimulus_plus_fewshot_bias_shrink4,41,5600,1.467330789170507,1.8839251461152728,0.4190738087291032,0.4402514759111883,0.2482161223644471,2.3760714285714286,0.8170060293784963,3.4367597926267277,1.7112698097025818,-1.0606883640552995,1.5569566951341791,1.883925146115273,1.4673307891705067
arousal,4,stimulus_plus_fewshot_bias_shrink4,42,5600,1.609969758064516,2.0172398466404386,0.651891237272059,0.6645234508482596,0.5479016900436622,6.3498214285714285,2.255853489948371,5.300797811059908,1.6767518867712086,1.0490236175115206,1.72302235875713,2.0172398466404386,1.609969758064516
arousal,4,stimulus_plus_fewshot_bias_shrink4,43,5600,1.6516971486175116,1.891420156415099,0.8223782651418781,0.7830705216903502,0.6952693776065063,4.177142857142857,2.9978049792936083,4.2890855414746545,1.6554193712379903,-0.11194268433179726,1.8881046166772404,1.891420156415099,1.6516971486175116
arousal,4,stimulus_plus_fewshot_bias_shrink4,44,5600,1.983055875576037,2.5188078180051696,0.4733183513312188,0.3763338717121604,0.42028286686735866,3.8114285714285714,2.809958965493109,4.0525129608294925,1.7291485261339703,-0.2410843894009217,2.507243733910038,2.5188078180051696,1.983055875576037
arousal,4,stimulus_plus_fewshot_bias_shrink4,45,5600,1.1762161578341015,1.5393454047115298,0.5844163733331186,0.6026098133247773,0.5804844988095855,4.687142857142857,1.6659335802719,4.493028513824885,1.6838551145092333,0.1941143433179723,1.5270572670089149,1.5393454047115298,1.1762161578341015
arousal,4,stimulus_plus_fewshot_bias_shrink4,46,5600,1.563336693548387,2.016473580150128,0.3791658429763789,0.42549820993300624,0.3773889755565604,4.4105357142857144,1.8851477013399633,4.342296947004608,1.7240620396509778,0.068238767281106,2.01531862743424,2.016473580150128,1.563336693548387
arousal,4,stimulus_plus_fewshot_bias_shrink4,47,5600,2.0308561347926264,2.4851910663255765,0.48463362704710766,0.45839978848050394,0.430519913064319,4.972321428571429,2.777675988426957,4.622728974654378,1.734239778504894,0.3495924539170507,2.460479577706084,2.4851910663255765,2.0308561347926264
arousal,4,stimulus_plus_fewshot_bias_shrink4,48,5600,1.0954759504608294,1.3625488765930107,0.7746615798275779,0.8072254045187222,0.7484691729890259,4.410357142857142,2.1504567324555186,4.325748847926268,1.6581131262818738,0.08460829493087554,1.359919437883644,1.3625488765930107,1.0954759504608294
arousal,4,stimulus_plus_fewshot_bias_shrink4,49,5600,1.6335555875576036,1.976366693677509,0.3578565587252129,0.3300988532620336,0.30411332211076886,2.65375,1.3834236290811286,3.5063781682027653,1.7240021762098379,-0.8526281682027648,1.7829892076692349,1.976366693677509,1.6335555875576036
arousal,4,stimulus_plus_fewshot_bias_shrink4,50,5600,1.2495082085253457,1.4524347471914583,0.8763584856831913,0.8530655264894472,0.783870873303748,4.292678571428572,2.657244135694662,4.324017857142858,1.6427869338316596,-0.03133928571428574,1.452096602853968,1.4524347471914583,1.2495082085253457
arousal,4,stimulus_plus_fewshot_bias_shrink4,52,5600,1.6552505760368663,2.0251913680802827,0.4616143104938849,0.4624144802027496,0.4479670148793014,4.79625,2.126303014372263,4.6118692396313365,1.6954255713101352,0.18438076036866358,2.0167805563701666,2.0251913680802827,1.6552505760368663
arousal,4,stimulus_plus_fewshot_bias_shrink4,53,5600,0.9191064228110599,1.1158637672870162,0.8720860187018151,0.8574314140026817,0.8337255055781692,3.976785714285714,2.1887285180008513,4.129386520737327,1.6354549577146518,-0.15260080645161292,1.1053799984685309,1.1158637672870162,0.9191064228110599
arousal,4,stimulus_plus_fewshot_bias_shrink4,54,5600,1.5286052707373272,1.7709529261712067,0.6113084657149731,0.6420132117370145,0.5909808342425457,4.428214285714286,2.1932991353070777,4.388942972350231,1.6898785741169222,0.039271313364055295,1.7705174471495677,1.7709529261712067,1.5286052707373272
arousal,4,stimulus_plus_fewshot_bias_shrink4,55,5600,1.296363767281106,1.5515920239943866,0.7823138579259737,0.6841008287744407,0.5730709555837086,2.0975,1.235686983595996,3.2456998847926273,1.6714303451168289,-1.1481998847926267,1.0435874824302922,1.5515920239943866,1.296363767281106
arousal,4,stimulus_plus_fewshot_bias_shrink4,56,5600,1.2531293202764975,1.427140871207924,0.8449471238492225,0.813069314237023,0.7700376414492002,4.841607142857143,2.470558985898965,4.5506883640553,1.63355640064432,0.2909187788018433,1.3971747673117192,1.427140871207924,1.2531293202764977
arousal,4,stimulus_plus_fewshot_bias_shrink4,57,5600,1.8949791186635945,2.2661960551294134,0.34022474222770105,0.34444293199599685,0.33279917555140265,4.40375,2.153324723786784,4.340902937788018,1.7482969892152154,0.06284706221198157,2.2653244374825077,2.2661960551294134,1.8949791186635945
arousal,4,stimulus_plus_fewshot_bias_shrink4,58,5600,1.05155025921659,1.2905278730787413,0.8851461099076849,0.8359519078408926,0.8043573785184592,3.2360714285714285,2.3499207270606783,3.7665711405529954,1.6459710102564113,-0.5304997119815668,1.176448998801314,1.2905278730787413,1.05155025921659
arousal,4,stimulus_plus_fewshot_bias_shrink4,59,5600,1.4546428571428571,1.8340839492170384,0.6271734698510855,0.6228693853485353,0.5773334806851265,5.531071428571429,2.1693725875168117,4.897610887096774,1.6885561003939955,0.6334605414746544,1.7212180789110385,1.8340839492170384,1.4546428571428571
arousal,4,stimulus_plus_fewshot_bias_shrink4,60,5600,1.9724452764976959,2.250339034221185,0.7826151915389443,0.8064557279730777,0.6223697837692604,5.537678571428572,3.195925134935461,4.8954305875576045,1.6684100691960355,0.6422479838709676,2.156743678825375,2.250339034221185,1.9724452764976954
arousal,4,stimulus_plus_fewshot_bias_shrink4,61,5600,1.5016143433179725,1.773432501008816,0.8580012071888978,0.8393388438204616,0.7230726127214795,3.438214285714286,2.903649862760695,3.896016705069124,1.64809860040158,-0.4578024193548387,1.713324190124928,1.7734325010088159,1.5016143433179725
arousal,4,stimulus_plus_fewshot_bias_shrink4,62,5600,1.7543829205069121,2.1588275668440757,0.7503714787282662,0.6782424434207286,0.6243786114026108,3.9194642857142856,3.0916557743862625,4.167119815668203,1.6696912311277945,-0.24765552995391707,2.1445752963813507,2.1588275668440757,1.7543829205069121
arousal,4,stimulus_plus_fewshot_bias_shrink4,63,5600,1.860520593317972,2.2496607888513322,0.7425683924410602,0.7107056994367811,0.6119641149599561,4.04125,3.192554710628644,4.169121543778801,1.6833845605486992,-0.12787154377880186,2.2460237160784446,2.2496607888513322,1.8605205933179725
arousal,4,stimulus_plus_fewshot_bias_shrink4,64,5600,1.3017907546082947,1.5727647224771002,0.7386415970084762,0.7231166166062437,0.6983951553286911,4.430714285714286,2.3312748329913346,4.408577188940092,1.6631567806161318,0.022137096774193517,1.5726089218921786,1.5727647224771002,1.301790754608295
arousal,4,stimulus_plus_fewshot_bias_shrink4,65,5600,1.717710253456221,1.9044606220490383,0.8703207517668703,0.8343233012095863,0.7081462509814929,3.2751785714285715,3.0675999757089234,3.82365495391705,1.6481381728512587,-0.5484763824884793,1.8237718932990936,1.9044606220490383,1.717710253456221
arousal,8,stimulus_only,1,4800,1.5603662634408602,1.884990538930945,0.6356586433738355,0.6309123709394926,0.5876778973547573,4.397291666666667,2.435388606553491,4.292718413978494,1.6356819772786804,0.10457325268817194,1.8820876086626228,1.884990538930945,1.5603662634408602
arousal,8,stimulus_only,2,4800,2.3151108870967745,2.719780661806218,0.726640193290818,0.7795306700140293,0.4235712128695342,6.481041666666667,2.294389660657177,4.264929435483871,1.6301664423138023,2.216112231182796,1.576722368439377,2.719780661806218,2.3151108870967745
arousal,8,stimulus_only,3,4800,1.649247311827957,1.8540606713225025,0.637763162432824,0.6353289876848865,0.48050086183524304,3.06875,1.5183126942431853,4.34013440860215,1.6417482938183674,-1.2713844086021504,1.349489777104002,1.8540606713225025,1.649247311827957
arousal,8,stimulus_only,5,4800,1.405440188172043,1.7577545937488828,0.6958850005464613,0.73827178621174,0.6071136830532659,5.188125,2.0830227997732047,4.286481854838709,1.6468654010015673,0.9016431451612903,1.5088872889082723,1.7577545937488828,1.405440188172043
arousal,8,stimulus_only,6,4800,3.334096102150538,3.7252515165908786,0.3226292772941776,0.3859546117925888,0.09628808997324408,7.5175,1.3889841911747351,4.245635080645161,1.6497673052561703,3.271864919354839,1.7811229074260422,3.7252515165908786,3.334096102150538
arousal,8,stimulus_only,7,4800,1.3686727150537634,1.6467773694586711,0.6630731631212545,0.6878566919921881,0.4238108172964523,3.285,0.9083088681720551,4.352389112903226,1.655967145676801,-1.067389112903226,1.2540160231101058,1.6467773694586711,1.3686727150537634
arousal,8,stimulus_only,8,4800,1.7246975806451617,1.926320349608726,0.762959830068119,0.7820784046639427,0.6264837660909282,3.3360416666666666,2.5032880374147695,4.342668010752688,1.6293518280707386,-1.0066263440860213,1.6423804348288782,1.926320349608726,1.7246975806451617
arousal,8,stimulus_only,9,4800,1.697389112903226,2.17964033235025,0.4564717747648995,0.47058282114095573,0.38282039543761565,5.350833333333333,1.965281821746919,4.28417002688172,1.6424207049594246,1.066663306451613,1.9008054527167215,2.17964033235025,1.697389112903226
arousal,8,stimulus_only,10,4800,1.452567204301075,1.7307831031118088,0.7495295110939737,0.6554363031823873,0.6769722983938677,4.214791666666667,2.5710548172421155,4.314791666666666,1.6288697386322117,-0.1,1.727891822429096,1.7307831031118088,1.452567204301075
arousal,8,stimulus_only,11,4800,1.6734845430107528,2.0284256058198125,0.4285433693791673,0.4389087150362486,0.3938721754544791,4.995833333333334,1.891533585627164,4.295500672043011,1.6491889521124474,0.7003326612903226,1.9036923600927456,2.0284256058198125,1.6734845430107528
arousal,8,stimulus_only,12,4800,1.0828024193548387,1.3217055933571666,0.673953105141088,0.613991786477069,0.5951597844630766,4.826666666666667,1.1584640214045876,4.308891129032258,1.6446639064780486,0.5177755376344086,1.2160650345022748,1.3217055933571666,1.0828024193548387
arousal,8,stimulus_only,13,4800,2.090473790322581,2.4251116879815817,0.5502487148016579,0.46626311171613943,0.27463234802403785,2.3745833333333333,1.234276033304094,4.3486995967741935,1.6392895360086668,-1.9741162634408602,1.4085565936813378,2.4251116879815817,2.090473790322581
arousal,8,stimulus_only,14,4800,1.6151747311827958,1.8037814487186603,0.8632691558282973,0.811589490246069,0.586666393377793,2.7472916666666665,1.6364637173686096,4.335430107526882,1.6344653746506532,-1.5881384408602153,0.8552448815419322,1.8037814487186603,1.6151747311827958
arousal,8,stimulus_only,15,4800,1.4303225806451614,1.6915587070355855,0.6856382750439713,0.6844836919957717,0.6343386080473726,3.807916666666667,2.2113767943046,4.313373655913979,1.6369235222143463,-0.5054569892473117,1.6142750977974432,1.6915587070355855,1.4303225806451614
arousal,8,stimulus_only,16,4800,1.1133030913978497,1.3872002532356953,0.8493543833217811,0.784542635137463,0.777429221596514,4.059166666666667,2.4423859861937376,4.295756048387097,1.6200850234061135,-0.2365893817204301,1.3668760028013958,1.3872002532356953,1.1133030913978497
arousal,8,stimulus_only,17,4800,1.1722815860215052,1.4447860113316835,0.8494710883127505,0.8074630185857697,0.7590100307808803,3.725625,2.3773956393586797,4.325930779569893,1.6277044305433996,-0.6003057795698926,1.3141687827500315,1.4447860113316835,1.1722815860215052
arousal,8,stimulus_only,18,4800,1.8669926075268821,2.218128619759156,0.7202929431648065,0.6883099655353461,0.5856191098894906,4.91125,2.975881959604581,4.289311155913978,1.6219375028856624,0.6219388440860215,2.129151626355343,2.218128619759156,1.8669926075268821
arousal,8,stimulus_only,19,4800,1.4841397849462366,1.8723669510754852,0.669096994735822,0.7520406406025323,0.549342870567249,5.434583333333333,1.9502916003482373,4.296854838709677,1.637421750545838,1.1377284946236559,1.4870547642911804,1.8723669510754852,1.4841397849462366
arousal,8,stimulus_only,20,4800,1.2136290322580647,1.5940155177612556,0.82159570922131,0.8341692935062769,0.6939352992334148,5.32625,2.145785234088755,4.312405913978495,1.6338659230440613,1.0138440860215052,1.230042942381648,1.5940155177612556,1.2136290322580647
arousal,8,stimulus_only,21,4800,1.2744018817204301,1.6274621478969402,0.8439100140221104,0.7266713264393462,0.7383184452100368,4.349375,2.7402515899168214,4.305309139784947,1.6157561783620316,0.044065860215053786,1.6268654654890273,1.6274621478969402,1.2744018817204301
arousal,8,stimulus_only,22,4800,1.9744052419354838,2.2141188513675747,0.729981149474707,0.691500011143191,0.5939743573698093,3.815,3.029498033228167,4.331683467741936,1.6214508071621117,-0.5166834677419355,2.1529887324701535,2.2141188513675747,1.9744052419354838
arousal,8,stimulus_only,23,4800,1.2257291666666668,1.4406547821874167,0.8368617559686388,0.8156714919780972,0.7326418286482584,5.1325,2.098001529233634,4.2734442204301075,1.619677618782547,0.8590557795698924,1.1565074011985557,1.4406547821874167,1.2257291666666668
arousal,8,stimulus_only,24,4800,1.31127688172043,1.4820500017778362,0.8835630271053992,0.8467058674891539,0.7776698859542637,4.25,2.698456348853297,4.292567204301075,1.6111640999652106,-0.0425672043010753,1.4814385714189011,1.4820500017778362,1.31127688172043
arousal,8,stimulus_only,25,4800,1.77307123655914,2.1849430698187406,0.7163612128101676,0.7134900782933702,0.595944693948585,4.242083333333333,3.029875518849285,4.305584677419355,1.6220287567708471,-0.06350134408602152,2.1840201001016935,2.1849430698187406,1.77307123655914
arousal,8,stimulus_only,26,4800,1.865715725806452,2.1038121775830305,0.687713803402108,0.6989944552392844,0.5487585366832088,3.1658333333333335,2.3886884767354846,4.356945564516129,1.6382831639599467,-1.191112231182796,1.7341503196878278,2.1038121775830305,1.865715725806452
arousal,8,stimulus_only,27,4800,1.217913306451613,1.5300631031548324,0.6847930544188264,0.6428077438551646,0.6187210818354055,5.021041666666667,1.7033591072536316,4.255003360215054,1.6284530686106724,0.7660383064516129,1.3244917563671512,1.5300631031548324,1.217913306451613
arousal,8,stimulus_only,28,4800,1.3819522849462367,1.7308128664146951,0.8547561525252407,0.7469157254885704,0.6862395191031586,3.1702083333333335,2.3553989308106362,4.333000672043011,1.6272002704685333,-1.1627923387096775,1.2820402316560628,1.7308128664146951,1.3819522849462367
arousal,8,stimulus_only,29,4800,1.0839448924731183,1.4251318542913325,0.7676029230487212,0.7921040184371799,0.7199780399999416,3.8177083333333335,2.077433051050556,4.324005376344086,1.637357832929225,-0.5062970430107526,1.3321651948442503,1.4251318542913325,1.0839448924731183
arousal,8,stimulus_only,30,4800,0.7581754032258063,0.9619819341730581,0.8933756041487939,0.8686570864653587,0.8670876938755261,4.340208333333333,2.077630851859209,4.305984543010752,1.6262944925143958,0.03422379032258064,0.9613729629292133,0.9619819341730581,0.7581754032258063
arousal,8,stimulus_only,31,4800,2.02533938172043,2.3609997631583353,0.7892706870329813,0.766620365311924,0.5998280665423146,5.132291666666666,3.253555580427443,4.297174059139786,1.626888708182047,0.8351176075268817,2.2083700919982348,2.3609997631583353,2.02533938172043
arousal,8,stimulus_only,32,4800,1.030554435483871,1.2824837285366046,0.7673650637515583,0.7319057253029281,0.7514662412658275,4.425208333333333,1.9855283612338277,4.315070564516129,1.6319982967005247,0.11013776881720432,1.277745743816476,1.2824837285366046,1.030554435483871
arousal,8,stimulus_only,33,4800,1.463467741935484,1.705931303688172,0.55509859140286,0.5848753009279194,0.5060804036928531,3.58375,1.641158921057515,4.30505376344086,1.6365737542266374,-0.7213037634408602,1.54593741585786,1.705931303688172,1.463467741935484
arousal,8,stimulus_only,34,4800,1.2045833333333331,1.376964234132886,0.8544735979755668,0.8668470944528849,0.7766665491884027,3.8579166666666667,2.368856051569102,4.332600806451613,1.628766503802332,-0.47468413978494617,1.292557723862958,1.376964234132886,1.2045833333333331
arousal,8,stimulus_only,35,4800,1.1716565860215054,1.5433516948925299,0.5606680178070058,0.536285855496364,0.5512863483921187,4.617916666666667,1.5809582515220177,4.328168682795699,1.6507510463639297,0.2897479838709677,1.5159091529410178,1.5433516948925299,1.1716565860215054
arousal,8,stimulus_only,36,4800,1.407244623655914,1.621714707795121,0.828064731799202,0.8381450811719987,0.7225543223365277,4.884791666666667,2.5514411692082097,4.300026881720429,1.6209201028592255,0.5847647849462366,1.512616521054096,1.621714707795121,1.407244623655914
arousal,8,stimulus_only,37,4800,1.2943447580645162,1.5763338002000524,0.5056615052249708,0.5399730865336284,0.47584924039890164,4.738541666666666,1.349758449969434,4.305191532258064,1.6525841874381721,0.43335013440860215,1.515597542443635,1.5763338002000524,1.2943447580645162
arousal,8,stimulus_only,38,4800,1.1026108870967744,1.3894438718036868,0.7290084591544255,0.7269623937569764,0.7121170508588358,4.520208333333334,1.9891392501776297,4.325137768817205,1.6466060483233196,0.195070564516129,1.375682284450948,1.3894438718036868,1.1026108870967744
arousal,8,stimulus_only,39,4800,1.7287096774193549,2.0465893336535177,0.7693694195880716,0.640632165376941,0.6395756683676084,3.900625,2.960911955694563,4.339690860215054,1.631356338750573,-0.4390658602150538,1.9989369852544037,2.0465893336535177,1.7287096774193549
arousal,8,stimulus_only,40,4800,2.47773185483871,2.897686443711016,0.4765114701408586,0.5184394859706158,0.3614196857236239,5.325833333333334,3.0650039650146548,4.273343413978495,1.6269142395377993,1.0524899193548387,2.6997873426851684,2.897686443711016,2.47773185483871
arousal,8,stimulus_only,41,4800,1.9921202956989248,2.456011402937636,0.4273841128617456,0.44151913481969424,0.15974019187582889,2.370416666666667,0.8151430302236672,4.321206317204301,1.6458080400051502,-1.950789650537634,1.4921165338923597,2.456011402937636,1.9921202956989248
arousal,8,stimulus_only,42,4800,2.2447849462365594,2.6442469079161803,0.6820777118691399,0.7043912616715523,0.42021423855686296,6.3429166666666665,2.2629055422300675,4.282822580645161,1.64163630703276,2.0600940860215053,1.657725570401657,2.6442469079161803,2.2447849462365594
arousal,8,stimulus_only,43,4800,1.6100537634408603,1.8213191466415206,0.863161895502419,0.8226425899703812,0.7181759463127575,4.191041666666667,3.0207551067457543,4.324549731182796,1.6210153603175048,-0.13350806451612907,1.816419288223992,1.8213191466415206,1.6100537634408603
arousal,8,stimulus_only,44,4800,1.9710013440860215,2.456042351831981,0.5182451311393875,0.4020534233344638,0.44221464411106054,3.857291666666667,2.814739656095608,4.309717741935485,1.639208725161422,-0.4524260752688173,2.41401215415524,2.456042351831981,1.9710013440860215
arousal,8,stimulus_only,45,4800,1.1436559139784945,1.5261156950367594,0.5996639217734657,0.6150270621023778,0.5836028802091562,4.676041666666666,1.6624056860256933,4.28981182795699,1.6372300052165856,0.38622983870967736,1.476433414119251,1.5261156950367594,1.1436559139784945
arousal,8,stimulus_only,46,4800,1.4868514784946238,1.9318113539094095,0.4076738581512075,0.4778170096382921,0.4027819677372095,4.405208333333333,1.8856293043076862,4.2903125,1.6370704053660086,0.11489583333333334,1.9283915719002571,1.9318113539094095,1.4868514784946238
arousal,8,stimulus_only,47,4800,2.003881048387097,2.430629631116058,0.5426972766315006,0.486872342199762,0.45478757154464977,4.959791666666667,2.7766601562423676,4.28721438172043,1.6351968811818174,0.6725772849462365,2.3357226289595543,2.430629631116058,2.003881048387097
arousal,8,stimulus_only,48,4800,1.0547278225806451,1.3108801510021284,0.7970658905217889,0.8366705790985172,0.7652006143543214,4.406041666666667,2.1587817162149325,4.305406586021505,1.627314063303188,0.1006350806451612,1.3070116108263556,1.3108801510021284,1.0547278225806451
arousal,8,stimulus_only,49,4800,2.0749966397849464,2.3940841614260306,0.399937572007608,0.35697375619236693,0.24382416373216204,2.660833333333333,1.3920785318684032,4.3599697580645165,1.6597658997714553,-1.6991364247311826,1.6865866067720077,2.3940841614260306,2.0749966397849464
arousal,8,stimulus_only,50,4800,1.2014684139784948,1.388042840503309,0.8972568930515892,0.8882927874301728,0.7975403050103667,4.259375,2.6335210161888463,4.30085685483871,1.6059655134861048,-0.041481854838709746,1.3874228565191056,1.388042840503309,1.2014684139784948
arousal,8,stimulus_only,52,4800,1.6902822580645163,2.0076565256818033,0.49253124963163997,0.5229534953822697,0.459838087804369,4.787708333333334,2.130173838351514,4.287358870967742,1.6352380320898776,0.5003494623655913,1.944308396480145,2.0076565256818033,1.6902822580645163
arousal,8,stimulus_only,53,4800,0.8981720430107528,1.115172320560315,0.8843192207450035,0.8766636619502898,0.8339995246074433,3.955625,2.1774195414239768,4.299495967741935,1.6224049310122242,-0.34387096774193554,1.0608308357547414,1.115172320560315,0.8981720430107528
arousal,8,stimulus_only,54,4800,1.4774159946236558,1.6995803198223893,0.6437547102227829,0.6768970232260073,0.6162702992803178,4.430416666666667,2.1943468640400092,4.302752016129031,1.6420013740906085,0.12766465053763446,1.6947787467780797,1.6995803198223893,1.4774159946236558
arousal,8,stimulus_only,55,4800,2.2589348118279573,2.4700236196931056,0.7927923245771897,0.6982001142316915,0.3426242175690075,2.0820833333333333,1.2264157776717577,4.341018145161291,1.6352321117201547,-2.2589348118279573,0.9991147070049684,2.4700236196931056,2.2589348118279573
arousal,8,stimulus_only,56,4800,1.2272849462365591,1.4521021427644678,0.8678051827152521,0.8452966424826902,0.7686962601970564,4.860833333333333,2.4831530974862495,4.307345430107527,1.625963208408188,0.5534879032258065,1.342479710835087,1.4521021427644678,1.2272849462365591
arousal,8,stimulus_only,57,4800,1.844489247311828,2.17205591926325,0.36803680980983344,0.38665023874567855,0.3548569309863856,4.421875,2.145669239275942,4.325577956989247,1.6430668435169375,0.09629704301075272,2.1699202280069896,2.17205591926325,1.844489247311828
arousal,8,stimulus_only,58,4800,1.3070329301075267,1.583682774253049,0.9003183356728272,0.8545456725568711,0.7329019594469349,3.2247916666666665,2.3474476295039874,4.333249327956989,1.6281318187367768,-1.1084576612903225,1.131093604699727,1.583682774253049,1.3070329301075267
arousal,8,stimulus_only,59,4800,1.5486760752688173,2.0484957584844095,0.6628583243124231,0.6756196287772288,0.5271993584980036,5.555833333333333,2.154889627232809,4.3111760752688175,1.6379144456628563,1.244657258064516,1.6270105047220613,2.0484957584844095,1.5486760752688173
arousal,8,stimulus_only,60,4800,2.096690188172043,2.4176223523584,0.8301403969666328,0.8635123431621431,0.5958624295641206,5.56,3.2038622525528986,4.305715725806452,1.6200869425310274,1.2542842741935483,2.0668015865422897,2.4176223523584,2.096690188172043
arousal,8,stimulus_only,61,4800,1.6074495967741935,1.860819410691346,0.8891974410312655,0.8847166844257411,0.707515600160686,3.4616666666666664,2.9069222938052923,4.335372983870967,1.6202429699756105,-0.8737063172043013,1.6429504406655078,1.860819410691346,1.6074495967741935
arousal,8,stimulus_only,62,4800,1.7393346774193548,2.0925934592117743,0.7982199856316676,0.7064071585553053,0.6477434771211458,3.948541666666667,3.107728598177543,4.3214112903225805,1.6229982596370132,-0.37286962365591403,2.0591055410761725,2.0925934592117743,1.7393346774193548
arousal,8,stimulus_only,63,4800,1.8583568548387097,2.1798542613386744,0.7859210593344849,0.7583666389635126,0.6303482006010537,4.004166666666666,3.184922705324085,4.30609879032258,1.6185823187707449,-0.301932123655914,2.158842651371565,2.1798542613386744,1.8583568548387097
arousal,8,stimulus_only,64,4800,1.2482056451612904,1.4982115161546443,0.7729219795019543,0.7777535470555522,0.724063356849376,4.443333333333333,2.3364229544802506,4.315719086021506,1.6307836072275435,0.1276142473118279,1.4927666766850851,1.4982115161546443,1.2482056451612904
arousal,8,stimulus_only,65,4800,1.9123353494623658,2.032758608246422,0.9090322989625876,0.8628418416284886,0.6856144709330144,3.289375,3.0761535141647816,4.330762768817205,1.611282649311026,-1.0413877688172042,1.7457431295462271,2.032758608246422,1.9123353494623658
arousal,8,stimulus_plus_fewshot_bias,1,4800,1.64143061155914,1.9895244767723497,0.5876795351493488,0.5868396892372971,0.5522225703255643,4.397291666666667,2.435388606553491,4.378192204301075,1.7053428081453121,0.019099462365591378,1.9894327971091754,1.9895244767723497,1.64143061155914
arousal,8,stimulus_plus_fewshot_bias,2,4800,1.336293682795699,1.7022857070272828,0.6742963418239168,0.7098408609047147,0.6455146020575011,6.481041666666667,2.294389660657177,6.5258669354838705,1.7053936820110511,-0.04482526881720432,1.70169542622199,1.7022857070272828,1.336293682795699
arousal,8,stimulus_plus_fewshot_bias,3,4800,1.1149831989247312,1.4623090472741576,0.5986709721295576,0.5771740315657828,0.5939581388907906,3.06875,1.5183126942431853,3.0917876344086026,1.720615941481878,-0.023037634408602146,1.4621275652762689,1.4623090472741576,1.1149831989247312
arousal,8,stimulus_plus_fewshot_bias,5,4800,1.3501822916666666,1.6012034896530343,0.6589358817945197,0.6969103354250255,0.6455430764790766,5.188125,2.0830227997732047,5.156149193548387,1.700934708328581,0.03197580645161291,1.6008841816567567,1.6012034896530345,1.3501822916666666
arousal,8,stimulus_plus_fewshot_bias,6,4800,1.5885853494623656,1.927097546961297,0.2818691236104739,0.3327785578259129,0.27327589809916875,7.5175,1.3889841911747351,7.530846774193548,1.7834640516208762,-0.01334677419354844,1.9270513275787118,1.927097546961297,1.5885853494623656
arousal,8,stimulus_plus_fewshot_bias,7,4800,1.1147404233870968,1.3412416720190956,0.6403118737664658,0.6668516670583711,0.5269945326130225,3.285,0.9083088681720551,3.38116935483871,1.7230541266543524,-0.0961693548387097,1.3377894744504777,1.3412416720190956,1.1147404233870968
arousal,8,stimulus_plus_fewshot_bias,8,4800,1.3653965053763442,1.7762393698774097,0.7050594303600921,0.7215425445057084,0.6564205212062731,3.3360416666666666,2.5032880374147695,3.316176075268817,1.7076205452916486,0.019865591397849453,1.7761282772876825,1.7762393698774097,1.3653965053763444
arousal,8,stimulus_plus_fewshot_bias,9,4800,1.6696925403225804,2.0368365454315844,0.4052266885384148,0.4130052227395051,0.4024358840798496,5.350833333333333,1.965281821746919,5.2938575268817205,1.7541699722181465,0.0569758064516129,2.036039506071741,2.0368365454315844,1.6696925403225806
arousal,8,stimulus_plus_fewshot_bias,10,4800,1.5352822580645162,1.848831062449078,0.6967896132208735,0.6161887316492779,0.6399510306068723,4.214791666666667,2.5710548172421155,4.124872311827957,1.6956516189632669,0.08991935483870966,1.8466431184996133,1.848831062449078,1.5352822580645162
arousal,8,stimulus_plus_fewshot_bias,11,4800,1.7523689516129033,2.0633954113394455,0.37181463486514793,0.3739349766288143,0.37120668997738304,4.995833333333334,1.891533585627164,5.007002688172043,1.7869083180843754,-0.011169354838709684,2.0633651807300537,2.0633954113394455,1.7523689516129033
arousal,8,stimulus_plus_fewshot_bias,12,4800,1.0602024529569893,1.3084792825923783,0.6468617086612578,0.5747442923378534,0.600110139463727,4.826666666666667,1.1584640214045876,4.8059677419354845,1.7143531276199178,0.020698924731182802,1.3083155534841118,1.3084792825923783,1.0602024529569893
arousal,8,stimulus_plus_fewshot_bias,13,4800,1.162642809139785,1.5039304729857057,0.5207680896785919,0.44009259396004097,0.49362711619660193,2.3745833333333333,1.234276033304094,2.4141935483870967,1.7151315236115492,-0.039610215053763456,1.5034087595988004,1.5039304729857057,1.162642809139785
arousal,8,stimulus_plus_fewshot_bias,14,4800,0.7236844758064517,0.921488957410722,0.8441844115341669,0.7904799945873447,0.8440144788125552,2.7472916666666665,1.6364637173686096,2.767184139784946,1.6629231304665646,-0.019892473118279602,0.9212742198407258,0.921488957410722,0.7236844758064517
arousal,8,stimulus_plus_fewshot_bias,15,4800,1.3584727822580644,1.7294541416209903,0.6374255837505084,0.6333218013475729,0.6165262499713735,3.807916666666667,2.2113767943046,3.8156317204301073,1.7057359368982576,-0.007715053763440842,1.7294369331997694,1.7294541416209903,1.3584727822580644
arousal,8,stimulus_plus_fewshot_bias,16,4800,1.1466389448924732,1.4620262204855823,0.8122457724597574,0.7444233828827412,0.7549298316736415,4.059166666666667,2.4423859861937376,4.007540322580645,1.6595666788588674,0.05162634408602151,1.4611144342534121,1.4620262204855823,1.1466389448924732
arousal,8,stimulus_plus_fewshot_bias,17,4800,1.1934551411290322,1.4258255118682643,0.8067691575731287,0.7570828810994317,0.7595043421105727,3.725625,2.3773956393586797,3.7316868279569895,1.6736900693173895,-0.006061827956989248,1.4258126260263717,1.4258255118682643,1.1934551411290324
arousal,8,stimulus_plus_fewshot_bias,18,4800,1.950845934139785,2.2714047202637944,0.6504523351296791,0.6392795403194461,0.5638690381488553,4.91125,2.975881959604581,4.981962365591398,1.723015576253983,-0.07071236559139786,2.2703037604226255,2.2714047202637944,1.950845934139785
arousal,8,stimulus_plus_fewshot_bias,19,4800,1.3449117943548385,1.6080532297101253,0.6230656266464062,0.6706174003077773,0.6181384827604857,5.434583333333333,1.9502916003482373,5.474395161290323,1.7223340622940713,-0.039811827956989274,1.6075603279304602,1.6080532297101253,1.3449117943548385
arousal,8,stimulus_plus_fewshot_bias,20,4800,1.1003293010752686,1.3443978334553264,0.7795184796237529,0.7688273299498734,0.7570745583175656,5.32625,2.145785234088755,5.353534946236559,1.6837538250363004,-0.027284946236559162,1.3441209269661134,1.3443978334553266,1.1003293010752686
arousal,8,stimulus_plus_fewshot_bias,21,4800,1.37301999327957,1.7342745958991317,0.7976481753587056,0.6787367362733028,0.7071109448209053,4.349375,2.7402515899168214,4.318272849462366,1.6610715165628531,0.03110215053763441,1.7339956834470582,1.7342745958991317,1.37301999327957
arousal,8,stimulus_plus_fewshot_bias,22,4800,1.9909475806451613,2.3365697578586944,0.6401873607666204,0.6000992467570694,0.5526044362161402,3.815,3.029498033228167,3.8676209677419355,1.7384909333749983,-0.052620967741935504,2.3359771546600663,2.3365697578586944,1.9909475806451613
arousal,8,stimulus_plus_fewshot_bias,23,4800,1.000966061827957,1.2518369399112426,0.8025879290501192,0.780117017359221,0.7808971315658586,5.1325,2.098001529233634,5.14385752688172,1.6584900494577397,-0.011357526881720445,1.2517854171979619,1.2518369399112426,1.000966061827957
arousal,8,stimulus_plus_fewshot_bias,24,4800,1.405560315860215,1.610697769702409,0.8325189826117274,0.7885485347706268,0.7407771517487777,4.25,2.698456348853297,4.311397849462366,1.6500719340778807,-0.06139784946236559,1.6095271384495855,1.610697769702409,1.405560315860215
arousal,8,stimulus_plus_fewshot_bias,25,4800,1.9142422715053764,2.390444016911546,0.6153388895306392,0.6051859244446935,0.5353632060042611,4.242083333333333,3.029875518849285,4.260201612903226,1.7657244517756752,-0.01811827956989248,2.3903753525196905,2.390444016911546,1.9142422715053764
arousal,8,stimulus_plus_fewshot_bias,26,4800,1.4785534274193548,1.8707560599481963,0.6294272056365224,0.6448744081204785,0.5981800162125148,3.1658333333333335,2.3886884767354846,3.121814516129032,1.732605422347198,0.04401881720430107,1.8702381077191306,1.8707560599481963,1.4785534274193548
arousal,8,stimulus_plus_fewshot_bias,27,4800,1.0861122311827958,1.4212734156831184,0.6492528033099106,0.5919594393591896,0.6492332090476047,5.021041666666667,1.7033591072536316,5.023420698924731,1.6903921859092297,-0.002379032258064512,1.4212714245819036,1.4212734156831184,1.0861122311827955
arousal,8,stimulus_plus_fewshot_bias,28,4800,1.1344825268817205,1.380617812657009,0.8177689982880516,0.7066768542473253,0.7710680927364354,3.1702083333333335,2.3553989308106362,3.139926075268817,1.666511207589428,0.03028225806451612,1.3802856695164003,1.380617812657009,1.1344825268817205
arousal,8,stimulus_plus_fewshot_bias,29,4800,1.1067095094086021,1.4528954674117587,0.7215349417094079,0.728419640176715,0.7075512539904575,3.8177083333333335,2.077433051050556,3.8287836021505375,1.7035797904248102,-0.011075268817204302,1.4528532539958259,1.4528954674117587,1.1067095094086021
arousal,8,stimulus_plus_fewshot_bias,30,4800,0.8163440860215053,1.0280513009466818,0.8726565154115897,0.8403629688441466,0.8496700020937774,4.340208333333333,2.077630851859209,4.348474462365591,1.6473750767183108,-0.00826612903225806,1.028018068172436,1.0280513009466818,0.8163440860215053
arousal,8,stimulus_plus_fewshot_bias,31,4800,2.037482358870968,2.3944861780368067,0.695937782511795,0.6829221483251828,0.5788761157067057,5.132291666666666,3.253555580427443,5.112385752688172,1.7403707905642802,0.019905913978494626,2.394403435388029,2.3944861780368067,2.0374823588709674
arousal,8,stimulus_plus_fewshot_bias,32,4800,1.1034963037634407,1.3792119515424652,0.7304095059208062,0.6830804687996297,0.7200033610227359,4.425208333333333,1.9855283612338277,4.510866935483871,1.686441271878787,-0.08565860215053762,1.376549385657918,1.3792119515424652,1.1034963037634407
arousal,8,stimulus_plus_fewshot_bias,33,4800,1.4151780913978496,1.6543958659451805,0.5172094480145994,0.5175918482992252,0.516571241717735,3.58375,1.641158921057515,3.5657392473118277,1.7227788509983906,0.01801075268817204,1.6542978250738618,1.6543958659451803,1.4151780913978496
arousal,8,stimulus_plus_fewshot_bias,34,4800,1.1531031586021505,1.4028075904708959,0.8131435112975293,0.8191635469684811,0.7655758856165928,3.8579166666666667,2.368856051569102,3.8695564516129033,1.6681930540233272,-0.01163978494623656,1.4027592991276752,1.4028075904708959,1.1531031586021505
arousal,8,stimulus_plus_fewshot_bias,35,4800,1.2855317540322582,1.6299497688155493,0.5210497053216049,0.4871949341434248,0.5187206880334925,4.617916666666667,1.5809582515220177,4.620215053763441,1.7380219819101796,-0.0022983870967741783,1.6299481483404972,1.6299497688155493,1.2855317540322582
arousal,8,stimulus_plus_fewshot_bias,36,4800,1.4149201948924732,1.6346381680242277,0.777743059841966,0.7817605106845373,0.7127030895268385,4.884791666666667,2.5514411692082097,4.850168010752688,1.6702029919880448,0.0346236559139785,1.6342714409830312,1.6346381680242277,1.4149201948924732
arousal,8,stimulus_plus_fewshot_bias,37,4800,1.3902452956989249,1.635087334502976,0.46861537475009984,0.4961734436442901,0.4529074353848349,4.738541666666666,1.349758449969434,4.801512096774194,1.7495564641200994,-0.06297043010752686,1.6338743269860505,1.635087334502976,1.3902452956989249
arousal,8,stimulus_plus_fewshot_bias,38,4800,1.2068665994623657,1.485666845025549,0.6868565177672288,0.688912800752343,0.6789928340874647,4.520208333333334,1.9891392501776297,4.5201680107526885,1.70856741733174,4.03225806451483e-05,1.48566684447835,1.485666845025549,1.2068665994623657
arousal,8,stimulus_plus_fewshot_bias,39,4800,1.825041162634409,2.1945998700393723,0.6787136329590645,0.5647835240515778,0.5926954351725853,3.900625,2.960911955694563,3.769791666666667,1.743736833053728,0.13083333333333333,2.1906965167420425,2.1945998700393723,1.825041162634409
arousal,8,stimulus_plus_fewshot_bias,40,4800,2.4357098454301074,2.9067770910378976,0.3842201820486671,0.409216615389618,0.3378264596743187,5.325833333333334,3.0650039650146548,5.452567204301076,1.8302233290466918,-0.12673387096774197,2.904013013561109,2.906777091037898,2.4357098454301074
arousal,8,stimulus_plus_fewshot_bias,41,4800,1.3564751344086021,1.6202922209381418,0.3976465063625397,0.4209332973002229,0.30299763284355213,2.370416666666667,0.8151430302236672,2.316720430107527,1.7604783561068407,0.0536962365591398,1.6194022339777236,1.6202922209381418,1.3564751344086021
arousal,8,stimulus_plus_fewshot_bias,42,4800,1.409438004032258,1.7762105203334873,0.6322684510295423,0.6459876790538265,0.6085256402768381,6.3429166666666665,2.2629055422300675,6.376733870967741,1.7138251112292602,-0.03381720430107529,1.7758885689244743,1.7762105203334873,1.409438004032258
arousal,8,stimulus_plus_fewshot_bias,43,4800,1.70989499327957,1.964799864633677,0.7955683598473848,0.7576787502328435,0.677821154461014,4.191041666666667,3.0207551067457543,4.235154569892473,1.6897860490105632,-0.04411290322580646,1.9643045995551471,1.964799864633677,1.70989499327957
arousal,8,stimulus_plus_fewshot_bias,44,4800,2.0193329973118277,2.634276711265336,0.42377119388566903,0.35293990189213226,0.3853133241987893,3.857291666666667,2.814739656095608,3.6528830645161285,1.8234058904374166,0.20440860215053766,2.626334120952964,2.6342767112653362,2.019332997311828
arousal,8,stimulus_plus_fewshot_bias,45,4800,1.2217229502688172,1.5843573457845674,0.5609241995649734,0.5814845176645054,0.5606264641279916,4.676041666666666,1.6624056860256933,4.673461021505377,1.7174131929475702,0.002580645161290332,1.5843552440699877,1.5843573457845674,1.2217229502688172
arousal,8,stimulus_plus_fewshot_bias,46,4800,1.6037315188172045,2.0624353189518345,0.3602872428803221,0.4059009117334542,0.3591561283355272,4.405208333333333,1.8856293043076862,4.344818548387098,1.7545127193512662,0.060389784946236535,2.0615509983345315,2.0624353189518345,1.6037315188172045
arousal,8,stimulus_plus_fewshot_bias,47,4800,2.0377360551075268,2.5221326604096888,0.45900732383398685,0.44641994744402624,0.41897737020894565,4.959791666666667,2.7766601562423676,4.954966397849462,1.7995380409851007,0.004825268817204275,2.5221280446254304,2.5221326604096888,2.0377360551075268
arousal,8,stimulus_plus_fewshot_bias,48,4800,1.1264070900537635,1.4031339889508407,0.7601638616234867,0.7878328382914405,0.7367184620237981,4.406041666666667,2.1587817162149325,4.402694892473119,1.6785469406597722,0.0033467741935483924,1.4031299975595974,1.4031339889508407,1.1264070900537635
arousal,8,stimulus_plus_fewshot_bias,49,4800,1.4462088373655915,1.801489175302419,0.3661717089836925,0.3411795615528888,0.3558930438413121,2.660833333333333,1.3920785318684032,2.7436693548387097,1.7589208834827688,-0.08283602150537632,1.7995836858209597,1.801489175302419,1.4462088373655915
arousal,8,stimulus_plus_fewshot_bias,50,4800,1.2900067204301076,1.5095484552726037,0.8505117576762934,0.830487514347606,0.7635225772765857,4.259375,2.6335210161888463,4.316431451612902,1.642401036029045,-0.05705645161290323,1.5084697876143387,1.5095484552726037,1.2900067204301076
arousal,8,stimulus_plus_fewshot_bias,52,4800,1.690477990591398,2.111594382179222,0.42856907964262725,0.4251351360813034,0.4216280169099092,4.787708333333334,2.130173838351514,4.8367137096774195,1.7802349942097901,-0.04900537634408602,2.1110256530748805,2.111594382179222,1.690477990591398
arousal,8,stimulus_plus_fewshot_bias,53,4800,0.9501612903225807,1.1457407512340338,0.8564540203949931,0.8385225240268234,0.8235676558845814,3.955625,2.1774195414239768,3.952076612903226,1.6429246055964246,0.0035483870967741903,1.1457352565000956,1.1457407512340338,0.9501612903225807
arousal,8,stimulus_plus_fewshot_bias,54,4800,1.5685097446236558,1.8235835551113868,0.5902910726905728,0.6153018614306103,0.5738748209090264,4.430416666666667,2.1943468640400092,4.445967741935484,1.7287405479046694,-0.015551075268817188,1.8235172460195346,1.8235835551113868,1.568509744623656
arousal,8,stimulus_plus_fewshot_bias,55,4800,0.8396404569892473,1.0692092860049942,0.7723880517007136,0.6779222392810744,0.7355997188542754,2.0820833333333333,1.2264157776717577,2.1178225806451616,1.6788110310271542,-0.035739247311827996,1.0686118114080967,1.0692092860049942,0.8396404569892473
arousal,8,stimulus_plus_fewshot_bias,56,4800,1.2782006048387098,1.4564871031143145,0.8244977214342445,0.7936458513088245,0.7627670123670519,4.860833333333333,2.4831530974862495,4.824301075268817,1.665739787143435,0.03653225806451612,1.4560288718493997,1.4564871031143147,1.2782006048387098
arousal,8,stimulus_plus_fewshot_bias,57,4800,1.9689591733870968,2.3554631033022013,0.3008265664558892,0.29814742750774637,0.2965723982462733,4.421875,2.145669239275942,4.435880376344087,1.8119865820964196,-0.014005376344086032,2.355421465566512,2.3554631033022013,1.9689591733870968
arousal,8,stimulus_plus_fewshot_bias,58,4800,0.9883803763440862,1.2193265560160447,0.8712738318041823,0.8201101500825626,0.8191338483983897,3.2247916666666665,2.3474476295039874,3.231202956989247,1.6461032074260349,-0.006411290322580656,1.2193097004298572,1.2193265560160447,0.9883803763440862
arousal,8,stimulus_plus_fewshot_bias,59,4800,1.4775504032258064,1.7569457557404244,0.609952019398599,0.5992797292817971,0.5953588138145702,5.555833333333333,2.154889627232809,5.548978494623656,1.7277253637388807,0.006854838709677405,1.756932383388887,1.7569457557404244,1.4775504032258064
arousal,8,stimulus_plus_fewshot_bias,60,4800,1.9041557459677423,2.224445356848692,0.7514966093343167,0.7764923315510016,0.6254709047622289,5.56,3.2038622525528986,5.514637096774194,1.7160667543265338,0.04536290322580644,2.2239827680574846,2.224445356848692,1.9041557459677423
arousal,8,stimulus_plus_fewshot_bias,61,4800,1.4492338709677421,1.7768459466155893,0.8325879977411954,0.8121439068113392,0.7191427192711755,3.4616666666666664,2.9069222938052923,3.4181854838709675,1.6700727459843037,0.04348118279569892,1.7763138531089984,1.7768459466155893,1.4492338709677421
arousal,8,stimulus_plus_fewshot_bias,62,4800,1.7486827956989244,2.2111141585564384,0.722763131424497,0.6621899308402259,0.6125728408095921,3.948541666666667,3.107728598177543,3.933971774193548,1.7207625119252572,0.014569892473118271,2.211066154686935,2.2111141585564384,1.7486827956989248
arousal,8,stimulus_plus_fewshot_bias,63,4800,1.9135887096774196,2.3339292120006156,0.6991252073401546,0.6769012125387276,0.5846861354600714,4.004166666666666,3.184922705324085,4.086895161290322,1.722018734129342,-0.08272849462365595,2.3324625533558128,2.3339292120006156,1.9135887096774196
arousal,8,stimulus_plus_fewshot_bias,64,4800,1.3267153897849464,1.6028621546139108,0.7276240629508177,0.7073433819621796,0.6906301509457529,4.443333333333333,2.3364229544802506,4.459086021505376,1.686830269725956,-0.015752688172043013,1.6027847452196764,1.6028621546139108,1.3267153897849464
arousal,8,stimulus_plus_fewshot_bias,65,4800,1.579256552419355,1.8882783653015849,0.8472204350531634,0.8179790664213359,0.7081890493614897,3.289375,3.0761535141647816,3.2815389784946234,1.6601419854462225,0.00783602150537631,1.8882621061793812,1.8882783653015849,1.579256552419355
arousal,8,stimulus_plus_fewshot_bias_shrink4,1,4800,1.6055202732974907,1.9406612680255941,0.6091075007991528,0.6067874855301115,0.5675340993914861,4.397291666666667,2.435388606553491,4.349700940860215,1.665893962448518,0.047590725806451566,1.9400776479388453,1.9406612680255941,1.605520273297491
arousal,8,stimulus_plus_fewshot_bias_shrink4,2,4800,1.4098745519713263,1.790808224781439,0.6978506002554673,0.7375356313641098,0.6243307028519999,6.481041666666667,2.294389660657177,5.772221102150538,1.6643609676927413,0.7088205645161291,1.6445569328131773,1.7908082247814392,1.4098745519713263
arousal,8,stimulus_plus_fewshot_bias_shrink4,3,4800,1.2095754928315414,1.4774579087682178,0.6156929266143986,0.5977905655599173,0.5903021310141376,3.06875,1.5183126942431853,3.507903225806452,1.6822304789540246,-0.4391532258064516,1.4106829255525646,1.4774579087682178,1.2095754928315414
arousal,8,stimulus_plus_fewshot_bias_shrink4,5,4800,1.3263508064516127,1.5915146381922418,0.6754746765236281,0.7146936584407247,0.650017696402272,5.188125,2.0830227997732047,4.866260080645161,1.6717343975673664,0.32186491935483874,1.5586281844201604,1.591514638192242,1.3263508064516127
arousal,8,stimulus_plus_fewshot_bias_shrink4,6,4800,1.7809565412186377,2.152005291361762,0.29813973010589123,0.3473767555840766,0.23515573185784455,7.5175,1.3889841911747351,6.435776209677419,1.7191828490336214,1.081723790322581,1.860376417690563,2.152005291361762,1.7809565412186377
arousal,8,stimulus_plus_fewshot_bias_shrink4,7,4800,1.1197591845878136,1.3655327581919172,0.6508517802179193,0.6788545400247351,0.517641095112616,3.285,0.9083088681720551,3.704909274193548,1.6924546707498271,-0.41990927419354845,1.2993675058048328,1.3655327581919172,1.1197591845878136
arousal,8,stimulus_plus_fewshot_bias_shrink4,8,4800,1.4238110439068101,1.7450327879037284,0.7315113936162692,0.7471343294140894,0.6667707811069937,3.3360416666666666,2.5032880374147695,3.6583400537634407,1.663714315136753,-0.3222983870967743,1.7150111313148604,1.7450327879037284,1.4238110439068101
arousal,8,stimulus_plus_fewshot_bias_shrink4,9,4800,1.6100442428315414,2.012927727225434,0.42653092561902434,0.43635813440638466,0.41249960920573153,5.350833333333333,1.965281821746919,4.95729502688172,1.696939613388383,0.3935383064516129,1.974083492760159,2.012927727225434,1.6100442428315414
arousal,8,stimulus_plus_fewshot_bias_shrink4,10,4800,1.4936626344086021,1.7924028789348452,0.7210974360531197,0.6255838037384138,0.6566028125339141,4.214791666666667,2.5710548172421155,4.1881787634408605,1.6566928088195683,0.02661290322580644,1.7922052990089652,1.7924028789348452,1.4936626344086021
arousal,8,stimulus_plus_fewshot_bias_shrink4,11,4800,1.6959783826164874,2.003234808939912,0.39499040947832587,0.40598154774757733,0.39011246541919936,4.995833333333334,1.891533585627164,4.769835349462366,1.7178023137503866,0.22599798387096773,1.9904458322282432,2.003234808939912,1.6959783826164874
arousal,8,stimulus_plus_fewshot_bias_shrink4,12,4800,1.0361704749103942,1.2797484302682156,0.6591067936835823,0.5920337373138532,0.6106798879825911,4.826666666666667,1.1584640214045876,4.640275537634408,1.6822388345983312,0.1863911290322581,1.2661020463580501,1.2797484302682158,1.0361704749103944
arousal,8,stimulus_plus_fewshot_bias_shrink4,13,4800,1.2911010304659498,1.6123918236069146,0.5336329356835282,0.45081327662534904,0.45971850384135177,2.3745833333333333,1.234276033304094,3.0590288978494624,1.6792994552397502,-0.6844455645161291,1.459911525418109,1.6123918236069146,1.2911010304659498
arousal,8,stimulus_plus_fewshot_bias_shrink4,14,4800,0.8266593862007169,1.0432950072001648,0.8528880221463507,0.7987546989697687,0.8087348654475168,2.7472916666666665,1.6364637173686096,3.2899327956989253,1.6487553673723654,-0.5426411290322581,0.8910696252994982,1.0432950072001648,0.8266593862007169
arousal,8,stimulus_plus_fewshot_bias_shrink4,15,4800,1.3513172043010753,1.6856454965294272,0.6589356019129929,0.6543804294209689,0.6310757890733895,3.807916666666667,2.2113767943046,3.9815456989247315,1.6677891138282823,-0.17362903225806453,1.6766793668221325,1.6856454965294272,1.3513172043010753
arousal,8,stimulus_plus_fewshot_bias_shrink4,16,4800,1.1141532258064517,1.418612568490471,0.8298212073154131,0.761970888420985,0.7671487033146638,4.059166666666667,2.4423859861937376,4.103612231182795,1.635685019906782,-0.04444556451612905,1.4179161510025806,1.418612568490471,1.1141532258064517
arousal,8,stimulus_plus_fewshot_bias_shrink4,17,4800,1.151853718637993,1.3899143052461376,0.8268229313596721,0.7793078398741241,0.7701130728611125,3.725625,2.3773956393586797,3.9297681451612894,1.6461609669653918,-0.2041431451612904,1.3748408461387482,1.3899143052461376,1.1518537186379927
arousal,8,stimulus_plus_fewshot_bias_shrink4,18,4800,1.9006210797491039,2.2113655339926566,0.682502213384379,0.6594529788211752,0.5804189950752412,4.91125,2.975881959604581,4.751078629032258,1.6653177483254926,0.16017137096774198,2.2055572213962034,2.2113655339926566,1.9006210797491039
arousal,8,stimulus_plus_fewshot_bias_shrink4,19,4800,1.3081378808243729,1.592049019003767,0.6433130713968658,0.7057175243438774,0.6244814276082078,5.434583333333333,1.9502916003482373,5.081881720430108,1.6797670373262552,0.3527016129032258,1.552488857018407,1.592049019003767,1.3081378808243729
arousal,8,stimulus_plus_fewshot_bias_shrink4,20,4800,1.0562656810035842,1.3311149789689538,0.7988311831842653,0.7892536658673919,0.7620806288683237,5.32625,2.145785234088755,5.00649193548387,1.6555069284714807,0.31975806451612904,1.2921384861586693,1.331114978968954,1.0562656810035842
arousal,8,stimulus_plus_fewshot_bias_shrink4,21,4800,1.3252161738351256,1.6852218288524348,0.8200138021230822,0.6984934444566087,0.7208018392397809,4.349375,2.7402515899168214,4.313951612903226,1.6314579654635126,0.0354233870967742,1.6848494876656894,1.6852218288524348,1.3252161738351256
arousal,8,stimulus_plus_fewshot_bias_shrink4,22,4800,1.9666000224014335,2.261953278676295,0.6814233386887865,0.6375615384497147,0.5737222404956561,3.815,3.029498033228167,4.022308467741935,1.667856174546703,-0.2073084677419355,2.2524333140221784,2.261953278676295,1.9666000224014335
arousal,8,stimulus_plus_fewshot_bias_shrink4,23,4800,1.018565188172043,1.2400020370485731,0.8184185669964346,0.7957186365169562,0.7851580495111184,5.1325,2.098001529233634,4.853719758064515,1.636332396184915,0.27878024193548384,1.2082576830258536,1.2400020370485731,1.018565188172043
arousal,8,stimulus_plus_fewshot_bias_shrink4,24,4800,1.3654665098566308,1.5520484824414373,0.8576986007005574,0.8129410121189528,0.7569847044005182,4.25,2.698456348853297,4.305120967741936,1.6210035559155456,-0.055120967741935506,1.551069363621099,1.5520484824414373,1.3654665098566308
arousal,8,stimulus_plus_fewshot_bias_shrink4,25,4800,1.85149417562724,2.296625649463041,0.6608568857075667,0.6492828226915752,0.5608582964135492,4.242083333333333,3.029875518849285,4.275329301075269,1.6821576180285471,-0.03324596774193551,2.296385002433267,2.296625649463041,1.85149417562724
arousal,8,stimulus_plus_fewshot_bias_shrink4,26,4800,1.533207325268817,1.8450153007287264,0.6553591938738313,0.6648148999982773,0.6074432948525733,3.1658333333333335,2.3886884767354846,3.5335248655913984,1.6824198371286385,-0.36769153225806456,1.8080056407624479,1.8450153007287262,1.533207325268817
arousal,8,stimulus_plus_fewshot_bias_shrink4,27,4800,1.0726680107526883,1.400141927696188,0.6649429094356041,0.6098938024675714,0.6572311624076198,5.021041666666667,1.7033591072536316,4.767281586021505,1.6593590390242121,0.25376008064516126,1.3769543344511312,1.400141927696188,1.0726680107526883
arousal,8,stimulus_plus_fewshot_bias_shrink4,28,4800,1.1292680331541218,1.384960696104725,0.835194268942203,0.7222023740769393,0.7711657195731173,3.1702083333333335,2.3553989308106362,3.5376176075268813,1.6429318692204058,-0.36740927419354846,1.3353376183540455,1.3849606961047252,1.1292680331541218
arousal,8,stimulus_plus_fewshot_bias_shrink4,29,4800,1.061230958781362,1.40888460472501,0.7422648476615028,0.7553617451271223,0.7216197969575104,3.8177083333333335,2.077433051050556,3.9938575268817202,1.6684185615152285,-0.17614919354838715,1.3978294928364479,1.40888460472501,1.0612309587813622
arousal,8,stimulus_plus_fewshot_bias_shrink4,30,4800,0.7890076164874551,0.9974887352878957,0.8823908236654383,0.851340430169676,0.8576509800713172,4.340208333333333,2.077630851859209,4.334311155913979,1.634981120514128,0.005897177419354846,0.9974713030081269,0.9974887352878957,0.7890076164874551
arousal,8,stimulus_plus_fewshot_bias_shrink4,31,4800,2.0007347670250897,2.327795346038873,0.7400135209541246,0.7192824421642471,0.597368066044049,5.132291666666666,3.253555580427443,4.8406485215053765,1.6695348760301119,0.29164314516129036,2.309453495725919,2.327795346038873,2.0007347670250897
arousal,8,stimulus_plus_fewshot_bias_shrink4,32,4800,1.0666599462365591,1.331509999854123,0.7470789204396648,0.6993401933302119,0.7350544080723377,4.425208333333333,1.9855283612338277,4.445601478494624,1.6579792074792,-0.02039314516129032,1.3313538219954746,1.3315099998541233,1.066659946236559
arousal,8,stimulus_plus_fewshot_bias_shrink4,33,4800,1.4108982974910396,1.620817779132795,0.5335717872117823,0.5408886150167189,0.5284232919567429,3.58375,1.641158921057515,3.812177419354839,1.680832737246651,-0.22842741935483876,1.604640516514479,1.620817779132795,1.4108982974910396
arousal,8,stimulus_plus_fewshot_bias_shrink4,34,4800,1.1514000896057346,1.3625976969792506,0.8326900375628694,0.8426384271630437,0.7773497966778081,3.8579166666666667,2.368856051569102,4.023904569892474,1.6431479120054158,-0.16598790322580648,1.3524498141505503,1.3625976969792506,1.1514000896057348
arousal,8,stimulus_plus_fewshot_bias_shrink4,35,4800,1.233782482078853,1.5806165534862702,0.5380737122646279,0.5080985471094732,0.5358619021882972,4.617916666666667,1.5809582515220177,4.52286626344086,1.6953779985354576,0.09505040322580645,1.5777560362747554,1.5806165534862702,1.233782482078853
arousal,8,stimulus_plus_fewshot_bias_shrink4,36,4800,1.4003169802867383,1.5936476543258493,0.8016196732022289,0.8084745456555775,0.7251942008871387,4.884791666666667,2.5514411692082097,4.6667876344086014,1.6384346480229244,0.21800403225806453,1.5786662370677047,1.5936476543258493,1.4003169802867383
arousal,8,stimulus_plus_fewshot_bias_shrink4,37,4800,1.3445049283154122,1.5831006427360257,0.48442300059346904,0.5149264941161129,0.47055568348429677,4.738541666666666,1.349758449969434,4.63607190860215,1.7033228678644927,0.10246975806451614,1.5797808688908146,1.5831006427360257,1.3445049283154122
arousal,8,stimulus_plus_fewshot_bias_shrink4,38,4800,1.1611183915770609,1.4368630957963233,0.7056726874766167,0.707880280128289,0.6949887954048621,4.520208333333334,1.9891392501776297,4.455157930107527,1.6756923969410586,0.06505040322580646,1.4353898429003717,1.4368630957963233,1.1611183915770609
arousal,8,stimulus_plus_fewshot_bias_shrink4,39,4800,1.765283938172043,2.104216467233311,0.7206331506190781,0.5936763623042947,0.6175596643655401,3.900625,2.960911955694563,3.959758064516129,1.6754301862406424,-0.05913306451612905,2.103385419188972,2.104216467233311,1.765283938172043
arousal,8,stimulus_plus_fewshot_bias_shrink4,40,4800,2.396007504480287,2.8231466518392336,0.42248582440798194,0.4371958920643941,0.3586946986684673,5.325833333333334,3.0650039650146548,5.059492607526881,1.7212891347573067,0.26634072580645163,2.810555040480077,2.8231466518392336,2.396007504480287
arousal,8,stimulus_plus_fewshot_bias_shrink4,41,4800,1.3308764560931898,1.6778580182515188,0.41058630331604623,0.43162882386129037,0.28878430538284605,2.370416666666667,0.8151430302236672,2.9848823924731183,1.707711085176885,-0.6144657258064518,1.56129414308133,1.6778580182515188,1.3308764560931898
arousal,8,stimulus_plus_fewshot_bias_shrink4,42,4800,1.4642489919354837,1.8454107537614162,0.654494398508057,0.6683262440984984,0.5928431310155989,6.3429166666666665,2.2629055422300675,5.678763440860215,1.6740243259223049,0.6641532258064516,1.7217553086165183,1.8454107537614162,1.4642489919354837
arousal,8,stimulus_plus_fewshot_bias_shrink4,43,4800,1.6696158154121865,1.8981664288755147,0.8285115194597136,0.786241576023477,0.695570172908906,4.191041666666667,3.0207551067457543,4.264952956989247,1.644668068797491,-0.07391129032258067,1.8967268946458464,1.8981664288755147,1.6696158154121865
arousal,8,stimulus_plus_fewshot_bias_shrink4,44,4800,1.9608781362007168,2.529511146947356,0.4632632410791634,0.3671894440907102,0.412583562382782,3.857291666666667,2.814739656095608,3.871827956989248,1.723228833074707,-0.014536290322580697,2.5294693789003624,2.529511146947356,1.9608781362007168
arousal,8,stimulus_plus_fewshot_bias_shrink4,45,4800,1.1788457661290324,1.5404707806973224,0.5777520345377187,0.5971451138060565,0.5759696568891022,4.676041666666666,1.6624056860256933,4.545577956989248,1.6780353468037694,0.13046370967741935,1.5349363005152439,1.5404707806973224,1.1788457661290321
arousal,8,stimulus_plus_fewshot_bias_shrink4,46,4800,1.5471382168458783,2.0020551112080445,0.3797608580468909,0.43739543534616027,0.3772637723443964,4.405208333333333,1.8856293043076862,4.326649865591398,1.6954950006013694,0.07855846774193548,2.000513243010477,2.0020551112080445,1.5471382168458783
arousal,8,stimulus_plus_fewshot_bias_shrink4,47,4800,1.987208781362007,2.4475016520765744,0.4945617872306871,0.4604725764013441,0.43969094264638203,4.959791666666667,2.7766601562423676,4.732382392473118,1.7115617909296357,0.22740927419354837,2.436913900598116,2.4475016520765744,1.987208781362007
arousal,8,stimulus_plus_fewshot_bias_shrink4,48,4800,1.094668458781362,1.3595917238627275,0.777032879079215,0.8116950071093012,0.7497966552143593,4.406041666666667,2.1587817162149325,4.370265456989248,1.6511604958265178,0.03577620967741933,1.3591209359056833,1.3595917238627275,1.094668458781362
arousal,8,stimulus_plus_fewshot_bias_shrink4,49,4800,1.520360103046595,1.8550091329296465,0.3802224747018959,0.3453868734094767,0.3448794743874516,2.660833333333333,1.3920785318684032,3.2824361559139783,1.7112234771935997,-0.6216028225806453,1.7477610861362527,1.8550091329296465,1.520360103046595
arousal,8,stimulus_plus_fewshot_bias_shrink4,50,4800,1.2510808691756272,1.4541616973041818,0.873527325069834,0.8527494008434664,0.7785637594278096,4.259375,2.6335210161888463,4.311239919354839,1.6159488430293623,-0.051864919354838716,1.4532364818042847,1.4541616973041818,1.2510808691756272
arousal,8,stimulus_plus_fewshot_bias_shrink4,52,4800,1.6584817428315413,2.0393393458022784,0.45523287842661936,0.45475270435247267,0.4432255041635937,4.787708333333334,2.130173838351514,4.653595430107527,1.707048039148735,0.13411290322580646,2.0349247397694126,2.0393393458022784,1.6584817428315413
arousal,8,stimulus_plus_fewshot_bias_shrink4,53,4800,0.9192764336917564,1.1126016584039724,0.8697170943458287,0.8528757363171368,0.8328460960384271,3.955625,2.1774195414239768,4.067883064516129,1.6284615841504542,-0.11225806451612906,1.1069239256761787,1.1126016584039724,0.9192764336917564
arousal,8,stimulus_plus_fewshot_bias_shrink4,54,4800,1.5279581093189964,1.764902012451,0.6137747582631041,0.6455385967266146,0.5926605337852362,4.430416666666667,2.1943468640400092,4.398229166666667,1.6824664650501382,0.032187499999999994,1.7646084773675264,1.764902012451,1.5279581093189964
arousal,8,stimulus_plus_fewshot_bias_shrink4,55,4800,1.0526075268817203,1.2954905885914096,0.7817194161208211,0.68254531739691,0.6545739985475385,2.0820833333333333,1.2264157776717577,2.8588877688172043,1.6586456938023024,-0.7768044354838711,1.0367597282598806,1.2954905885914096,1.0526075268817203
arousal,8,stimulus_plus_fewshot_bias_shrink4,56,4800,1.254224910394265,1.4196291279446105,0.8452299247803127,0.8126779454159649,0.7735143824578544,4.860833333333333,2.4831530974862495,4.651982526881721,1.6397181781615493,0.20885080645161289,1.4041823961128719,1.4196291279446105,1.254224910394265
arousal,8,stimulus_plus_fewshot_bias_shrink4,57,4800,1.9135948700716843,2.2708549125935322,0.3274501756990853,0.3272685558977097,0.3197970386854608,4.421875,2.145669239275942,4.399112903225807,1.7253479654690533,0.02276209677419356,2.2707408308745016,2.2708549125935322,1.9135948700716843
arousal,8,stimulus_plus_fewshot_bias_shrink4,58,4800,1.0149540770609318,1.2367912066015914,0.8854344520340401,0.8360315008491631,0.8159839305420903,3.2247916666666665,2.3474476295039874,3.5985517473118276,1.631684957029777,-0.3737600806451613,1.1789639056574814,1.2367912066015914,1.0149540770609318
arousal,8,stimulus_plus_fewshot_bias_shrink4,59,4800,1.4235007840501792,1.7485952275965435,0.6332386509870842,0.6316102512839966,0.600062118961266,5.555833333333333,2.154889627232809,5.136377688172043,1.6809693938711388,0.41945564516129036,1.6975400530519842,1.7485952275965435,1.4235007840501792
arousal,8,stimulus_plus_fewshot_bias_shrink4,60,4800,1.9362528001792114,2.198265426339559,0.7890355372164896,0.814866077005209,0.6342982115347497,5.56,3.2038622525528986,5.111663306451613,1.657777597686732,0.4483366935483872,2.1520606622160865,2.198265426339559,1.9362528001792114
arousal,8,stimulus_plus_fewshot_bias_shrink4,61,4800,1.4593111559139784,1.7352990206690067,0.8606143674217985,0.8454943892851833,0.7309609832393135,3.4616666666666664,2.9069222938052923,3.723914650537634,1.6351423316038793,-0.26224798387096776,1.7153683820364727,1.7352990206690067,1.4593111559139784
arousal,8,stimulus_plus_fewshot_bias_shrink4,62,4800,1.729729502688172,2.144556437923957,0.7582559307019475,0.681615613038918,0.6301958099786915,3.948541666666667,3.107728598177543,4.063118279569893,1.662990422024415,-0.11457661290322581,2.141493524439594,2.144556437923957,1.729729502688172
arousal,8,stimulus_plus_fewshot_bias_shrink4,63,4800,1.8791627464157705,2.258485499831318,0.7401978560952401,0.7083131453943013,0.6050273699497553,4.004166666666666,3.184922705324085,4.159963037634408,1.657165630049461,-0.15579637096774196,2.2531054666263626,2.258485499831318,1.8791627464157705
arousal,8,stimulus_plus_fewshot_bias_shrink4,64,4800,1.2919657258064516,1.5527440834790032,0.7484220799478073,0.7336048975397443,0.7058987627846017,4.443333333333333,2.3364229544802506,4.4112970430107525,1.6546924443265958,0.03203629032258062,1.5524135611625585,1.5527440834790032,1.2919657258064516
arousal,8,stimulus_plus_fewshot_bias_shrink4,65,4800,1.649870071684588,1.8549230296791896,0.8786279217777409,0.8398546552935913,0.7182805871749522,3.289375,3.0761535141647816,3.631280241935484,1.6228789970033044,-0.34190524193548394,1.8231402171997801,1.8549230296791896,1.6498700716845878
arousal,16,stimulus_only,1,3200,1.547701612903226,1.857820709530849,0.6446240319118434,0.6290814929617667,0.5975220781521575,4.3496875,2.4276853487105265,4.308729838709678,1.6371580552996856,0.040957661290322446,1.8573691767506355,1.857820709530849,1.547701612903226
arousal,16,stimulus_only,2,3200,2.282348790322581,2.693928195406909,0.7329801738017154,0.7850716001434707,0.4342030113790757,6.4478125,2.3228003497596923,4.266965725806452,1.6355737241481738,2.1808467741935487,1.5815044955667747,2.693928195406909,2.282348790322581
arousal,16,stimulus_only,3,3200,1.6362852822580642,1.8483864150550453,0.6313254891889829,0.6289990035011457,0.47752619936671337,3.0640625,1.513054359926883,4.320357862903226,1.6344828623828445,-1.2562953629032259,1.3558223705588772,1.8483864150550453,1.6362852822580642
arousal,16,stimulus_only,5,3200,1.4165423387096774,1.7740758758631094,0.681307852175321,0.7226405883393602,0.588468455502019,5.2025,2.0310696073744,4.265372983870968,1.6261711082773667,0.9371270161290323,1.5063658815044092,1.7740758758631094,1.4165423387096774
arousal,16,stimulus_only,6,3200,3.3477268145161294,3.738691031658395,0.32493512703061994,0.3905589326396823,0.09621202004787911,7.5609375,1.3827189233874504,4.272807459677419,1.6559276546898483,3.2881300403225806,1.7793289375860604,3.738691031658395,3.3477268145161294
arousal,16,stimulus_only,7,3200,1.3603578629032258,1.6331445370677435,0.6905558269275236,0.7082795010428794,0.44058991285784865,3.281875,0.9130561233434668,4.358533266129032,1.6658168030111695,-1.0766582661290323,1.227993508504927,1.6331445370677435,1.3603578629032258
arousal,16,stimulus_only,8,3200,1.721607862903226,1.9293562064476224,0.7576974778997363,0.7832052146354523,0.6227105839309535,3.3515625,2.4790051045921127,4.3743497983870965,1.6354346674258815,-1.0227872983870967,1.6359466719963656,1.9293562064476224,1.721607862903226
arousal,16,stimulus_only,9,3200,1.7150453629032256,2.1907943641564747,0.44784880515947334,0.45593534509613987,0.376820385864581,5.339375,1.9635298850221252,4.279521169354839,1.6501577023264886,1.0598538306451613,1.9173653286962684,2.1907943641564747,1.7150453629032256
arousal,16,stimulus_only,10,3200,1.4373084677419354,1.7143289203774332,0.7584924460864713,0.6712649893095224,0.6840060282754438,4.1734375,2.5743167896732815,4.314002016129032,1.6290191518942896,-0.14056451612903226,1.7085564854718345,1.7143289203774332,1.4373084677419354
arousal,16,stimulus_only,11,3200,1.6936491935483873,2.0445610142901205,0.4165501239639025,0.412515776003015,0.38039154162289207,5.0446875,1.874717452669535,4.3152923387096775,1.6431627395841355,0.7293951612903226,1.910029434286632,2.0445610142901205,1.6936491935483873
arousal,16,stimulus_only,12,3200,1.090866935483871,1.3293342760892943,0.6648430761437898,0.6022501171498509,0.5886569428923933,4.8128125,1.1612055545181266,4.297913306451613,1.6378278609199324,0.5148991935483871,1.225564538516462,1.3293342760892943,1.090866935483871
arousal,16,stimulus_only,13,3200,2.085599798387097,2.4181434971512292,0.5594204076198168,0.47274784936358616,0.2807515627256204,2.38125,1.2435929549092823,4.354148185483871,1.6404418474569882,-1.972898185483871,1.3982455873448074,2.4181434971512292,2.085599798387097
arousal,16,stimulus_only,14,3200,1.6031854838709676,1.787312748973464,0.8675840801657905,0.8173489870269413,0.5939453074617523,2.7603125,1.6484045020393963,4.33546370967742,1.633644918639623,-1.5751512096774194,0.8446215302103319,1.787312748973464,1.6031854838709676
arousal,16,stimulus_only,15,3200,1.4496068548387098,1.7106924577385556,0.6786983213402075,0.6784739874614987,0.6281799196658949,3.805625,2.222547718132279,4.300735887096774,1.638842529647723,-0.49511088709677414,1.6374779065507494,1.7106924577385556,1.4496068548387098
arousal,16,stimulus_only,16,3200,1.125226814516129,1.4029461565520551,0.8460840976376099,0.7832514674669482,0.7749847847799718,4.0915625,2.45599853595106,4.325378024193549,1.6311416083997305,-0.2338155241935484,1.3833250589902142,1.4029461565520551,1.125226814516129
arousal,16,stimulus_only,17,3200,1.1583870967741936,1.4310965597832723,0.856060619143446,0.8111636470156964,0.7652778598162043,3.729375,2.3945014323184273,4.311542338709677,1.628745963013931,-0.5821673387096775,1.3073326099976275,1.4310965597832723,1.1583870967741936
arousal,16,stimulus_only,18,3200,1.8733921370967743,2.224327995568065,0.7194161405878857,0.6895172808602223,0.5819875884057498,4.9403125,2.963612643775119,4.274390120967741,1.6154390983506397,0.6659223790322583,2.122305919741983,2.224327995568065,1.8733921370967743
arousal,16,stimulus_only,19,3200,1.489243951612903,1.881193032850971,0.6663215428274246,0.7573532723898684,0.5417499438352232,5.4240625,1.9270725196768672,4.260020161290322,1.6291128252543772,1.1640423387096774,1.477799939280801,1.881193032850971,1.489243951612903
arousal,16,stimulus_only,20,3200,1.2203377016129031,1.6056732866009356,0.816812688202634,0.8284048860270633,0.6868625128973974,5.2915625,2.133730022424053,4.267636088709678,1.6223971605864191,1.0239264112903226,1.2368352386498258,1.6056732866009356,1.2203377016129031
arousal,16,stimulus_only,21,3200,1.273840725806452,1.639379863591353,0.8349427344665085,0.7206868090265839,0.7319986456743531,4.319375,2.7249769924487435,4.301179435483871,1.613180472359904,0.018195564516129036,1.6392788837109882,1.639379863591353,1.273840725806452
arousal,16,stimulus_only,22,3200,1.9683366935483873,2.201604558060516,0.7445277269161866,0.7044264029068403,0.6055778374355553,3.821875,3.059435648019909,4.332127016129032,1.6335600350563464,-0.5102520161290323,2.1416595224519464,2.201604558060516,1.9683366935483873
arousal,16,stimulus_only,23,3200,1.230287298387097,1.4511418086380514,0.8363105957215309,0.8234293171949187,0.7334003749994485,5.195,2.106709519606346,4.3244506048387095,1.6439895412871783,0.8705493951612903,1.161015202037263,1.4511418086380514,1.230287298387097
arousal,16,stimulus_only,24,3200,1.302242943548387,1.4779749239349216,0.8859867500437234,0.8491628475470316,0.7818168434093523,4.3046875,2.713043130387674,4.319672379032258,1.6281859866595756,-0.014984879032258105,1.47789895770341,1.4779749239349216,1.302242943548387
arousal,16,stimulus_only,25,3200,1.7962802419354837,2.2077800822362836,0.7135532555086171,0.7050664686701344,0.594344832879808,4.3009375,3.0539522132957075,4.365745967741935,1.6386057570345782,-0.06480846774193551,2.2068286644024258,2.2077800822362836,1.7962802419354837
arousal,16,stimulus_only,26,3200,1.8714667338709676,2.109244959282118,0.6924727989018116,0.707205866282848,0.5496955229310743,3.168125,2.396452374735413,4.376123991935484,1.6363208265493514,-1.2079989919354839,1.7290612290314877,2.109244959282118,1.8714667338709676
arousal,16,stimulus_only,27,3200,1.2265574596774194,1.5384209412855274,0.687837072443893,0.6570829676778143,0.6191442493006233,5.0734375,1.7229827142469394,4.291990927419354,1.6232491959588202,0.7814465725806451,1.3251717801054363,1.5384209412855274,1.2265574596774194
arousal,16,stimulus_only,28,3200,1.3722631048387097,1.7242420885092327,0.8545748898972515,0.7536402947097608,0.6906924664755199,3.226875,2.369156544927962,4.371819556451612,1.6395203951946022,-1.1449445564516127,1.2892295150354338,1.7242420885092327,1.3722631048387097
arousal,16,stimulus_only,29,3200,1.0994153225806451,1.4371027139553583,0.7631505567448604,0.7926451267282307,0.716039146597122,3.82625,2.0947400644232688,4.307852822580645,1.6288592272953029,-0.48160282258064524,1.3540025597243943,1.4371027139553583,1.0994153225806451
arousal,16,stimulus_only,30,3200,0.7434677419354838,0.9480742537284336,0.893963974094055,0.8696372157831316,0.8691493341511262,4.3484375,2.0582526104911785,4.32202620967742,1.6223870927141453,0.02641129032258065,0.9477063017233887,0.9480742537284336,0.7434677419354838
arousal,16,stimulus_only,31,3200,1.9934324596774196,2.3226651215315988,0.7932649342295531,0.7696650522634134,0.6081870727475502,5.105,3.235,4.304087701612903,1.6315826675419507,0.8009122983870968,2.1802093379012244,2.3226651215315988,1.9934324596774196
arousal,16,stimulus_only,32,3200,1.0371925403225806,1.2842954940756497,0.7678907353415699,0.7391272578901058,0.7502290206660807,4.46625,1.9844989134539732,4.314440524193548,1.625554414190145,0.1518094758064516,1.2752916525871203,1.2842954940756497,1.0371925403225806
arousal,16,stimulus_only,33,3200,1.467147177419355,1.7126039127044566,0.5453282531816688,0.5739741702031429,0.49581080015411594,3.6103125,1.620865865006648,4.337026209677419,1.6315531920172663,-0.7267137096774193,1.5507737894281994,1.7126039127044566,1.467147177419355
arousal,16,stimulus_only,34,3200,1.1889969758064516,1.365810657430631,0.8572855315325709,0.8676741686637068,0.7786625496570939,3.8434375,2.3542887850885563,4.335589717741936,1.6257739307610213,-0.4921522177419355,1.2740584549080889,1.365810657430631,1.1889969758064516
arousal,16,stimulus_only,35,3200,1.1855040322580646,1.5582895925386782,0.546362496624601,0.5236478321245612,0.5378879731425749,4.576875,1.5691447461515462,4.302610887096774,1.6484167502922975,0.2742641129032258,1.533964031712532,1.5582895925386782,1.1855040322580646
arousal,16,stimulus_only,36,3200,1.3944002016129033,1.6103401762424618,0.8265971894866911,0.8347219050080159,0.7260418110439704,4.885625,2.5437508445944546,4.3161743951612905,1.6342335066996498,0.5694506048387097,1.50629395931519,1.6103401762424618,1.3944002016129033
arousal,16,stimulus_only,37,3200,1.3055141129032257,1.5845298195235764,0.49594937560516705,0.5286796605533638,0.46415700891358286,4.7575,1.3261575132690686,4.317832661290323,1.6533535724318928,0.4396673387096774,1.5223098831155788,1.5845298195235764,1.3055141129032257
arousal,16,stimulus_only,38,3200,1.1236038306451612,1.413760482268013,0.7188754009780829,0.7172942610820557,0.7004811507552803,4.54125,1.9840421965018789,4.314400201612903,1.6386622459750315,0.22684979838709676,1.3954418189929734,1.413760482268013,1.1236038306451612
arousal,16,stimulus_only,39,3200,1.7317993951612904,2.053661710468836,0.7657096634179307,0.6269010779815548,0.6316032480289925,3.8271875,2.9331848458363052,4.33070060483871,1.6097291844077777,-0.5035131048387097,1.9909799030380664,2.053661710468836,1.7317993951612904
arousal,16,stimulus_only,40,3200,2.5010534274193548,2.9251355310925584,0.46453584721452634,0.5053472330063282,0.3491250351776974,5.3475,3.0526412743720805,4.248130040322581,1.6182678673840512,1.0993699596774194,2.710683228822397,2.9251355310925584,2.5010534274193548
arousal,16,stimulus_only,41,3200,1.9851915322580647,2.4470155655818355,0.4371116832920208,0.45521173020573125,0.1656366774958291,2.3896875,0.8225455320793799,4.330655241935484,1.65307444229261,-1.9409677419354838,1.4901440879880243,2.4470155655818355,1.9851915322580647
arousal,16,stimulus_only,42,3200,2.2570665322580648,2.655017809631208,0.675905472180633,0.6946127724041286,0.4142184372749238,6.3359375,2.261074633021597,4.271532258064516,1.6307889083445486,2.064405241935484,1.6695360333123073,2.655017809631208,2.2570665322580648
arousal,16,stimulus_only,43,3200,1.5835987903225806,1.7931428491102699,0.8642819491530774,0.8276659901942085,0.7228667897227498,4.2159375,2.994462972904115,4.31616935483871,1.620298730000331,-0.10023185483870972,1.790339312139151,1.7931428491102699,1.5835987903225806
arousal,16,stimulus_only,44,3200,1.9611290322580646,2.4416451320436527,0.5227991540842534,0.4138469372705349,0.4470096443352885,3.8403125,2.80320127752963,4.308820564516129,1.6441645108676515,-0.4685080645161291,2.3962744300926424,2.4416451320436527,1.9611290322580646
arousal,16,stimulus_only,45,3200,1.146532258064516,1.5128420206513604,0.6021057342333901,0.6149990062642903,0.5883444443318177,4.711875,1.641107548083001,4.355685483870968,1.6551792447167162,0.35618951612903216,1.4703128946072181,1.5128420206513604,1.146532258064516
arousal,16,stimulus_only,46,3200,1.4840675403225805,1.9310161599167215,0.40959157370177696,0.4813822906410417,0.40457093147990164,4.4096875,1.8869535374099042,4.285952620967742,1.639057702944741,0.12373487903225808,1.9270477652539892,1.9310161599167215,1.4840675403225805
arousal,16,stimulus_only,47,3200,1.9866280241935486,2.4058584066538096,0.5547264302968942,0.5046509053130992,0.4650932552663906,5.01,2.7701353757533225,4.327595766129033,1.637541245905711,0.6824042338709677,2.307049876890784,2.4058584066538096,1.9866280241935486
arousal,16,stimulus_only,48,3200,1.022671370967742,1.2767257403314833,0.8006127840786817,0.841340405160856,0.7731751809624174,4.41125,2.1225570516478465,4.319627016129032,1.6348227464749434,0.09162298387096769,1.2734338792617206,1.2767257403314833,1.022671370967742
arousal,16,stimulus_only,49,3200,2.0541683467741936,2.3776300029506947,0.3759823413552559,0.32152378513608704,0.2310669816312636,2.64875,1.380805358296382,4.312626008064516,1.6360931209242178,-1.6638760080645159,1.6984231100401959,2.3776300029506947,2.0541683467741936
arousal,16,stimulus_only,50,3200,1.2131552419354839,1.3975392283943748,0.8967435708093006,0.8818282625364553,0.7973992037606584,4.2478125,2.6499106522378733,4.2927520161290325,1.6174585721429446,-0.04493951612903231,1.3968165000425907,1.3975392283943748,1.2131552419354839
arousal,16,stimulus_only,52,3200,1.7239415322580647,2.0446951663661466,0.47907103670460094,0.5087096577485014,0.44452422761374455,4.8215625,2.1346188321556965,4.279385080645161,1.63582637991789,0.5421774193548387,1.9715024649497168,2.0446951663661466,1.7239415322580647
arousal,16,stimulus_only,53,3200,0.9050604838709678,1.1257934535713283,0.8876687003640474,0.8793683133038545,0.8327727517329079,3.935,2.195768658124075,4.303971774193549,1.6190841335660808,-0.3689717741935484,1.0636121144254251,1.1257934535713283,0.9050604838709678
arousal,16,stimulus_only,54,3200,1.4785131048387097,1.7014090087672817,0.6439051929606812,0.6802923632150905,0.6156649394589232,4.4428125,2.196412891476407,4.3011239919354844,1.639403910694907,0.14168850806451613,1.6954990362123228,1.7014090087672817,1.4785131048387097
arousal,16,stimulus_only,55,3200,2.2418800403225805,2.452707586010078,0.7975415029721714,0.7025328574459754,0.3507159174561686,2.100625,1.2386482993065464,4.342505040322581,1.6446783320619394,-2.2418800403225805,0.9948609889198631,2.452707586010078,2.2418800403225805
arousal,16,stimulus_only,56,3200,1.2129536290322582,1.437657775352764,0.8674729456697609,0.8499619064505507,0.7706542259557475,4.8740625,2.4631183987160967,4.322943548387096,1.6252068121617895,0.5511189516129033,1.3278282193888458,1.437657775352764,1.2129536290322582
arousal,16,stimulus_only,57,3200,1.8231300403225807,2.1612048046694525,0.37448250035061736,0.39640237922232147,0.3591343257734207,4.4378125,2.148664169860835,4.276426411290323,1.6264910930895802,0.16138608870967747,2.1551706981344467,2.1612048046694525,1.8231300403225807
arousal,16,stimulus_only,58,3200,1.3121370967741939,1.5908245400488528,0.9004360936071648,0.8504904820593663,0.731655142010053,3.2184375,2.3575882928521996,4.3281048387096765,1.6252001652714139,-1.1096673387096774,1.139895220896476,1.5908245400488528,1.3121370967741939
arousal,16,stimulus_only,59,3200,1.5519858870967744,2.059421992965323,0.6629399569935407,0.6819547368793759,0.5272045300358422,5.484375,2.187408480228373,4.248770161290323,1.6306563136513992,1.2356048387096772,1.6475738610655648,2.059421992965323,1.5519858870967744
arousal,16,stimulus_only,60,3200,2.117903225806452,2.446233187844776,0.8200569609047411,0.8560208454853353,0.5837747971834357,5.524375,3.1958028505173783,4.259536290322581,1.6012482975527509,1.2648387096774194,2.093857647457147,2.446233187844776,2.117903225806452
arousal,16,stimulus_only,61,3200,1.627802419354839,1.8777145196002467,0.8901040675543017,0.8836464350670457,0.7057064145800045,3.4628125,2.9268997403129053,4.34648185483871,1.622645951315504,-0.8836693548387098,1.6567861323769355,1.8777145196002467,1.627802419354839
arousal,16,stimulus_only,62,3200,1.7550705645161286,2.1150860200635977,0.7892760744142652,0.6953823765910078,0.6391337299525998,3.983125,3.1103199569135973,4.327379032258064,1.6137546840260206,-0.3442540322580646,2.086882371755182,2.1150860200635977,1.7550705645161286
arousal,16,stimulus_only,63,3200,1.8749092741935485,2.1998856290037425,0.7776786860416477,0.7519381160456761,0.6192525840666031,3.9771875,3.171323397233992,4.304082661290322,1.5957334342612302,-0.3268951612903226,2.1754623265462825,2.1998856290037425,1.8749092741935485
arousal,16,stimulus_only,64,3200,1.2476612903225808,1.494212952197259,0.7755314699585686,0.7816469164913735,0.725238446270786,4.455625,2.338916599491098,4.327197580645161,1.6244475416400657,0.12842741935483867,1.488683560892611,1.494212952197259,1.2476612903225808
arousal,16,stimulus_only,65,3200,1.9098739919354841,2.031907911943124,0.9094296128242545,0.8565172216696784,0.6843632740464377,3.22375,3.0573576724845264,4.292212701612903,1.6097627453781342,-1.0684627016129034,1.7283047236755218,2.031907911943124,1.9098739919354841
arousal,16,stimulus_plus_fewshot_bias,1,3200,1.6494839969758064,1.9702001781009848,0.5945768012041248,0.5822582040272917,0.5559888455600809,4.3496875,2.4276853487105265,4.467368951612904,1.6836916299778317,-0.11768145161290322,1.966682439474007,1.9702001781009848,1.6494839969758064
arousal,16,stimulus_plus_fewshot_bias,2,3200,1.2871175655241935,1.6614664798555712,0.7000955389433786,0.7384763754036321,0.661164777951111,6.4478125,2.3228003497596923,6.540756048387096,1.6561708607805816,-0.09294354838709679,1.6588647806547943,1.6614664798555712,1.2871175655241935
arousal,16,stimulus_plus_fewshot_bias,3,3200,1.067334929435484,1.4259385561822393,0.6048295694356096,0.5855875507275113,0.6015857946712584,3.0640625,1.513054359926883,3.0454032258064516,1.6774394019355923,0.018659274193548406,1.4258164669738034,1.4259385561822393,1.067334929435484
arousal,16,stimulus_plus_fewshot_bias,5,3200,1.3463816784274192,1.5895955134091975,0.6467976934223462,0.6852903776798529,0.633143800105458,5.2025,2.0310696073744,5.115544354838709,1.6598027753785287,0.0869556451612903,1.5872153640968936,1.5895955134091975,1.3463816784274192
arousal,16,stimulus_plus_fewshot_bias,6,3200,1.5491097530241935,1.8591264581852383,0.29799541777301775,0.35194553532541367,0.2909560979656101,7.5609375,1.3827189233874504,7.53508064516129,1.7210707049813323,0.02585685483870968,1.8589466400578145,1.8591264581852383,1.5491097530241935
arousal,16,stimulus_plus_fewshot_bias,7,3200,1.0783618951612903,1.2886965186564507,0.6758773173621224,0.6985777560042876,0.5602292245230353,3.281875,0.9130561233434668,3.3484979838709683,1.7141363501398044,-0.06662298387096773,1.286973230186776,1.2886965186564507,1.0783618951612903
arousal,16,stimulus_plus_fewshot_bias,8,3200,1.306778603830645,1.7237516251433609,0.7205639212905505,0.7412167356537858,0.6661008755504823,3.3515625,2.4790051045921127,3.3739516129032254,1.6591825506651692,-0.022389112903225802,1.7236062174428894,1.7237516251433609,1.306778603830645
arousal,16,stimulus_plus_fewshot_bias,9,3200,1.649233870967742,2.003444724624332,0.41316652933039966,0.41653627242779767,0.40939012345639086,5.339375,1.9635298850221252,5.324506048387097,1.7147418283152616,0.014868951612903242,2.0033895474677403,2.003444724624332,1.649233870967742
arousal,16,stimulus_plus_fewshot_bias,10,3200,1.5012506300403226,1.8013163058022423,0.7186275072382312,0.6246111683285964,0.653390998895512,4.1734375,2.5743167896732815,4.20960685483871,1.6531697488467567,-0.036169354838709686,1.8009531396789837,1.8013163058022421,1.5012506300403226
arousal,16,stimulus_plus_fewshot_bias,11,3200,1.7121238659274196,2.0025252612326767,0.37745652344480657,0.3799003046331808,0.3755888929837035,5.0446875,1.874717452669535,4.992147177419355,1.704375858059597,0.05254032258064515,2.001835891470158,2.0025252612326767,1.7121238659274196
arousal,16,stimulus_plus_fewshot_bias,12,3200,1.036222908266129,1.2779509759749461,0.6492518893601558,0.5811522348471978,0.6076626704728677,4.8128125,1.1612055545181266,4.808215725806452,1.6775635907656472,0.004596774193548385,1.277942708677635,1.2779509759749461,1.036222908266129
arousal,16,stimulus_plus_fewshot_bias,13,3200,1.122077872983871,1.4684008495682241,0.5351495517834023,0.44882090636869476,0.5107734834217,2.38125,1.2435929549092823,2.3986189516129035,1.6913138069813587,-0.017368951612903215,1.4682981218174158,1.4684008495682241,1.122077872983871
arousal,16,stimulus_plus_fewshot_bias,14,3200,0.6889730342741935,0.8852262743922311,0.8558173674774507,0.8023007962927293,0.8557768778532759,2.7603125,1.6484045020393963,2.7442842741935483,1.6480081817120786,0.016028225806451597,0.8850811560822245,0.8852262743922311,0.6889730342741935
arousal,16,stimulus_plus_fewshot_bias,15,3200,1.3480437247983872,1.715896168004273,0.6443718799628096,0.6398450076063734,0.6186250512114635,3.805625,2.222547718132279,3.788790322580645,1.6673995488568707,0.016834677419354835,1.7158135834081552,1.715896168004273,1.3480437247983872
arousal,16,stimulus_plus_fewshot_bias,16,3200,1.1317962449596775,1.4464591197636065,0.8233464070209233,0.7585403309865393,0.7598574040439151,4.0915625,2.45599853595106,4.060201612903226,1.6369466769965935,0.03136088709677418,1.4461191098619128,1.4464591197636065,1.1317962449596775
arousal,16,stimulus_plus_fewshot_bias,17,3200,1.1445677923387096,1.3645408240063075,0.8360525352859943,0.787455425132869,0.7785101510515244,3.729375,2.3945014323184273,3.696129032258064,1.6345750078324608,0.03324596774193549,1.364135757910009,1.3645408240063075,1.1445677923387096
arousal,16,stimulus_plus_fewshot_bias,18,3200,1.9421263860887097,2.2475099052366025,0.660458117294158,0.6400451837157944,0.5606116876806222,4.9403125,2.963612643775119,4.887701612903226,1.646342384988568,0.0526108870967742,2.246894049281259,2.2475099052366025,1.9421263860887097
arousal,16,stimulus_plus_fewshot_bias,19,3200,1.2869808467741932,1.5438430624693884,0.6383507843279602,0.714696853718165,0.6310267211893749,5.4240625,1.9270725196768672,5.391340725806451,1.6568061017596118,0.03272177419354841,1.5434962542968758,1.5438430624693884,1.2869808467741937
arousal,16,stimulus_plus_fewshot_bias,20,3200,1.0670917338709678,1.3008035592051068,0.7932329889571015,0.7804218952552114,0.7652710291113555,5.2915625,2.133730022424053,5.285040322580645,1.6296779143953535,0.006522177419354811,1.3007872081329768,1.3008035592051068,1.0670917338709678
arousal,16,stimulus_plus_fewshot_bias,21,3200,1.3361391129032256,1.709715640383217,0.8078511885188903,0.6867337317688965,0.7088248154889796,4.319375,2.7249769924487435,4.355564516129032,1.6162484436269087,-0.03618951612903228,1.7093325860970827,1.709715640383217,1.3361391129032258
arousal,16,stimulus_plus_fewshot_bias,22,3200,1.9402394153225806,2.242735381333146,0.6972346301817606,0.6573067909356132,0.5853415770608893,3.821875,3.059435648019909,3.8353225806451614,1.6642734421525487,-0.01344758064516129,2.2426950647063735,2.242735381333146,1.9402394153225806
arousal,16,stimulus_plus_fewshot_bias,23,3200,0.9699918094758064,1.2156115600407564,0.8173864075138715,0.8030682141628506,0.7941432433376034,5.195,2.106709519606346,5.177691532258064,1.655241236254076,0.017308467741935472,1.2154883306100261,1.2156115600407564,0.9699918094758064
arousal,16,stimulus_plus_fewshot_bias,24,3200,1.3538375756048386,1.5480711337701325,0.8619430516900701,0.8177496262440638,0.7606765522230193,4.3046875,2.713043130387674,4.280221774193548,1.6286634008680054,0.024465725806451614,1.547877793455642,1.5480711337701325,1.3538375756048386
arousal,16,stimulus_plus_fewshot_bias,25,3200,1.8635105846774191,2.313099257137669,0.6630966298376838,0.6475610058170507,0.5586477109393355,4.3009375,3.0539522132957075,4.312610887096774,1.672138032756572,-0.011673387096774212,2.313069801239151,2.313099257137669,1.8635105846774196
arousal,16,stimulus_plus_fewshot_bias,26,3200,1.4296881300403226,1.8047915700529582,0.6590059263106645,0.6691874571072703,0.618256976650606,3.168125,2.396452374735413,3.179889112903226,1.6701824129677156,-0.011764112903225788,1.8047532288326353,1.8047915700529582,1.4296881300403226
arousal,16,stimulus_plus_fewshot_bias,27,3200,1.0517521421370968,1.3947668129237007,0.6602404184333651,0.6170548884727293,0.6596379747558944,5.0734375,1.7229827142469394,5.043810483870967,1.6571229708227042,0.02962701612903226,1.3944521154735388,1.3947668129237007,1.0517521421370968
arousal,16,stimulus_plus_fewshot_bias,28,3200,1.108342993951613,1.3461540929996465,0.835108671121407,0.7285834470947951,0.7822490514781771,3.226875,2.369156544927962,3.1760383064516127,1.6451586861847374,0.05083669354838713,1.3451938420498244,1.3461540929996465,1.108342993951613
arousal,16,stimulus_plus_fewshot_bias,29,3200,1.0608058215725806,1.4137208549302342,0.7395331232666055,0.7611732439673385,0.7178984081498639,3.82625,2.0947400644232688,3.7823991935483874,1.6415987678036141,0.0438508064516129,1.4130406089133516,1.4137208549302342,1.0608058215725809
arousal,16,stimulus_plus_fewshot_bias,30,3200,0.7814610635080643,0.988386489969506,0.8821153082751713,0.8507199954783338,0.85791190875583,4.3484375,2.0582526104911785,4.368195564516129,1.6243686074190296,-0.019758064516129038,0.9881889861968797,0.988386489969506,0.7814610635080643
arousal,16,stimulus_plus_fewshot_bias,31,3200,1.960782510080645,2.29179919535769,0.7441006204936742,0.7186396094491988,0.6015098674308748,5.105,3.235,5.163457661290322,1.6468057022052478,-0.058457661290322566,2.291053524839309,2.29179919535769,1.960782510080645
arousal,16,stimulus_plus_fewshot_bias,32,3200,1.0700264616935484,1.3294759629154707,0.7471206702058031,0.7070993005285012,0.7338648091023618,4.46625,1.9844989134539732,4.425735887096774,1.6436264589551044,0.040514112903225825,1.3288585111386702,1.3294759629154707,1.0700264616935482
arousal,16,stimulus_plus_fewshot_bias,33,3200,1.4161202116935485,1.6291722395243176,0.5149667297625125,0.5236565466299423,0.5145741886739164,3.6103125,1.620865865006648,3.6121270161290315,1.6853996204428987,-0.0018145161290322532,1.629171229051108,1.6291722395243176,1.4161202116935483
arousal,16,stimulus_plus_fewshot_bias,34,3200,1.1005745967741936,1.3298774953721813,0.8382158066711077,0.848248641186279,0.784274445113253,3.8434375,2.3542887850885563,3.884193548387097,1.6290865842880713,-0.04075604838709679,1.3292528341956824,1.3298774953721813,1.1005745967741936
arousal,16,stimulus_plus_fewshot_bias,35,3200,1.2665883316532256,1.603170505831922,0.5196800514879089,0.49040657424758605,0.5180600518961965,4.576875,1.5691447461515462,4.60899193548387,1.694016195109437,-0.032116935483871,1.602848768045353,1.603170505831922,1.2665883316532256
arousal,16,stimulus_plus_fewshot_bias,36,3200,1.3843844506048386,1.5733659784946425,0.8013799549030258,0.8078286703972831,0.7296005403888307,4.885625,2.5437508445944546,4.898941532258065,1.6383089210651738,-0.013316532258064517,1.5733096237718196,1.5733659784946425,1.3843844506048386
arousal,16,stimulus_plus_fewshot_bias,37,3200,1.371881300403226,1.5876112589497766,0.4722169271675224,0.5024156405787527,0.4579651770734207,4.7575,1.3261575132690686,4.776350806451612,1.7003054675116163,-0.018850806451612898,1.5874993406739477,1.5876112589497766,1.371881300403226
arousal,16,stimulus_plus_fewshot_bias,38,3200,1.1850012600806452,1.4596360501817942,0.6937063319125538,0.6959831424646454,0.6829006771593275,4.54125,1.9840421965018789,4.477671370967742,1.6668435242517645,0.06357862903225808,1.4582507181279523,1.4596360501817942,1.1850012600806452
arousal,16,stimulus_plus_fewshot_bias,39,3200,1.7355727066532256,2.076514931479628,0.7269403932043912,0.5873582237451187,0.6173725362329154,3.8271875,2.9331848458363052,3.890665322580645,1.6314473161035414,-0.06347782258064516,2.0755444651219266,2.076514931479628,1.7355727066532256
arousal,16,stimulus_plus_fewshot_bias,40,3200,2.410022681451613,2.854493343930702,0.391295361230804,0.40252597946384155,0.33261225888163376,5.3475,3.0526412743720805,5.31710685483871,1.6998383726575246,0.03039314516129032,2.8543315342251123,2.854493343930702,2.410022681451613
arousal,16,stimulus_plus_fewshot_bias,41,3200,1.3063949092741933,1.5618420863838374,0.4192767957247043,0.4405313363916896,0.32667605594241833,2.3896875,0.8225455320793799,2.343195564516129,1.7158397185506433,0.04649193548387096,1.5611499616419884,1.5618420863838374,1.3063949092741933
arousal,16,stimulus_plus_fewshot_bias,42,3200,1.3717061491935485,1.743858722819824,0.6430387219594885,0.6547081596675498,0.613521584994289,6.3359375,2.261074633021597,6.34422379032258,1.6601417838400763,-0.008286290322580686,1.7438390357333664,1.743858722819824,1.3717061491935485
arousal,16,stimulus_plus_fewshot_bias,43,3200,1.6534608114919354,1.8633173153797409,0.8372196388800759,0.7967564530848619,0.7004463930735767,4.2159375,2.994462972904115,4.171441532258065,1.619144613459478,0.04449596774193549,1.8627859583561053,1.8633173153797409,1.6534608114919354
arousal,16,stimulus_plus_fewshot_bias,44,3200,1.9328899949596774,2.507255456403177,0.46800641159031037,0.365481975296243,0.4139364480271226,3.8403125,2.80320127752963,3.770272177419355,1.6921935878904253,0.07004032258064516,2.506276975291498,2.507255456403177,1.9328899949596774
arousal,16,stimulus_plus_fewshot_bias,45,3200,1.2095035282258064,1.54498888444123,0.5726269666421282,0.5898405952046781,0.5719514335231124,4.711875,1.641107548083001,4.770665322580645,1.6969849445192724,-0.05879032258064515,1.5438699268454645,1.54498888444123,1.2095035282258064
arousal,16,stimulus_plus_fewshot_bias,46,3200,1.5466796875,2.0069159518170445,0.3764028703777903,0.43801101888072974,0.37410866049051034,4.4096875,1.8869535374099042,4.361814516129032,1.6947789483878446,0.04787298387096773,2.006344889362994,2.0069159518170445,1.5466796875
arousal,16,stimulus_plus_fewshot_bias,47,3200,1.9466683467741936,2.415976407739926,0.501669554126213,0.4655600233823087,0.44683001328098915,5.01,2.7701353757533225,4.987933467741936,1.696369174844213,0.0220665322580645,2.415875632334997,2.415976407739926,1.9466683467741936
arousal,16,stimulus_plus_fewshot_bias,48,3200,1.0714824848790323,1.3356372290431298,0.7772354822224443,0.8129927484827663,0.7528227135323715,4.41125,2.1225570516478465,4.427600806451613,1.6467178708062828,-0.0163508064516129,1.3355371424016598,1.3356372290431295,1.0714824848790323
arousal,16,stimulus_plus_fewshot_bias,49,3200,1.4236252520161292,1.7770990388033683,0.34990437842693295,0.3031181069299057,0.3423552662783633,2.64875,1.380805358296382,2.619647177419355,1.7013634304456788,0.029102822580645157,1.7768607203249485,1.7770990388033683,1.4236252520161292
arousal,16,stimulus_plus_fewshot_bias,50,3200,1.2612008568548387,1.4570034111384018,0.8773657586984733,0.8505014948660568,0.7795448861780281,4.2478125,2.6499106522378733,4.283256048387097,1.614359221824191,-0.03544354838709676,1.4565722415818139,1.4570034111384018,1.2612008568548387
arousal,16,stimulus_plus_fewshot_bias,52,3200,1.6567735635080647,2.0514957554735997,0.4428021247588262,0.44550338574175363,0.4302797797447997,4.8215625,2.1346188321556965,4.762409274193548,1.6813979797218643,0.05915322580645162,2.050642760356588,2.0514957554735997,1.6567735635080647
arousal,16,stimulus_plus_fewshot_bias,53,3200,0.9273412298387097,1.113552530352497,0.8723610920047878,0.8529657345128857,0.8337516660395952,3.935,2.195768658124075,3.983427419354839,1.6232595489420845,-0.04842741935483871,1.1124989990598102,1.113552530352497,0.9273412298387097
arousal,16,stimulus_plus_fewshot_bias,54,3200,1.5431231098790323,1.7760635893042078,0.6083808327391763,0.6456074240679723,0.586751880451987,4.4428125,2.196412891476407,4.4225403225806454,1.6758730742936245,0.020272177419354834,1.7759478911485056,1.7760635893042078,1.5431231098790323
arousal,16,stimulus_plus_fewshot_bias,55,3200,0.8158902469758064,1.041390022176714,0.784544633107493,0.6854779453499096,0.7500974047540568,2.100625,1.2386482993065464,2.0843850806451614,1.674858257953784,0.01623991935483869,1.041263388057299,1.041390022176714,0.8158902469758064
arousal,16,stimulus_plus_fewshot_bias,56,3200,1.2488319052419354,1.393161748302358,0.8452992999428145,0.8153617527595994,0.7771183489656193,4.8740625,2.4631183987160967,4.860534274193549,1.6251375954500773,0.01352822580645161,1.3930960641820118,1.393161748302358,1.2488319052419354
arousal,16,stimulus_plus_fewshot_bias,57,3200,1.8996055947580646,2.2624637681805932,0.32859645538675475,0.3298164773473216,0.3190819792458828,4.4378125,2.148664169860835,4.314637096774194,1.6986711208710112,0.12317540322580645,2.2591082582227195,2.2624637681805932,1.8996055947580646
arousal,16,stimulus_plus_fewshot_bias,58,3200,0.9771459173387097,1.2054327620990966,0.8808314728314808,0.8265792833120568,0.8225195413459221,3.2184375,2.3575882928521996,3.2240625,1.621402648730352,-0.005625000000000014,1.205419637851009,1.2054327620990966,0.9771459173387097
arousal,16,stimulus_plus_fewshot_bias,59,3200,1.4701146673387098,1.7215411484367507,0.6302222838261581,0.6375462996179986,0.6069442225966215,5.484375,2.187408480228373,5.499052419354839,1.659876478239612,-0.014677419354838721,1.7214785793387057,1.7215411484367507,1.4701146673387095
arousal,16,stimulus_plus_fewshot_bias,60,3200,1.9108039314516128,2.2059360686961638,0.7713309470248751,0.7956952939398896,0.6202488336242868,5.524375,3.1958028505173783,5.480584677419356,1.6121370226462393,0.043790322580645115,2.205501382185686,2.2059360686961638,1.9108039314516128
arousal,16,stimulus_plus_fewshot_bias,61,3200,1.4175466229838711,1.7215499937838472,0.868006324847815,0.8585304181764116,0.7350039671184969,3.4628125,2.9268997403129053,3.4609979838709677,1.6178149990071342,0.0018145161290322464,1.7215490375322982,1.7215499937838472,1.4175466229838711
arousal,16,stimulus_plus_fewshot_bias,62,3200,1.7474521169354837,2.1867527386137664,0.7451665767052327,0.6690009531179854,0.6121537210737964,3.983125,3.1103199569135973,3.9186088709677422,1.6282151567069711,0.06451612903225808,2.185800816389613,2.1867527386137664,1.7474521169354837
arousal,16,stimulus_plus_fewshot_bias,63,3200,1.8747473538306452,2.274437425707,0.7322384033575033,0.6951183331399158,0.5918457999407823,3.9771875,3.171323397233992,4.068477822580645,1.6151365916911444,-0.09129032258064518,2.2726046027542512,2.274437425707,1.8747473538306452
arousal,16,stimulus_plus_fewshot_bias,64,3200,1.2981583921370967,1.55441772496759,0.7487151440444617,0.7365675319759777,0.7039430419323722,4.455625,2.338916599491098,4.461875,1.6403494539679448,-0.00625,1.5544051599224118,1.5544177249675901,1.2981583921370967
arousal,16,stimulus_plus_fewshot_bias,65,3200,1.5132787298387098,1.8058194691917155,0.8834080950113053,0.8398659724974326,0.7264014048603793,3.22375,3.0573576724845264,3.2739818548387096,1.6027797819973202,-0.05023185483870968,1.805120692937542,1.8058194691917155,1.5132787298387098
arousal,16,stimulus_plus_fewshot_bias_shrink4,1,3200,1.6253623991935484,1.941476128053407,0.6067433399824711,0.5937907586623404,0.5658785354035569,4.3496875,2.4276853487105265,4.435641129032258,1.6678180137571597,-0.0859536290322581,1.9395725120390404,1.941476128053407,1.6253623991935484
arousal,16,stimulus_plus_fewshot_bias_shrink4,2,3200,1.304208669354839,1.6790585295115517,0.7083350607713298,0.7486577761720544,0.6579543162120197,6.4478125,2.3228003497596923,6.085997983870969,1.6480207634160626,0.36181451612903215,1.6396120887099512,1.6790585295115517,1.304208669354839
arousal,16,stimulus_plus_fewshot_bias_shrink4,3,3200,1.127703629032258,1.4281042256223369,0.6111275195775263,0.5948959456722578,0.6016755162501403,3.0640625,1.513054359926883,3.300394153225807,1.6658227078668664,-0.23633165322580638,1.4084136568934325,1.4281042256223369,1.127703629032258
arousal,16,stimulus_plus_fewshot_bias_shrink4,5,3200,1.3334490927419353,1.5880598556411074,0.6551666890614731,0.6940270088422608,0.6350730086408615,5.2025,2.0310696073744,4.945510080645161,1.6490916470103083,0.25698991935483867,1.567128037669178,1.5880598556411076,1.3334490927419353
arousal,16,stimulus_plus_fewshot_bias_shrink4,6,3200,1.6226859879032256,1.9602055337607758,0.30398945693829205,0.35877995623930187,0.2715343111556426,7.5609375,1.3827189233874504,6.882626008064517,1.7037129010346446,0.6783114919354837,1.8391028395646138,1.960205533760776,1.6226859879032256
arousal,16,stimulus_plus_fewshot_bias_shrink4,7,3200,1.0763971774193548,1.3003402416604992,0.6796286460340448,0.7022207373597834,0.5554424127662978,3.281875,0.9130561233434668,3.550505040322581,1.7022599166089114,-0.2686300403225806,1.272290314950945,1.3003402416604992,1.0763971774193548
arousal,16,stimulus_plus_fewshot_bias_shrink4,8,3200,1.3631456653225806,1.7163055851078575,0.7299907381883604,0.7520605825182856,0.6696340623017665,3.3515625,2.4790051045921127,3.57403125,1.6497067009640043,-0.22246874999999997,1.701826229891249,1.7163055851078575,1.3631456653225806
arousal,16,stimulus_plus_fewshot_bias_shrink4,9,3200,1.6154843749999999,1.9945529316885757,0.42115364529761384,0.42500834699150236,0.41362385668082013,5.339375,1.9635298850221252,5.115509072580645,1.6967284575668307,0.22386592741935477,1.9819499095204611,1.9945529316885757,1.6154843749999999
arousal,16,stimulus_plus_fewshot_bias_shrink4,10,3200,1.4838936491935484,1.7789151478212115,0.7288177025681872,0.6306100505347474,0.6608277950678908,4.1734375,2.5743167896732815,4.2304858870967745,1.6431136957196517,-0.0570483870967742,1.7780001644199641,1.7789151478212115,1.4838936491935484
arousal,16,stimulus_plus_fewshot_bias_shrink4,11,3200,1.696398185483871,1.9878825041450916,0.3863026259517938,0.3903115579247922,0.38203263073090205,5.0446875,1.874717452669535,4.856776209677419,1.6866418026259582,0.18791129032258064,1.9789811007827898,1.9878825041450916,1.696398185483871
arousal,16,stimulus_plus_fewshot_bias_shrink4,12,3200,1.0276547379032257,1.2693675425646211,0.6531008882439493,0.5868608774715993,0.6108598699880604,4.8128125,1.1612055545181266,4.706155241935484,1.6675965182639847,0.10665725806451612,1.2648787243916724,1.2693675425646211,1.0276547379032257
arousal,16,stimulus_plus_fewshot_bias_shrink4,13,3200,1.18046875,1.5072755256673394,0.5408722870311916,0.45438255732766575,0.4984048438037859,2.38125,1.2435929549092823,2.7897247983870965,1.678074495114186,-0.4084747983870967,1.4508714103456497,1.5072755256673394,1.18046875
arousal,16,stimulus_plus_fewshot_bias_shrink4,14,3200,0.7097157258064516,0.9257262367604361,0.8587413723570927,0.805888889551148,0.8445079924556691,2.7603125,1.6484045020393963,3.062520161290322,1.6440107920494318,-0.3022076612903225,0.8750083398940107,0.9257262367604361,0.7097157258064516
arousal,16,stimulus_plus_fewshot_bias_shrink4,15,3200,1.350975806451613,1.6984668430486018,0.6527854653990111,0.6495242370907608,0.6250776796443737,3.805625,2.222547718132279,3.891179435483871,1.657506635289498,-0.08555443548387096,1.6963107190324893,1.6984668430486018,1.3509758064516129
arousal,16,stimulus_plus_fewshot_bias_shrink4,16,3200,1.1210882056451612,1.430636205739872,0.8293499980521336,0.7654492191149493,0.7647102930364263,4.0915625,2.45599853595106,4.1132368951612905,1.6328883225960644,-0.021674395161290324,1.430472010830051,1.430636205739872,1.1210882056451612
arousal,16,stimulus_plus_fewshot_bias_shrink4,17,3200,1.1240277217741934,1.3529575818414363,0.8413188712207947,0.7944546999039305,0.7821267033148531,3.729375,2.3945014323184273,3.819211693548387,1.6309315836987561,-0.08983669354838711,1.349971698501313,1.3529575818414363,1.1240277217741934
arousal,16,stimulus_plus_fewshot_bias_shrink4,18,3200,1.9175438508064517,2.22291507795699,0.6757087212141978,0.6509173903304456,0.5693800818951109,4.9403125,2.963612643775119,4.765039314516129,1.631334199632906,0.17527318548387094,2.215994303751449,2.22291507795699,1.9175438508064517
arousal,16,stimulus_plus_fewshot_bias_shrink4,19,3200,1.2801814516129033,1.5489256739321888,0.6451088341153974,0.726050816865974,0.6307208639228583,5.4240625,1.9270725196768672,5.165076612903226,1.6480961314390887,0.2589858870967741,1.527120510520038,1.5489256739321888,1.2801814516129033
arousal,16,stimulus_plus_fewshot_bias_shrink4,20,3200,1.0440756048387096,1.301935555054907,0.7992365061643371,0.7887420486565494,0.7658584247256832,5.2915625,2.133730022424053,5.0815594758064515,1.625564315008409,0.21000302419354833,1.28488712319242,1.301935555054907,1.0440756048387096
arousal,16,stimulus_plus_fewshot_bias_shrink4,21,3200,1.3196159274193549,1.6920493528904723,0.8152170483459255,0.6955413534841823,0.7143797234463527,4.319375,2.7249769924487435,4.3446875,1.6117587905241226,-0.025312499999999995,1.6918600089726146,1.6920493528904723,1.319615927419355
arousal,16,stimulus_plus_fewshot_bias_shrink4,22,3200,1.944460685483871,2.2204023075533263,0.709588827408362,0.6710962081050375,0.5925060109310466,3.821875,3.059435648019909,3.9346834677419356,1.651037002067327,-0.11280846774193545,2.217534815283371,2.2204023075533263,1.944460685483871
arousal,16,stimulus_plus_fewshot_bias_shrink4,23,3200,0.990891129032258,1.2165295603111426,0.8221870099638804,0.8079906667904326,0.7944250045478285,5.195,2.106709519606346,5.007043346774194,1.650907285342334,0.1879566532258064,1.2019219889905401,1.2165295603111426,0.990891129032258
arousal,16,stimulus_plus_fewshot_bias_shrink4,24,3200,1.3403467741935484,1.5305422338052284,0.8686018192681928,0.8256384529667377,0.7657866378235386,4.3046875,2.713043130387674,4.288111895161291,1.6250971301013217,0.01657560483870965,1.5304524751803728,1.5305422338052284,1.3403467741935484
arousal,16,stimulus_plus_fewshot_bias_shrink4,25,3200,1.8467212701612903,2.2867310208475673,0.6761321538395058,0.6615762708110308,0.5669576915456684,4.3009375,3.0539522132957075,4.323237903225806,1.657779124148766,-0.02230040322580646,2.286622280509512,2.2867310208475673,1.8467212701612903
arousal,16,stimulus_plus_fewshot_bias_shrink4,26,3200,1.481118951612903,1.8034352796489301,0.667290540201657,0.6774706681895318,0.6199977745583118,3.168125,2.396452374735413,3.419136088709678,1.6591717585720058,-0.25101108870967737,1.7858813625846472,1.8034352796489301,1.481118951612903
arousal,16,stimulus_plus_fewshot_bias_shrink4,27,3200,1.0516663306451612,1.3889424997313005,0.6668779606889497,0.6254191274564488,0.6624301198601739,5.0734375,1.7229827142469394,4.893446572580645,1.6473566539000875,0.17999092741935477,1.3772307481342965,1.3889424997313005,1.0516663306451612
arousal,16,stimulus_plus_fewshot_bias_shrink4,28,3200,1.1005509072580646,1.3444927852914765,0.8402135118076256,0.7347385768806334,0.7833410431914692,3.226875,2.369156544927962,3.4151945564516133,1.641639416910751,-0.18831955645161283,1.3312387443124918,1.3444927852914765,1.1005509072580646
arousal,16,stimulus_plus_fewshot_bias_shrink4,29,3200,1.0458820564516131,1.399660439672414,0.7454333739719862,0.769776603014571,0.7228866476032484,3.82625,2.0947400644232688,3.887489919354839,1.6363988237576006,-0.061239919354838704,1.3983200701775642,1.399660439672414,1.045882056451613
arousal,16,stimulus_plus_fewshot_bias_shrink4,30,3200,0.7721416330645161,0.97814847412597,0.8851843503654102,0.8547586544031742,0.8607238494710489,4.3484375,2.0582526104911785,4.3589616935483875,1.6226850981946754,-0.010524193548387104,0.9780918560059272,0.97814847412597,0.7721416330645161
arousal,16,stimulus_plus_fewshot_bias_shrink4,31,3200,1.949243951612903,2.266326123618402,0.7575701058846256,0.7304622730501975,0.6095200367160064,5.105,3.235,4.9915836693548385,1.6357123515576326,0.11341633064516124,2.263486433477833,2.266326123618402,1.949243951612903
arousal,16,stimulus_plus_fewshot_bias_shrink4,32,3200,1.0599102822580644,1.3169914169916828,0.7522718930445579,0.7138369681475147,0.7381711615317518,4.46625,1.9844989134539732,4.403476814516129,1.6377582195312572,0.06277318548387097,1.3154945532437479,1.3169914169916828,1.0599102822580644
arousal,16,stimulus_plus_fewshot_bias_shrink4,33,3200,1.4164490927419353,1.616351320348037,0.5220786444987475,0.5338077880850272,0.519771508268798,3.6103125,1.620865865006648,3.75710685483871,1.6707946289942734,-0.14679435483870965,1.6096717081996346,1.616351320348037,1.4164490927419353
arousal,16,stimulus_plus_fewshot_bias_shrink4,34,3200,1.1101491935483871,1.321999373766029,0.8432425953585783,0.8545823709791207,0.7869706042208209,3.8434375,2.3542887850885563,3.974472782258064,1.6260698896533599,-0.1310352822580645,1.3154893002382508,1.321999373766029,1.1101491935483871
arousal,16,stimulus_plus_fewshot_bias_shrink4,35,3200,1.2442459677419355,1.58594909883473,0.5259387098394982,0.4995820870348275,0.5245976936263301,4.576875,1.5691447461515462,4.547715725806452,1.6815719027413984,0.0291592741935484,1.5856810148397433,1.58594909883473,1.2442459677419355
arousal,16,stimulus_plus_fewshot_bias_shrink4,36,3200,1.3822963709677418,1.5600248939504322,0.8080732246218437,0.815548473797358,0.7340739356100646,4.885625,2.5437508445944546,4.782388104838709,1.6341302593745588,0.1032368951612903,1.5566052207359815,1.5600248939504322,1.3822963709677418
arousal,16,stimulus_plus_fewshot_bias_shrink4,37,3200,1.3518986895161291,1.5729285553942396,0.477732590492314,0.5092195027565972,0.463636250037531,4.7575,1.3261575132690686,4.684647177419355,1.6878194389900751,0.07285282258064515,1.5712404992924038,1.5729285553942396,1.3518986895161291
arousal,16,stimulus_plus_fewshot_bias_shrink4,38,3200,1.169782258064516,1.4458039775568647,0.6998689174262887,0.7024632958335983,0.6878147599683666,4.54125,1.9840421965018789,4.445017137096775,1.6583658633697471,0.09623286290322582,1.442597787887081,1.4458039775568647,1.169782258064516
arousal,16,stimulus_plus_fewshot_bias_shrink4,39,3200,1.7228029233870967,2.060027973758243,0.7371586986450168,0.5971328857976215,0.6229726450599601,3.8271875,2.9331848458363052,3.9786723790322585,1.6214812405563488,-0.15148487903225802,2.0544506769672215,2.060027973758243,1.722802923387097
arousal,16,stimulus_plus_fewshot_bias_shrink4,40,3200,2.4061925403225803,2.8291908059629463,0.40838162517433674,0.4183246271878121,0.3423411078408556,5.3475,3.0526412743720805,5.103311491935484,1.6711324431360641,0.24418850806451606,2.8186331065029537,2.8291908059629463,2.4061925403225803
arousal,16,stimulus_plus_fewshot_bias_shrink4,41,3200,1.2856930443548384,1.5828780917872156,0.4235368197185458,0.44490179599239493,0.3210097465226387,2.3896875,0.8225455320793799,2.7406875000000004,1.7000766408712125,-0.3509999999999999,1.543470781537486,1.5828780917872158,1.2856930443548384
arousal,16,stimulus_plus_fewshot_bias_shrink4,42,3200,1.4042706653225807,1.7725021483103562,0.6511134885547978,0.6641803139005101,0.6073150385305058,6.3359375,2.261074633021597,5.929685483870968,1.6502195225149878,0.4062520161290321,1.725318279378018,1.7725021483103562,1.4042706653225807
arousal,16,stimulus_plus_fewshot_bias_shrink4,43,3200,1.6378860887096776,1.8447674607551994,0.8449121030170659,0.8047935715541641,0.705997825885901,4.2159375,2.994462972904115,4.200387096774193,1.615011453738826,0.015550403225806452,1.8447019187989968,1.8447674607551994,1.6378860887096776
arousal,16,stimulus_plus_fewshot_bias_shrink4,44,3200,1.9268785282258063,2.4791575847966874,0.4811334441562197,0.37328550462837934,0.4235429575382829,3.8403125,2.80320127752963,3.8779818548387097,1.6741291462948977,-0.037669354838709694,2.4788713863290646,2.4791575847966874,1.9268785282258065
arousal,16,stimulus_plus_fewshot_bias_shrink4,45,3200,1.1897086693548387,1.5257629667557162,0.5795804608461114,0.5958020897192404,0.5793154556883935,4.711875,1.641107548083001,4.687669354838709,1.6852018345022906,0.02420564516129031,1.525570948027502,1.5257629667557162,1.1897086693548387
arousal,16,stimulus_plus_fewshot_bias_shrink4,46,3200,1.5297132056451614,1.9875558262338047,0.38395941553640045,0.4496171228764674,0.38111490635582046,4.4096875,1.8869535374099042,4.346642137096774,1.6788351772807375,0.06304536290322577,1.9865556736755057,1.9875558262338044,1.5297132056451614
arousal,16,stimulus_plus_fewshot_bias_shrink4,47,3200,1.9390514112903225,2.3937429156045065,0.514424576113702,0.4709116896319366,0.45472343080673994,5.01,2.7701353757533225,4.855865927419355,1.676612930390878,0.1541340725806451,2.388775383680196,2.3937429156045065,1.9390514112903225
arousal,16,stimulus_plus_fewshot_bias_shrink4,48,3200,1.059664818548387,1.3200910835668087,0.783133028916336,0.8214543774268905,0.7579836586418881,4.41125,2.1225570516478465,4.406006048387096,1.6417160269762998,0.005243951612903221,1.3200806679457404,1.3200910835668087,1.0596648185483872
arousal,16,stimulus_plus_fewshot_bias_shrink4,49,3200,1.447882560483871,1.7843662792894994,0.35582460521412085,0.30649350543316883,0.34201245769572636,2.64875,1.380805358296382,2.958242943548387,1.6842006611155185,-0.30949294354838697,1.7573210112438784,1.7843662792894994,1.447882560483871
arousal,16,stimulus_plus_fewshot_bias_shrink4,50,3200,1.249782762096774,1.4421519444043405,0.8827873296372231,0.857257998170267,0.7838602029759262,4.2478125,2.6499106522378733,4.285155241935485,1.6121616952555229,-0.03734274193548389,1.4416683912654669,1.4421519444043405,1.249782762096774
arousal,16,stimulus_plus_fewshot_bias_shrink4,52,3200,1.6625630040322583,2.036849729132878,0.4512426290656719,0.45735317159590744,0.43636736847695073,4.8215625,2.1346188321556965,4.665804435483871,1.6672996695499172,0.155758064516129,2.0308855813183735,2.0368497291328778,1.6625630040322583
arousal,16,stimulus_plus_fewshot_bias_shrink4,53,3200,0.9172706653225808,1.1060596753037273,0.8763608424753283,0.858163780750459,0.8360240388350613,3.935,2.195768658124075,4.04753629032258,1.6206758347288528,-0.11253629032258063,1.100319766564892,1.1060596753037273,0.9172706653225808
arousal,16,stimulus_plus_fewshot_bias_shrink4,54,3200,1.5286376008064513,1.7564813417609122,0.6169904261700385,0.655671534032389,0.5938187518409975,4.4428125,2.196412891476407,4.398257056451613,1.6641739319492481,0.0445554435483871,1.7559161473158167,1.7564813417609122,1.5286376008064513
arousal,16,stimulus_plus_fewshot_bias_shrink4,55,3200,0.8885912298387098,1.1179684848436193,0.7877987954865394,0.6882038398255977,0.7224942530066326,2.100625,1.2386482993065464,2.5360090725806455,1.667355547243734,-0.4353840725806451,1.0297059009477556,1.1179684848436193,0.8885912298387096
arousal,16,stimulus_plus_fewshot_bias_shrink4,56,3200,1.2401280241935484,1.3821648559871251,0.8512619215787687,0.822728198492579,0.780750049487307,4.8740625,2.4631183987160967,4.753016129032258,1.6222348146012877,0.1210463709677419,1.3768541916998511,1.3821648559871251,1.2401280241935484
arousal,16,stimulus_plus_fewshot_bias_shrink4,57,3200,1.8816360887096775,2.2370631731231247,0.33887380229480984,0.34469432465314404,0.3279803252575774,4.4378125,2.148664169860835,4.30699495967742,1.6772035305403483,0.13081754032258064,2.2332349656244537,2.237063173123125,1.8816360887096772
arousal,16,stimulus_plus_fewshot_bias_shrink4,58,3200,0.9955186491935484,1.2105277857865513,0.886140452728998,0.8332349288037685,0.8220054707707033,3.2184375,2.3575882928521996,3.444870967741936,1.6196346298338793,-0.22643346774193543,1.1891616394955113,1.2105277857865513,0.9955186491935484
arousal,16,stimulus_plus_fewshot_bias_shrink4,59,3200,1.4321058467741934,1.719248268046247,0.6382081497671334,0.6502606667378097,0.6091660366795448,5.484375,2.187408480228373,5.248995967741936,1.6500547065425184,0.2353790322580644,1.7030593995375727,1.719248268046247,1.4321058467741938
arousal,16,stimulus_plus_fewshot_bias_shrink4,60,3200,1.935088205645161,2.1967205634174083,0.7849062517365651,0.8117538328010148,0.6248329814374717,5.524375,3.1958028505173783,5.236374999999999,1.601995016419222,0.28799999999999987,2.1777596822746292,2.1967205634174083,1.9350882056451613
arousal,16,stimulus_plus_fewshot_bias_shrink4,61,3200,1.4429032258064516,1.7143593427007382,0.8743847848912798,0.8665164693374162,0.7377332232767531,3.4628125,2.9268997403129053,3.6380947580645158,1.6151741177957202,-0.17528225806451608,1.705375057256647,1.7143593427007382,1.4429032258064516
arousal,16,stimulus_plus_fewshot_bias_shrink4,62,3200,1.7412807459677417,2.1612384728373737,0.7571581733339188,0.6747497851070123,0.6200487290650702,3.983125,3.1103199569135973,4.000362903225807,1.61838417274148,-0.01723790322580644,2.161169727523686,2.1612384728373737,1.7412807459677417
arousal,16,stimulus_plus_fewshot_bias_shrink4,63,3200,1.8715892137096777,2.2526484881952547,0.7445421181619206,0.7062250701964818,0.5988473216197369,3.9771875,3.171323397233992,4.115598790322581,1.604107515525971,-0.13841129032258062,2.2483922091306945,2.2526484881952547,1.8715892137096777
arousal,16,stimulus_plus_fewshot_bias_shrink4,64,3200,1.2852893145161288,1.538160417750246,0.7555358670638342,0.7470050529804659,0.7093676876182702,4.455625,2.338916599491098,4.434939516129032,1.6339206038409446,0.020685483870967736,1.5380213202327968,1.538160417750246,1.2852893145161288
arousal,16,stimulus_plus_fewshot_bias_shrink4,65,3200,1.5785660282258065,1.803927423068265,0.8911391429842646,0.845386731158468,0.7281590922325034,3.22375,3.0573576724845264,3.4776280241935478,1.5996605024321215,-0.2538780241935483,1.7859731511221806,1.8039274230682647,1.5785660282258065
valence,0,stimulus_only,1,32,0.994959677419355,1.204586059790768,0.8922484634653424,0.8852213172599906,0.8696574444021503,4.46875,2.4746764308692963,4.918346774193549,2.1923173783574246,-0.4495967741935484,1.1175376128242858,1.204586059790768,0.994959677419355
valence,0,stimulus_only,2,32,1.2086693548387097,1.5487178326209212,0.8530610427473126,0.8036062294190673,0.8155188676443323,4.53125,2.839282204624965,4.91733870967742,2.1888096272968434,-0.3860887096774194,1.499820800408392,1.5487178326209212,1.2086693548387097
valence,0,stimulus_only,3,32,1.0554435483870968,1.1964804330363776,0.8980289713149183,0.8938103224205145,0.8791629847348005,4.71875,2.6485181588012567,4.914314516129033,2.189562308296357,-0.1955645161290323,1.1803897435466537,1.1964804330363776,1.0554435483870968
valence,0,stimulus_only,5,32,1.2268145161290325,1.4945269559497258,0.8646215886593648,0.8429278417012366,0.8302088014852527,5.09375,2.8870332414954976,4.908266129032258,2.187619617288474,0.1854838709677419,1.4829722032698982,1.4945269559497258,1.2268145161290325
valence,0,stimulus_only,6,32,1.045866935483871,1.1570929690036986,0.9562877492680013,0.9488688459347856,0.9046669303375,4.8125,3.0458732327528013,4.912802419354839,2.1809777501510363,-0.10030241935483879,1.1527374217875292,1.1570929690036986,1.045866935483871
valence,0,stimulus_only,7,32,0.6224798387096775,0.7714954244234683,0.9432491857811657,0.9453048098417813,0.9293617423621148,4.75,1.8874586088176875,4.913810483870968,2.199265443892497,-0.16381048387096778,0.7539040491205143,0.7714954244234683,0.6224798387096775
valence,0,stimulus_only,8,32,0.830141129032258,1.0246974566824736,0.9426106711880112,0.9277093877462874,0.9135909924133964,5.25,2.692582403567252,4.905745967741936,2.1870200133985045,0.3442540322580645,0.9651393883815917,1.0246974566824736,0.830141129032258
valence,0,stimulus_only,9,32,0.9334677419354838,1.1748826518327367,0.9116655521799997,0.8672483250928812,0.8810468249308884,5.40625,2.5600216673887743,4.903225806451613,2.190295708657432,0.503024193548387,1.061751339195067,1.1748826518327367,0.9334677419354838
valence,0,stimulus_only,10,32,0.7928427419354838,1.0004185843498665,0.9107396566122342,0.9024685704478604,0.9061770169472151,4.875,2.4206145913796355,4.91179435483871,2.1923880068524366,-0.036794354838709756,0.9997417263296526,1.0004185843498665,0.7928427419354838
valence,0,stimulus_only,11,32,1.206149193548387,1.4491157957492957,0.913970533877195,0.8917297264444277,0.8562630044965631,4.8125,3.136852522832401,4.912802419354839,2.1816672251049574,-0.10030241935483872,1.4456403474452697,1.4491157957492957,1.206149193548387
valence,0,stimulus_only,12,32,0.9526209677419355,1.1831362535147223,0.8509681823754512,0.8642873619265344,0.8349318830868163,5.15625,1.88926862502398,4.907258064516129,2.2020153537398732,0.24899193548387094,1.156639274123462,1.1831362535147223,0.9526209677419355
valence,0,stimulus_only,13,32,0.8724798387096774,1.0503664627335452,0.9094177817342244,0.9217409851300047,0.8684386106711681,4.4375,1.818954026356906,4.918850806451613,2.201289724208446,-0.481350806451613,0.933579727266912,1.0503664627335452,0.8724798387096774
valence,0,stimulus_only,14,32,0.752016129032258,0.8964680958217212,0.9288122352606669,0.9113516159009858,0.9189134487437577,4.59375,2.234101818964391,4.91633064516129,2.1944948648136653,-0.32258064516129026,0.8364190183117242,0.8964680958217212,0.752016129032258
valence,0,stimulus_only,15,32,0.856350806451613,1.1124100414937979,0.869677592471072,0.8593470389204451,0.8442346656842881,4.75,1.75,4.913810483870968,2.203412686658057,-0.16381048387096778,1.1002827935536357,1.1124100414937979,0.856350806451613
valence,0,stimulus_only,16,32,0.7721774193548387,1.0159129954676442,0.904095529804977,0.8539668556320058,0.885105083227183,4.53125,1.9997558444720196,4.91733870967742,2.198800157334418,-0.3860887096774194,0.9396886306748992,1.0159129954676442,0.7721774193548387
valence,0,stimulus_only,17,32,1.0090725806451613,1.1960522994491878,0.8972372737605019,0.8924429060909542,0.8781456770203968,5.15625,2.623325358681229,4.907258064516128,2.189961637085058,0.24899193548387097,1.1698479042515253,1.1960522994491878,1.0090725806451613
valence,0,stimulus_only,18,32,1.4475806451612905,1.8032716105902833,0.7911350468931307,0.792449445668865,0.7528726906301207,5.34375,2.857111467461499,4.904233870967742,2.1913678733938453,0.439516129032258,1.7488893829746277,1.8032716105902833,1.4475806451612905
valence,0,stimulus_only,19,32,1.028225806451613,1.3182709089508333,0.8114687737086331,0.8097518048241787,0.804830082943654,5.09375,2.005607373715005,4.908266129032258,2.201673598581413,0.18548387096774188,1.3051566660738005,1.3182709089508333,1.028225806451613
valence,0,stimulus_only,20,32,0.7580645161290323,1.0229465993184748,0.9210161615627016,0.9032779543088524,0.9010250015330521,4.46875,2.358288243090738,4.918346774193548,2.1929217317494674,-0.4495967741935484,0.9188484563256268,1.0229465993184748,0.7580645161290323
valence,0,stimulus_only,21,32,0.8966733870967741,1.0523150671354522,0.9488592363701719,0.9378847772238772,0.9143113263926022,4.75,2.850438562747845,4.913810483870968,2.184332698004512,-0.16381048387096775,1.0394869532102124,1.0523150671354522,0.8966733870967741
valence,0,stimulus_only,22,32,1.0065524193548387,1.1928363994523645,0.8512104180693016,0.8460132068763729,0.8357956834950845,4.625,1.9324531042175384,4.915826612903226,2.2014125158975166,-0.2908266129032258,1.1568399012334067,1.1928363994523645,1.0065524193548387
valence,0,stimulus_only,23,32,0.8432459677419354,1.045968830053902,0.915172848252118,0.9103602089950322,0.9023676269428699,5.125,2.521780125229002,4.907762096774193,2.1907196625931373,0.21723790322580647,1.0231610268410265,1.045968830053902,0.8432459677419354
valence,0,stimulus_only,24,32,0.9450604838709677,1.181186665216522,0.8821665880400639,0.8493774186919627,0.8539065635681937,4.375,2.1028254801575903,4.919858870967742,2.198026310148131,-0.544858870967742,1.0480127617606025,1.181186665216522,0.9450604838709677
valence,0,stimulus_only,25,32,1.2711693548387097,1.5424217245211227,0.834384004555415,0.8657760368933196,0.8105737486987401,4.84375,2.785109681412924,4.912298387096774,2.190384553837857,-0.06854838709677422,1.5408977561477415,1.5424217245211227,1.2711693548387097
valence,0,stimulus_only,26,32,1.295866935483871,1.5439152284274675,0.8470860181155218,0.8255580336246294,0.8136406790864479,4.5625,2.80554696093293,4.916834677419355,2.1895425255901553,-0.35433467741935487,1.502704617996618,1.5439152284274675,1.295866935483871
valence,0,stimulus_only,27,32,1.0403225806451613,1.3065636152706914,0.8615460240890016,0.8546099402867805,0.8482869534496099,5.15625,2.5262295892297675,4.907258064516129,2.1928033305360493,0.24899193548387094,1.2826189990847694,1.3065636152706914,1.0403225806451613
valence,0,stimulus_only,28,32,1.0181451612903225,1.2752203396559423,0.8236257915520524,0.8248647334839991,0.7797105503189111,4.84375,1.5832990676116752,4.912298387096774,2.2069235307999793,-0.0685483870967743,1.2733766266500446,1.2752203396559423,1.0181451612903225
valence,0,stimulus_only,29,32,0.7414314516129032,0.9792037966849636,0.9261693100661718,0.9241859422826492,0.9054954009684828,5.375,2.2603926650031405,4.903729838709677,2.194194951759322,0.47127016129032256,0.8583382261787255,0.9792037966849636,0.7414314516129032
valence,0,stimulus_only,30,32,0.8356854838709677,0.9805105223786827,0.9379974670758721,0.8751374668635553,0.9194312085863741,4.90625,2.6734735714983233,4.911290322580645,2.1875065036323718,-0.005040322580645205,0.980497567382806,0.9805105223786827,0.8356854838709677
valence,0,stimulus_only,31,32,1.438508064516129,1.6415104177594801,0.9646127020985076,0.9161207331651278,0.8448737386560656,5.53125,3.4998604882909263,4.901209677419355,2.173502114079107,0.6300403225806451,1.5157854873086032,1.6415104177594801,1.438508064516129
valence,0,stimulus_only,32,32,0.888608870967742,1.067296131717133,0.8963117720951919,0.87827351773193,0.8785526266750683,4.5,2.091650066335189,4.917842741935484,2.1977151459838846,-0.4178427419354839,0.982104106391065,1.067296131717133,0.888608870967742
valence,0,stimulus_only,33,32,0.686491935483871,0.8017706893454289,0.9343139008328094,0.9289440751663227,0.925660007868904,4.78125,1.9483065563457924,4.913306451612903,2.19861528618331,-0.13205645161290325,0.7908206698619183,0.8017706893454289,0.686491935483871
valence,0,stimulus_only,34,32,1.164818548387097,1.3695290126321555,0.877199258764556,0.8860229676758531,0.8090887933843264,4.0625,2.060605190229317,4.924899193548388,2.198792242856748,-0.8623991935483872,1.0638972447601784,1.3695290126321555,1.164818548387097
valence,0,stimulus_only,35,32,0.7444556451612903,0.8910241143900415,0.9231548791961846,0.913888347462997,0.9182401955356899,4.6875,2.1999644883497553,4.914818548387096,2.1952052654004377,-0.22731854838709678,0.8615394651342101,0.8910241143900415,0.7444556451612903
valence,0,stimulus_only,36,32,0.871975806451613,1.0204401633369262,0.952858933387899,0.9472029644614396,0.91835033093206,4.65625,2.813020785116953,4.915322580645161,2.1847286220318254,-0.2590725806451613,0.9870053317530504,1.0204401633369262,0.871975806451613
valence,0,stimulus_only,37,32,1.122983870967742,1.2260783336006187,0.9324066298630631,0.9250128716174963,0.759571317820638,4.71875,1.1520192869479227,4.914314516129032,2.210668475877089,-0.1955645161290323,1.2103811796934416,1.2260783336006187,1.122983870967742
valence,0,stimulus_only,38,32,1.385584677419355,1.6108025634891396,0.7087267234242455,0.7482941895497968,0.6972603353672202,4.6875,1.911110606427582,4.914818548387096,2.206051425015302,-0.22731854838709678,1.5946821551965669,1.6108025634891396,1.385584677419355
valence,0,stimulus_only,39,32,0.9924395161290323,1.1755363588632064,0.9250073263216803,0.8975086558660758,0.8919926973407374,4.6875,2.822205476218909,4.914818548387096,2.1858306562408023,-0.22731854838709678,1.1533481731760573,1.1755363588632064,0.9924395161290323
valence,0,stimulus_only,40,32,1.2253024193548387,1.426675927235319,0.9319376503137341,0.911521538031714,0.8646066174691215,5.125,3.1991209730174317,4.907762096774194,2.179838241167917,0.21723790322580638,1.4100396784327782,1.426675927235319,1.2253024193548387
valence,0,stimulus_only,41,32,1.2570564516129032,1.5324278343980433,0.744149958586994,0.787929511430954,0.6501285686428164,5.15625,1.325456878778031,4.907258064516129,2.2120491451130606,0.248991935483871,1.5120641797562273,1.5324278343980433,1.2570564516129032
valence,0,stimulus_only,42,32,0.8825604838709676,1.0730391028443886,0.9550430392765968,0.8914646584095169,0.9134110394153917,5.125,2.912795049432761,4.907762096774193,2.1830916051346403,0.2172379032258064,1.05081901849707,1.0730391028443886,0.8825604838709676
valence,0,stimulus_only,43,32,0.9420362903225806,1.0653749285080085,0.9514252587630226,0.9288917024558039,0.9127015229259563,5.1875,2.855230945125105,4.906754032258064,2.1841433454789008,0.2807459677419355,1.0277185606429846,1.0653749285080085,0.9420362903225806
valence,0,stimulus_only,44,32,1.3150201612903225,1.551526240789527,0.8137530874760048,0.8164499982635804,0.7727112057799143,5.625,2.2878756522153907,4.899697580645162,2.197871889457056,0.7253024193548387,1.3715575366482073,1.551526240789527,1.3150201612903225
valence,0,stimulus_only,45,32,0.7525201612903227,0.9413358052974866,0.9060554036542894,0.8772193258743899,0.9041056149976675,4.8125,2.098176291449315,4.912802419354839,2.197295258825779,-0.10030241935483866,0.9359767748222355,0.9413358052974866,0.7525201612903227
valence,0,stimulus_only,46,32,1.1199596774193548,1.3444300634951423,0.9022970737641547,0.8907610229943452,0.8615328996064323,4.53125,2.8502672572058922,4.917338709677419,2.186435001638324,-0.3860887096774194,1.28779955889462,1.3444300634951423,1.1199596774193548
valence,0,stimulus_only,47,32,1.5519153225806452,1.8138910213562776,0.8306075032362703,0.8385162839805926,0.7771184011511924,4.875,3.1598061649411346,4.911794354838709,2.1854912524240007,-0.03679435483870963,1.813517800521661,1.8138910213562776,1.5519153225806452
valence,0,stimulus_only,48,32,0.8351814516129032,1.0440083806940523,0.9156274603870709,0.911793242320702,0.8980285155540683,5.3125,2.39057393736316,4.904737903225806,2.1926452398887135,0.40776209677419345,0.9610845807699395,1.0440083806940523,0.8351814516129032
valence,0,stimulus_only,49,32,1.1310483870967742,1.3329525449140025,0.8336429857786509,0.835676878120201,0.731072294408383,4.96875,1.310638560969423,4.910282258064516,2.210350356311343,0.05846774193548386,1.3316696325086343,1.3329525449140025,1.1310483870967742
valence,0,stimulus_only,50,32,1.1547379032258065,1.2866157693255633,0.9672093563941468,0.9572243610768556,0.8925953988897438,4.875,3.266783586342995,4.91179435483871,2.177001096234596,-0.03679435483870977,1.2860895432780775,1.2866157693255633,1.1547379032258065
valence,0,stimulus_only,52,32,1.2358870967741935,1.5125805677666997,0.782357205029605,0.7589824829572485,0.7502344630380421,4.34375,1.9938871426186588,4.920362903225806,2.2027533731518476,-0.5766129032258064,1.3983624472285212,1.5125805677666997,1.2358870967741935
valence,0,stimulus_only,53,32,0.920866935483871,1.117921278029436,0.9434256898467938,0.9099429949294116,0.8952338699454937,4.25,2.5860201081971503,4.921875,2.188610389262535,-0.671875,0.8934942463418373,1.117921278029436,0.920866935483871
valence,0,stimulus_only,54,32,1.0932459677419355,1.4427400196528868,0.8113994042385747,0.8344108319672651,0.8028321779493479,5.1875,2.3774658252012792,4.906754032258065,2.1967767632047344,0.2807459677419355,1.415160932864053,1.4427400196528868,1.0932459677419355
valence,0,stimulus_only,55,32,1.0015120967741935,1.303620364059265,0.8343983189289959,0.8756624196901942,0.8042566818781314,5.375,1.899835519196333,4.903729838709678,2.2023715326210658,0.4712701612903225,1.2154548484692485,1.303620364059265,1.0015120967741935
valence,0,stimulus_only,56,32,0.8644153225806451,1.0985109884654758,0.9228221709057491,0.8854194809660154,0.9004788429459502,4.75,2.704163456597992,4.913810483870968,2.1876908619537487,-0.1638104838709678,1.0862285750031415,1.0985109884654758,0.8644153225806451
valence,0,stimulus_only,57,32,1.1633064516129035,1.306171564966866,0.9357541313678465,0.9189961045829611,0.8695385403450053,5.65625,2.779493827570049,4.899193548387097,2.1859971424418165,0.7570564516129032,1.0644010927273946,1.306171564966866,1.1633064516129035
valence,0,stimulus_only,58,32,0.8346774193548387,1.01439944967274,0.9058262036219726,0.8974096094567731,0.8967085099641939,5.21875,2.2463077343721185,4.90625,2.1951319499680544,0.3125,0.9650647612965453,1.01439944967274,0.8346774193548387
valence,0,stimulus_only,59,32,1.115423387096774,1.3881015443772842,0.8139054960134012,0.8320801973230201,0.8094550155380809,5.125,2.2878756522153907,4.907762096774194,2.1978663412063715,0.21723790322580644,1.370997297920261,1.3881015443772842,1.115423387096774
valence,0,stimulus_only,60,32,1.0912298387096775,1.2498666682272448,0.9365309095696593,0.9159804879307853,0.8876724127978474,5.0625,3.020114857087392,4.908770161290322,2.1823182993580907,0.15372983870967732,1.2403764851994614,1.2498666682272448,1.0912298387096775
valence,0,stimulus_only,61,32,1.486391129032258,1.796584786883719,0.9245718728211336,0.878894809310882,0.7980118384135406,6.0,3.1622776601683795,4.893649193548386,2.180761545551953,1.1063508064516128,1.4155227972469693,1.796584786883719,1.486391129032258
valence,0,stimulus_only,62,32,1.1244959677419355,1.2933652382208536,0.9017688423353323,0.8759279144645141,0.8609266151963054,5.5,2.622022120425379,4.90171370967742,2.189792203882737,0.5982862903225806,1.1466678482673742,1.2933652382208536,1.1244959677419355
valence,0,stimulus_only,63,32,0.9259072580645161,1.1374506141295835,0.9185405998609216,0.9126073081799048,0.8950883756190415,4.875,2.747157621979489,4.91179435483871,2.1872351347564782,-0.036794354838709686,1.1368553448155883,1.1374506141295835,0.9259072580645161
valence,0,stimulus_only,64,32,0.9959677419354839,1.2210553618366922,0.8780768654201265,0.8475350823686865,0.8482305166291901,4.34375,2.1594179626695706,4.920362903225806,2.1973584435607023,-0.5766129032258065,1.076333478297336,1.2210553618366922,0.9959677419354839
valence,0,stimulus_only,65,32,0.8140120967741935,0.960189785968401,0.9453700665497249,0.9474030066230439,0.9238197533003781,5.0,2.704163456597992,4.909778225806451,2.186725406841588,0.0902217741935483,0.955941659589858,0.960189785968401,0.8140120967741935
valence,0,stimulus_plus_fewshot_bias,1,32,0.994959677419355,1.204586059790768,0.8922484634653424,0.8852213172599906,0.8696574444021503,4.46875,2.4746764308692963,4.918346774193549,2.1923173783574246,-0.4495967741935484,1.1175376128242858,1.204586059790768,0.994959677419355
valence,0,stimulus_plus_fewshot_bias,2,32,1.2086693548387097,1.5487178326209212,0.8530610427473126,0.8036062294190673,0.8155188676443323,4.53125,2.839282204624965,4.91733870967742,2.1888096272968434,-0.3860887096774194,1.499820800408392,1.5487178326209212,1.2086693548387097
valence,0,stimulus_plus_fewshot_bias,3,32,1.0554435483870968,1.1964804330363776,0.8980289713149183,0.8938103224205145,0.8791629847348005,4.71875,2.6485181588012567,4.914314516129033,2.189562308296357,-0.1955645161290323,1.1803897435466537,1.1964804330363776,1.0554435483870968
valence,0,stimulus_plus_fewshot_bias,5,32,1.2268145161290325,1.4945269559497258,0.8646215886593648,0.8429278417012366,0.8302088014852527,5.09375,2.8870332414954976,4.908266129032258,2.187619617288474,0.1854838709677419,1.4829722032698982,1.4945269559497258,1.2268145161290325
valence,0,stimulus_plus_fewshot_bias,6,32,1.045866935483871,1.1570929690036986,0.9562877492680013,0.9488688459347856,0.9046669303375,4.8125,3.0458732327528013,4.912802419354839,2.1809777501510363,-0.10030241935483879,1.1527374217875292,1.1570929690036986,1.045866935483871
valence,0,stimulus_plus_fewshot_bias,7,32,0.6224798387096775,0.7714954244234683,0.9432491857811657,0.9453048098417813,0.9293617423621148,4.75,1.8874586088176875,4.913810483870968,2.199265443892497,-0.16381048387096778,0.7539040491205143,0.7714954244234683,0.6224798387096775
valence,0,stimulus_plus_fewshot_bias,8,32,0.830141129032258,1.0246974566824736,0.9426106711880112,0.9277093877462874,0.9135909924133964,5.25,2.692582403567252,4.905745967741936,2.1870200133985045,0.3442540322580645,0.9651393883815917,1.0246974566824736,0.830141129032258
valence,0,stimulus_plus_fewshot_bias,9,32,0.9334677419354838,1.1748826518327367,0.9116655521799997,0.8672483250928812,0.8810468249308884,5.40625,2.5600216673887743,4.903225806451613,2.190295708657432,0.503024193548387,1.061751339195067,1.1748826518327367,0.9334677419354838
valence,0,stimulus_plus_fewshot_bias,10,32,0.7928427419354838,1.0004185843498665,0.9107396566122342,0.9024685704478604,0.9061770169472151,4.875,2.4206145913796355,4.91179435483871,2.1923880068524366,-0.036794354838709756,0.9997417263296526,1.0004185843498665,0.7928427419354838
valence,0,stimulus_plus_fewshot_bias,11,32,1.206149193548387,1.4491157957492957,0.913970533877195,0.8917297264444277,0.8562630044965631,4.8125,3.136852522832401,4.912802419354839,2.1816672251049574,-0.10030241935483872,1.4456403474452697,1.4491157957492957,1.206149193548387
valence,0,stimulus_plus_fewshot_bias,12,32,0.9526209677419355,1.1831362535147223,0.8509681823754512,0.8642873619265344,0.8349318830868163,5.15625,1.88926862502398,4.907258064516129,2.2020153537398732,0.24899193548387094,1.156639274123462,1.1831362535147223,0.9526209677419355
valence,0,stimulus_plus_fewshot_bias,13,32,0.8724798387096774,1.0503664627335452,0.9094177817342244,0.9217409851300047,0.8684386106711681,4.4375,1.818954026356906,4.918850806451613,2.201289724208446,-0.481350806451613,0.933579727266912,1.0503664627335452,0.8724798387096774
valence,0,stimulus_plus_fewshot_bias,14,32,0.752016129032258,0.8964680958217212,0.9288122352606669,0.9113516159009858,0.9189134487437577,4.59375,2.234101818964391,4.91633064516129,2.1944948648136653,-0.32258064516129026,0.8364190183117242,0.8964680958217212,0.752016129032258
valence,0,stimulus_plus_fewshot_bias,15,32,0.856350806451613,1.1124100414937979,0.869677592471072,0.8593470389204451,0.8442346656842881,4.75,1.75,4.913810483870968,2.203412686658057,-0.16381048387096778,1.1002827935536357,1.1124100414937979,0.856350806451613
valence,0,stimulus_plus_fewshot_bias,16,32,0.7721774193548387,1.0159129954676442,0.904095529804977,0.8539668556320058,0.885105083227183,4.53125,1.9997558444720196,4.91733870967742,2.198800157334418,-0.3860887096774194,0.9396886306748992,1.0159129954676442,0.7721774193548387
valence,0,stimulus_plus_fewshot_bias,17,32,1.0090725806451613,1.1960522994491878,0.8972372737605019,0.8924429060909542,0.8781456770203968,5.15625,2.623325358681229,4.907258064516128,2.189961637085058,0.24899193548387097,1.1698479042515253,1.1960522994491878,1.0090725806451613
valence,0,stimulus_plus_fewshot_bias,18,32,1.4475806451612905,1.8032716105902833,0.7911350468931307,0.792449445668865,0.7528726906301207,5.34375,2.857111467461499,4.904233870967742,2.1913678733938453,0.439516129032258,1.7488893829746277,1.8032716105902833,1.4475806451612905
valence,0,stimulus_plus_fewshot_bias,19,32,1.028225806451613,1.3182709089508333,0.8114687737086331,0.8097518048241787,0.804830082943654,5.09375,2.005607373715005,4.908266129032258,2.201673598581413,0.18548387096774188,1.3051566660738005,1.3182709089508333,1.028225806451613
valence,0,stimulus_plus_fewshot_bias,20,32,0.7580645161290323,1.0229465993184748,0.9210161615627016,0.9032779543088524,0.9010250015330521,4.46875,2.358288243090738,4.918346774193548,2.1929217317494674,-0.4495967741935484,0.9188484563256268,1.0229465993184748,0.7580645161290323
valence,0,stimulus_plus_fewshot_bias,21,32,0.8966733870967741,1.0523150671354522,0.9488592363701719,0.9378847772238772,0.9143113263926022,4.75,2.850438562747845,4.913810483870968,2.184332698004512,-0.16381048387096775,1.0394869532102124,1.0523150671354522,0.8966733870967741
valence,0,stimulus_plus_fewshot_bias,22,32,1.0065524193548387,1.1928363994523645,0.8512104180693016,0.8460132068763729,0.8357956834950845,4.625,1.9324531042175384,4.915826612903226,2.2014125158975166,-0.2908266129032258,1.1568399012334067,1.1928363994523645,1.0065524193548387
valence,0,stimulus_plus_fewshot_bias,23,32,0.8432459677419354,1.045968830053902,0.915172848252118,0.9103602089950322,0.9023676269428699,5.125,2.521780125229002,4.907762096774193,2.1907196625931373,0.21723790322580647,1.0231610268410265,1.045968830053902,0.8432459677419354
valence,0,stimulus_plus_fewshot_bias,24,32,0.9450604838709677,1.181186665216522,0.8821665880400639,0.8493774186919627,0.8539065635681937,4.375,2.1028254801575903,4.919858870967742,2.198026310148131,-0.544858870967742,1.0480127617606025,1.181186665216522,0.9450604838709677
valence,0,stimulus_plus_fewshot_bias,25,32,1.2711693548387097,1.5424217245211227,0.834384004555415,0.8657760368933196,0.8105737486987401,4.84375,2.785109681412924,4.912298387096774,2.190384553837857,-0.06854838709677422,1.5408977561477415,1.5424217245211227,1.2711693548387097
valence,0,stimulus_plus_fewshot_bias,26,32,1.295866935483871,1.5439152284274675,0.8470860181155218,0.8255580336246294,0.8136406790864479,4.5625,2.80554696093293,4.916834677419355,2.1895425255901553,-0.35433467741935487,1.502704617996618,1.5439152284274675,1.295866935483871
valence,0,stimulus_plus_fewshot_bias,27,32,1.0403225806451613,1.3065636152706914,0.8615460240890016,0.8546099402867805,0.8482869534496099,5.15625,2.5262295892297675,4.907258064516129,2.1928033305360493,0.24899193548387094,1.2826189990847694,1.3065636152706914,1.0403225806451613
valence,0,stimulus_plus_fewshot_bias,28,32,1.0181451612903225,1.2752203396559423,0.8236257915520524,0.8248647334839991,0.7797105503189111,4.84375,1.5832990676116752,4.912298387096774,2.2069235307999793,-0.0685483870967743,1.2733766266500446,1.2752203396559423,1.0181451612903225
valence,0,stimulus_plus_fewshot_bias,29,32,0.7414314516129032,0.9792037966849636,0.9261693100661718,0.9241859422826492,0.9054954009684828,5.375,2.2603926650031405,4.903729838709677,2.194194951759322,0.47127016129032256,0.8583382261787255,0.9792037966849636,0.7414314516129032
valence,0,stimulus_plus_fewshot_bias,30,32,0.8356854838709677,0.9805105223786827,0.9379974670758721,0.8751374668635553,0.9194312085863741,4.90625,2.6734735714983233,4.911290322580645,2.1875065036323718,-0.005040322580645205,0.980497567382806,0.9805105223786827,0.8356854838709677
valence,0,stimulus_plus_fewshot_bias,31,32,1.438508064516129,1.6415104177594801,0.9646127020985076,0.9161207331651278,0.8448737386560656,5.53125,3.4998604882909263,4.901209677419355,2.173502114079107,0.6300403225806451,1.5157854873086032,1.6415104177594801,1.438508064516129
valence,0,stimulus_plus_fewshot_bias,32,32,0.888608870967742,1.067296131717133,0.8963117720951919,0.87827351773193,0.8785526266750683,4.5,2.091650066335189,4.917842741935484,2.1977151459838846,-0.4178427419354839,0.982104106391065,1.067296131717133,0.888608870967742
valence,0,stimulus_plus_fewshot_bias,33,32,0.686491935483871,0.8017706893454289,0.9343139008328094,0.9289440751663227,0.925660007868904,4.78125,1.9483065563457924,4.913306451612903,2.19861528618331,-0.13205645161290325,0.7908206698619183,0.8017706893454289,0.686491935483871
valence,0,stimulus_plus_fewshot_bias,34,32,1.164818548387097,1.3695290126321555,0.877199258764556,0.8860229676758531,0.8090887933843264,4.0625,2.060605190229317,4.924899193548388,2.198792242856748,-0.8623991935483872,1.0638972447601784,1.3695290126321555,1.164818548387097
valence,0,stimulus_plus_fewshot_bias,35,32,0.7444556451612903,0.8910241143900415,0.9231548791961846,0.913888347462997,0.9182401955356899,4.6875,2.1999644883497553,4.914818548387096,2.1952052654004377,-0.22731854838709678,0.8615394651342101,0.8910241143900415,0.7444556451612903
valence,0,stimulus_plus_fewshot_bias,36,32,0.871975806451613,1.0204401633369262,0.952858933387899,0.9472029644614396,0.91835033093206,4.65625,2.813020785116953,4.915322580645161,2.1847286220318254,-0.2590725806451613,0.9870053317530504,1.0204401633369262,0.871975806451613
valence,0,stimulus_plus_fewshot_bias,37,32,1.122983870967742,1.2260783336006187,0.9324066298630631,0.9250128716174963,0.759571317820638,4.71875,1.1520192869479227,4.914314516129032,2.210668475877089,-0.1955645161290323,1.2103811796934416,1.2260783336006187,1.122983870967742
valence,0,stimulus_plus_fewshot_bias,38,32,1.385584677419355,1.6108025634891396,0.7087267234242455,0.7482941895497968,0.6972603353672202,4.6875,1.911110606427582,4.914818548387096,2.206051425015302,-0.22731854838709678,1.5946821551965669,1.6108025634891396,1.385584677419355
valence,0,stimulus_plus_fewshot_bias,39,32,0.9924395161290323,1.1755363588632064,0.9250073263216803,0.8975086558660758,0.8919926973407374,4.6875,2.822205476218909,4.914818548387096,2.1858306562408023,-0.22731854838709678,1.1533481731760573,1.1755363588632064,0.9924395161290323
valence,0,stimulus_plus_fewshot_bias,40,32,1.2253024193548387,1.426675927235319,0.9319376503137341,0.911521538031714,0.8646066174691215,5.125,3.1991209730174317,4.907762096774194,2.179838241167917,0.21723790322580638,1.4100396784327782,1.426675927235319,1.2253024193548387
valence,0,stimulus_plus_fewshot_bias,41,32,1.2570564516129032,1.5324278343980433,0.744149958586994,0.787929511430954,0.6501285686428164,5.15625,1.325456878778031,4.907258064516129,2.2120491451130606,0.248991935483871,1.5120641797562273,1.5324278343980433,1.2570564516129032
valence,0,stimulus_plus_fewshot_bias,42,32,0.8825604838709676,1.0730391028443886,0.9550430392765968,0.8914646584095169,0.9134110394153917,5.125,2.912795049432761,4.907762096774193,2.1830916051346403,0.2172379032258064,1.05081901849707,1.0730391028443886,0.8825604838709676
valence,0,stimulus_plus_fewshot_bias,43,32,0.9420362903225806,1.0653749285080085,0.9514252587630226,0.9288917024558039,0.9127015229259563,5.1875,2.855230945125105,4.906754032258064,2.1841433454789008,0.2807459677419355,1.0277185606429846,1.0653749285080085,0.9420362903225806
valence,0,stimulus_plus_fewshot_bias,44,32,1.3150201612903225,1.551526240789527,0.8137530874760048,0.8164499982635804,0.7727112057799143,5.625,2.2878756522153907,4.899697580645162,2.197871889457056,0.7253024193548387,1.3715575366482073,1.551526240789527,1.3150201612903225
valence,0,stimulus_plus_fewshot_bias,45,32,0.7525201612903227,0.9413358052974866,0.9060554036542894,0.8772193258743899,0.9041056149976675,4.8125,2.098176291449315,4.912802419354839,2.197295258825779,-0.10030241935483866,0.9359767748222355,0.9413358052974866,0.7525201612903227
valence,0,stimulus_plus_fewshot_bias,46,32,1.1199596774193548,1.3444300634951423,0.9022970737641547,0.8907610229943452,0.8615328996064323,4.53125,2.8502672572058922,4.917338709677419,2.186435001638324,-0.3860887096774194,1.28779955889462,1.3444300634951423,1.1199596774193548
valence,0,stimulus_plus_fewshot_bias,47,32,1.5519153225806452,1.8138910213562776,0.8306075032362703,0.8385162839805926,0.7771184011511924,4.875,3.1598061649411346,4.911794354838709,2.1854912524240007,-0.03679435483870963,1.813517800521661,1.8138910213562776,1.5519153225806452
valence,0,stimulus_plus_fewshot_bias,48,32,0.8351814516129032,1.0440083806940523,0.9156274603870709,0.911793242320702,0.8980285155540683,5.3125,2.39057393736316,4.904737903225806,2.1926452398887135,0.40776209677419345,0.9610845807699395,1.0440083806940523,0.8351814516129032
valence,0,stimulus_plus_fewshot_bias,49,32,1.1310483870967742,1.3329525449140025,0.8336429857786509,0.835676878120201,0.731072294408383,4.96875,1.310638560969423,4.910282258064516,2.210350356311343,0.05846774193548386,1.3316696325086343,1.3329525449140025,1.1310483870967742
valence,0,stimulus_plus_fewshot_bias,50,32,1.1547379032258065,1.2866157693255633,0.9672093563941468,0.9572243610768556,0.8925953988897438,4.875,3.266783586342995,4.91179435483871,2.177001096234596,-0.03679435483870977,1.2860895432780775,1.2866157693255633,1.1547379032258065
valence,0,stimulus_plus_fewshot_bias,52,32,1.2358870967741935,1.5125805677666997,0.782357205029605,0.7589824829572485,0.7502344630380421,4.34375,1.9938871426186588,4.920362903225806,2.2027533731518476,-0.5766129032258064,1.3983624472285212,1.5125805677666997,1.2358870967741935
valence,0,stimulus_plus_fewshot_bias,53,32,0.920866935483871,1.117921278029436,0.9434256898467938,0.9099429949294116,0.8952338699454937,4.25,2.5860201081971503,4.921875,2.188610389262535,-0.671875,0.8934942463418373,1.117921278029436,0.920866935483871
valence,0,stimulus_plus_fewshot_bias,54,32,1.0932459677419355,1.4427400196528868,0.8113994042385747,0.8344108319672651,0.8028321779493479,5.1875,2.3774658252012792,4.906754032258065,2.1967767632047344,0.2807459677419355,1.415160932864053,1.4427400196528868,1.0932459677419355
valence,0,stimulus_plus_fewshot_bias,55,32,1.0015120967741935,1.303620364059265,0.8343983189289959,0.8756624196901942,0.8042566818781314,5.375,1.899835519196333,4.903729838709678,2.2023715326210658,0.4712701612903225,1.2154548484692485,1.303620364059265,1.0015120967741935
valence,0,stimulus_plus_fewshot_bias,56,32,0.8644153225806451,1.0985109884654758,0.9228221709057491,0.8854194809660154,0.9004788429459502,4.75,2.704163456597992,4.913810483870968,2.1876908619537487,-0.1638104838709678,1.0862285750031415,1.0985109884654758,0.8644153225806451
valence,0,stimulus_plus_fewshot_bias,57,32,1.1633064516129035,1.306171564966866,0.9357541313678465,0.9189961045829611,0.8695385403450053,5.65625,2.779493827570049,4.899193548387097,2.1859971424418165,0.7570564516129032,1.0644010927273946,1.306171564966866,1.1633064516129035
valence,0,stimulus_plus_fewshot_bias,58,32,0.8346774193548387,1.01439944967274,0.9058262036219726,0.8974096094567731,0.8967085099641939,5.21875,2.2463077343721185,4.90625,2.1951319499680544,0.3125,0.9650647612965453,1.01439944967274,0.8346774193548387
valence,0,stimulus_plus_fewshot_bias,59,32,1.115423387096774,1.3881015443772842,0.8139054960134012,0.8320801973230201,0.8094550155380809,5.125,2.2878756522153907,4.907762096774194,2.1978663412063715,0.21723790322580644,1.370997297920261,1.3881015443772842,1.115423387096774
valence,0,stimulus_plus_fewshot_bias,60,32,1.0912298387096775,1.2498666682272448,0.9365309095696593,0.9159804879307853,0.8876724127978474,5.0625,3.020114857087392,4.908770161290322,2.1823182993580907,0.15372983870967732,1.2403764851994614,1.2498666682272448,1.0912298387096775
valence,0,stimulus_plus_fewshot_bias,61,32,1.486391129032258,1.796584786883719,0.9245718728211336,0.878894809310882,0.7980118384135406,6.0,3.1622776601683795,4.893649193548386,2.180761545551953,1.1063508064516128,1.4155227972469693,1.796584786883719,1.486391129032258
valence,0,stimulus_plus_fewshot_bias,62,32,1.1244959677419355,1.2933652382208536,0.9017688423353323,0.8759279144645141,0.8609266151963054,5.5,2.622022120425379,4.90171370967742,2.189792203882737,0.5982862903225806,1.1466678482673742,1.2933652382208536,1.1244959677419355
valence,0,stimulus_plus_fewshot_bias,63,32,0.9259072580645161,1.1374506141295835,0.9185405998609216,0.9126073081799048,0.8950883756190415,4.875,2.747157621979489,4.91179435483871,2.1872351347564782,-0.036794354838709686,1.1368553448155883,1.1374506141295835,0.9259072580645161
valence,0,stimulus_plus_fewshot_bias,64,32,0.9959677419354839,1.2210553618366922,0.8780768654201265,0.8475350823686865,0.8482305166291901,4.34375,2.1594179626695706,4.920362903225806,2.1973584435607023,-0.5766129032258065,1.076333478297336,1.2210553618366922,0.9959677419354839
valence,0,stimulus_plus_fewshot_bias,65,32,0.8140120967741935,0.960189785968401,0.9453700665497249,0.9474030066230439,0.9238197533003781,5.0,2.704163456597992,4.909778225806451,2.186725406841588,0.0902217741935483,0.955941659589858,0.960189785968401,0.8140120967741935
valence,0,stimulus_plus_fewshot_bias_shrink4,1,32,0.994959677419355,1.204586059790768,0.8922484634653424,0.8852213172599906,0.8696574444021503,4.46875,2.4746764308692963,4.918346774193549,2.1923173783574246,-0.4495967741935484,1.1175376128242858,1.204586059790768,0.994959677419355
valence,0,stimulus_plus_fewshot_bias_shrink4,2,32,1.2086693548387097,1.5487178326209212,0.8530610427473126,0.8036062294190673,0.8155188676443323,4.53125,2.839282204624965,4.91733870967742,2.1888096272968434,-0.3860887096774194,1.499820800408392,1.5487178326209212,1.2086693548387097
valence,0,stimulus_plus_fewshot_bias_shrink4,3,32,1.0554435483870968,1.1964804330363776,0.8980289713149183,0.8938103224205145,0.8791629847348005,4.71875,2.6485181588012567,4.914314516129033,2.189562308296357,-0.1955645161290323,1.1803897435466537,1.1964804330363776,1.0554435483870968
valence,0,stimulus_plus_fewshot_bias_shrink4,5,32,1.2268145161290325,1.4945269559497258,0.8646215886593648,0.8429278417012366,0.8302088014852527,5.09375,2.8870332414954976,4.908266129032258,2.187619617288474,0.1854838709677419,1.4829722032698982,1.4945269559497258,1.2268145161290325
valence,0,stimulus_plus_fewshot_bias_shrink4,6,32,1.045866935483871,1.1570929690036986,0.9562877492680013,0.9488688459347856,0.9046669303375,4.8125,3.0458732327528013,4.912802419354839,2.1809777501510363,-0.10030241935483879,1.1527374217875292,1.1570929690036986,1.045866935483871
valence,0,stimulus_plus_fewshot_bias_shrink4,7,32,0.6224798387096775,0.7714954244234683,0.9432491857811657,0.9453048098417813,0.9293617423621148,4.75,1.8874586088176875,4.913810483870968,2.199265443892497,-0.16381048387096778,0.7539040491205143,0.7714954244234683,0.6224798387096775
valence,0,stimulus_plus_fewshot_bias_shrink4,8,32,0.830141129032258,1.0246974566824736,0.9426106711880112,0.9277093877462874,0.9135909924133964,5.25,2.692582403567252,4.905745967741936,2.1870200133985045,0.3442540322580645,0.9651393883815917,1.0246974566824736,0.830141129032258
valence,0,stimulus_plus_fewshot_bias_shrink4,9,32,0.9334677419354838,1.1748826518327367,0.9116655521799997,0.8672483250928812,0.8810468249308884,5.40625,2.5600216673887743,4.903225806451613,2.190295708657432,0.503024193548387,1.061751339195067,1.1748826518327367,0.9334677419354838
valence,0,stimulus_plus_fewshot_bias_shrink4,10,32,0.7928427419354838,1.0004185843498665,0.9107396566122342,0.9024685704478604,0.9061770169472151,4.875,2.4206145913796355,4.91179435483871,2.1923880068524366,-0.036794354838709756,0.9997417263296526,1.0004185843498665,0.7928427419354838
valence,0,stimulus_plus_fewshot_bias_shrink4,11,32,1.206149193548387,1.4491157957492957,0.913970533877195,0.8917297264444277,0.8562630044965631,4.8125,3.136852522832401,4.912802419354839,2.1816672251049574,-0.10030241935483872,1.4456403474452697,1.4491157957492957,1.206149193548387
valence,0,stimulus_plus_fewshot_bias_shrink4,12,32,0.9526209677419355,1.1831362535147223,0.8509681823754512,0.8642873619265344,0.8349318830868163,5.15625,1.88926862502398,4.907258064516129,2.2020153537398732,0.24899193548387094,1.156639274123462,1.1831362535147223,0.9526209677419355
valence,0,stimulus_plus_fewshot_bias_shrink4,13,32,0.8724798387096774,1.0503664627335452,0.9094177817342244,0.9217409851300047,0.8684386106711681,4.4375,1.818954026356906,4.918850806451613,2.201289724208446,-0.481350806451613,0.933579727266912,1.0503664627335452,0.8724798387096774
valence,0,stimulus_plus_fewshot_bias_shrink4,14,32,0.752016129032258,0.8964680958217212,0.9288122352606669,0.9113516159009858,0.9189134487437577,4.59375,2.234101818964391,4.91633064516129,2.1944948648136653,-0.32258064516129026,0.8364190183117242,0.8964680958217212,0.752016129032258
valence,0,stimulus_plus_fewshot_bias_shrink4,15,32,0.856350806451613,1.1124100414937979,0.869677592471072,0.8593470389204451,0.8442346656842881,4.75,1.75,4.913810483870968,2.203412686658057,-0.16381048387096778,1.1002827935536357,1.1124100414937979,0.856350806451613
valence,0,stimulus_plus_fewshot_bias_shrink4,16,32,0.7721774193548387,1.0159129954676442,0.904095529804977,0.8539668556320058,0.885105083227183,4.53125,1.9997558444720196,4.91733870967742,2.198800157334418,-0.3860887096774194,0.9396886306748992,1.0159129954676442,0.7721774193548387
valence,0,stimulus_plus_fewshot_bias_shrink4,17,32,1.0090725806451613,1.1960522994491878,0.8972372737605019,0.8924429060909542,0.8781456770203968,5.15625,2.623325358681229,4.907258064516128,2.189961637085058,0.24899193548387097,1.1698479042515253,1.1960522994491878,1.0090725806451613
valence,0,stimulus_plus_fewshot_bias_shrink4,18,32,1.4475806451612905,1.8032716105902833,0.7911350468931307,0.792449445668865,0.7528726906301207,5.34375,2.857111467461499,4.904233870967742,2.1913678733938453,0.439516129032258,1.7488893829746277,1.8032716105902833,1.4475806451612905
valence,0,stimulus_plus_fewshot_bias_shrink4,19,32,1.028225806451613,1.3182709089508333,0.8114687737086331,0.8097518048241787,0.804830082943654,5.09375,2.005607373715005,4.908266129032258,2.201673598581413,0.18548387096774188,1.3051566660738005,1.3182709089508333,1.028225806451613
valence,0,stimulus_plus_fewshot_bias_shrink4,20,32,0.7580645161290323,1.0229465993184748,0.9210161615627016,0.9032779543088524,0.9010250015330521,4.46875,2.358288243090738,4.918346774193548,2.1929217317494674,-0.4495967741935484,0.9188484563256268,1.0229465993184748,0.7580645161290323
valence,0,stimulus_plus_fewshot_bias_shrink4,21,32,0.8966733870967741,1.0523150671354522,0.9488592363701719,0.9378847772238772,0.9143113263926022,4.75,2.850438562747845,4.913810483870968,2.184332698004512,-0.16381048387096775,1.0394869532102124,1.0523150671354522,0.8966733870967741
valence,0,stimulus_plus_fewshot_bias_shrink4,22,32,1.0065524193548387,1.1928363994523645,0.8512104180693016,0.8460132068763729,0.8357956834950845,4.625,1.9324531042175384,4.915826612903226,2.2014125158975166,-0.2908266129032258,1.1568399012334067,1.1928363994523645,1.0065524193548387
valence,0,stimulus_plus_fewshot_bias_shrink4,23,32,0.8432459677419354,1.045968830053902,0.915172848252118,0.9103602089950322,0.9023676269428699,5.125,2.521780125229002,4.907762096774193,2.1907196625931373,0.21723790322580647,1.0231610268410265,1.045968830053902,0.8432459677419354
valence,0,stimulus_plus_fewshot_bias_shrink4,24,32,0.9450604838709677,1.181186665216522,0.8821665880400639,0.8493774186919627,0.8539065635681937,4.375,2.1028254801575903,4.919858870967742,2.198026310148131,-0.544858870967742,1.0480127617606025,1.181186665216522,0.9450604838709677
valence,0,stimulus_plus_fewshot_bias_shrink4,25,32,1.2711693548387097,1.5424217245211227,0.834384004555415,0.8657760368933196,0.8105737486987401,4.84375,2.785109681412924,4.912298387096774,2.190384553837857,-0.06854838709677422,1.5408977561477415,1.5424217245211227,1.2711693548387097
valence,0,stimulus_plus_fewshot_bias_shrink4,26,32,1.295866935483871,1.5439152284274675,0.8470860181155218,0.8255580336246294,0.8136406790864479,4.5625,2.80554696093293,4.916834677419355,2.1895425255901553,-0.35433467741935487,1.502704617996618,1.5439152284274675,1.295866935483871
valence,0,stimulus_plus_fewshot_bias_shrink4,27,32,1.0403225806451613,1.3065636152706914,0.8615460240890016,0.8546099402867805,0.8482869534496099,5.15625,2.5262295892297675,4.907258064516129,2.1928033305360493,0.24899193548387094,1.2826189990847694,1.3065636152706914,1.0403225806451613
valence,0,stimulus_plus_fewshot_bias_shrink4,28,32,1.0181451612903225,1.2752203396559423,0.8236257915520524,0.8248647334839991,0.7797105503189111,4.84375,1.5832990676116752,4.912298387096774,2.2069235307999793,-0.0685483870967743,1.2733766266500446,1.2752203396559423,1.0181451612903225
valence,0,stimulus_plus_fewshot_bias_shrink4,29,32,0.7414314516129032,0.9792037966849636,0.9261693100661718,0.9241859422826492,0.9054954009684828,5.375,2.2603926650031405,4.903729838709677,2.194194951759322,0.47127016129032256,0.8583382261787255,0.9792037966849636,0.7414314516129032
valence,0,stimulus_plus_fewshot_bias_shrink4,30,32,0.8356854838709677,0.9805105223786827,0.9379974670758721,0.8751374668635553,0.9194312085863741,4.90625,2.6734735714983233,4.911290322580645,2.1875065036323718,-0.005040322580645205,0.980497567382806,0.9805105223786827,0.8356854838709677
valence,0,stimulus_plus_fewshot_bias_shrink4,31,32,1.438508064516129,1.6415104177594801,0.9646127020985076,0.9161207331651278,0.8448737386560656,5.53125,3.4998604882909263,4.901209677419355,2.173502114079107,0.6300403225806451,1.5157854873086032,1.6415104177594801,1.438508064516129
valence,0,stimulus_plus_fewshot_bias_shrink4,32,32,0.888608870967742,1.067296131717133,0.8963117720951919,0.87827351773193,0.8785526266750683,4.5,2.091650066335189,4.917842741935484,2.1977151459838846,-0.4178427419354839,0.982104106391065,1.067296131717133,0.888608870967742
valence,0,stimulus_plus_fewshot_bias_shrink4,33,32,0.686491935483871,0.8017706893454289,0.9343139008328094,0.9289440751663227,0.925660007868904,4.78125,1.9483065563457924,4.913306451612903,2.19861528618331,-0.13205645161290325,0.7908206698619183,0.8017706893454289,0.686491935483871
valence,0,stimulus_plus_fewshot_bias_shrink4,34,32,1.164818548387097,1.3695290126321555,0.877199258764556,0.8860229676758531,0.8090887933843264,4.0625,2.060605190229317,4.924899193548388,2.198792242856748,-0.8623991935483872,1.0638972447601784,1.3695290126321555,1.164818548387097
valence,0,stimulus_plus_fewshot_bias_shrink4,35,32,0.7444556451612903,0.8910241143900415,0.9231548791961846,0.913888347462997,0.9182401955356899,4.6875,2.1999644883497553,4.914818548387096,2.1952052654004377,-0.22731854838709678,0.8615394651342101,0.8910241143900415,0.7444556451612903
valence,0,stimulus_plus_fewshot_bias_shrink4,36,32,0.871975806451613,1.0204401633369262,0.952858933387899,0.9472029644614396,0.91835033093206,4.65625,2.813020785116953,4.915322580645161,2.1847286220318254,-0.2590725806451613,0.9870053317530504,1.0204401633369262,0.871975806451613
valence,0,stimulus_plus_fewshot_bias_shrink4,37,32,1.122983870967742,1.2260783336006187,0.9324066298630631,0.9250128716174963,0.759571317820638,4.71875,1.1520192869479227,4.914314516129032,2.210668475877089,-0.1955645161290323,1.2103811796934416,1.2260783336006187,1.122983870967742
valence,0,stimulus_plus_fewshot_bias_shrink4,38,32,1.385584677419355,1.6108025634891396,0.7087267234242455,0.7482941895497968,0.6972603353672202,4.6875,1.911110606427582,4.914818548387096,2.206051425015302,-0.22731854838709678,1.5946821551965669,1.6108025634891396,1.385584677419355
valence,0,stimulus_plus_fewshot_bias_shrink4,39,32,0.9924395161290323,1.1755363588632064,0.9250073263216803,0.8975086558660758,0.8919926973407374,4.6875,2.822205476218909,4.914818548387096,2.1858306562408023,-0.22731854838709678,1.1533481731760573,1.1755363588632064,0.9924395161290323
valence,0,stimulus_plus_fewshot_bias_shrink4,40,32,1.2253024193548387,1.426675927235319,0.9319376503137341,0.911521538031714,0.8646066174691215,5.125,3.1991209730174317,4.907762096774194,2.179838241167917,0.21723790322580638,1.4100396784327782,1.426675927235319,1.2253024193548387
valence,0,stimulus_plus_fewshot_bias_shrink4,41,32,1.2570564516129032,1.5324278343980433,0.744149958586994,0.787929511430954,0.6501285686428164,5.15625,1.325456878778031,4.907258064516129,2.2120491451130606,0.248991935483871,1.5120641797562273,1.5324278343980433,1.2570564516129032
valence,0,stimulus_plus_fewshot_bias_shrink4,42,32,0.8825604838709676,1.0730391028443886,0.9550430392765968,0.8914646584095169,0.9134110394153917,5.125,2.912795049432761,4.907762096774193,2.1830916051346403,0.2172379032258064,1.05081901849707,1.0730391028443886,0.8825604838709676
valence,0,stimulus_plus_fewshot_bias_shrink4,43,32,0.9420362903225806,1.0653749285080085,0.9514252587630226,0.9288917024558039,0.9127015229259563,5.1875,2.855230945125105,4.906754032258064,2.1841433454789008,0.2807459677419355,1.0277185606429846,1.0653749285080085,0.9420362903225806
valence,0,stimulus_plus_fewshot_bias_shrink4,44,32,1.3150201612903225,1.551526240789527,0.8137530874760048,0.8164499982635804,0.7727112057799143,5.625,2.2878756522153907,4.899697580645162,2.197871889457056,0.7253024193548387,1.3715575366482073,1.551526240789527,1.3150201612903225
valence,0,stimulus_plus_fewshot_bias_shrink4,45,32,0.7525201612903227,0.9413358052974866,0.9060554036542894,0.8772193258743899,0.9041056149976675,4.8125,2.098176291449315,4.912802419354839,2.197295258825779,-0.10030241935483866,0.9359767748222355,0.9413358052974866,0.7525201612903227
valence,0,stimulus_plus_fewshot_bias_shrink4,46,32,1.1199596774193548,1.3444300634951423,0.9022970737641547,0.8907610229943452,0.8615328996064323,4.53125,2.8502672572058922,4.917338709677419,2.186435001638324,-0.3860887096774194,1.28779955889462,1.3444300634951423,1.1199596774193548
valence,0,stimulus_plus_fewshot_bias_shrink4,47,32,1.5519153225806452,1.8138910213562776,0.8306075032362703,0.8385162839805926,0.7771184011511924,4.875,3.1598061649411346,4.911794354838709,2.1854912524240007,-0.03679435483870963,1.813517800521661,1.8138910213562776,1.5519153225806452
valence,0,stimulus_plus_fewshot_bias_shrink4,48,32,0.8351814516129032,1.0440083806940523,0.9156274603870709,0.911793242320702,0.8980285155540683,5.3125,2.39057393736316,4.904737903225806,2.1926452398887135,0.40776209677419345,0.9610845807699395,1.0440083806940523,0.8351814516129032
valence,0,stimulus_plus_fewshot_bias_shrink4,49,32,1.1310483870967742,1.3329525449140025,0.8336429857786509,0.835676878120201,0.731072294408383,4.96875,1.310638560969423,4.910282258064516,2.210350356311343,0.05846774193548386,1.3316696325086343,1.3329525449140025,1.1310483870967742
valence,0,stimulus_plus_fewshot_bias_shrink4,50,32,1.1547379032258065,1.2866157693255633,0.9672093563941468,0.9572243610768556,0.8925953988897438,4.875,3.266783586342995,4.91179435483871,2.177001096234596,-0.03679435483870977,1.2860895432780775,1.2866157693255633,1.1547379032258065
valence,0,stimulus_plus_fewshot_bias_shrink4,52,32,1.2358870967741935,1.5125805677666997,0.782357205029605,0.7589824829572485,0.7502344630380421,4.34375,1.9938871426186588,4.920362903225806,2.2027533731518476,-0.5766129032258064,1.3983624472285212,1.5125805677666997,1.2358870967741935
valence,0,stimulus_plus_fewshot_bias_shrink4,53,32,0.920866935483871,1.117921278029436,0.9434256898467938,0.9099429949294116,0.8952338699454937,4.25,2.5860201081971503,4.921875,2.188610389262535,-0.671875,0.8934942463418373,1.117921278029436,0.920866935483871
valence,0,stimulus_plus_fewshot_bias_shrink4,54,32,1.0932459677419355,1.4427400196528868,0.8113994042385747,0.8344108319672651,0.8028321779493479,5.1875,2.3774658252012792,4.906754032258065,2.1967767632047344,0.2807459677419355,1.415160932864053,1.4427400196528868,1.0932459677419355
valence,0,stimulus_plus_fewshot_bias_shrink4,55,32,1.0015120967741935,1.303620364059265,0.8343983189289959,0.8756624196901942,0.8042566818781314,5.375,1.899835519196333,4.903729838709678,2.2023715326210658,0.4712701612903225,1.2154548484692485,1.303620364059265,1.0015120967741935
valence,0,stimulus_plus_fewshot_bias_shrink4,56,32,0.8644153225806451,1.0985109884654758,0.9228221709057491,0.8854194809660154,0.9004788429459502,4.75,2.704163456597992,4.913810483870968,2.1876908619537487,-0.1638104838709678,1.0862285750031415,1.0985109884654758,0.8644153225806451
valence,0,stimulus_plus_fewshot_bias_shrink4,57,32,1.1633064516129035,1.306171564966866,0.9357541313678465,0.9189961045829611,0.8695385403450053,5.65625,2.779493827570049,4.899193548387097,2.1859971424418165,0.7570564516129032,1.0644010927273946,1.306171564966866,1.1633064516129035
valence,0,stimulus_plus_fewshot_bias_shrink4,58,32,0.8346774193548387,1.01439944967274,0.9058262036219726,0.8974096094567731,0.8967085099641939,5.21875,2.2463077343721185,4.90625,2.1951319499680544,0.3125,0.9650647612965453,1.01439944967274,0.8346774193548387
valence,0,stimulus_plus_fewshot_bias_shrink4,59,32,1.115423387096774,1.3881015443772842,0.8139054960134012,0.8320801973230201,0.8094550155380809,5.125,2.2878756522153907,4.907762096774194,2.1978663412063715,0.21723790322580644,1.370997297920261,1.3881015443772842,1.115423387096774
valence,0,stimulus_plus_fewshot_bias_shrink4,60,32,1.0912298387096775,1.2498666682272448,0.9365309095696593,0.9159804879307853,0.8876724127978474,5.0625,3.020114857087392,4.908770161290322,2.1823182993580907,0.15372983870967732,1.2403764851994614,1.2498666682272448,1.0912298387096775
valence,0,stimulus_plus_fewshot_bias_shrink4,61,32,1.486391129032258,1.796584786883719,0.9245718728211336,0.878894809310882,0.7980118384135406,6.0,3.1622776601683795,4.893649193548386,2.180761545551953,1.1063508064516128,1.4155227972469693,1.796584786883719,1.486391129032258
valence,0,stimulus_plus_fewshot_bias_shrink4,62,32,1.1244959677419355,1.2933652382208536,0.9017688423353323,0.8759279144645141,0.8609266151963054,5.5,2.622022120425379,4.90171370967742,2.189792203882737,0.5982862903225806,1.1466678482673742,1.2933652382208536,1.1244959677419355
valence,0,stimulus_plus_fewshot_bias_shrink4,63,32,0.9259072580645161,1.1374506141295835,0.9185405998609216,0.9126073081799048,0.8950883756190415,4.875,2.747157621979489,4.91179435483871,2.1872351347564782,-0.036794354838709686,1.1368553448155883,1.1374506141295835,0.9259072580645161
valence,0,stimulus_plus_fewshot_bias_shrink4,64,32,0.9959677419354839,1.2210553618366922,0.8780768654201265,0.8475350823686865,0.8482305166291901,4.34375,2.1594179626695706,4.920362903225806,2.1973584435607023,-0.5766129032258065,1.076333478297336,1.2210553618366922,0.9959677419354839
valence,0,stimulus_plus_fewshot_bias_shrink4,65,32,0.8140120967741935,0.960189785968401,0.9453700665497249,0.9474030066230439,0.9238197533003781,5.0,2.704163456597992,4.909778225806451,2.186725406841588,0.0902217741935483,0.955941659589858,0.960189785968401,0.8140120967741935
valence,1,stimulus_only,1,6200,0.9922892819979188,1.2018924312936357,0.8929161342993507,0.8856635051546279,0.870457452581414,4.466290322580645,2.4772173084192985,4.913876170655567,2.1941258979871927,-0.44758584807492197,1.1154426587700417,1.2018924312936357,0.9922892819979188
valence,1,stimulus_only,2,6200,1.2088839750260145,1.5490637206370188,0.8529319496610077,0.8035527277690526,0.8154384122474638,4.530645161290322,2.8396438162420563,4.915044224765869,2.188669400989414,-0.38439906347554637,1.5006117987650658,1.5490637206370188,1.2088839750260145
valence,1,stimulus_only,3,6200,1.0566155046826222,1.1976235552913308,0.897662395008975,0.8936993077141946,0.8788066391258987,4.717741935483871,2.646849874092475,4.91440946930281,2.1886827820714507,-0.19666753381893867,1.1813653377893836,1.1976235552913308,1.0566155046826222
valence,1,stimulus_only,5,6200,1.2285327783558793,1.4960590425704134,0.8651572873077357,0.8429204153238491,0.8301464289024204,5.092258064516129,2.8921258055862973,4.906436004162331,2.1859249259689757,0.1858220603537981,1.484473920532985,1.4960590425704134,1.2285327783558793
valence,1,stimulus_only,6,6200,1.0464386056191468,1.1578989422185004,0.9563224788862408,0.9483732453780388,0.9045573695556534,4.817903225806452,3.047034855394601,4.913889177939645,2.1803351101714004,-0.09598595213319465,1.153913626483285,1.1578989422185004,1.0464386056191468
valence,1,stimulus_only,7,6200,0.6218652445369407,0.7712650833580876,0.9431370016199849,0.9450734648426036,0.9293528971658171,4.748064516129032,1.8874148890955598,4.911209677419355,2.1979686083666232,-0.16314516129032267,0.7538126326580847,0.7712650833580876,0.6218652445369407
valence,1,stimulus_only,8,6200,0.8312382934443289,1.026354778875433,0.9429201724021798,0.9274777094779686,0.9136963752421362,5.248870967741936,2.6994919503125563,4.9033090530697185,2.190689989656085,0.34556191467221636,0.9664321472553108,1.026354778875433,0.8312382934443289
valence,1,stimulus_only,9,6200,0.9340400624349636,1.1754835804098236,0.9122316426439916,0.8679131147036455,0.8812618380508805,5.405645161290322,2.5644845554964477,4.899461498439126,2.1918587337019564,0.5061836628511965,1.0609145805745361,1.1754835804098236,0.9340400624349636
valence,1,stimulus_only,10,6200,0.7921357960457855,0.9988542200669327,0.9110224198898047,0.9029757850783781,0.9063549686466355,4.873548387096775,2.4202393221933542,4.91192767950052,2.1897796969751235,-0.03837929240374616,0.9981166178659227,0.9988542200669327,0.7921357960457855
valence,1,stimulus_only,11,6200,1.208337669094693,1.4505478952456543,0.9139553955115826,0.8915795836272857,0.8562995784056152,4.817096774193549,3.1402328797434516,4.916615504682623,2.1843135563505367,-0.09951873048907389,1.44712999370597,1.4505478952456543,1.208337669094693
valence,1,stimulus_only,12,6200,0.9520499479708636,1.182655243450033,0.8508800307476796,0.8624265263362052,0.8350515486771573,5.153548387096774,1.888582927346623,4.911108220603538,2.2031647800161522,0.2424401664932362,1.1575388505491249,1.182655243450033,0.9520499479708636
valence,1,stimulus_only,13,6200,0.8717117585848075,1.0493044493685666,0.9098243883695376,0.9220165538745043,0.86863885919506,4.433225806451613,1.8174048976259176,4.914708636836629,2.2015882942289684,-0.4814828303850157,0.9323165296770753,1.0493044493685666,0.8717117585848075
valence,1,stimulus_only,14,6200,0.7526612903225807,0.8967991550213351,0.9288686554972773,0.9121932128357972,0.9189573558844206,4.583064516129032,2.2353906266919403,4.906079604578564,2.1960104788003245,-0.3230150884495317,0.8366062258200818,0.8967991550213351,0.7526612903225807
valence,1,stimulus_only,15,6200,0.855085848074922,1.1118179079572788,0.8702127592425175,0.859912489203395,0.8452632002742175,4.748064516129032,1.7569436794080402,4.907260665972945,2.208271150302193,-0.15919614984391262,1.100361597989213,1.1118179079572788,0.855085848074922
valence,1,stimulus_only,16,6200,0.7719875130072841,1.0162549679982886,0.904004344673701,0.8538315251379675,0.8851162663515115,4.525645161290322,2.0007225476810038,4.910671175858481,2.1996813066949996,-0.38502601456815816,0.940494087215312,1.0162549679982886,0.7719875130072841
valence,1,stimulus_only,17,6200,1.0086680541103017,1.1961682723594547,0.8970738407698693,0.8916306462725734,0.8779399801145052,5.158387096774193,2.622005630729164,4.910619146722165,2.187681728918928,0.24776795005202912,1.1702262938109096,1.1961682723594547,1.0086680541103017
valence,1,stimulus_only,18,6200,1.4492143600416232,1.804057522370992,0.7912626394019614,0.7929393661852889,0.7526211882309036,5.348870967741935,2.8562436446396204,4.902268470343392,2.1906288161951446,0.44660249739854313,1.7479043890730257,1.804057522370992,1.4492143600416232
valence,1,stimulus_only,19,6200,1.0270499479708637,1.316925105084721,0.812083193133364,0.8100408772881307,0.8055164148175346,5.098387096774194,2.0071639384869737,4.915119667013528,2.2034349464042235,0.18326742976066593,1.3041107244368948,1.316925105084721,1.0270499479708637
valence,1,stimulus_only,20,6200,0.7605150884495318,1.0253870650365344,0.9207550341479547,0.902848250814109,0.9005135120637646,4.470967741935484,2.3585388517233397,4.9230020811654525,2.191213378990238,-0.4520343392299688,0.9203714409417338,1.0253870650365344,0.7605150884495318
valence,1,stimulus_only,21,6200,0.8969536940686785,1.0522047077785117,0.9487893178144684,0.9377932253009937,0.914300510275456,4.742903225806452,2.8495666830164437,4.907702913631634,2.184402177523863,-0.1647996878251821,1.0392188460396519,1.0522047077785117,0.8969536940686785
valence,1,stimulus_only,22,6200,1.0071930280957337,1.1936376594282303,0.8510002349043961,0.8452008253486033,0.8355366945564067,4.629032258064516,1.9321880540927614,4.920793444328824,2.201062980684195,-0.291761186264308,1.15743089305364,1.1936376594282303,1.0071930280957337
valence,1,stimulus_only,23,6200,0.8439542143600416,1.047346357676134,0.9146455047389854,0.9104931205524098,0.9019869195440282,5.1288709677419355,2.518833322379891,4.911326742976066,2.1908599891850398,0.21754422476586893,1.024504223128671,1.047346357676134,0.8439542143600416
valence,1,stimulus_only,24,6200,0.9420863683662851,1.1778745218022186,0.8826708411499657,0.8510554981831127,0.8547865809046801,4.374193548387097,2.105364536964267,4.915827263267429,2.1973180391805385,-0.541633714880333,1.045954735165789,1.1778745218022186,0.9420863683662851
valence,1,stimulus_only,25,6200,1.268311654526535,1.5383692279514167,0.8350913087438504,0.8662937951843943,0.8116112364996702,4.843548387096774,2.7837153733664572,4.9082440166493235,2.1929333703541536,-0.06469562955254946,1.5370082488472978,1.5383692279514167,1.268311654526535
valence,1,stimulus_only,26,6200,1.2972502601456815,1.5447370832950829,0.8473470753762812,0.8255690245720094,0.8138540131646307,4.563548387096774,2.809917974221354,4.914945369406868,2.190871993907675,-0.35139698231009364,1.5042382847575575,1.5447370832950829,1.2972502601456815
valence,1,stimulus_only,27,6200,1.0407648283038502,1.3067929693686677,0.8617513758561651,0.8541976328647184,0.8483332724785185,5.161612903225806,2.5284849432457777,4.912575442247658,2.191883211379122,0.24903746097814772,1.2828437971245514,1.3067929693686677,1.0407648283038502
valence,1,stimulus_only,28,6200,1.019305411030177,1.276264452732288,0.8233790214305778,0.8248878458014252,0.779347734662605,4.839838709677419,1.5827680855687951,4.90874349635796,2.20727861291386,-0.06890478668054119,1.2744030303167657,1.276264452732288,1.019305411030177
valence,1,stimulus_only,29,6200,0.7417455775234131,0.9791522305877497,0.9262631516055555,0.9241182428044991,0.9054187328199691,5.3832258064516125,2.2599406031258007,4.910439646201874,2.192216158625305,0.4727861602497399,0.8574452386836567,0.9791522305877497,0.7417455775234131
valence,1,stimulus_only,30,6200,0.8353980228928198,0.9798295777720512,0.9383905829234763,0.8761031515239159,0.9196122089300183,4.902741935483871,2.675828282591922,4.906703954214359,2.186975145822108,-0.003962018730489114,0.9798215673705776,0.9798295777720512,0.8353980228928198
valence,1,stimulus_only,31,6200,1.4398829344432882,1.642918644971656,0.9646460839984846,0.9161271230859044,0.8446948489301827,5.533064516129032,3.5010418213079584,4.9016727367325705,2.173455747263461,0.631391779396462,1.5167485272470422,1.642918644971656,1.4398829344432882
valence,1,stimulus_only,32,6200,0.8894146722164412,1.0673967543942269,0.8960780071589683,0.8783824813144778,0.878271093842998,4.503709677419355,2.088289726122534,4.921199271592092,2.196443618656769,-0.41748959417273673,0.9823636139682765,1.0673967543942269,0.8894146722164412
valence,1,stimulus_only,33,6200,0.6873257023933403,0.8025661341709078,0.9343104955079116,0.9292374707869361,0.9255107067286981,4.779516129032258,1.9471069750582526,4.912570239334027,2.1995721766491667,-0.13305411030176903,0.7914600453906946,0.8025661341709078,0.6873257023933403
valence,1,stimulus_only,34,6200,1.1662018730489072,1.3707257544898193,0.8773831278521116,0.886075736473016,0.8091135307405152,4.06258064516129,2.0620894003678067,4.926644120707596,2.200942517961706,-0.8640634755463059,1.0640880622620115,1.3707257544898193,1.1662018730489072
valence,1,stimulus_only,35,6200,0.7440452653485952,0.8901214870019921,0.9228021302585065,0.9142914453957248,0.917983793482771,4.689838709677419,2.192161984784386,4.914430280957336,2.191909804378091,-0.22459157127991675,0.8613215936760531,0.8901214870019921,0.7440452653485952
valence,1,stimulus_only,36,6200,0.8687565036420396,1.0174086388257286,0.9529235680483955,0.9472763055714427,0.9186679171095684,4.658870967741936,2.8095893425326874,4.914890738813735,2.1835170434820883,-0.2560197710718002,0.9846695969600996,1.0174086388257286,0.8687565036420396
valence,1,stimulus_only,37,6200,1.1233402705515088,1.2266971611931963,0.9324511272184822,0.9250285452572723,0.7596536114256356,4.722096774193548,1.1531284754776183,4.921462018730489,2.2116630165345708,-0.19936524453694074,1.210388129713016,1.2266971611931963,1.1233402705515088
valence,1,stimulus_only,38,6200,1.384973985431842,1.6110806820421952,0.7088822121003505,0.7483463887905022,0.69704907349141,4.683064516129032,1.9101689578282262,4.919640998959417,2.2052091820325246,-0.23657648283038502,1.5936161808356335,1.6110806820421952,1.384973985431842
valence,1,stimulus_only,39,6200,0.9923621227887616,1.1756824744186807,0.9248742576087778,0.8975651212292196,0.8917189484962122,4.692741935483871,2.82019426770502,4.917195629552549,2.1820460238236548,-0.22445369406867843,1.154057979424845,1.1756824744186807,0.9923621227887616
valence,1,stimulus_only,40,6200,1.2225208116545265,1.4233362974489179,0.9321811838891688,0.9120232689314175,0.8651284666355682,5.122096774193548,3.1975941748076457,4.910881893860562,2.179825279115777,0.21121488033298638,1.407577525382356,1.4233362974489179,1.2225208116545265
valence,1,stimulus_only,41,6200,1.260567117585848,1.535185248246441,0.7427281470455188,0.7869519930359218,0.6486254620212527,5.155483870967742,1.3238576054158067,4.90955254942768,2.2123005616664457,0.24593132154006248,1.5153585488322705,1.535185248246441,1.260567117585848
valence,1,stimulus_only,42,6200,0.8818652445369407,1.072694144824504,0.9547704204077878,0.8909455391268208,0.9132641948699652,5.13,2.908808092007624,4.912317898022893,2.181251867026477,0.21768210197710713,1.0503748049242243,1.072694144824504,0.8818652445369407
valence,1,stimulus_only,43,6200,0.9422476586888657,1.0655933360336556,0.9511570370481426,0.9283060989682372,0.9123862082352925,5.202419354838709,2.849645244182143,4.916763787721124,2.1813040653756466,0.28565556711758583,1.0265914741386009,1.0655933360336556,0.9422476586888657
valence,1,stimulus_only,44,6200,1.314742455775234,1.5504697205260305,0.8135952915565038,0.8175218176534503,0.7725544767711882,5.620967741935484,2.2818807393544556,4.895496878251821,2.1991099015740643,0.7254708636836628,1.3702731042438758,1.5504697205260305,1.314742455775234
valence,1,stimulus_only,45,6200,0.7534807492195629,0.9424576795778723,0.9057966073776822,0.877477943767883,0.9039031772421049,4.803225806451613,2.0986914311553746,4.900998959417274,2.1974921109506096,-0.09777315296566072,0.9373723317628171,0.9424576795778723,0.7534807492195629
valence,1,stimulus_only,46,6200,1.1182466181061395,1.3418974933087924,0.9028919965129207,0.8908760938178237,0.8621449208187796,4.534677419354839,2.8518964927954777,4.91815296566077,2.1867373711842726,-0.3834755463059314,1.2859375521127718,1.3418974933087924,1.1182466181061395
valence,1,stimulus_only,47,6200,1.5523309053069718,1.8138038837990624,0.8307248348992988,0.8387825471086744,0.7773672264959103,4.86983870967742,3.160899214614913,4.9067065556711755,2.187358393455958,-0.036867845993756476,1.8134291524116244,1.8138038837990624,1.5523309053069718
valence,1,stimulus_only,48,6200,0.8340244536940686,1.0421967847592566,0.9161424828395474,0.9125694887607672,0.8983834518714714,5.319032258064516,2.3900652641091944,4.908816337148804,2.192774567104701,0.41021592091571274,0.9580694319253725,1.0421967847592566,0.8340244536940686
valence,1,stimulus_only,49,6200,1.1304292403746097,1.3324930724991402,0.8331495597981631,0.8358995330235733,0.7307257555928374,4.971774193548387,1.3096453893270652,4.910788241415193,2.2079174689892995,0.06098595213319457,1.3310967289797562,1.3324930724991402,1.1304292403746097
valence,1,stimulus_only,50,6200,1.1551170655567118,1.2872838666281778,0.9670291899403988,0.9573326971776407,0.8922967842808339,4.874677419354839,3.264313995877796,4.912328303850156,2.174542018432998,-0.03765088449531744,1.2867331363487584,1.2872838666281778,1.1551170655567118
valence,1,stimulus_only,52,6200,1.2343106139438085,1.5114619062645338,0.7836092872706827,0.7603375815327466,0.7513580098033338,4.348064516129032,1.9966454437620451,4.926214880332986,2.2061566038036178,-0.5781503642039542,1.3965168278469307,1.5114619062645338,1.2343106139438085
valence,1,stimulus_only,53,6200,0.9195265348595213,1.1155900396583303,0.9438625131886088,0.9099287466663522,0.8958691987993368,4.247419354838709,2.5893846170681676,4.917190426638918,2.190480313197951,-0.669771071800208,0.8921590934157847,1.1155900396583303,0.9195265348595213
valence,1,stimulus_only,54,6200,1.0929994797086369,1.4429926002079765,0.811147091304332,0.8344758195152957,0.8026797825448291,5.187741935483871,2.3771583872175692,4.909388657648283,2.1963988966914716,0.27835327783558794,1.4158909198710048,1.4429926002079765,1.0929994797086369
valence,1,stimulus_only,55,6200,1.0026248699271592,1.304753379746914,0.8336441398584298,0.875709305473657,0.8034148540279287,5.380645161290323,1.8956519611891995,4.910959937565036,2.2012872434370627,0.4696852237252861,1.2172827003515343,1.304753379746914,1.0026248699271592
valence,1,stimulus_only,56,6200,0.8641050988553591,1.098089244975036,0.9228950907617908,0.8857390977565748,0.900512763328578,4.752258064516129,2.704043220781487,4.914625390218522,2.186763517873874,-0.16236732570239343,1.0860188034624896,1.098089244975036,0.8641050988553591
valence,1,stimulus_only,57,6200,1.1645447450572322,1.3069961513381112,0.9360420423752547,0.9188360176574083,0.8694075234151891,5.667741935483871,2.7807387155880803,4.908941207075962,2.184581838284927,0.7588007284079085,1.0641712240895553,1.3069961513381112,1.1645447450572322
valence,1,stimulus_only,58,6200,0.835512486992716,1.015708727470355,0.9055307137302699,0.8972469135728518,0.8964308408612777,5.218064516129032,2.2461858989433314,4.905835067637877,2.1950571410846678,0.312229448491155,0.9665283185475513,1.015708727470355,0.835512486992716
valence,1,stimulus_only,59,6200,1.1163137356919874,1.3894213606020207,0.8132860017142255,0.831424480983289,0.8089172526230993,5.124677419354839,2.2871529123189,4.9099713839750265,2.196757256705028,0.21470603537981267,1.3727319606058033,1.3894213606020207,1.1163137356919874
valence,1,stimulus_only,60,6200,1.0930411030176899,1.2516225413180084,0.9365912565402631,0.9157912058763553,0.8875014088008635,5.064193548387097,3.0225616930586336,4.907161810613944,2.1827975144041627,0.15703173777315288,1.2417326681968601,1.2516225413180084,1.0930411030176899
valence,1,stimulus_only,61,6200,1.4872112382934441,1.7972274997650832,0.9247640645377633,0.878734353525302,0.7981821304010861,6.000806451612903,3.1651070401239587,4.894162330905306,2.182223111046795,1.1066441207075963,1.4161092740375523,1.7972274997650832,1.4872112382934441
valence,1,stimulus_only,62,6200,1.124669614984391,1.2931667567707674,0.9016008939781361,0.8753691905674278,0.8610524902820466,5.498225806451613,2.6225443347484374,4.9020837669094695,2.191395446755395,0.5961420395421435,1.1475604252097396,1.2931667567707674,1.124669614984391
valence,1,stimulus_only,63,6200,0.9244042663891779,1.136518088776982,0.9186486668590448,0.9131828012929034,0.8951802826718779,4.861129032258065,2.746183043049265,4.8978173777315295,2.1863077906010804,-0.036688345473465146,1.1359257596443983,1.136518088776982,0.9244042663891779
valence,1,stimulus_only,64,6200,0.996675338189386,1.2216506653261012,0.8780580873300837,0.8478667488587486,0.8480168687090701,4.341612903225807,2.157300578417379,4.919802289281998,2.198058628563058,-0.5781893860561915,1.0761632691853358,1.2216506653261012,0.996675338189386
valence,1,stimulus_only,65,6200,0.8156711758584807,0.9617058111509484,0.9451641851957766,0.9472024946360708,0.9235938516005936,5.001290322580645,2.704535905492825,4.910780437044744,2.186790619273368,0.09050988553590004,0.9574372187364464,0.9617058111509484,0.8156711758584807
valence,1,stimulus_plus_fewshot_bias,1,6200,1.3404214360041624,1.6516417628852156,0.7794153963099173,0.7788725635059669,0.7791400952241203,4.466290322580645,2.4772173084192985,4.4019406867846,2.492110546835905,0.06434963579604577,1.6503877233182205,1.6516417628852156,1.3404214360041624
valence,1,stimulus_plus_fewshot_bias,2,6200,1.602570239334027,2.137291118723028,0.6975338967731806,0.7092939518695012,0.6954035584174546,4.530645161290322,2.8396438162420563,4.476576482830385,2.632572036754057,0.054068678459937576,2.1366071010323657,2.137291118723028,1.602570239334027
valence,1,stimulus_plus_fewshot_bias,3,6200,1.3785379812695109,1.6741448267528225,0.7878514610047401,0.7968341238646709,0.7857888151488936,4.717741935483871,2.646849874092475,4.753038501560874,2.4651656071632964,-0.03529656607700312,1.6737727006276597,1.6741448267528223,1.3785379812695109
valence,1,stimulus_plus_fewshot_bias,5,6200,1.6934807492195632,2.0970677774135074,0.7142025530870012,0.7153267262072882,0.7105356531070237,5.092258064516129,2.8921258055862973,5.081436004162331,2.613046599833987,0.01082206035379814,2.097039853239734,2.0970677774135074,1.6934807492195632
valence,1,stimulus_plus_fewshot_bias,6,6200,1.2868678459937564,1.629699716962203,0.8477362481905344,0.8480206530640934,0.8251312134188803,4.817903225806452,3.047034855394601,4.67977627471384,2.4258152869250877,0.13812695109261186,1.6238356175575606,1.629699716962203,1.2868678459937564
valence,1,stimulus_plus_fewshot_bias,7,6200,0.8687929240374609,1.0852686979525998,0.8896663533917992,0.8811997209648015,0.8695825670074269,4.748064516129032,1.8874148890955598,4.726774193548387,2.338434406276585,0.021290322580645143,1.0850598457781688,1.0852686979525998,0.8687929240374609
valence,1,stimulus_plus_fewshot_bias,8,6200,1.0852133194588969,1.3576170041826916,0.8645820758859915,0.8571862047829967,0.8572270807304724,5.248870967741936,2.6994919503125563,5.207018730489073,2.3707530636707643,0.04185223725286155,1.3569717463097442,1.3576170041826916,1.0852133194588969
valence,1,stimulus_plus_fewshot_bias,9,6200,1.2628459937565037,1.5439817121242205,0.8118025718542462,0.7822130126813691,0.8102047148395368,5.405645161290322,2.5644845554964477,5.3045421436004165,2.4440672076381764,0.10110301768990637,1.5406679418966418,1.5439817121242205,1.2628459937565037
valence,1,stimulus_plus_fewshot_bias,10,6200,1.1727783558792924,1.4721633841754653,0.8159566798293113,0.8237377520754394,0.815771930397604,4.873548387096775,2.4202393221933542,4.92426638917794,2.429794637107185,-0.05071800208116542,1.471289473207721,1.472163384175465,1.1727783558792924
valence,1,stimulus_plus_fewshot_bias,11,6200,1.6280228928199791,2.0436899326547753,0.7615557584401031,0.7662761925161211,0.7468330443665606,4.817096774193549,3.1402328797434516,4.792018730489074,2.5760421148592263,0.025078043704474508,2.043536060988021,2.0436899326547753,1.6280228928199791
valence,1,stimulus_plus_fewshot_bias,12,6200,1.3269823100936522,1.6413253314350833,0.7547755896791213,0.7806029627559474,0.7242183977192832,5.153548387096774,1.888582927346623,5.363204994797086,2.4814738678959887,-0.20965660770031216,1.6278798943589432,1.6413253314350833,1.3269823100936522
valence,1,stimulus_plus_fewshot_bias,13,6200,1.0870239334027054,1.3692318691576313,0.8285063710142889,0.8387823532649628,0.7955005953632956,4.433225806451613,1.8174048976259176,4.4374505723204996,2.421725510530829,-0.004224765868886585,1.3692253513831294,1.3692318691576313,1.0870239334027054
valence,1,stimulus_plus_fewshot_bias,14,6200,0.9710978147762748,1.1976227669990693,0.86484644295981,0.8539537633796433,0.8637285045482762,4.583064516129032,2.2353906266919403,4.596966701352758,2.3512017293041962,-0.013902185223725282,1.197542074952071,1.1976227669990693,0.9710978147762748
valence,1,stimulus_plus_fewshot_bias,15,6200,1.2767325702393342,1.5789611482055366,0.7768113808197731,0.7922718671502484,0.7309659644755269,4.748064516129032,1.7569436794080402,4.600405827263267,2.481586409639517,0.1476586888657648,1.572041735815239,1.5789611482055366,1.2767325702393342
valence,1,stimulus_plus_fewshot_bias,16,6200,1.0457336108220605,1.3321039838537883,0.8308915195579203,0.8015381699485755,0.8176456393616769,4.525645161290322,2.0007225476810038,4.491638917793965,2.393117581997334,0.03400624349635795,1.3316698536808589,1.3321039838537885,1.0457336108220605
valence,1,stimulus_plus_fewshot_bias,17,6200,1.3671956295525496,1.672423020056279,0.786006857401024,0.7893508992314173,0.7845276239115972,5.158387096774193,2.622005630729164,5.197554630593133,2.4706940090596476,-0.03916753381893861,1.6719643125104997,1.672423020056279,1.3671956295525496
valence,1,stimulus_plus_fewshot_bias,18,6200,1.9503277835587929,2.5343972485743596,0.6034179665561112,0.606535402638766,0.6014181259106255,5.348870967741935,2.8562436446396204,5.122107180020811,2.8116733289728932,0.22676378772112385,2.5242320808831447,2.534397248574359,1.9503277835587929
valence,1,stimulus_plus_fewshot_bias,19,6200,1.4848178980228928,1.8984051543792073,0.6870665187299068,0.7109134554433567,0.6648689898252402,5.098387096774194,2.0071639384869737,5.169313215400624,2.5923142292722035,-0.0709261186264308,1.8970797600180471,1.8984051543792073,1.4848178980228928
valence,1,stimulus_plus_fewshot_bias,20,6200,1.0110145681581686,1.2857718921064887,0.8519275480611034,0.8413031775074079,0.8514618184439762,4.470967741935484,2.3585388517233397,4.548969823100936,2.3581924138284696,-0.07800208116545268,1.2834036909191737,1.2857718921064887,1.0110145681581686
valence,1,stimulus_plus_fewshot_bias,21,6200,1.2243392299687823,1.4995268798351002,0.8504358043851992,0.847589489333625,0.8383691235554013,4.742903225806452,2.8495666830164437,4.774557752341311,2.406407105599438,-0.03165452653485953,1.4991927342065945,1.4995268798351002,1.2243392299687823
valence,1,stimulus_plus_fewshot_bias,22,6200,1.3409989594172735,1.648970234137169,0.7506053111586064,0.7686252393409473,0.726773368452234,4.629032258064516,1.9321880540927614,4.658938605619147,2.493506977070998,-0.029906347554630595,1.6486990154198344,1.648970234137169,1.3409989594172735
valence,1,stimulus_plus_fewshot_bias,23,6200,1.1731685744016649,1.4398749614703337,0.8293439054723313,0.8355809007964774,0.8282502216949149,5.1288709677419355,2.518833322379891,5.1190686784599375,2.39304492462946,0.009802289281997934,1.4398415953826404,1.4398749614703337,1.1731685744016649
valence,1,stimulus_plus_fewshot_bias,24,6200,1.2167533818938605,1.5508355164989833,0.7830350256454927,0.7697494925588936,0.7722222345144757,4.374193548387097,2.105364536964267,4.27098855359001,2.472999126873643,0.10320499479708636,1.5473976632668156,1.5508355164989833,1.2167533818938605
valence,1,stimulus_plus_fewshot_bias,25,6200,1.8600312174817895,2.298810757455588,0.6548193071668446,0.6685696907033214,0.6540894602622656,4.843548387096774,2.7837153733664572,4.720260145681581,2.7409650518978257,0.12328824141519251,2.295502321524046,2.298810757455588,1.8600312174817895
valence,1,stimulus_plus_fewshot_bias,26,6200,1.7218626430801247,2.124636125245307,0.6969763798604998,0.7031237993122368,0.6949603632336167,4.563548387096774,2.809917974221354,4.469542143600416,2.625615847745979,0.09400624349635803,2.122555415267431,2.124636125245307,1.7218626430801247
valence,1,stimulus_plus_fewshot_bias,27,6200,1.4466701352757545,1.8379076148321267,0.7369714542170035,0.7376330424207584,0.736964441944311,5.161612903225806,2.5284849432457777,5.160156087408948,2.539442552252478,0.0014568158168574172,1.837907037460163,1.8379076148321267,1.4466701352757545
valence,1,stimulus_plus_fewshot_bias,28,6200,1.3953485952133196,1.8066273885047721,0.7138253415901992,0.7246916296547625,0.6389660249720276,4.839838709677419,1.5827680855687951,4.85124349635796,2.5563930667158887,-0.011404786680541082,1.806591390363727,1.8066273885047721,1.3953485952133196
valence,1,stimulus_plus_fewshot_bias,29,6200,0.9919979188345472,1.252987199679432,0.8546852341975533,0.8622314639113454,0.8535541928838883,5.3832258064516125,2.2599406031258007,5.33471383975026,2.3687226080414296,0.048511966701352764,1.252047727383933,1.252987199679432,0.9919979188345472
valence,1,stimulus_plus_fewshot_bias,30,6200,1.1710145681581683,1.4237779322690154,0.8481663458599376,0.8182211172464201,0.8430535628888421,4.902741935483871,2.675828282591922,4.868236212278876,2.3989375922843728,0.034505723204994794,1.42335974211804,1.4237779322690154,1.1710145681581683
valence,1,stimulus_plus_fewshot_bias,31,6200,1.7734807492195628,2.156369870740036,0.7892622723945907,0.7909170769043369,0.7555922698653116,5.533064516129032,3.5010418213079584,5.489817898022894,2.601180208764841,0.04324661810613942,2.1559361654413105,2.156369870740036,1.7734807492195628
valence,1,stimulus_plus_fewshot_bias,32,6200,1.121930280957336,1.4053352582486984,0.8141361891666438,0.8172571350733636,0.8058226349834915,4.503709677419355,2.088289726122534,4.4924089490114465,2.410365685492378,0.01130072840790846,1.4052898212163876,1.4053352582486984,1.121930280957336
valence,1,stimulus_plus_fewshot_bias,33,6200,0.922299687825182,1.1219347299119822,0.8788998374838642,0.8668909370822673,0.8641731670114229,4.779516129032258,1.9471069750582526,4.811441207075963,2.3398671169527163,-0.03192507804370446,1.1214804178292976,1.1219347299119822,0.922299687825182
valence,1,stimulus_plus_fewshot_bias,34,6200,1.1772892819979188,1.5243676020623482,0.7855278683705396,0.7946519663436011,0.773679973756085,4.06258064516129,2.0620894003678067,4.115837669094693,2.4519900749831844,-0.05325702393340269,1.5234369943056625,1.5243676020623482,1.1772892819979188
valence,1,stimulus_plus_fewshot_bias,35,6200,1.0182622268470343,1.242642844896233,0.8539247302306824,0.8580923272274137,0.8510637123898985,4.689838709677419,2.192161984784386,4.602575442247659,2.35685013021817,0.08726326742976062,1.2395750732123028,1.242642844896233,1.0182622268470343
valence,1,stimulus_plus_fewshot_bias,36,6200,1.160411030176899,1.4691089219218831,0.8531167714603953,0.8573635546723074,0.8424547345144838,4.658870967741936,2.8095893425326874,4.5611810613943815,2.4075088320267124,0.09768990634755464,1.4658573282104517,1.4691089219218831,1.160411030176899
valence,1,stimulus_plus_fewshot_bias,37,6200,1.4204318418314257,1.7388393110470297,0.8199244879412427,0.8170518464265072,0.6145686719677296,4.722096774193548,1.1531284754776183,4.843720083246618,2.549533700098597,-0.12162330905306973,1.734580617998913,1.7388393110470297,1.4204318418314257
valence,1,stimulus_plus_fewshot_bias,38,6200,1.9108480749219563,2.3143252811924677,0.5648426092619154,0.5913488720922844,0.5253646987094073,4.683064516129032,1.9101689578282262,4.979318418314256,2.747390683748465,-0.29625390218522374,2.295285414192889,2.3143252811924677,1.9108480749219563
valence,1,stimulus_plus_fewshot_bias,39,6200,1.3242195629552547,1.641210391282675,0.815494111803407,0.8060448464499526,0.8067546214945545,4.692741935483871,2.82019426770502,4.601066597294485,2.444730612510163,0.09167533818938606,1.6386479734287325,1.641210391282675,1.3242195629552547
valence,1,stimulus_plus_fewshot_bias,40,6200,1.704932362122789,2.0797912444012274,0.7637262600690663,0.7691112865728031,0.7465109634279964,5.122096774193548,3.1975941748076457,5.3148335067637875,2.608107194467543,-0.19273673257023935,2.0708414164793387,2.0797912444012274,1.704932362122789
valence,1,stimulus_plus_fewshot_bias,41,6200,1.702757544224766,2.0977921166376094,0.6246938759754946,0.6341120449613715,0.4989766347199351,5.155483870967742,1.3238576054158067,5.253423517169615,2.649772625361162,-0.09793964620187301,2.0955046147238026,2.0977921166376094,1.702757544224766
valence,1,stimulus_plus_fewshot_bias,42,6200,1.2406555671175858,1.5197180879024885,0.8530679337506559,0.8193450432508382,0.8379692874375819,5.13,2.908808092007624,5.115785639958377,2.406734269255358,0.014214360041623308,1.5196516109512086,1.5197180879024885,1.2406555671175858
valence,1,stimulus_plus_fewshot_bias,43,6200,1.2356919875130072,1.5012908301273553,0.8517978881681924,0.8401448425615983,0.8380638319248372,5.202419354838709,2.849645244182143,5.045312174817898,2.40273321339663,0.15710718002081164,1.4930477187988307,1.5012908301273553,1.235691987513007
valence,1,stimulus_plus_fewshot_bias,44,6200,1.635806451612903,1.9990996303368733,0.6746553753266064,0.7135025959375768,0.6683955082011382,5.620967741935484,2.2818807393544556,5.615577523413111,2.6162369339625138,0.005390218522372563,1.9990923634382942,1.9990996303368733,1.6358064516129032
valence,1,stimulus_plus_fewshot_bias,45,6200,1.059531737773153,1.3133012458934068,0.8357141830055433,0.8196977653753137,0.8286796265374546,4.803225806451613,2.0986914311553746,4.722289281997919,2.3783184450631527,0.08093652445369409,1.310804883067854,1.3133012458934068,1.059531737773153
valence,1,stimulus_plus_fewshot_bias,46,6200,1.469656607700312,1.8912922402832986,0.761208471837746,0.7800502402034687,0.7563506912965804,4.534677419354839,2.8518964927954777,4.451056191467221,2.557454631550383,0.08362122788761704,1.8894427295904963,1.8912922402832986,1.4696566077003121
valence,1,stimulus_plus_fewshot_bias,47,6200,2.098563995837669,2.607712756783714,0.6262207480890235,0.6479032968836791,0.6224608446390254,4.86983870967742,3.160899214614913,4.872190426638918,2.8320534395900245,-0.0023517169614984366,2.607711696357527,2.607712756783714,2.098563995837669
valence,1,stimulus_plus_fewshot_bias,48,6200,1.1334131113423518,1.4463526787394214,0.8206461575835848,0.8150096865221351,0.8200932742130994,5.319032258064516,2.3900652641091944,5.240509885535901,2.4309082235951176,0.07852237252861603,1.4442196191401007,1.4463526787394216,1.1334131113423518
valence,1,stimulus_plus_fewshot_bias,49,6200,1.5866441207075959,1.9260609156690012,0.7100107536375752,0.7314898191371353,0.5676356266871354,4.971774193548387,1.3096453893270652,4.891191467221644,2.6188531164281623,0.08058272632674297,1.9243744633219027,1.9260609156690012,1.5866441207075963
valence,1,stimulus_plus_fewshot_bias,50,6200,1.4987460978147764,1.8335084668405268,0.8302110422467298,0.8367005822792457,0.8003942614636583,4.874677419354839,3.264313995877796,4.902086368366286,2.4870605277862223,-0.027408949011446415,1.833303588468093,1.8335084668405268,1.4987460978147764
valence,1,stimulus_plus_fewshot_bias,52,6200,1.6604162330905305,2.0498732799611035,0.6458955382796099,0.6527530239430979,0.6201104503316376,4.348064516129032,1.9966454437620451,4.397263267429761,2.6593316405445653,-0.049198751300728406,2.0492827883844975,2.0498732799611035,1.6604162330905305
valence,1,stimulus_plus_fewshot_bias,53,6200,1.0559573361082206,1.3131334377472068,0.8639163953984011,0.8513858539736431,0.8603905127815984,4.247419354838709,2.5893846170681676,4.180093652445369,2.375199681471178,0.06732570239334025,1.3114063729931469,1.313133437747207,1.0559573361082206
valence,1,stimulus_plus_fewshot_bias,54,6200,1.5700624349635794,2.016990513137399,0.6763912620006911,0.6821101420743236,0.6732202013776196,5.187741935483871,2.3771583872175692,5.2643080124869925,2.6062948524484484,-0.07656607700312175,2.015536743882041,2.0169905131373986,1.5700624349635794
valence,1,stimulus_plus_fewshot_bias,55,6200,1.3685639958376692,1.7051681300831394,0.7322312375132719,0.7735449661684421,0.7048163018918704,5.380645161290323,1.8956519611891995,5.431363163371488,2.500812506964409,-0.05071800208116547,1.7044136927741826,1.7051681300831394,1.3685639958376692
valence,1,stimulus_plus_fewshot_bias,56,6200,1.260525494276795,1.565382415688849,0.8196145148897486,0.7992419176955837,0.8150396954618156,4.752258064516129,2.704043220781487,4.706077003121748,2.4360593542401454,0.04618106139438088,1.5647010631160014,1.565382415688849,1.260525494276795
valence,1,stimulus_plus_fewshot_bias,57,6200,1.239729448491155,1.5344552405005258,0.8350077844468111,0.8313968394535515,0.8269892663446509,5.667741935483871,2.7807387155880803,5.611925078043705,2.4235644368983467,0.05581685744016646,1.5334397162996107,1.5344552405005258,1.239729448491155
valence,1,stimulus_plus_fewshot_bias,58,6200,1.1030593132154005,1.3536324594037912,0.830654502985252,0.8182822759907558,0.8291863286400919,5.218064516129032,2.2461858989433314,5.22672216441207,2.3836084139754043,-0.008657648283038525,1.3536047725528169,1.3536324594037912,1.1030593132154007
valence,1,stimulus_plus_fewshot_bias,59,6200,1.4554890738813737,1.9308098045359972,0.6899384214525963,0.713230728853202,0.6849510442281753,5.124677419354839,2.2871529123189,5.20569719042664,2.568176992569986,-0.08101977107180021,1.9291091980465516,1.9308098045359972,1.4554890738813737
valence,1,stimulus_plus_fewshot_bias,60,6200,1.4401664932362122,1.7516451696167474,0.8157070466306846,0.8101991842689557,0.7988425796658362,5.064193548387097,3.0225616930586336,4.95853277835588,2.4710301011776137,0.10566077003121745,1.7484554904023417,1.7516451696167474,1.4401664932362122
valence,1,stimulus_plus_fewshot_bias,61,6200,1.6514672216441209,2.0207761219576876,0.7708141823729894,0.7622163883709729,0.7545592917681047,6.000806451612903,3.1651070401239587,5.991420395421435,2.5728536586787825,0.009386056191467212,2.020754323767123,2.0207761219576876,1.6514672216441209
valence,1,stimulus_plus_fewshot_bias,62,6200,1.314136316337149,1.6275279472128108,0.7967323607229716,0.7987527841173064,0.7946694676634644,5.498225806451613,2.6225443347484374,5.566841831425599,2.4531528678639214,-0.06861602497398546,1.6260808897700985,1.6275279472128108,1.3141363163371487
valence,1,stimulus_plus_fewshot_bias,63,6200,1.3135848074921956,1.6540468000300368,0.8038783705360464,0.8100058156699047,0.7993153366525004,4.861129032258065,2.746183043049265,4.857736732570239,2.4680259866526884,0.0033922996878251958,1.6540433213771737,1.6540468000300368,1.3135848074921956
valence,1,stimulus_plus_fewshot_bias,64,6200,1.216191467221644,1.5502817492521743,0.781790676764552,0.7810253924026717,0.7750965703831644,4.341612903225807,2.157300578417379,4.392060353798127,2.4555561149135725,-0.050447450572320494,1.5494607309625936,1.5502817492521743,1.216191467221644
valence,1,stimulus_plus_fewshot_bias,65,6200,1.0960145681581686,1.3397881893542931,0.8686840213008534,0.8700160179081485,0.8605086531170083,5.001290322580645,2.704535905492825,4.99207075962539,2.35665323555548,0.009219562955254933,1.339756467419422,1.3397881893542931,1.0960145681581683
valence,1,stimulus_plus_fewshot_bias_shrink4,1,6200,0.9825848074921957,1.1987095206038638,0.8861648176534181,0.8806985651552492,0.8708616121163066,4.466290322580645,2.4772173084192985,4.811489073881374,2.207054668541836,-0.34519875130072836,1.147929587076996,1.1987095206038638,0.9825848074921957
valence,1,stimulus_plus_fewshot_bias_shrink4,2,6200,1.1962903225806452,1.5667902392647177,0.8431059395168187,0.8049370977842554,0.811489122817324,4.530645161290322,2.8396438162420563,4.827350676378772,2.206947438672324,-0.2967055150884496,1.5384399537100202,1.5667902392647177,1.1962903225806452
valence,1,stimulus_plus_fewshot_bias_shrink4,3,6200,1.0643558792924035,1.2216864383646069,0.8913327521650739,0.8809310872343493,0.8742529182079127,4.717741935483871,2.646849874092475,4.882135275754423,2.1991735889188475,-0.16439334027055155,1.2105753108991977,1.2216864383646069,1.0643558792924035
valence,1,stimulus_plus_fewshot_bias_shrink4,5,6200,1.2466919875130074,1.5282149582695477,0.8557255997855152,0.8341775258970046,0.8236818056939986,5.092258064516129,2.8921258055862973,4.941436004162331,2.2041925757834773,0.15082206035379808,1.5207543078319492,1.5282149582695477,1.2466919875130074
valence,1,stimulus_plus_fewshot_bias_shrink4,6,6200,1.0440801248699272,1.182710621447525,0.9507042466605622,0.940860505507315,0.9005870720687832,4.817903225806452,3.047034855394601,4.867066597294485,2.1871923884022557,-0.049163371488033326,1.1816883586583733,1.182710621447525,1.0440801248699272
valence,1,stimulus_plus_fewshot_bias_shrink4,7,6200,0.6250343392299688,0.7838661052507809,0.9403277725928297,0.9390200066931427,0.9272434278463467,4.748064516129032,1.8874148890955598,4.8743225806451616,2.2061176549271853,-0.1262580645161291,0.7736310309867809,0.7838661052507809,0.6250343392299688
valence,1,stimulus_plus_fewshot_bias_shrink4,8,6200,0.8199021852237253,1.0296638349662934,0.938741834817827,0.9251234199786581,0.9130648807548926,5.248870967741936,2.6994919503125563,4.9640509885535895,2.1970457379493986,0.2848199791883454,0.9894873382174452,1.0296638349662934,0.8199021852237253
valence,1,stimulus_plus_fewshot_bias_shrink4,9,6200,0.9327679500520293,1.1697584620430543,0.9064753662908297,0.8515294339414854,0.8821197815394893,5.405645161290322,2.5644845554964477,4.980477627471385,2.2023834267321445,0.4251675338189386,1.0897556734000764,1.1697584620430543,0.9327679500520293
valence,1,stimulus_plus_fewshot_bias_shrink4,10,6200,0.8094630593132155,1.02760594688583,0.9055507327033339,0.9022832565734791,0.9013153885826533,4.873548387096775,2.4202393221933542,4.914395421436004,2.200287714256682,-0.040847034339230016,1.0267937971476129,1.02760594688583,0.8094630593132153
valence,1,stimulus_plus_fewshot_bias_shrink4,11,6200,1.2207596253902187,1.4843221150581547,0.9051130355149577,0.8831466553051162,0.8501001857828707,4.817096774193549,3.1402328797434516,4.891696149843913,2.198015045084066,-0.0745993756503642,1.482446314172385,1.4843221150581545,1.2207596253902187
valence,1,stimulus_plus_fewshot_bias_shrink4,12,6200,0.9548491155046827,1.1950373871494167,0.8451879211405278,0.8487961737107733,0.8321373232414278,5.153548387096774,1.888582927346623,5.001527575442248,2.2176066009835353,0.1520208116545265,1.1853286588574512,1.1950373871494167,0.9548491155046827
valence,1,stimulus_plus_fewshot_bias_shrink4,13,6200,0.8456774193548389,1.0335413361829018,0.9052479558578087,0.915502084203329,0.8720921516277468,4.433225806451613,1.8174048976259176,4.819257023933402,2.2134598244483463,-0.38603121748178987,0.958742714563331,1.0335413361829018,0.8456774193548389
valence,1,stimulus_plus_fewshot_bias_shrink4,14,6200,0.7428480749219561,0.8970055024754585,0.9253390136812414,0.9082684777441454,0.9188764715633706,4.583064516129032,2.2353906266919403,4.844257023933403,2.2030087362955566,-0.2611925078043704,0.8581359713577527,0.8970055024754584,0.7428480749219561
valence,1,stimulus_plus_fewshot_bias_shrink4,15,6200,0.8860967741935484,1.1327000554406776,0.8648491131219336,0.8553754165063483,0.8404174340851768,4.748064516129032,1.7569436794080402,4.84588969823101,2.223367600905576,-0.09782518210197712,1.128467832657196,1.1327000554406776,0.8860967741935484
valence,1,stimulus_plus_fewshot_bias_shrink4,16,6200,0.7653808532778356,1.0096701385740492,0.8999043848388557,0.8555537807911333,0.886430676081658,4.525645161290322,2.0007225476810038,4.826864724245578,2.209680740374687,-0.301219562955255,0.963691114217198,1.009670138574049,0.7653808532778356
valence,1,stimulus_plus_fewshot_bias_shrink4,17,6200,1.020822060353798,1.2151312975793271,0.8906181068127171,0.8862277526359923,0.8742986740944156,5.158387096774193,2.622005630729164,4.968006243496358,2.1989291622370106,0.1903808532778356,1.2001246606340619,1.2151312975793271,1.020822060353798
valence,1,stimulus_plus_fewshot_bias_shrink4,18,6200,1.4683028095733612,1.8390509422795092,0.7780128928599073,0.7554428636574508,0.7445910929801793,5.348870967741935,2.8562436446396204,4.946236212278876,2.218488983460355,0.40263475546305927,1.7944340673294057,1.8390509422795092,1.4683028095733612
valence,1,stimulus_plus_fewshot_bias_shrink4,19,6200,1.0457408949011446,1.3463199006981752,0.8041027633284739,0.8070110630916283,0.7983573558988221,5.098387096774194,2.0071639384869737,4.965958376690947,2.223243761658111,0.13242872008324658,1.3397909945633526,1.3463199006981752,1.0457408949011446
valence,1,stimulus_plus_fewshot_bias_shrink4,20,6200,0.7606170655567118,1.0144673991430202,0.9169532689702851,0.9000959783460625,0.9023406851047342,4.470967741935484,2.3585388517233397,4.848195629552549,2.1984309169165015,-0.3772278876170656,0.9417235394360547,1.0144673991430202,0.7606170655567118
valence,1,stimulus_plus_fewshot_bias_shrink4,21,6200,0.9036097814776274,1.0756827009560868,0.9436066511323429,0.9325763671634612,0.9105737355960043,4.742903225806452,2.8495666830164437,4.8810738813735695,2.1908799726042196,-0.13817065556711755,1.0667718327160383,1.0756827009560868,0.9036097814776274
valence,1,stimulus_plus_fewshot_bias_shrink4,22,6200,1.0110884495317378,1.2105636337546266,0.8450113324802369,0.850576448215634,0.8316083622676145,4.629032258064516,1.9321880540927614,4.868422476586888,2.2163158468708506,-0.23939021852237252,1.1866577580098723,1.2105636337546264,1.0110884495317378
valence,1,stimulus_plus_fewshot_bias_shrink4,23,6200,0.8525109261186263,1.0636963955089207,0.9099098653864404,0.912668197589119,0.8990397152512577,5.1288709677419355,2.518833322379891,4.952875130072841,2.1980414910653288,0.17599583766909474,1.049035503184627,1.0636963955089207,0.8525109261186263
valence,1,stimulus_plus_fewshot_bias_shrink4,24,6200,0.8959427679500519,1.1527971886365327,0.8767762893446414,0.8432783697370225,0.8600098536562965,4.374193548387097,2.105364536964267,4.786859521331946,2.2113917313272635,-0.41266597294484914,1.076405199217179,1.1527971886365327,0.8959427679500519
valence,1,stimulus_plus_fewshot_bias_shrink4,25,6200,1.2965109261186263,1.583538645779546,0.822926410192637,0.8395332927224208,0.8019688542215629,4.843548387096774,2.7837153733664572,4.8706472424557745,2.2164886474030716,-0.02709885535900108,1.583306759511735,1.583538645779546,1.2965109261186263
valence,1,stimulus_plus_fewshot_bias_shrink4,26,6200,1.2894047866805411,1.5630062583560458,0.8378306449831877,0.8132288413731653,0.8098264526292663,4.563548387096774,2.809917974221354,4.825864724245577,2.209446071263713,-0.2623163371488033,1.5408370137444782,1.5630062583560458,1.2894047866805411
valence,1,stimulus_plus_fewshot_bias_shrink4,27,6200,1.0413590010405827,1.331008174240086,0.8540976043709725,0.8394008572263493,0.8433048999017638,5.161612903225806,2.5284849432457777,4.962091571279917,2.2074596895901033,0.1995213319458896,1.3159688438532524,1.331008174240086,1.0413590010405827
valence,1,stimulus_plus_fewshot_bias_shrink4,28,6200,1.032799167533819,1.3072432796200222,0.8168570572571383,0.8163607449925419,0.7711323442696824,4.839838709677419,1.5827680855687951,4.8972434963579605,2.2267116848883517,-0.05740478668054119,1.3059822673290298,1.3072432796200222,1.032799167533819
valence,1,stimulus_plus_fewshot_bias_shrink4,29,6200,0.7245525494276794,0.962845449944069,0.9222729006805028,0.9199624234518179,0.9082064577750024,5.3832258064516125,2.2599406031258007,4.99529448491155,2.2003874171889217,0.38793132154006243,0.8812381348115714,0.962845449944069,0.7245525494276794
valence,1,stimulus_plus_fewshot_bias_shrink4,30,6200,0.8477960457856399,1.006497074001951,0.9334552624256071,0.8730306455003348,0.9154191137963602,4.902741935483871,2.675828282591922,4.899010405827263,2.1947802046097347,0.003731529656607679,1.0064901567630509,1.006497074001951,0.8477960457856399
valence,1,stimulus_plus_fewshot_bias_shrink4,31,6200,1.4333194588969822,1.6374198037898244,0.955029557867063,0.9099643869400844,0.8450274086379134,5.533064516129032,3.5010418213079584,5.019301768990634,2.186209969701798,0.5137627471383974,1.5547319555138481,1.6374198037898244,1.4333194588969822
valence,1,stimulus_plus_fewshot_bias_shrink4,32,6200,0.874126951092612,1.0607865657276507,0.8913708687212621,0.8804696729415887,0.879530484158224,4.503709677419355,2.088289726122534,4.835441207075962,2.2067369624421223,-0.33173152965660774,1.0075824185941074,1.0607865657276507,0.874126951092612
valence,1,stimulus_plus_fewshot_bias_shrink4,33,6200,0.6947606659729447,0.8188488199600612,0.9313187813791731,0.925441669467958,0.9227034512219371,4.779516129032258,1.9471069750582526,4.892344432882414,2.206944070146804,-0.11282830385015612,0.8110383244953852,0.8188488199600612,0.694760665972945
valence,1,stimulus_plus_fewshot_bias_shrink4,34,6200,1.0576129032258064,1.2976974803972552,0.8719980510999559,0.880103999778353,0.8253817520981725,4.06258064516129,2.0620894003678067,4.764482830385016,2.2133961990446744,-0.7019021852237253,1.0914907571791637,1.2976974803972552,1.0576129032258064
valence,1,stimulus_plus_fewshot_bias_shrink4,35,6200,0.7423444328824143,0.8987119539246254,0.9189550843416767,0.9175669732783289,0.9164492030700948,4.689838709677419,2.192161984784386,4.852059313215401,2.198881954309447,-0.16222060353798132,0.883950027951123,0.8987119539246254,0.742344432882414
valence,1,stimulus_plus_fewshot_bias_shrink4,36,6200,0.853573361082206,1.0307778343765934,0.9476432278887095,0.9437318977067864,0.9164981576423187,4.658870967741936,2.8095893425326874,4.8441488033298645,2.1900194639785684,-0.1852778355879292,1.0139896781930042,1.0307778343765934,0.853573361082206
valence,1,stimulus_plus_fewshot_bias_shrink4,37,6200,1.131107180020812,1.2552078669681692,0.9265398967595307,0.9219505294439991,0.7516733161714976,4.722096774193548,1.1531284754776183,4.905913631633715,2.23185117896895,-0.18381685744016654,1.2416755422491026,1.2552078669681692,1.131107180020812
valence,1,stimulus_plus_fewshot_bias_shrink4,38,6200,1.4114713839750261,1.6543820519509982,0.6987898898104914,0.7241765858714783,0.6854175279651524,4.683064516129032,1.9101689578282262,4.931576482830385,2.2337980811370564,-0.24851196670135275,1.6356105209443421,1.6543820519509982,1.4114713839750261
valence,1,stimulus_plus_fewshot_bias_shrink4,39,6200,0.9938355879292404,1.1937755331288329,0.9188132060499123,0.8917844132883943,0.8884940478234041,4.692741935483871,2.82019426770502,4.853969823100937,2.1911170058452805,-0.16122788761706555,1.1828379397667155,1.1937755331288329,0.9938355879292404
valence,1,stimulus_plus_fewshot_bias_shrink4,40,6200,1.2408740894901145,1.4535960288857794,0.9223724505794976,0.9049651733846736,0.8596668443516868,5.122096774193548,3.1975941748076457,4.9916722164412075,2.194308467162623,0.13042455775234127,1.447733003674232,1.4535960288857794,1.2408740894901145
valence,1,stimulus_plus_fewshot_bias_shrink4,41,6200,1.276891779396462,1.5594238635073954,0.7355667411767108,0.7639851332177986,0.6417920915089804,5.155483870967742,1.3238576054158067,4.9783267429760665,2.2371452809640013,0.17715712799167535,1.5493282860898374,1.5594238635073954,1.276891779396462
valence,1,stimulus_plus_fewshot_bias_shrink4,42,6200,0.8953257023933403,1.092954435220899,0.9495128812195025,0.8849949075608509,0.9100217379021711,5.13,2.908808092007624,4.95301144640999,2.1871186971595677,0.17698855359001037,1.0785288356678975,1.0929544352208989,0.8953257023933403
valence,1,stimulus_plus_fewshot_bias_shrink4,43,6200,0.947312174817898,1.086218596870185,0.9459624244779606,0.9244671644102533,0.909048263567629,5.202419354838709,2.849645244182143,4.94247346514048,2.1873371829979975,0.25994588969823096,1.0546558560097359,1.086218596870185,0.947312174817898
valence,1,stimulus_plus_fewshot_bias_shrink4,44,6200,1.271175858480749,1.523493369395237,0.8045042581132882,0.8066028423390903,0.7781978552412044,5.620967741935484,2.2818807393544556,5.039513007284079,2.2179621964196605,0.5814547346514047,1.4081698896591692,1.523493369395237,1.2711758584807493
valence,1,stimulus_plus_fewshot_bias_shrink4,45,6200,0.7669073881373569,0.9613727066639965,0.9018714899742332,0.8708123725090847,0.9003692073604712,4.803225806451613,2.0986914311553746,4.865257023933403,2.2064159167245343,-0.06203121748178977,0.9593693809874201,0.9613727066639964,0.7669073881373569
valence,1,stimulus_plus_fewshot_bias_shrink4,46,6200,1.099270551508845,1.353885220203972,0.8944255492525959,0.883077051815856,0.8596794304589717,4.534677419354839,2.8518964927954777,4.82473361082206,2.201257963566652,-0.29005619146722167,1.3224494679488845,1.353885220203972,1.0992705515088448
valence,1,stimulus_plus_fewshot_bias_shrink4,47,6200,1.5673642039542142,1.8611665125630628,0.8166123870249508,0.8244330500156565,0.7674599967067526,4.86983870967742,3.160899214614913,4.899803329864724,2.2144808303940366,-0.02996462018730489,1.8609252830307785,1.8611665125630628,1.5673642039542142
valence,1,stimulus_plus_fewshot_bias_shrink4,48,6200,0.8242070759625391,1.0460345765811518,0.9106466678280597,0.9055698636595498,0.8975824296375626,5.319032258064516,2.3900652641091944,4.975155046826222,2.20293810812788,0.34387721123829346,0.9878951356263901,1.0460345765811518,0.8242070759625391
valence,1,stimulus_plus_fewshot_bias_shrink4,49,6200,1.154131113423517,1.3682163049525693,0.8259854703768618,0.8300959050881761,0.7206232803560503,4.971774193548387,1.3096453893270652,4.906868886576483,2.2318832654749126,0.06490530697190426,1.366675952179208,1.3682163049525693,1.1541311134235173
valence,1,stimulus_plus_fewshot_bias_shrink4,50,6200,1.1661373569198752,1.319734417435389,0.9599771213983413,0.9535031503532314,0.8870544762166984,4.874677419354839,3.264313995877796,4.910279916753382,2.1825869191446117,-0.035602497398543244,1.3192541054484208,1.319734417435389,1.1661373569198752
valence,1,stimulus_plus_fewshot_bias_shrink4,52,6200,1.2148428720083246,1.5116767802430133,0.7744572657545471,0.755900650391109,0.751064410639306,4.348064516129032,1.9966454437620451,4.820424557752341,2.2293572644525455,-0.472360041623309,1.4359814340734038,1.5116767802430133,1.2148428720083246
valence,1,stimulus_plus_fewshot_bias_shrink4,53,6200,0.853655567117586,1.0557988228708548,0.9395290011545215,0.9059189811583164,0.9055792523403946,4.247419354838709,2.5893846170681676,4.769771071800208,2.197276070989775,-0.5223517169614985,0.9175292028937592,1.0557988228708548,0.853655567117586
valence,1,stimulus_plus_fewshot_bias_shrink4,54,6200,1.102516129032258,1.466290456788454,0.8024484949410269,0.8077660397828758,0.7972169760388725,5.187741935483871,2.3771583872175692,4.980372528616025,2.215540418111975,0.20736940686784605,1.4515528349888513,1.466290456788454,1.102516129032258
valence,1,stimulus_plus_fewshot_bias_shrink4,55,6200,1.0002049947970866,1.298528026684339,0.8275223665793223,0.8659405449057264,0.8048541671741788,5.380645161290323,1.8956519611891995,5.015040582726327,2.216625012136099,0.3656045785639958,1.2459969214318976,1.298528026684339,1.0002049947970866
valence,1,stimulus_plus_fewshot_bias_shrink4,56,6200,0.8834588969823101,1.1211838553756321,0.917119992169862,0.8775714844003918,0.8965228203315646,4.752258064516129,2.704043220781487,4.872915712799167,2.1958397926221087,-0.1206576482830386,1.1146725839751208,1.1211838553756321,0.8834588969823102
valence,1,stimulus_plus_fewshot_bias_shrink4,57,6200,1.094073881373569,1.2550760872127888,0.9305006301431817,0.9119278500973064,0.8781181166186279,5.667741935483871,2.7807387155880803,5.049537981269511,2.1930424597186984,0.61820395421436,1.0922636383616793,1.2550760872127886,1.094073881373569
valence,1,stimulus_plus_fewshot_bias_shrink4,58,6200,0.8321227887617066,1.019969657446424,0.9013084332629304,0.8892087214760244,0.8955781259697664,5.218064516129032,2.2461858989433314,4.970012486992716,2.2036233845169635,0.24805202913631635,0.9893474076140958,1.019969657446424,0.8321227887617066
valence,1,stimulus_plus_fewshot_bias_shrink4,59,6200,1.113137356919875,1.4141743162272635,0.8054766089840579,0.8181597976054856,0.8031382709820161,5.124677419354839,2.2871529123189,4.969116545265348,2.2144036425049074,0.1555608740894901,1.4055923346153258,1.4141743162272638,1.113137356919875
valence,1,stimulus_plus_fewshot_bias_shrink4,60,6200,1.1040260145681582,1.2801322098545627,0.930008821376902,0.908429133937492,0.8826333822054543,5.064193548387097,3.0225616930586336,4.917436004162331,2.1920637092518893,0.14675754422476583,1.2716920609645412,1.2801322098545627,1.1040260145681582
valence,1,stimulus_plus_fewshot_bias_shrink4,61,6200,1.401314255983351,1.7016904618589141,0.9158991523702763,0.8743620646706638,0.8146869680817456,6.000806451612903,3.1651070401239587,5.113613943808533,2.1957347856162692,0.8871925078043703,1.4521156572661136,1.7016904618589141,1.401314255983351
valence,1,stimulus_plus_fewshot_bias_shrink4,62,6200,1.080089490114464,1.263883029467054,0.8955987410790812,0.8732278931279769,0.8661937406207494,5.498225806451613,2.6225443347484374,5.035035379812695,2.201334637689995,0.46319042663891774,1.1759485281443551,1.263883029467054,1.080089490114464
valence,1,stimulus_plus_fewshot_bias_shrink4,63,6200,0.9382736732570239,1.1674707646466307,0.9121304163502971,0.904004934004406,0.8897906205720907,4.861129032258065,2.746183043049265,4.889801248699271,2.1965691479496985,-0.02867221644120709,1.1671186273506808,1.1674707646466307,0.9382736732570239
valence,1,stimulus_plus_fewshot_bias_shrink4,64,6200,0.969812695109261,1.2013639658613071,0.8723608907568545,0.8453116591198105,0.8521487847830072,4.341612903225807,2.157300578417379,4.814253902185223,2.210054026949791,-0.4726409989594172,1.104484433829944,1.2013639658613071,0.969812695109261
valence,1,stimulus_plus_fewshot_bias_shrink4,65,6200,0.8281737773152965,0.9827747906553815,0.941166938939363,0.9459830358170473,0.9203388155097163,5.001290322580645,2.704535905492825,4.927038501560874,2.1918941854322123,0.07425182101977101,0.9799657933943291,0.9827747906553815,0.8281737773152965
valence,2,stimulus_only,1,6000,0.9940940860215054,1.2031636273535744,0.892513521602959,0.8857346239079097,0.8701119781600057,4.459,2.474938181046145,4.90777688172043,2.195059402996742,-0.44877688172043007,1.1163341903838198,1.2031636273535744,0.9940940860215054
valence,2,stimulus_only,2,6000,1.2061747311827957,1.544838297105543,0.8537627558217319,0.8065770195954479,0.8161586294787051,4.518666666666666,2.836662044649583,4.906212365591398,2.187371672860797,-0.38754569892473123,1.4954376267330227,1.544838297105543,1.2061747311827957
valence,2,stimulus_only,3,6000,1.0558575268817203,1.1972777575773532,0.8977239898451779,0.8924256825904476,0.879100745146309,4.722666666666667,2.648789576810929,4.915158602150538,2.1917174608890617,-0.19249193548387106,1.181702535989125,1.1972777575773532,1.0558575268817203
valence,2,stimulus_only,5,6000,1.225204301075269,1.4934046239362966,0.8640175822190864,0.8436693793624003,0.8297588573513313,5.093333333333334,2.8807329314294687,4.910177419354839,2.1836688633829264,0.1831559139784946,1.482130656173407,1.4934046239362966,1.225204301075269
valence,2,stimulus_only,6,6000,1.0439112903225807,1.1543007434729655,0.9567662292970934,0.9495418927970813,0.9053218218286688,4.795833333333333,3.0480293041388054,4.900104838709678,2.184419654656392,-0.10427150537634414,1.1495815149648119,1.1543007434729655,1.0439112903225807
valence,2,stimulus_only,7,6000,0.6249919354838709,0.7756191791049849,0.9425294153315434,0.9448348377187272,0.9284575194744297,4.756166666666667,1.8847754876612994,4.922911290322581,2.197407434019252,-0.16674462365591403,0.7574835585524865,0.7756191791049849,0.6249919354838709
valence,2,stimulus_only,8,6000,0.8279973118279571,1.0209512433055143,0.9427516914515658,0.9289209615560705,0.9138258443502187,5.249,2.6860750175674544,4.906185483870968,2.1824834079913753,0.3428145161290323,0.961675438356566,1.0209512433055143,0.8279973118279571
valence,2,stimulus_only,9,6000,0.9348333333333333,1.1770008462283277,0.9113671618529576,0.866466550386265,0.880819627324787,5.410833333333334,2.5606085160020506,4.905897849462366,2.193659600747814,0.5049354838709676,1.06318914081653,1.1770008462283277,0.9348333333333333
valence,2,stimulus_only,10,6000,0.7953413978494625,1.0037041826994477,0.9100482010236499,0.9014369690301813,0.9054885540131659,4.870166666666667,2.419292590591078,4.911567204301075,2.191932815792656,-0.041400537634408666,1.0028499797337327,1.0037041826994477,0.7953413978494625
valence,2,stimulus_only,11,6000,1.2090779569892471,1.4504299391300022,0.9137083594197157,0.8921784722265619,0.8558372479912801,4.800666666666666,3.1351660597522137,4.908825268817204,2.1798845249943413,-0.10815860215053764,1.4463916223158593,1.4504299391300022,1.2090779569892471
valence,2,stimulus_only,12,6000,0.952497311827957,1.1827609537907486,0.8515364369901046,0.8665098946785686,0.8355383696726315,5.148833333333333,1.8924451481849847,4.899798387096775,2.205155565390533,0.2490349462365591,1.1562461110701974,1.1827609537907486,0.952497311827957
valence,2,stimulus_only,13,6000,0.8676102150537636,1.0456726853550666,0.9102896008614905,0.9226495920959332,0.8701009031563322,4.4275,1.824301807084928,4.9034650537634406,2.205203890122129,-0.47596505376344095,0.931068543391753,1.0456726853550666,0.8676102150537636
valence,2,stimulus_only,14,6000,0.7515698924731183,0.89655374601503,0.9283618857800676,0.9110098099623064,0.9185577851748763,4.605166666666666,2.228887608701305,4.925741935483871,2.1906555591198584,-0.32057526881720433,0.8372813843125622,0.89655374601503,0.7515698924731183
valence,2,stimulus_only,15,6000,0.8555725806451613,1.1111728600312047,0.8696132960887286,0.8599575845811126,0.8444246308175503,4.753,1.7496640629941889,4.911174731182796,2.2022796431418525,-0.15817473118279574,1.0998572085889957,1.1111728600312047,0.8555725806451613
valence,2,stimulus_only,16,6000,0.7703010752688172,1.014238897451196,0.9036933048892114,0.8528151456061839,0.8850109316684358,4.5385,1.9946222073365172,4.918408602150538,2.1961444093274967,-0.3799086021505376,0.9403988489545498,1.014238897451196,0.7703010752688172
valence,2,stimulus_only,17,6000,1.0106666666666666,1.1988896397776925,0.8968302251110957,0.8922656329118233,0.8775583642778705,5.1555,2.623798725131179,4.9041881720430105,2.1889435045909478,0.25131182795698925,1.172253698435284,1.1988896397776925,1.0106666666666666
valence,2,stimulus_only,18,6000,1.4471639784946237,1.8026421887224082,0.7910305399550296,0.7928396420642841,0.7525929557175186,5.342,2.8548267898420736,4.901153225806452,2.1885886362686335,0.4408467741935483,1.747905312722934,1.8026421887224082,1.4471639784946237
valence,2,stimulus_only,19,6000,1.0302956989247312,1.3208687452237313,0.8106659839964767,0.809196045652455,0.8038167949448703,5.0965,2.0027117657482982,4.907795698924731,2.2015278483445657,0.18870430107526878,1.3073197500476341,1.3208687452237313,1.0302956989247312
valence,2,stimulus_only,20,6000,0.7545215053763441,1.0192834635417183,0.9215250409999897,0.9041471409345363,0.9017026410029493,4.4755,2.3595337992917162,4.921736559139785,2.1915334789179943,-0.44623655913978494,0.9164124138927223,1.0192834635417183,0.7545215053763441
valence,2,stimulus_only,21,6000,0.8957338709677418,1.0509377367875947,0.94914402561702,0.9377542442193246,0.9147091315483817,4.760833333333333,2.853120976326723,4.922422043010752,2.1870169603921843,-0.16158870967741937,1.038440761675416,1.0509377367875947,0.8957338709677418
valence,2,stimulus_only,22,6000,1.0115913978494624,1.196052879458649,0.850911264567582,0.8462452944401571,0.8351690860671593,4.628833333333334,1.9328050355779693,4.924177419354838,2.203607230105922,-0.29534408602150536,1.1590143921942673,1.196052879458649,1.0115913978494624
valence,2,stimulus_only,23,6000,0.8411612903225807,1.0436723181798961,0.9152675631387247,0.9102938248987146,0.9025792114873785,5.118833333333333,2.5192681421838015,4.905596774193548,2.1883135704871814,0.21323655913978493,1.021656536014537,1.0436723181798961,0.8411612903225807
valence,2,stimulus_only,24,6000,0.944521505376344,1.1814083261180948,0.8823698149595998,0.8488116884754764,0.8542284891775079,4.375666666666667,2.1055975926615753,4.91994623655914,2.2011287026465585,-0.5442795698924732,1.048563485354522,1.1814083261180948,0.944521505376344
valence,2,stimulus_only,25,6000,1.2693897849462363,1.5386083040703196,0.8353399708253587,0.8668800597074107,0.8111885294054253,4.843166666666667,2.78410427945666,4.917309139784947,2.1866074015559875,-0.0741424731182796,1.5368208766912461,1.5386083040703196,1.2693897849462363
valence,2,stimulus_only,26,6000,1.2938763440860215,1.5399411507691194,0.8475828979356211,0.8272796588595737,0.8142424854493214,4.5525,2.803196464157778,4.903354838709677,2.187509254883549,-0.3508548387096774,1.4994397720435875,1.5399411507691194,1.2938763440860215
valence,2,stimulus_only,27,6000,1.0371478494623656,1.3031784132498203,0.8622073709146888,0.8538682697264022,0.8489942648124998,5.162166666666667,2.5242560565221766,4.911228494623656,2.193531802513141,0.2509381720430107,1.278790057269774,1.3031784132498203,1.0371478494623656
valence,2,stimulus_only,28,6000,1.0152661290322582,1.2723131797098024,0.823970017235114,0.825111164536319,0.7806526547838811,4.835333333333334,1.5856286520564082,4.903120967741936,2.2048072138544184,-0.06778763440860223,1.2705060660557876,1.2723131797098024,1.0152661290322582
valence,2,stimulus_only,29,6000,0.737763440860215,0.9745928203371156,0.9266614485290179,0.9248280283061217,0.9063553562050574,5.3615,2.2587203788871255,4.8942311827957,2.1960813179429217,0.4672688172043011,0.8552724816812165,0.9745928203371156,0.737763440860215
valence,2,stimulus_only,30,6000,0.8345268817204299,0.9800717674953983,0.938209058565068,0.8743958866672359,0.919477864552824,4.917166666666667,2.6740054797168153,4.91994623655914,2.1859984111723003,-0.0027795698924731552,0.9800678259349027,0.9800717674953983,0.8345268817204299
valence,2,stimulus_only,31,6000,1.4382365591397848,1.6404731060865554,0.9649152572408789,0.9166755470743407,0.8454983177654023,5.5265,3.504468254956806,4.897956989247312,2.1775917667038662,0.6285430107526881,1.5152840312717668,1.6404731060865554,1.4382365591397848
valence,2,stimulus_only,32,6000,0.8891236559139784,1.0674722720906034,0.8960001392327693,0.8776562388069428,0.8779468225720641,4.505333333333334,2.0829398028320987,4.924075268817204,2.195925163931315,-0.41874193548387095,0.9819125435340446,1.0674722720906034,0.8891236559139784
valence,2,stimulus_only,33,6000,0.688994623655914,0.8038667175710491,0.9341126660803182,0.9282542821046403,0.9252808302899681,4.788666666666667,1.9472214962750272,4.922903225806452,2.199707884305258,-0.134236559139785,0.7925794886374261,0.8038667175710491,0.688994623655914
valence,2,stimulus_only,34,6000,1.1663655913978495,1.3708614759574755,0.8771730400120664,0.8857914505697998,0.8091566876065382,4.0645,2.0626858906128516,4.927155913978495,2.2018841102731583,-0.8626559139784946,1.06540413005687,1.3708614759574755,1.1663655913978495
valence,2,stimulus_only,35,6000,0.7436075268817204,0.8903240416070295,0.9231130751065904,0.9136512326772657,0.9182449118997627,4.690833333333333,2.195202945566132,4.916951612903226,2.196748641890304,-0.22611827956989247,0.8611314781773033,0.8903240416070295,0.7436075268817204
valence,2,stimulus_only,36,6000,0.872236559139785,1.019681960578105,0.9530816363528087,0.946888340159664,0.9187268787389238,4.661,2.8169272266070347,4.919408602150537,2.1889368422510707,-0.2584086021505376,0.9863956077877745,1.019681960578105,0.872236559139785
valence,2,stimulus_only,37,6000,1.1251586021505375,1.2276778831347088,0.9328890392464403,0.9253021646685197,0.7599035041541625,4.714333333333333,1.1540051511535332,4.907293010752688,2.21551021113806,-0.19295967741935488,1.2124188829065383,1.2276778831347088,1.1251586021505375
valence,2,stimulus_only,38,6000,1.383502688172043,1.6091932196740342,0.7096615355161452,0.7492467425262571,0.698679476028518,4.684666666666667,1.9179585211596442,4.908717741935484,2.205693620179863,-0.2240510752688172,1.593519354735226,1.6091932196740342,1.383502688172043
valence,2,stimulus_only,39,6000,0.9933521505376345,1.1762832381404622,0.9248398612245662,0.8973578166533693,0.8917927141278075,4.709,2.8230572671012775,4.92872311827957,2.183810798672336,-0.21972311827956992,1.1555795115974121,1.1762832381404622,0.9933521505376345
valence,2,stimulus_only,40,6000,1.2248037634408602,1.4256691931451133,0.9324978234277349,0.9123321320849742,0.8649510897066712,5.1241666666666665,3.2014188477749816,4.90616935483871,2.180307136850179,0.21799731182795692,1.408903765456968,1.4256691931451133,1.2248037634408602
valence,2,stimulus_only,41,6000,1.257986559139785,1.5344671822727516,0.7433189751065363,0.7861592767323239,0.6485513618721972,5.150833333333333,1.3218986240337123,4.8986317204301075,2.21102857030443,0.25220161290322585,1.513599643208563,1.5344671822727516,1.257986559139785
valence,2,stimulus_only,42,6000,0.8830913978494623,1.0726814165613219,0.9551420871673002,0.8915382254827809,0.9134306377597954,5.1285,2.912328006366499,4.910532258064516,2.1823007683437456,0.21796774193548382,1.0503025682685683,1.0726814165613219,0.8830913978494623
valence,2,stimulus_only,43,6000,0.944024193548387,1.0671841158948046,0.9512079151757898,0.9297351591423159,0.9124512912188846,5.170166666666667,2.857774770496949,4.896201612903226,2.183258707698759,0.2739650537634409,1.0314189675076613,1.0671841158948046,0.944024193548387
valence,2,stimulus_only,44,6000,1.3194193548387096,1.5555690293917894,0.8127863412097325,0.8168311197342244,0.7713497360285717,5.621833333333333,2.285933063810536,4.892736559139785,2.1967887830438326,0.7290967741935483,1.3741225924434384,1.5555690293917894,1.3194193548387096
valence,2,stimulus_only,45,6000,0.7535483870967743,0.9420433728166536,0.9057423857423604,0.8765300289443875,0.9038176931546317,4.822,2.097216250175456,4.922150537634409,2.195075920271719,-0.10015053763440858,0.9367046418585293,0.9420433728166536,0.7535483870967743
valence,2,stimulus_only,46,6000,1.1162392473118279,1.3406149966335417,0.9031112166100393,0.8920403552085161,0.8625964094070749,4.530166666666666,2.8529090367942374,4.913271505376343,2.189568589559781,-0.3831048387096774,1.2847097928154758,1.3406149966335417,1.1162392473118279
valence,2,stimulus_only,47,6000,1.5491075268817203,1.8106338635571433,0.8306532636398556,0.8385918865006442,0.7772780166889938,4.871833333333333,3.154902001471502,4.905048387096774,2.182925588585993,-0.03321505376344085,1.810329182238236,1.8106338635571433,1.5491075268817203
valence,2,stimulus_only,48,6000,0.8382419354838709,1.0487620090600105,0.9150349905958843,0.911317571088175,0.8974943816661078,5.307,2.3961255531934604,4.899940860215055,2.1961434001839635,0.4070591397849462,0.9665426055612494,1.0487620090600105,0.8382419354838709
valence,2,stimulus_only,49,6000,1.1326774193548388,1.3342699732172147,0.8335173489929716,0.8341011018588546,0.7305888569854578,4.972833333333333,1.3096164726955581,4.919037634408602,2.211343180306482,0.053795698924731176,1.3331850524988142,1.3342699732172147,1.1326774193548388
valence,2,stimulus_only,50,6000,1.1576075268817203,1.289385412352964,0.9671218026481703,0.9575597235149326,0.8922001232141152,4.8838333333333335,3.2687416496600377,4.919897849462366,2.1762949426468947,-0.036064516129032324,1.2888809457296675,1.289385412352964,1.1576075268817203
valence,2,stimulus_only,52,6000,1.2355752688172041,1.512609361147533,0.7827950207849643,0.7590213900225804,0.7506404620631116,4.340166666666667,1.9945224922828577,4.916629032258064,2.205680305139607,-0.5764623655913979,1.3984556555314571,1.512609361147533,1.2355752688172041
valence,2,stimulus_only,53,6000,0.921760752688172,1.1196768501220662,0.9434778654683014,0.9109064103266159,0.8948548238468106,4.238333333333333,2.5837693180485153,4.915228494623656,2.1884326245976724,-0.6768951612903226,0.8919020065685578,1.1196768501220662,0.921760752688172
valence,2,stimulus_only,54,6000,1.0920618279569894,1.4422803495367083,0.8110394130429777,0.8335222089606469,0.8025241917394134,5.180166666666667,2.3750171870723147,4.900965053763441,2.1943449210003907,0.27920161290322587,1.414997903182887,1.4422803495367083,1.0920618279569894
valence,2,stimulus_only,55,6000,0.9998010752688172,1.3005438575286619,0.8349932851519389,0.8762182354094753,0.8051584686753334,5.3613333333333335,1.9014305725485277,4.89194623655914,2.2011841876229643,0.4693870967741935,1.2128850228844557,1.3005438575286619,0.9998010752688172
valence,2,stimulus_only,56,6000,0.8613306451612904,1.0944765425468121,0.9233952778437858,0.8852938035451525,0.9014128020423032,4.762333333333333,2.7057681390359787,4.920852150537635,2.191835167577876,-0.15851881720430117,1.0829361415971732,1.0944765425468121,0.8613306451612904
valence,2,stimulus_only,57,6000,1.1661048387096773,1.3082415224363995,0.9357380755837719,0.9189076863618504,0.8692596712788707,5.651666666666666,2.7820850494228644,4.8939274193548385,2.1855518666415272,0.757739247311828,1.0664553971498352,1.3082415224363995,1.1661048387096773
valence,2,stimulus_only,58,6000,0.8368629032258065,1.015862590942656,0.9058800491420724,0.8971144681598763,0.8966119831725468,5.222333333333333,2.2483107485893097,4.906900537634409,2.1970869382466574,0.31543279569892474,0.9656494990804303,1.015862590942656,0.8368629032258065
valence,2,stimulus_only,59,6000,1.1151532258064516,1.3894841451894717,0.8134807182193349,0.8316741144119775,0.8089191546859225,5.1325,2.283625133422734,4.909701612903226,2.1998500739845626,0.2227983870967742,1.3715054022642392,1.3894841451894717,1.1151532258064516
valence,2,stimulus_only,60,6000,1.0919327956989247,1.251077561905565,0.9362167879008741,0.9145548794943051,0.8875552734015165,5.0793333333333335,3.020381800736825,4.921728494623656,2.184522494693706,0.15760483870967734,1.2411107044574505,1.251077561905565,1.0919327956989247
valence,2,stimulus_only,61,6000,1.4899220430107525,1.799755988490145,0.9247315397464483,0.8782134815776086,0.797702140608593,6.0088333333333335,3.165136432902836,4.898524193548387,2.1819189983522014,1.1103091397849463,1.4164516342664695,1.799755988490145,1.4899220430107525
valence,2,stimulus_only,62,6000,1.1235591397849463,1.292434998006533,0.9020571057537886,0.8765269954304028,0.8611296792060269,5.501166666666666,2.6248806904103072,4.9059838709677415,2.187272752717352,0.5951827956989246,1.147233918508409,1.292434998006533,1.1235591397849463
valence,2,stimulus_only,63,6000,0.9264569892473119,1.1400965540772412,0.9175946240032523,0.9125706961203842,0.8942579809443186,4.875,2.742512534155496,4.902935483870968,2.184082378626894,-0.027935483870967753,1.1397542548109634,1.1400965540772412,0.9264569892473119
valence,2,stimulus_only,64,6000,0.9933897849462364,1.21857774136843,0.8785575304275841,0.848704952267693,0.8487548381346123,4.343333333333334,2.1595035437700854,4.91927688172043,2.196105155844138,-0.5759435483870967,1.073881157684529,1.21857774136843,0.9933897849462364
valence,2,stimulus_only,65,6000,0.8086424731182796,0.955085676249393,0.9459748515391974,0.9471458968389176,0.9247113798669029,4.974,2.7047471847352633,4.891798387096775,2.1894007590201054,0.08220161290322574,0.9515416668821542,0.955085676249393,0.8086424731182796
valence,2,stimulus_plus_fewshot_bias,1,6000,1.1271102150537635,1.3946849130767092,0.8331643155954905,0.8253105812366087,0.8316297071395101,4.459,2.474938181046145,4.4458817204301075,2.3296555916206647,0.013118279569892465,1.3946232170392525,1.3946849130767092,1.1271102150537635
valence,2,stimulus_plus_fewshot_bias,2,6000,1.4434811827956988,1.8953328050963052,0.7518770284303136,0.7517665433373021,0.743372857526748,4.518666666666666,2.836662044649583,4.541978494623655,2.4394429230758976,-0.023311827956989228,1.8951894366399187,1.8953328050963052,1.4434811827956988
valence,2,stimulus_plus_fewshot_bias,3,6000,1.211032258064516,1.4531765398663843,0.8371894638741445,0.8368347056413461,0.8297737144286667,4.722666666666667,2.648789576810929,4.673505376344086,2.320965034869312,0.04916129032258064,1.4523447330272024,1.4531765398663843,1.211032258064516
valence,2,stimulus_plus_fewshot_bias,5,6000,1.4732204301075271,1.82745069680532,0.7751953291447288,0.7674882342601823,0.7621307051404758,5.093333333333334,2.8807329314294687,5.130580645161291,2.3957322072551515,-0.037247311827957,1.8270710678613025,1.82745069680532,1.4732204301075271
valence,2,stimulus_plus_fewshot_bias,6,6000,1.1861048387096773,1.4362994315457411,0.8926006596599497,0.8850039688179897,0.858897300758192,4.795833333333333,3.0480293041388054,4.859338709677419,2.307754232635779,-0.06350537634408601,1.4348948129511152,1.4362994315457411,1.1861048387096773
valence,2,stimulus_plus_fewshot_bias,7,6000,0.7437741935483871,0.9304857558082515,0.9161926683819719,0.908190209636426,0.9004756649764983,4.756166666666667,1.8847754876612994,4.803112903225807,2.2682228532070243,-0.04694623655913981,0.929300700868662,0.9304857558082515,0.743774193548387
valence,2,stimulus_plus_fewshot_bias,8,6000,0.9756129032258065,1.2229134562047437,0.8913616582664899,0.8790920819786507,0.8796400742190428,5.249,2.6860750175674544,5.272032258064517,2.282508798909709,-0.02303225806451609,1.2226965430780776,1.2229134562047437,0.9756129032258065
valence,2,stimulus_plus_fewshot_bias,9,6000,1.0760698924731185,1.31253645705276,0.8596743813149683,0.8145650271322382,0.8548789009486669,5.410833333333334,2.5606085160020506,5.3802526881720425,2.3050992223493783,0.03058064516129032,1.3121801611189414,1.3125364570527602,1.0760698924731185
valence,2,stimulus_plus_fewshot_bias,10,6000,0.9748252688172044,1.2244293959420018,0.8665897214905063,0.8643068372800092,0.8647973524079338,4.870166666666667,2.419292590591078,4.9438655913978495,2.2869924220106004,-0.0736989247311828,1.2222093986467142,1.2244293959420018,0.9748252688172044
valence,2,stimulus_plus_fewshot_bias,11,6000,1.4746962365591396,1.8257284466504804,0.8156834396500335,0.8095221558686481,0.7857344235574527,4.800666666666666,3.1351660597522137,4.9263655913978495,2.3899210342252633,-0.1256989247311828,1.8213962065487563,1.8257284466504804,1.4746962365591398
valence,2,stimulus_plus_fewshot_bias,12,6000,1.1487876344086023,1.4316435809488368,0.7950798632350055,0.8135201086363668,0.7760619405683811,5.148833333333333,1.8924451481849847,5.148145161290323,2.360338254708193,0.0006881720430107615,1.4316434155512494,1.4316435809488368,1.148787634408602
valence,2,stimulus_plus_fewshot_bias,13,6000,0.9059623655913978,1.1471814020000033,0.8723015625720772,0.8784692777942504,0.8480354410865864,4.4275,1.824301807084928,4.341327956989248,2.307504462939377,0.08617204301075268,1.1439403603763818,1.1471814020000033,0.9059623655913978
valence,2,stimulus_plus_fewshot_bias,14,6000,0.8422661290322581,1.041341690549213,0.8931084318596053,0.8772237789584553,0.8928681854243917,4.605166666666666,2.228887608701305,4.573080645161291,2.2700375664254993,0.03208602150537632,1.0408472528185149,1.041341690549213,0.8422661290322581
valence,2,stimulus_plus_fewshot_bias,15,6000,1.1153145161290325,1.3846698652106992,0.813662717963083,0.8185629677378817,0.7779234349050556,4.753,1.7496640629941889,4.662827956989248,2.358834766465465,0.09017204301075264,1.3817306677793189,1.3846698652106992,1.1153145161290325
valence,2,stimulus_plus_fewshot_bias,16,6000,0.9088682795698924,1.1553553726512538,0.865161322360868,0.8257310713425653,0.8557973104225043,4.5385,1.9946222073365172,4.439618279569893,2.2953081127081494,0.09888172043010755,1.1511161724512862,1.1553553726512538,0.9088682795698924
valence,2,stimulus_plus_fewshot_bias,17,6000,1.2028655913978494,1.4561806122088274,0.8337561889500923,0.8303808472820604,0.8278364225049806,5.1555,2.623798725131179,5.118381720430107,2.3304197788792087,0.03711827956989247,1.4557074598608908,1.4561806122088274,1.2028655913978494
valence,2,stimulus_plus_fewshot_bias,18,6000,1.6908655913978494,2.168607972925458,0.6793083047463107,0.6681401677927816,0.6733131284619652,5.342,2.8548267898420736,5.320709677419355,2.499026247787618,0.02129032258064514,2.1685034614683643,2.168607972925458,1.6908655913978494
valence,2,stimulus_plus_fewshot_bias,19,6000,1.2839543010752688,1.635881454717398,0.7396508933489326,0.7546888976108121,0.7271244740808169,5.0965,2.0027117657482982,5.04497311827957,2.4069806776598868,0.0515268817204301,1.6350697582514575,1.635881454717398,1.2839543010752688
valence,2,stimulus_plus_fewshot_bias,20,6000,0.9350806451612904,1.1623583611623973,0.8757704465820878,0.8586900974657642,0.8751661947543097,4.4755,2.3595337992917162,4.421736559139785,2.2918802836206495,0.05376344086021504,1.1611143148678362,1.1623583611623973,0.9350806451612904
valence,2,stimulus_plus_fewshot_bias,21,6000,1.0605618279569893,1.3050478403458616,0.8937863570867998,0.8840886860169156,0.8730291931793227,4.760833333333333,2.853120976326723,4.72528494623656,2.296116122229586,0.03554838709677419,1.3045635966736984,1.3050478403458616,1.0605618279569893
valence,2,stimulus_plus_fewshot_bias,22,6000,1.1623655913978495,1.4221144360784788,0.7974294223937549,0.8071025036143513,0.7818801792305091,4.628833333333334,1.9328050355779693,4.701112903225806,2.3518188236206283,-0.07227956989247313,1.420276428403629,1.4221144360784788,1.1623655913978495
valence,2,stimulus_plus_fewshot_bias,23,6000,1.0274489247311827,1.2641603762244,0.866540284630645,0.8690941902138987,0.8625530679765139,5.118833333333333,2.5192681421838015,5.182854838709678,2.2970051739335178,-0.06402150537634407,1.2625381988934685,1.2641603762244,1.0274489247311827
valence,2,stimulus_plus_fewshot_bias,24,6000,1.022784946236559,1.3102624295951564,0.8300437309702619,0.8031946139841087,0.8258377040674585,4.375666666666667,2.1055975926615753,4.366397849462366,2.32889976625996,0.009268817204301068,1.3102296453050646,1.3102624295951564,1.0227849462365592
valence,2,stimulus_plus_fewshot_bias,25,6000,1.542287634408602,1.917024580510731,0.7385349333582963,0.7517239244447913,0.7315273016199754,4.843166666666667,2.78410427945666,4.9326720430107525,2.4350015290661555,-0.08950537634408602,1.9149339492232749,1.917024580510731,1.542287634408602
valence,2,stimulus_plus_fewshot_bias,26,6000,1.5629220430107524,1.9189547224588273,0.7414690445259042,0.7404340385849898,0.7348151250388173,4.5525,2.803196464157778,4.496822580645161,2.454608509987874,0.0556774193548387,1.9181468274928852,1.9189547224588273,1.5629220430107524
valence,2,stimulus_plus_fewshot_bias,27,6000,1.2981236559139786,1.6469341135897706,0.7775558530792733,0.7675923969323614,0.7765182593351603,5.162166666666667,2.5242560565221766,5.13102688172043,2.400861349827375,0.031139784946236527,1.6466396959563514,1.6469341135897706,1.2981236559139784
valence,2,stimulus_plus_fewshot_bias,28,6000,1.2625752688172043,1.6050015384516578,0.7542544709766367,0.7575191529700716,0.6918033112258672,4.835333333333334,1.5856286520564082,4.823161290322581,2.417442763452355,0.012172043010752687,1.6049553824954552,1.6050015384516578,1.2625752688172043
valence,2,stimulus_plus_fewshot_bias,29,6000,0.8604193548387096,1.0785363792986726,0.8876818191598128,0.8884822145210314,0.8872771791518644,5.3615,2.2587203788871255,5.425521505376344,2.283322569169581,-0.06402150537634407,1.0766345565325481,1.0785363792986724,0.8604193548387096
valence,2,stimulus_plus_fewshot_bias,30,6000,1.0280860215053762,1.248567180892928,0.8848123459243752,0.8413049598336412,0.8744079895786204,4.917166666666667,2.6740054797168153,4.880994623655914,2.293678124434059,0.03617204301075266,1.2480431036255686,1.248567180892928,1.0280860215053762
valence,2,stimulus_plus_fewshot_bias,31,6000,1.5628279569892474,1.8692466128783536,0.8666601633237897,0.8556674583895914,0.8051149305495153,5.5265,3.504468254956806,5.550456989247312,2.3763562969508194,-0.02395698924731182,1.8690930855426653,1.8692466128783534,1.5628279569892474
valence,2,stimulus_plus_fewshot_bias,32,6000,0.962244623655914,1.2012884024562227,0.8537061640729545,0.848471228672466,0.8497172267260087,4.505333333333334,2.0829398028320987,4.519720430107527,2.294270700852837,-0.014387096774193552,1.2012022466355254,1.2012884024562227,0.962244623655914
valence,2,stimulus_plus_fewshot_bias,33,6000,0.7952473118279569,0.9652900615250037,0.9062415899366689,0.8934446233119291,0.895710913291758,4.788666666666667,1.9472214962750272,4.823548387096774,2.267541952285854,-0.034881720430107496,0.9646596127436772,0.9652900615250037,0.7952473118279569
valence,2,stimulus_plus_fewshot_bias,34,6000,1.0145295698924732,1.313158758916311,0.8273198882003996,0.8306502244690653,0.8214493710448079,4.0645,2.0626858906128516,4.068607526881721,2.324434584511871,-0.004107526881720442,1.3131523347812857,1.313158758916311,1.0145295698924732
valence,2,stimulus_plus_fewshot_bias,35,6000,0.8756854838709678,1.0776988603068873,0.8848573825753976,0.8854205826325628,0.8841615537826417,4.690833333333333,2.195202945566132,4.671629032258064,2.281895747238695,0.019204301075268815,1.0775277390058107,1.0776988603068873,0.8756854838709678
valence,2,stimulus_plus_fewshot_bias,36,6000,0.9665403225806452,1.2157313031491852,0.9076135770625054,0.9021056324464021,0.887262480804635,4.661,2.8169272266070347,4.6503763440860215,2.274847221062721,0.0106236559139785,1.2156848849072022,1.215731303149185,0.9665403225806452
valence,2,stimulus_plus_fewshot_bias,37,6000,1.2723440860215054,1.5151536627511346,0.8700322289428775,0.8614634363123829,0.6780434818125461,4.714333333333333,1.1540051511535332,4.672655913978495,2.407690170052179,0.04167741935483873,1.5145803426903772,1.5151536627511346,1.2723440860215054
valence,2,stimulus_plus_fewshot_bias,38,6000,1.6093924731182796,1.9483211987271614,0.6309881917289067,0.6549878743034753,0.6113440140893648,4.684666666666667,1.9179585211596442,4.632387096774194,2.4668967728001414,0.0522795698924731,1.9476196599904976,1.9483211987271614,1.6093924731182796
valence,2,stimulus_plus_fewshot_bias,39,6000,1.1575053763440861,1.4312225698931758,0.8643036943965011,0.8438558006280804,0.846104532779242,4.709,2.8230572671012775,4.58747311827957,2.307791091922431,0.12152688172043011,1.426053737273226,1.4312225698931758,1.1575053763440861
valence,2,stimulus_plus_fewshot_bias,40,6000,1.4620672043010752,1.766703575472281,0.8397106490040905,0.8325522698729707,0.803509595081484,5.1241666666666665,3.2014188477749816,5.112016129032258,2.373968443026926,0.012150537634408588,1.766661792200685,1.766703575472281,1.4620672043010752
valence,2,stimulus_plus_fewshot_bias,41,6000,1.5564139784946238,1.9062150015551778,0.6622819751675678,0.6676852626789693,0.5467504774931707,5.150833333333333,1.3218986240337123,5.099478494623656,2.503366869391459,0.051354838709677435,1.9055231073632009,1.9062150015551778,1.5564139784946238
valence,2,stimulus_plus_fewshot_bias,42,6000,1.05669623655914,1.3012654097710685,0.9026301729436161,0.8544956589699868,0.8762098342216579,5.1285,2.912328006366499,5.116822580645161,2.279678590042622,0.011677419354838726,1.301213012747674,1.3012654097710685,1.05669623655914
valence,2,stimulus_plus_fewshot_bias,43,6000,1.0503655913978494,1.2723226277403097,0.9025291730866085,0.8832012943326255,0.8787795739644887,5.170166666666667,2.857774770496949,5.278661290322581,2.2749895572328587,-0.10849462365591396,1.2676883630047917,1.2723226277403097,1.0503655913978494
valence,2,stimulus_plus_fewshot_bias,44,6000,1.3604865591397848,1.6791294916739525,0.74241757910199,0.7679684476826664,0.7415247806142559,5.621833333333333,2.285933063810536,5.561123655913978,2.38305125771227,0.06070967741935482,1.6780316400106599,1.6791294916739525,1.3604865591397848
valence,2,stimulus_plus_fewshot_bias,45,6000,0.9426827956989249,1.1713012536395844,0.8621834793212776,0.8380110088726849,0.8584788385486043,4.822,2.097216250175456,4.819569892473119,2.301296196433797,0.002430107526881746,1.1712987327556834,1.1713012536395844,0.9426827956989249
valence,2,stimulus_plus_fewshot_bias,46,6000,1.2354086021505375,1.5711820152053082,0.8349859243084359,0.8383528322220393,0.8186711659099202,4.530166666666666,2.8529090367942374,4.482424731182795,2.33936802245992,0.04774193548387096,1.5704565044918841,1.571182015205308,1.2354086021505375
valence,2,stimulus_plus_fewshot_bias,47,6000,1.8438763440860215,2.2632473067448977,0.7032865555438198,0.7198279085939848,0.6855541361163846,4.871833333333333,3.154902001471502,4.814564516129032,2.516585609129638,0.057268817204301076,2.2625226306192063,2.2632473067448977,1.8438763440860215
valence,2,stimulus_plus_fewshot_bias,48,6000,0.9012903225806452,1.1602069319177193,0.8779076919532066,0.8677111834365775,0.8767285404078268,5.307,2.3961255531934604,5.318247311827957,2.2755432671080946,-0.011247311827957,1.1601524136278698,1.1602069319177193,0.9012903225806452
valence,2,stimulus_plus_fewshot_bias,49,6000,1.3609005376344085,1.6473710517793863,0.7681056402997749,0.7785642051613841,0.6422746681037578,4.972833333333333,1.3096164726955581,5.047586021505376,2.421914901789014,-0.07475268817204297,1.6456741529998502,1.6473710517793863,1.3609005376344085
valence,2,stimulus_plus_fewshot_bias,50,6000,1.3494247311827956,1.6179265190206875,0.8860302976087701,0.8867752956031254,0.8375371184540852,4.8838333333333335,3.2687416496600377,4.872155913978495,2.329744704938637,0.011677419354838701,1.6178843774595297,1.6179265190206875,1.3494247311827956
valence,2,stimulus_plus_fewshot_bias,52,6000,1.396513440860215,1.7365395817667573,0.7072594806901495,0.7024306213349447,0.694007266411927,4.340166666666667,1.9945224922828577,4.337758064516128,2.424234157813089,0.002408602150537644,1.7365379113852781,1.7365395817667573,1.396513440860215
valence,2,stimulus_plus_fewshot_bias,53,6000,0.8917043010752689,1.1096762569542549,0.9040274228717134,0.8798466667319258,0.8957544072859285,4.238333333333333,2.5837693180485153,4.318655913978495,2.2649493852430855,-0.08032258064516128,1.1067654124910604,1.1096762569542549,0.8917043010752689
valence,2,stimulus_plus_fewshot_bias,54,6000,1.4128198924731183,1.814967488665169,0.7167512070162552,0.7144783072896737,0.7164171548080803,5.180166666666667,2.3750171870723147,5.2048763440860215,2.4443226697199343,-0.02470967741935484,1.814799277262745,1.814967488665169,1.4128198924731183
valence,2,stimulus_plus_fewshot_bias,55,6000,1.2120618279569892,1.502379255376544,0.7741611343275348,0.8103154552866443,0.7556284650216141,5.3613333333333335,1.9014305725485277,5.391462365591398,2.370691360137754,-0.03012903225806451,1.5020771179939367,1.502379255376544,1.2120618279569892
valence,2,stimulus_plus_fewshot_bias,56,6000,1.109524193548387,1.3776186318667654,0.8612594767274492,0.8287717942735355,0.8507092924019226,4.762333333333333,2.7057681390359787,4.677666666666667,2.3203410749683884,0.08466666666666667,1.3750144182596828,1.3776186318667654,1.109524193548387
valence,2,stimulus_plus_fewshot_bias,57,6000,1.0463790322580644,1.2911579369199777,0.8885103171858785,0.8757130175217089,0.8710955049761664,5.651666666666666,2.7820850494228644,5.640741935483871,2.2787337053419066,0.010924731182795678,1.2911117179857199,1.2911579369199777,1.0463790322580644
valence,2,stimulus_plus_fewshot_bias,58,6000,0.9828360215053763,1.2085260918889071,0.8597348441584065,0.8443639221183279,0.8592694410491953,5.222333333333333,2.2483107485893097,5.175408602150537,2.306758638574431,0.04692473118279569,1.2076147499843224,1.2085260918889071,0.9828360215053764
valence,2,stimulus_plus_fewshot_bias,59,6000,1.3161209677419357,1.7074073931168463,0.7365827900902996,0.7504932238380831,0.7350763216511361,5.1325,2.283625133422734,5.043532258064516,2.4044159199938364,0.0889677419354839,1.7050879000699544,1.7074073931168465,1.3161209677419354
valence,2,stimulus_plus_fewshot_bias,60,6000,1.2866639784946237,1.5545983660111633,0.8623568120938347,0.8480234353547841,0.8340597706870828,5.0793333333333335,3.020381800736825,5.017333333333333,2.3318631714176323,0.06199999999999998,1.553361541819733,1.5545983660111633,1.2866639784946237
valence,2,stimulus_plus_fewshot_bias,61,6000,1.4552634408602152,1.7745175473955077,0.8322483230635973,0.809807651754511,0.7991275832350422,6.0088333333333335,3.165136432902836,5.9455,2.3778313777391378,0.06333333333333334,1.7733869896058945,1.7745175473955077,1.455263440860215
valence,2,stimulus_plus_fewshot_bias,62,6000,1.1618521505376345,1.4409244639422893,0.8377125861403045,0.8298838261863632,0.8319059483516807,5.501166666666666,2.6248806904103072,5.550822580645161,2.3365211134758335,-0.049655913978494615,1.4400686098218844,1.4409244639422893,1.1618521505376345
valence,2,stimulus_plus_fewshot_bias,63,6000,1.1128897849462365,1.4232680050090891,0.8564951507088497,0.8523884997173153,0.8425090591776426,4.875,2.742512534155496,4.7332580645161295,2.3066879657077966,0.14174193548387098,1.4161924437758588,1.4232680050090891,1.1128897849462365
valence,2,stimulus_plus_fewshot_bias,64,6000,1.0692311827956988,1.3604599927154772,0.8203341182071735,0.8074024250374894,0.8176304672483387,4.343333333333334,2.1595035437700854,4.332623655913978,2.3420795356306314,0.010709677419354828,1.3604178382353598,1.3604599927154772,1.0692311827956988
valence,2,stimulus_plus_fewshot_bias,65,6000,1.0221666666666664,1.2364328681437953,0.891680580368857,0.8904266292502856,0.8787289667189279,4.974,2.7047471847352633,5.102322580645161,2.2965344588019563,-0.12832258064516128,1.2297558915178484,1.2364328681437953,1.0221666666666664
valence,2,stimulus_plus_fewshot_bias_shrink4,1,6000,0.9800340501792114,1.1954187158373104,0.8837287247788045,0.878231134461194,0.871218411418222,4.459,2.474938181046145,4.753811827956989,2.2100395510040007,-0.29481182795698924,1.1584955296723345,1.1954187158373104,0.9800340501792114
valence,2,stimulus_plus_fewshot_bias_shrink4,2,6000,1.1980116487455197,1.5789863172956757,0.8379803043638571,0.8047984362755194,0.8085846872068598,4.518666666666666,2.836662044649583,4.784801075268817,2.215308244470603,-0.26613440860215054,1.5563965647497888,1.5789863172956757,1.1980116487455197
valence,2,stimulus_plus_fewshot_bias_shrink4,3,6000,1.066820788530466,1.227517213705513,0.8889611877256621,0.8778335266164926,0.8732385077471857,4.722666666666667,2.648789576810929,4.834607526881721,2.204146533272593,-0.11194086021505385,1.2224024516327099,1.227517213705513,1.066820788530466
valence,2,stimulus_plus_fewshot_bias_shrink4,5,6000,1.2541048387096774,1.5379909448287736,0.8506406672648241,0.8307840475108158,0.8205156114100827,5.093333333333334,2.8807329314294687,4.9836451612903225,2.206422060078974,0.10968817204301073,1.5340745259892579,1.5379909448287736,1.2541048387096774
valence,2,stimulus_plus_fewshot_bias_shrink4,6,6000,1.05275,1.1962319167482711,0.9482013969083458,0.9384523395981633,0.898588156665281,4.795833333333333,3.0480293041388054,4.886516129032257,2.193577891470878,-0.09068279569892479,1.192789767398878,1.1962319167482711,1.05275
valence,2,stimulus_plus_fewshot_bias_shrink4,7,6000,0.6331989247311828,0.7934995805211247,0.9388808664192543,0.9375467891101805,0.9254477710539862,4.756166666666667,1.8847754876612994,4.882978494623656,2.2084347648745344,-0.12681182795698928,0.7833009284926246,0.7934995805211246,0.6331989247311828
valence,2,stimulus_plus_fewshot_bias_shrink4,8,6000,0.8108996415770608,1.0256020181596461,0.9356050511538794,0.9223231074822822,0.9128106893708027,5.249,2.6860750175674544,5.02813440860215,2.190960337846757,0.22086559139784948,1.00153776273769,1.0256020181596461,0.8108996415770607
valence,2,stimulus_plus_fewshot_bias_shrink4,9,6000,0.923600358422939,1.154050316828816,0.903902952875474,0.847819264331399,0.8845927784501237,5.410833333333334,2.5606085160020506,5.064016129032258,2.2052859316475453,0.34681720430107527,1.1007043020600387,1.154050316828816,0.923600358422939
valence,2,stimulus_plus_fewshot_bias_shrink4,10,6000,0.816505376344086,1.0370254947717377,0.9037529667700593,0.9002380719254678,0.8995541660015843,4.870166666666667,2.419292590591078,4.9223333333333334,2.2024503661054022,-0.0521666666666667,1.0357125642259324,1.0370254947717377,0.816505376344086
valence,2,stimulus_plus_fewshot_bias_shrink4,11,6000,1.2417051971326165,1.507727750238858,0.8997209039409111,0.8787291451392968,0.8450817247737281,4.800666666666666,3.1351660597522137,4.9146720430107536,2.1980803194322136,-0.11400537634408606,1.5034113685232566,1.507727750238858,1.2417051971326165
valence,2,stimulus_plus_fewshot_bias_shrink4,12,6000,0.9671962365591399,1.2092833796699332,0.843051279350685,0.8500395591315006,0.8293246561354494,5.148833333333333,1.8924451481849847,4.98258064516129,2.2269100275065714,0.16625268817204297,1.1978006244870243,1.2092833796699332,0.9671962365591399
valence,2,stimulus_plus_fewshot_bias_shrink4,13,6000,0.8124740143369175,1.005384261224649,0.9048781710571707,0.9153183909553849,0.8788238858022885,4.4275,1.824301807084928,4.716086021505376,2.2204050148677195,-0.28858602150537643,0.9630761241511139,1.005384261224649,0.8124740143369175
valence,2,stimulus_plus_fewshot_bias_shrink4,14,6000,0.7339749103942652,0.8914782883275234,0.9232648876831856,0.9055068424314786,0.919326196842729,4.605166666666666,2.228887608701305,4.80818817204301,2.200463458334645,-0.20302150537634406,0.8680528825561805,0.8914782883275234,0.7339749103942652
valence,2,stimulus_plus_fewshot_bias_shrink4,15,6000,0.8997930107526881,1.1451545099249014,0.8613330969222169,0.8525064742416377,0.8364438108741972,4.753,1.7496640629941889,4.82839247311828,2.2250622307120094,-0.07539247311827962,1.1426700427500718,1.1451545099249014,0.8997930107526881
valence,2,stimulus_plus_fewshot_bias_shrink4,16,6000,0.754668458781362,0.9966835324906435,0.8981124478296192,0.8529425917023904,0.8885366904499026,4.5385,1.9946222073365172,4.758811827956989,2.210225759207758,-0.22031182795698925,0.9720291983270243,0.9966835324906435,0.754668458781362
valence,2,stimulus_plus_fewshot_bias_shrink4,17,6000,1.032576164874552,1.2283280103952352,0.887577793416005,0.8837624510616445,0.8718674976272897,5.1555,2.623798725131179,4.975586021505376,2.2042099103820574,0.17991397849462365,1.2150805164530263,1.2283280103952352,1.032576164874552
valence,2,stimulus_plus_fewshot_bias_shrink4,18,6000,1.4519525089605734,1.836262978264271,0.772939593478197,0.7482573163334578,0.74441337306133,5.342,2.8548267898420736,5.041005376344086,2.2253098123985704,0.3009946236559139,1.8114259471129934,1.836262978264271,1.4519525089605734
valence,2,stimulus_plus_fewshot_bias_shrink4,19,6000,1.0585537634408602,1.3645116487381643,0.7996335075805552,0.8032638472046637,0.7932274281764432,5.0965,2.0027117657482982,4.953521505376344,2.230077002667213,0.1429784946236559,1.3570000698663567,1.3645116487381643,1.0585537634408602
valence,2,stimulus_plus_fewshot_bias_shrink4,20,6000,0.7568862007168458,0.993855101205483,0.914863512781869,0.8979518372054636,0.905916778026478,4.4755,2.3595337992917162,4.755069892473118,2.2029759605486463,-0.2795698924731183,0.9537235644644259,0.993855101205483,0.7568862007168458
valence,2,stimulus_plus_fewshot_bias_shrink4,21,6000,0.9037177419354839,1.0831129308335474,0.9415488151033519,0.9299968984968884,0.9095732987693484,4.760833333333333,2.853120976326723,4.856709677419355,2.1963192733006074,-0.0958763440860215,1.0788611345226666,1.0831129308335474,0.9037177419354839
valence,2,stimulus_plus_fewshot_bias_shrink4,22,6000,1.0177060931899642,1.2184591398376106,0.8429348400028541,0.8494883455266845,0.830003665296693,4.628833333333334,1.9328050355779693,4.849822580645162,2.2245918619423004,-0.22098924731182798,1.1982514043498391,1.2184591398376106,1.0177060931899642
valence,2,stimulus_plus_fewshot_bias_shrink4,23,6000,0.8571460573476702,1.0648471028867494,0.9082071751286781,0.910446082158966,0.8988009492006448,5.118833333333333,2.5192681421838015,4.9980161290322584,2.2007579105708093,0.12081720430107529,1.0579709616389175,1.0648471028867494,0.8571460573476702
valence,2,stimulus_plus_fewshot_bias_shrink4,24,6000,0.8826048387096774,1.1461374631860008,0.8745223148937152,0.8392574808586142,0.8614291455699188,4.375666666666667,2.1055975926615753,4.735430107526882,2.21740394882976,-0.3597634408602151,1.0882101594539815,1.1461374631860008,0.8826048387096774
valence,2,stimulus_plus_fewshot_bias_shrink4,25,6000,1.3056648745519712,1.5960074663483286,0.820236142221681,0.8368416073009222,0.7988838956327915,4.843166666666667,2.78410427945666,4.922430107526881,2.215400556590557,-0.07926344086021506,1.594037998161465,1.5960074663483286,1.3056648745519712
valence,2,stimulus_plus_fewshot_bias_shrink4,26,6000,1.2942589605734764,1.5783219018991557,0.8309453375041292,0.8079469045814037,0.8057197714820098,4.5525,2.803196464157778,4.767844086021505,2.2176376889086558,-0.21534408602150545,1.5635622631127073,1.5783219018991557,1.2942589605734767
valence,2,stimulus_plus_fewshot_bias_shrink4,27,6000,1.0479229390681002,1.3470611991098624,0.8491407386506199,0.831353367227027,0.8397236456350053,5.162166666666667,2.5242560565221766,4.984494623655913,2.217678065512349,0.17767204301075268,1.3352926717688844,1.3470611991098624,1.0479229390681002
valence,2,stimulus_plus_fewshot_bias_shrink4,28,6000,1.0388494623655913,1.3220723163132186,0.8134270004861088,0.8114833366476871,0.7674502785254086,4.835333333333334,1.5856286520564082,4.876467741935484,2.236118334487923,-0.04113440860215061,1.3214322419219044,1.3220723163132186,1.0388494623655913
valence,2,stimulus_plus_fewshot_bias_shrink4,29,6000,0.7025734767025089,0.9350871733355222,0.9210020680353498,0.9188564883372261,0.9130412148882812,5.3615,2.2587203788871255,5.071327956989247,2.2066225233999157,0.2901720430107527,0.888925310243545,0.9350871733355222,0.702573476702509
valence,2,stimulus_plus_fewshot_bias_shrink4,30,6000,0.8579005376344084,1.0210724959990796,0.9306910095085328,0.8698690417124806,0.9129195759064022,4.917166666666667,2.6740054797168153,4.906962365591398,2.195974704879071,0.010204301075268795,1.021021505319724,1.0210724959990796,0.8579005376344084
valence,2,stimulus_plus_fewshot_bias_shrink4,31,6000,1.4240681003584228,1.621540707238944,0.9518382537361706,0.9090161866571933,0.8476516477644129,5.5265,3.504468254956806,5.115456989247312,2.192906323219327,0.4110430107526881,1.568578308068915,1.621540707238944,1.4240681003584228
valence,2,stimulus_plus_fewshot_bias_shrink4,32,6000,0.8646335125448028,1.053799072252538,0.8897404065040008,0.8793891080964146,0.8805239182892407,4.505333333333334,2.0829398028320987,4.789290322580645,2.208034126786225,-0.2839569892473119,1.0148206309185441,1.0537990722525379,0.8646335125448028
valence,2,stimulus_plus_fewshot_bias_shrink4,33,6000,0.6996702508960574,0.8245672212982931,0.9301365992561051,0.9234653638753519,0.9216902528894617,4.788666666666667,1.9472214962750272,4.889784946236559,2.2091704314650706,-0.10111827956989249,0.8183435684212428,0.8245672212982931,0.6996702508960574
valence,2,stimulus_plus_fewshot_bias_shrink4,34,6000,0.986747311827957,1.244302700204106,0.8697055572828741,0.8770184328530236,0.8371018045818509,4.0645,2.0626858906128516,4.640973118279569,2.217577228546541,-0.5764731182795699,1.1027093695241093,1.244302700204106,0.986747311827957
valence,2,stimulus_plus_fewshot_bias_shrink4,35,6000,0.7455824372759856,0.9055184277319772,0.9175391859710541,0.9158713240426168,0.9155574359976858,4.690833333333333,2.195202945566132,4.835177419354839,2.2069346571051613,-0.14434408602150536,0.8939398233621816,0.9055184277319772,0.7455824372759856
valence,2,stimulus_plus_fewshot_bias_shrink4,36,6000,0.854378136200717,1.034769709844023,0.946955263428111,0.9428172130047605,0.9162419064613776,4.661,2.8169272266070347,4.829731182795699,2.1955114035592587,-0.16873118279569893,1.0209202419205174,1.034769709844023,0.854378136200717
valence,2,stimulus_plus_fewshot_bias_shrink4,37,6000,1.1348252688172042,1.263417475761631,0.9245035638553323,0.9197121720661892,0.7501205447299953,4.714333333333333,1.1540051511535332,4.82908064516129,2.245680338933956,-0.11474731182795699,1.2581958402761269,1.263417475761631,1.1348252688172042
valence,2,stimulus_plus_fewshot_bias_shrink4,38,6000,1.409078853046595,1.6519136697786097,0.6969096563554725,0.7214145843214094,0.687134652575279,4.684666666666667,1.9179585211596442,4.81660752688172,2.241885316533419,-0.13194086021505377,1.6466360805615625,1.6519136697786097,1.409078853046595
valence,2,stimulus_plus_fewshot_bias_shrink4,39,6000,0.996804659498208,1.2010140042470374,0.9163496588842853,0.8886447923652363,0.887297650699248,4.709,2.8230572671012775,4.814973118279569,2.194934673721354,-0.10597311827956987,1.196329526760753,1.2010140042470374,0.9968046594982077
valence,2,stimulus_plus_fewshot_bias_shrink4,40,6000,1.2515618279569893,1.4708017630018173,0.9195664596770126,0.9020906759182038,0.8567034519751129,5.1241666666666665,3.2014188477749816,4.974784946236559,2.196582181843704,0.14938172043010747,1.463196134375223,1.4708017630018173,1.2515618279569893
valence,2,stimulus_plus_fewshot_bias_shrink4,41,6000,1.2917034050179212,1.5840545233957481,0.7309390231260696,0.7521771489922747,0.6345976459201965,5.150833333333333,1.3218986240337123,4.965580645161291,2.2550598522346066,0.18525268817204305,1.5731847236149867,1.584054523395748,1.2917034050179212
valence,2,stimulus_plus_fewshot_bias_shrink4,42,6000,0.9003342293906811,1.0983535500327137,0.9481671239253303,0.8844951017698378,0.9092639663603578,5.1285,2.912328006366499,4.979295698924731,2.188967586084778,0.14920430107526877,1.0881721359279997,1.0983535500327137,0.900334229390681
valence,2,stimulus_plus_fewshot_bias_shrink4,43,6000,0.9388942652329748,1.0769582594834735,0.9446726000689569,0.9241423070801338,0.9106768892558328,5.170166666666667,2.857774770496949,5.023688172043012,2.1900745897559397,0.14647849462365595,1.066950394012046,1.0769582594834735,0.9388942652329748
valence,2,stimulus_plus_fewshot_bias_shrink4,44,6000,1.25261917562724,1.5072717761927354,0.8018444430053205,0.8046309635115295,0.7817648488479484,5.621833333333333,2.285933063810536,5.115532258064516,2.2199896031258906,0.5063010752688172,1.4196927232640317,1.5072717761927354,1.25261917562724
valence,2,stimulus_plus_fewshot_bias_shrink4,45,6000,0.7772777777777776,0.9744957206008157,0.8993403195860741,0.8674684294299512,0.8977038432116228,4.822,2.097216250175456,4.887956989247312,2.2092067684153536,-0.06595698924731179,0.9722610683549624,0.9744957206008156,0.7772777777777776
valence,2,stimulus_plus_fewshot_bias_shrink4,46,6000,1.0838978494623654,1.349004953429521,0.8933008401967256,0.8828278107964714,0.8606235507137622,4.530166666666666,2.8529090367942374,4.769655913978495,2.2046276798034787,-0.23948924731182797,1.3275764628824205,1.349004953429521,1.0838978494623654
valence,2,stimulus_plus_fewshot_bias_shrink4,47,6000,1.5733252688172041,1.878852241903859,0.8104065769735701,0.8173244773939533,0.7627652674836929,4.871833333333333,3.154902001471502,4.874887096774194,2.219622227076989,-0.003053763440860228,1.8788497602086238,1.878852241903859,1.5733252688172041
valence,2,stimulus_plus_fewshot_bias_shrink4,48,6000,0.8047858422939068,1.030699568344235,0.9096987302637045,0.9043313012504522,0.900471113629445,5.307,2.3961255531934604,5.039376344086022,2.2046907210300497,0.26762365591397846,0.9953487725316332,1.030699568344235,0.8047858422939068
valence,2,stimulus_plus_fewshot_bias_shrink4,49,6000,1.1646666666666667,1.3803142556002252,0.8241561950680998,0.8263571787975239,0.7176521159736379,4.972833333333333,1.3096164726955581,4.961887096774193,2.2433742294272214,0.010946236559139797,1.3802708517238182,1.3803142556002252,1.1646666666666667
valence,2,stimulus_plus_fewshot_bias_shrink4,50,6000,1.176766129032258,1.3389854025765553,0.9565866379755282,0.9509481306937287,0.8840632041116363,4.8838333333333335,3.2687416496600377,4.903983870967743,2.1861441927170415,-0.020150537634408654,1.3388337701694502,1.3389854025765553,1.176766129032258
valence,2,stimulus_plus_fewshot_bias_shrink4,52,6000,1.2004094982078852,1.499409584346534,0.7707872815127956,0.7521369262457432,0.7534754456516926,4.340166666666667,1.9945224922828577,4.723672043010753,2.2348378236500994,-0.383505376344086,1.4495353489809852,1.499409584346534,1.2004094982078852
valence,2,stimulus_plus_fewshot_bias_shrink4,53,6000,0.836581541218638,1.040649788085762,0.9379910107390178,0.9054503920625574,0.907621626355371,4.238333333333333,2.5837693180485153,4.716370967741936,2.1951354073790306,-0.47803763440860214,0.9243549110228003,1.040649788085762,0.836581541218638
valence,2,stimulus_plus_fewshot_bias_shrink4,54,6000,1.1193198924731185,1.486977086923499,0.7958836106205263,0.7965045483021912,0.7918147520312813,5.180166666666667,2.3750171870723147,5.0022688172043015,2.2245177504458784,0.17789784946236561,1.4762971286946815,1.486977086923499,1.1193198924731185
valence,2,stimulus_plus_fewshot_bias_shrink4,55,6000,1.0000931899641579,1.2925140216811344,0.825741557310804,0.8625628489664383,0.8070187164248682,5.3613333333333335,1.9014305725485277,5.058451612903226,2.2247659677558316,0.30288172043010747,1.256525033444077,1.2925140216811344,1.0000931899641576
valence,2,stimulus_plus_fewshot_bias_shrink4,56,6000,0.8922356630824373,1.130171439497988,0.9145303649222607,0.873188677667184,0.8951654005703331,4.762333333333333,2.7057681390359787,4.839790322580646,2.203781838589599,-0.07745698924731191,1.1275140342690624,1.130171439497988,0.8922356630824373
valence,2,stimulus_plus_fewshot_bias_shrink4,57,6000,1.046586917562724,1.211982531931089,0.929242813662124,0.9110897807213362,0.8853345493141193,5.651666666666666,2.7820850494228644,5.142865591397849,2.1935015308417944,0.5088010752688171,1.1000105106367795,1.211982531931089,1.046586917562724
valence,2,stimulus_plus_fewshot_bias_shrink4,58,6000,0.8376084229390681,1.0274723678529525,0.8990905288431406,0.8861821450547379,0.8943738187160641,5.222333333333333,2.2483107485893097,4.996403225806452,2.2110473619365982,0.2259301075268817,1.002324824203334,1.0274723678529525,0.8376084229390681
valence,2,stimulus_plus_fewshot_bias_shrink4,59,6000,1.1315331541218638,1.4330535511084532,0.8014000321213888,0.8132323266441357,0.7986379990637883,5.1325,2.283625133422734,4.954311827956989,2.225323354448381,0.17818817204301074,1.4219322964503334,1.4330535511084532,1.1315331541218638
valence,2,stimulus_plus_fewshot_bias_shrink4,60,6000,1.1136568100358422,1.2945774744603136,0.9260761881804748,0.9042201118248112,0.879959486841266,5.0793333333333335,3.020381800736825,4.9535967741935485,2.1961012980616657,0.1257365591397849,1.2884568891025152,1.2945774744603136,1.1136568100358422
valence,2,stimulus_plus_fewshot_bias_shrink4,61,6000,1.3663682795698926,1.655962833991623,0.9117047907035896,0.870070027150428,0.8223148109639361,6.0088333333333335,3.165136432902836,5.247516129032258,2.1989299123555437,0.7613172043010753,1.4705811851090584,1.655962833991623,1.3663682795698924
valence,2,stimulus_plus_fewshot_bias_shrink4,62,6000,1.0593431899641577,1.2508864644906432,0.89255515782319,0.8714152426191433,0.868458538294805,5.501166666666666,2.6248806904103072,5.120930107526881,2.2046902649540514,0.3802365591397849,1.1916950558508825,1.2508864644906432,1.0593431899641577
valence,2,stimulus_plus_fewshot_bias_shrink4,63,6000,0.9408969534050179,1.1818790436274573,0.9089784578070107,0.9007410558822554,0.8867801899190523,4.875,2.742512534155496,4.846376344086021,2.194357670947209,0.02862365591397847,1.1815323779261706,1.1818790436274573,0.9408969534050179
valence,2,stimulus_plus_fewshot_bias_shrink4,64,6000,0.9421290322580644,1.1805323622350192,0.8697791117861806,0.8430268913661061,0.8565471261874654,4.343333333333334,2.1595035437700854,4.723725806451613,2.2151590432035175,-0.3803924731182796,1.117567995550675,1.1805323622350192,0.9421290322580644
valence,2,stimulus_plus_fewshot_bias_shrink4,65,6000,0.8393172043010751,0.9944203330397375,0.9383963484410689,0.9417961456180548,0.9186146046467151,4.974,2.7047471847352633,4.96197311827957,2.1987906301683706,0.012026881720430064,0.9943476016358391,0.9944203330397375,0.8393172043010751
valence,4,stimulus_only,1,5600,1.0020535714285714,1.2114812012495781,0.8898880514539278,0.883439988091097,0.8670042612462444,4.471964285714286,2.4631425337526918,4.924783986175115,2.1825386834555713,-0.4528197004608294,1.1236730039721012,1.2114812012495781,1.0020535714285714
valence,4,stimulus_only,2,5600,1.212456797235023,1.5562523898907217,0.8504814460202895,0.7993218252397423,0.8131806288732312,4.5319642857142854,2.831401671839571,4.92666762672811,2.1889148022562077,-0.3947033410138249,1.5053673218298274,1.5562523898907217,1.212456797235023
valence,4,stimulus_only,3,5600,1.0501670506912442,1.1918691481450407,0.8986112459802204,0.8935260601776832,0.8803716765292016,4.707678571428572,2.6463070569268443,4.908018433179723,2.1980983573400095,-0.20033986175115218,1.1749110630569082,1.1918691481450407,1.0501670506912442
valence,4,stimulus_only,5,5600,1.2279061059907832,1.4968134696847109,0.8634577822304716,0.8407696740789545,0.8294073855582954,5.077678571428572,2.884354651187425,4.900394585253457,2.1868715564859045,0.1772839861751152,1.4862775485337334,1.4968134696847109,1.2279061059907832
valence,4,stimulus_only,6,5600,1.0463997695852534,1.1588763793491301,0.9560172235351024,0.948477038543649,0.9044566873048746,4.81875,3.047277217041469,4.915639400921659,2.18199637183086,-0.09688940092165906,1.1548189930038348,1.1588763793491301,1.0463997695852534
valence,4,stimulus_only,7,5600,0.6249078341013825,0.7751583490051608,0.9425994242305471,0.944175610449705,0.928597394671287,4.763571428571429,1.8870313311913927,4.934308755760369,2.196635427237614,-0.17073732718894016,0.7561211749030597,0.7751583490051608,0.6249078341013825
valence,4,stimulus_only,8,5600,0.8287528801843317,1.021735797946665,0.9429448722951328,0.9283670685300734,0.9141112178797511,5.239464285714286,2.6921140920174196,4.896016705069124,2.188416866490586,0.34344758064516134,0.9622825989046533,1.021735797946665,0.8287528801843317
valence,4,stimulus_only,9,5600,0.9281941244239632,1.1696530487381618,0.912769297408883,0.8705191064329222,0.8822747753572139,5.390892857142857,2.5629689653001724,4.890740207373272,2.1913617799795526,0.5001526497695852,1.057324728430646,1.1696530487381618,0.9281941244239632
valence,4,stimulus_only,10,5600,0.7948358294930875,1.004179448985503,0.910217118318859,0.9015378778795625,0.9055592048594568,4.859107142857143,2.422875930425389,4.896702188940092,2.1921673369212,-0.03759504608294938,1.003475449761901,1.004179448985503,0.7948358294930875
valence,4,stimulus_only,11,5600,1.205129608294931,1.447945556229264,0.913586960834613,0.8912529575095722,0.8559585244481362,4.8219642857142855,3.1308801362070566,4.921051267281106,2.177826586020895,-0.09908698156682029,1.4445511773170412,1.447945556229264,1.205129608294931
valence,4,stimulus_only,12,5600,0.9497206221198157,1.1816228584155992,0.8509161776539421,0.8625962508851425,0.8351763574066116,5.168035714285714,1.8871216930655996,4.929369239631336,2.2029252869583336,0.23866647465437787,1.1572687213462145,1.1816228584155992,0.9497206221198157
valence,4,stimulus_only,13,5600,0.8735282258064517,1.0509359082558192,0.9099311837539495,0.9221317037783479,0.8682444389176824,4.434107142857143,1.8183433166186842,4.922785138248848,2.1994347830695267,-0.48867799539170514,0.9304085662124078,1.0509359082558192,0.8735282258064517
valence,4,stimulus_only,14,5600,0.7542597926267283,0.8995495100436501,0.9286907189564356,0.9105538821199195,0.9185280875780413,4.592678571428571,2.2335070045873633,4.920555875576036,2.199106454074907,-0.3278773041474654,0.8376668755804788,0.8995495100436501,0.7542597926267283
valence,4,stimulus_only,15,5600,0.8527160138248848,1.1094769814489602,0.8705120476165006,0.8621459979530207,0.845693895780855,4.739642857142857,1.7561320771653197,4.896471774193548,2.206504026490464,-0.1568289170506913,1.0983368623249443,1.1094769814489602,0.8527160138248848
valence,4,stimulus_only,16,5600,0.7773271889400923,1.0209337979666133,0.9037011918258944,0.8524301646014032,0.8839911694425788,4.5175,1.9966170049074796,4.9102131336405535,2.200910712260876,-0.392713133640553,0.9423811407794358,1.0209337979666133,0.7773271889400923
valence,4,stimulus_only,17,5600,1.0025316820276498,1.1883482316317961,0.8997661180029156,0.8947549740348251,0.8806352248727012,5.1553571428571425,2.6343486347846667,4.90855702764977,2.1977305066476025,0.24680011520737327,1.1624376210171643,1.1883482316317961,1.0025316820276498
valence,4,stimulus_only,18,5600,1.4469959677419355,1.8026512881837535,0.7892773784802634,0.7919072086559941,0.7519813485575111,5.319464285714286,2.8496703566520867,4.890198732718894,2.1902409654517143,0.42926555299539165,1.7507948914142129,1.8026512881837535,1.4469959677419355
valence,4,stimulus_only,19,5600,1.0279205069124424,1.3193545570290282,0.8118114919188831,0.8099561034967828,0.805087088103248,5.086607142857143,2.00984165757415,4.8954550691244245,2.203323470601224,0.19115207373271886,1.3054337715337934,1.3193545570290282,1.0279205069124424
valence,4,stimulus_only,20,5600,0.7603513824884792,1.026285057392827,0.920542058006491,0.9024828034646792,0.9006007602191304,4.479821428571428,2.3616625432335256,4.928928571428571,2.1947941045554127,-0.44910714285714287,0.9228021419906286,1.026285057392827,0.7603513824884792
valence,4,stimulus_only,21,5600,0.9009792626728111,1.056291761572356,0.9488575555358677,0.9382186659760041,0.91402515403426,4.7491071428571425,2.8581492368224897,4.910034562211981,2.1869487673695507,-0.16092741935483873,1.0439610391510896,1.056291761572356,0.9009792626728111
valence,4,stimulus_only,22,5600,1.00628168202765,1.1912472173036794,0.8515757550709548,0.8456257619132638,0.8364243399373279,4.629642857142857,1.9351024006549133,4.918240207373271,2.2016817549658225,-0.2885973502304147,1.1557601404157105,1.1912472173036794,1.00628168202765
valence,4,stimulus_only,23,5600,0.8427160138248847,1.045017115596391,0.9141670922134066,0.9101654912769531,0.9019070360857759,5.11375,2.5108529160568978,4.902629608294931,2.187227072616802,0.21112039170506913,1.0234690772542663,1.045017115596391,0.8427160138248847
valence,4,stimulus_only,24,5600,0.9465236175115207,1.18305028200359,0.8821680809491471,0.8479694746186107,0.8536284426450457,4.364285714285714,2.1036047778098648,4.912191820276498,2.1992424328790756,-0.5479061059907835,1.048526045821843,1.18305028200359,0.9465236175115207
valence,4,stimulus_only,25,5600,1.270708525345622,1.5411534480699816,0.8334747221505119,0.8648018671598061,0.8103043708305625,4.8325,2.7775530405119437,4.8985311059907835,2.1912797841415763,-0.06603110599078342,1.539738238643058,1.5411534480699816,1.270708525345622
valence,4,stimulus_only,26,5600,1.297358870967742,1.546847938324609,0.8459507587469006,0.8260829157869849,0.8127945233100454,4.54125,2.800461417657046,4.90376440092166,2.1925665831420176,-0.36251440092165904,1.5037692154793911,1.546847938324609,1.297358870967742
valence,4,stimulus_only,27,5600,1.0394614055299538,1.304994404791203,0.8613093862831164,0.8565758388590244,0.8486118740626531,5.139464285714285,2.5240301671015692,4.898706797235023,2.1955881276931475,0.24075748847926262,1.28259355537033,1.304994404791203,1.0394614055299538
valence,4,stimulus_only,28,5600,1.0209331797235024,1.2788317190432208,0.8224213501188494,0.8235613205456015,0.7787598244845368,4.8394642857142856,1.5855755147611872,4.916491935483871,2.207267867486385,-0.07702764976958534,1.27650981461249,1.2788317190432208,1.0209331797235024
valence,4,stimulus_only,29,5600,0.7401296082949308,0.9795475425989717,0.9257855021248558,0.9248895492366687,0.9050797920390065,5.375,2.2550934412062458,4.903833525345623,2.191161120582055,0.4711664746543779,0.8587872503556685,0.9795475425989717,0.7401296082949308
valence,4,stimulus_only,30,5600,0.8316100230414746,0.9764580364448406,0.9385913991669537,0.8774695086895703,0.9202164004300138,4.878035714285715,2.67420543582766,4.891466013824885,2.190696315832482,-0.01343029953917054,0.9763656712482275,0.9764580364448406,0.8316100230414746
valence,4,stimulus_only,31,5600,1.4439343317972348,1.6455737826602255,0.9641873369297429,0.9144134659002108,0.8441044640774898,5.550535714285714,3.50075753008385,4.920051843317972,2.1719198079432203,0.6304838709677418,1.5200010403378723,1.6455737826602255,1.4439343317972348
valence,4,stimulus_only,32,5600,0.8869239631336404,1.0649344154461928,0.8968399640072167,0.8791528362847219,0.879609569836116,4.499821428571429,2.0972771387405325,4.91198732718894,2.202637014115936,-0.4121658986175116,0.9819391942572329,1.0649344154461928,0.8869239631336404
valence,4,stimulus_only,33,5600,0.687543202764977,0.8032619814462314,0.9342842445978508,0.9291495255669755,0.9254554073084741,4.769464285714286,1.947497404768908,4.901402649769585,2.201242388012693,-0.13193836405529957,0.7923522442243329,0.8032619814462314,0.687543202764977
valence,4,stimulus_only,34,5600,1.1669153225806452,1.3707951402598897,0.8760439586359198,0.8856076617519045,0.8081736810741588,4.078035714285714,2.0604653770818526,4.939063940092166,2.1929079724958482,-0.8610282258064516,1.0666347598520896,1.3707951402598897,1.1669153225806452
valence,4,stimulus_only,35,5600,0.7435829493087558,0.8899551247825104,0.9236320173498104,0.9137784436518642,0.918585665534538,4.680178571428572,2.203738699080844,4.910564516129033,2.19515873667052,-0.23038594470046084,0.8596176130182129,0.8899551247825104,0.7435829493087558
valence,4,stimulus_only,36,5600,0.8755299539170509,1.023392589309559,0.9528102678567213,0.9467565881234706,0.918082382025892,4.645892857142857,2.8166851571012854,4.909084101382489,2.1868255742408795,-0.26319124423963136,0.988970556088157,1.023392589309559,0.8755299539170509
valence,4,stimulus_only,37,5600,1.1226526497695855,1.22608835513631,0.9324157557217937,0.9243013250067053,0.7583722821628045,4.719107142857143,1.147291494884667,4.923896889400922,2.205290779641295,-0.20478974654377882,1.2088646799006897,1.22608835513631,1.1226526497695855
valence,4,stimulus_only,38,5600,1.3865178571428571,1.611674142875211,0.7084513775840214,0.7492557392013123,0.6962581357446371,4.680535714285714,1.9052314441734755,4.919167626728111,2.205628272346393,-0.2386319124423963,1.5939097694589337,1.611674142875211,1.3865178571428571
valence,4,stimulus_only,39,5600,0.9980789170506911,1.1814392467228443,0.9244666072005634,0.8971679894828907,0.8909488788476572,4.680892857142857,2.824786829369174,4.9104982718894,2.1834262859881086,-0.22960541474654378,1.1589133044434814,1.1814392467228443,0.9980789170506911
valence,4,stimulus_only,40,5600,1.223551267281106,1.4240367605270037,0.9325612402701893,0.9122019027717224,0.8654629854281574,5.101428571428571,3.2035245258550935,4.892485599078341,2.183301449615797,0.20894297235023032,1.4086246943872929,1.4240367605270037,1.223551267281106
valence,4,stimulus_only,41,5600,1.258620391705069,1.5327101715981435,0.7464255799280729,0.7908095004979055,0.6512167694288341,5.164107142857143,1.3254504312358366,4.909611175115207,2.216716010143578,0.25449596774193556,1.511433846558792,1.5327101715981435,1.258620391705069
valence,4,stimulus_only,42,5600,0.8809360599078342,1.0720934801970197,0.9556600335423016,0.8933480935683445,0.9141061161551857,5.107857142857143,2.9216205839798386,4.890354262672811,2.1904959212050095,0.21750288018433175,1.0497985175225186,1.0720934801970197,0.8809360599078342
valence,4,stimulus_only,43,5600,0.9415812211981566,1.0649411550263221,0.951351613554656,0.9283698726146064,0.912598359885561,5.206428571428572,2.8514835916535426,4.921598502304148,2.1825760817664097,0.28483006912442393,1.026143993497683,1.0649411550263221,0.9415812211981566
valence,4,stimulus_only,44,5600,1.3204867511520737,1.5572998721200322,0.8126031198549819,0.8121988902423963,0.7710666412968146,5.652142857142858,2.2875585193808345,4.921869239631336,2.197083875124092,0.7302736175115208,1.3754575003509582,1.5572998721200322,1.3204867511520737
valence,4,stimulus_only,45,5600,0.7484504608294932,0.9372632251419599,0.9068737557630342,0.8793267785568671,0.9049733275937354,4.8116071428571425,2.098819631522267,4.909596774193548,2.197664863942391,-0.0979896313364055,0.9321268075503804,0.9372632251419599,0.7484504608294932
valence,4,stimulus_only,46,5600,1.1137989631336405,1.3393349304667914,0.9027935323792309,0.8918564721217005,0.8625089741612258,4.512678571428571,2.8456451635233218,4.903148041474655,2.1901228766733123,-0.390469470046083,1.2811524690412208,1.3393349304667914,1.1137989631336405
valence,4,stimulus_only,47,5600,1.5603225806451613,1.8226005004831771,0.8295371478314865,0.8376366062790092,0.7748903185338806,4.902857142857143,3.16389097828117,4.93389400921659,2.1784203577719183,-0.031036866359446986,1.822336219606062,1.8226005004831771,1.5603225806451613
valence,4,stimulus_only,48,5600,0.8371543778801843,1.0451758689317199,0.916077158849417,0.9108081101458712,0.8987865760365281,5.290178571428571,2.402805645097465,4.885213133640553,2.203517554680064,0.4049654377880183,0.9635328698048313,1.0451758689317199,0.8371543778801843
valence,4,stimulus_only,49,5600,1.1253225806451612,1.327365949617495,0.8355752235746082,0.8372067395984061,0.7340596980653519,4.9660714285714285,1.3159430059459107,4.911463133640552,2.2114439623375293,0.05460829493087556,1.3262421718256046,1.327365949617495,1.1253225806451612
valence,4,stimulus_only,50,5600,1.1542396313364054,1.2865067064431515,0.9667646266659916,0.9573269559735859,0.8919923506494714,4.895714285714286,3.257987359191724,4.9297811059907835,2.169854347874147,-0.03406682027649776,1.2860555810226297,1.2865067064431515,1.1542396313364054
valence,4,stimulus_only,52,5600,1.233254608294931,1.5097754839846316,0.7821938459153048,0.7586089638542274,0.7505098243232401,4.346785714285715,1.991165404572746,4.917690092165899,2.201283317337208,-0.5709043778801843,1.397673138955696,1.5097754839846316,1.233254608294931
valence,4,stimulus_only,53,5600,0.9209879032258065,1.1189226653788715,0.9436740647470966,0.9109452130266673,0.8955153465955338,4.235,2.592321766844761,4.9074683179723495,2.1932076258045963,-0.6724683179723503,0.894301007727262,1.1189226653788715,0.9209879032258065
valence,4,stimulus_only,54,5600,1.0935887096774193,1.4444432195516361,0.810983465989516,0.8345436609568218,0.8026522514554545,5.175178571428572,2.382343902150201,4.903300691244239,2.1960880641230656,0.2718778801843318,1.4186256140275948,1.4444432195516361,1.0935887096774193
valence,4,stimulus_only,55,5600,0.9997436635944701,1.3019671676539613,0.8338590207962269,0.8760382707027583,0.8033386154549197,5.390535714285714,1.8896758222007828,4.9205213133640555,2.197200467155291,0.4700144009216589,1.214168426774116,1.3019671676539613,0.9997436635944701
valence,4,stimulus_only,56,5600,0.8703110599078342,1.106003708161807,0.9223524858796502,0.8826797348796943,0.8994130097156768,4.756964285714286,2.711754452934521,4.92,2.186518909086966,-0.16303571428571437,1.0939211846998003,1.106003708161807,0.8703110599078342
valence,4,stimulus_only,57,5600,1.1649683179723502,1.3081950412753982,0.9362141213994533,0.9196818098137615,0.8690866222943587,5.660892857142857,2.7826963906984394,4.902831221198156,2.1804846111827962,0.7580616359447003,1.0661692277149935,1.3081950412753982,1.1649683179723502
valence,4,stimulus_only,58,5600,0.8379809907834102,1.0174998753601696,0.9048481331233111,0.8966147191046249,0.8956405705144186,5.20875,2.241769519900996,4.895244815668203,2.190151415607973,0.3135051843317972,0.9679981899544267,1.0174998753601696,0.8379809907834102
valence,4,stimulus_only,59,5600,1.1172148617511521,1.3921549179310282,0.8125175849169434,0.8303844598374777,0.8084281056364357,5.112321428571429,2.28865017225643,4.905204493087558,2.1990877671373403,0.20711693548387095,1.3766618650036464,1.3921549179310282,1.1172148617511521
valence,4,stimulus_only,60,5600,1.0913104838709675,1.2490824825005702,0.9367058395415581,0.9144528112092285,0.8878555753925869,5.0773214285714285,3.02062906827572,4.923654953917051,2.182811604436251,0.1536664746543778,1.2395941523970992,1.2490824825005702,1.0913104838709675
valence,4,stimulus_only,61,5600,1.4758554147465435,1.7835937479906305,0.9260276543776116,0.8805844762185381,0.8016252306676593,5.9730357142857144,3.1724519694905533,4.884467165898617,2.1879017623410193,1.0885685483870966,1.4128783292745608,1.7835937479906305,1.4758554147465435
valence,4,stimulus_only,62,5600,1.1255213133640551,1.2953941052205107,0.9011537528768657,0.873891426181883,0.860229069171379,5.511607142857143,2.6168153196379444,4.909230990783411,2.189773142126004,0.6023761520737326,1.1468168377090087,1.2953941052205107,1.1255213133640551
valence,4,stimulus_only,63,5600,0.9232574884792627,1.13633187905812,0.9182776420598072,0.9124419912846008,0.8949012087641067,4.881785714285714,2.741797577152922,4.914046658986175,2.1834756878845734,-0.03226094470046084,1.1358738357805376,1.13633187905812,0.9232574884792627
valence,4,stimulus_only,64,5600,0.9962442396313365,1.2214865975331146,0.8795448412148094,0.8479857379543473,0.8487906125983128,4.337321428571428,2.1615883636406195,4.9232718894009215,2.2026132679666506,-0.585950460829493,1.0717702950757357,1.2214865975331146,0.9962442396313365
valence,4,stimulus_only,65,5600,0.8149049539170506,0.9614546868343492,0.9453709179528857,0.9473723464652755,0.9234661175723279,5.013214285714286,2.7032065001869654,4.920959101382489,2.1822947381122773,0.09225518433179718,0.9570183361877883,0.9614546868343492,0.8149049539170506
valence,4,stimulus_plus_fewshot_bias,1,5600,1.0041877880184331,1.2387658219278102,0.8652940530807399,0.8565521060976473,0.8609215994634212,4.471964285714286,2.4631425337526918,4.497747695852534,2.228430464736997,-0.025783410138248825,1.2384974676349265,1.2387658219278102,1.0041877880184331
valence,4,stimulus_plus_fewshot_bias,2,5600,1.2767799539170508,1.7034484572857658,0.7991818082317724,0.7785962221092468,0.7807841364654545,4.5319642857142854,2.831401671839571,4.60088133640553,2.283704604893102,-0.06891705069124425,1.7020537849178785,1.7034484572857658,1.2767799539170508
valence,4,stimulus_plus_fewshot_bias,3,5600,1.1369671658986173,1.342678059606315,0.8618613272742284,0.8562106743646875,0.8515177141064597,4.707678571428572,2.6463070569268443,4.74588133640553,2.266497279918754,-0.03820276497695853,1.3421344643873407,1.342678059606315,1.1369671658986173
valence,4,stimulus_plus_fewshot_bias,5,5600,1.3621126152073733,1.6873583970396464,0.8115546241990141,0.7928100406057674,0.7900237323457657,5.077678571428572,2.884354651187425,5.143277649769585,2.2881694813972016,-0.06559907834101383,1.6860827740597477,1.6873583970396464,1.3621126152073733
valence,4,stimulus_plus_fewshot_bias,6,5600,1.098834965437788,1.3223750823729057,0.9204107145563929,0.9089204444267845,0.8774247700722858,4.81875,3.047277217041469,4.7914458525345625,2.231479299133479,0.027304147465437804,1.322093166918253,1.3223750823729057,1.0988349654377878
valence,4,stimulus_plus_fewshot_bias,7,5600,0.6689976958525345,0.8434000142661955,0.9302167896744934,0.9245818018187707,0.9168276518218085,4.763571428571429,1.8870313311913927,4.818986175115207,2.233483085265707,-0.0554147465437788,0.8415775602579405,0.8434000142661955,0.6689976958525345
valence,4,stimulus_plus_fewshot_bias,8,5600,0.8620622119815667,1.091232478764593,0.9188608486586403,0.9029154499779303,0.9023429948025739,5.239464285714286,2.6921140920174196,5.245915898617511,2.2239735207883276,-0.006451612903225806,1.0912134069015396,1.091232478764593,0.8620622119815667
valence,4,stimulus_plus_fewshot_bias,9,5600,0.982799539170507,1.1943088491956275,0.8848902823017585,0.8343486045427074,0.8770463729195658,5.390892857142857,2.5629689653001724,5.413865207373272,2.243116054095152,-0.022972350230414725,1.1940878939139592,1.1943088491956273,0.982799539170507
valence,4,stimulus_plus_fewshot_bias,10,5600,0.8837139976958526,1.1204702558262394,0.8873276529268098,0.8828393612520528,0.8844125029754747,4.859107142857143,2.422875930425389,4.86551267281106,2.234083963045828,-0.006405529953917062,1.1204519460366553,1.1204702558262394,0.8837139976958526
valence,4,stimulus_plus_fewshot_bias,11,5600,1.3302894585253457,1.6512949448508571,0.8604982819697473,0.8422965900316088,0.817499892233679,4.8219642857142855,3.1308801362070566,4.812240783410138,2.266874291203797,0.009723502304147456,1.651266316616716,1.6512949448508571,1.3302894585253457
valence,4,stimulus_plus_fewshot_bias,12,5600,1.0345103686635944,1.294746533860741,0.8233638268515957,0.8307226330370615,0.8084439957700802,5.168035714285714,1.8871216930655996,5.250639400921658,2.2766800346017404,-0.08260368663594471,1.292108825872865,1.294746533860741,1.0345103686635944
valence,4,stimulus_plus_fewshot_bias,13,5600,0.838706797235023,1.0610577648934865,0.8878571156633753,0.8948807195297417,0.8665612435551854,4.434107142857143,1.8183433166186842,4.49272465437788,2.264364676773195,-0.05861751152073732,1.0594373826630235,1.0610577648934865,0.838706797235023
valence,4,stimulus_plus_fewshot_bias,14,5600,0.7667367511520737,0.9496599588105571,0.9099870108463272,0.8921241445801456,0.9098214616068936,4.592678571428571,2.2335070045873633,4.635051843317972,2.2383950214400334,-0.04237327188940092,0.9487141525230114,0.949659958810557,0.7667367511520737
valence,4,stimulus_plus_fewshot_bias,15,5600,1.0057258064516128,1.2441312963536135,0.8425093332014758,0.8390631244400065,0.8137675477493199,4.739642857142857,1.7561320771653197,4.683790322580645,2.2856806023636063,0.05585253456221201,1.242876975790243,1.2441312963536135,1.0057258064516128
valence,4,stimulus_plus_fewshot_bias,16,5600,0.809559331797235,1.0520653526485397,0.8843364608864042,0.8411499774437597,0.8777600441064616,4.5175,1.9966170049074796,4.570495391705069,2.2506386227334034,-0.05299539170506913,1.0507297438930348,1.0520653526485397,0.809559331797235
valence,4,stimulus_plus_fewshot_bias,17,5600,1.104572292626728,1.3208639817694368,0.865267900033755,0.8570442079824616,0.8552613633499898,5.1553571428571425,2.6343486347846667,5.172891705069125,2.2613965907414904,-0.017534562211981564,1.320747590368366,1.3208639817694368,1.104572292626728
valence,4,stimulus_plus_fewshot_bias,18,5600,1.5297436635944701,1.9827455296779404,0.72483035748863,0.7022621368678175,0.7100761793077478,5.319464285714286,2.8496703566520867,5.401468894009216,2.3307409608654868,-0.08200460829493086,1.9810489846735873,1.9827455296779404,1.5297436635944701
valence,4,stimulus_plus_fewshot_bias,19,5600,1.1512024769585254,1.4716193656331034,0.7749427442851676,0.7814761941452116,0.7678192851801142,5.086607142857143,2.00984165757415,5.041261520737327,2.2991240533899897,0.045345622119815666,1.4709205729273571,1.4716193656331034,1.1512024769585254
valence,4,stimulus_plus_fewshot_bias,20,5600,0.8359058179723502,1.0370124593049397,0.8996560065210263,0.8798611729917584,0.8982936881311144,4.479821428571428,2.3616625432335256,4.475904377880184,2.235188064087786,0.003917050691244232,1.037005061447417,1.0370124593049397,0.8359058179723502
valence,4,stimulus_plus_fewshot_bias,21,5600,0.9529190668202763,1.1607038069417563,0.9260205687170435,0.9151388388297832,0.897114942051877,4.7491071428571425,2.8581492368224897,4.726042626728111,2.219233864523457,0.023064516129032254,1.1604746251188862,1.1607038069417563,0.9529190668202765
valence,4,stimulus_plus_fewshot_bias,22,5600,1.0645722926267283,1.3076965971934895,0.8203849562605908,0.824886752895268,0.8091993417974028,4.629642857142857,1.9351024006549133,4.611808755760369,2.2842203918268336,0.01783410138248848,1.3075749826068523,1.3076965971934895,1.0645722926267283
valence,4,stimulus_plus_fewshot_bias,23,5600,0.9522451036866358,1.1634110969313725,0.8863995265829661,0.888541707734375,0.8803298049098347,5.11375,2.5108529160568978,5.162690092165899,2.236892053411103,-0.048940092165898605,1.1623812833325615,1.1634110969313725,0.9522451036866358
valence,4,stimulus_plus_fewshot_bias,24,5600,0.9027822580645161,1.1795256228110085,0.8562274352280631,0.8232669826268201,0.8540009253592807,4.364285714285714,2.1036047778098648,4.388663594470046,2.2591221488760485,-0.024377880184331784,1.1792736806294863,1.1795256228110085,0.9027822580645162
valence,4,stimulus_plus_fewshot_bias,25,5600,1.4438925691244238,1.7807365604464682,0.7703232580131777,0.7804076801888542,0.7581811006507052,4.8325,2.7775530405119437,4.812361751152074,2.323361014899858,0.020138248847926286,1.7806226856479328,1.7807365604464682,1.4438925691244238
valence,4,stimulus_plus_fewshot_bias,26,5600,1.4037341589861752,1.7272081519406028,0.7883001391405768,0.7750015713243604,0.7734735849950727,4.54125,2.800461417657046,4.606687788018434,2.30709139990997,-0.06543778801843318,1.725968104001151,1.7272081519406028,1.4037341589861752
valence,4,stimulus_plus_fewshot_bias,27,5600,1.1358496543778802,1.4602252875195085,0.8202618037372054,0.8032839112742858,0.8157037352606683,5.139464285714285,2.5240301671015692,5.205339861751152,2.279179984958994,-0.06587557603686635,1.4587385985135384,1.4602252875195085,1.1358496543778802
valence,4,stimulus_plus_fewshot_bias,28,5600,1.1354910714285715,1.452302255672498,0.7866979858732227,0.7849303097523082,0.7327520748395866,4.8394642857142856,1.5855755147611872,4.907298387096774,2.3180979021889847,-0.06783410138248851,1.4507171938462216,1.452302255672498,1.1354910714285715
valence,4,stimulus_plus_fewshot_bias,29,5600,0.7660455069124423,0.9716989532893131,0.9062574195941491,0.9049783419950631,0.9062091598238652,5.375,2.2550934412062458,5.375829493087558,2.231954713447379,-0.0008294930875576105,0.97169859923989,0.9716989532893131,0.7660455069124422
valence,4,stimulus_plus_fewshot_bias,30,5600,0.9339976958525344,1.1242025825014363,0.9108069240050354,0.8596197500049814,0.8959677668592447,4.878035714285715,2.67420543582766,4.945155529953916,2.2344082981967865,-0.06711981566820277,1.1221971203169099,1.1242025825014363,0.9339976958525344
valence,4,stimulus_plus_fewshot_bias,31,5600,1.4865495391705066,1.7445705662231563,0.9051406148171879,0.880239007512236,0.8246349733164358,5.550535714285714,3.50075753008385,5.5469873271889405,2.2583318824404794,0.003548387096774194,1.7445669575803606,1.7445705662231563,1.4865495391705066
valence,4,stimulus_plus_fewshot_bias,32,5600,0.8879507488479264,1.1119444732350177,0.8724720076339311,0.8636821371752018,0.8698878307246487,4.499821428571429,2.0972771387405325,4.454406682027649,2.25878148058709,0.04541474654377878,1.1110166571002729,1.1119444732350177,0.8879507488479264
valence,4,stimulus_plus_fewshot_bias,33,5600,0.7579939516129032,0.9130422947862435,0.9151916026179685,0.9047222477101107,0.9058020927836323,4.769464285714286,1.947497404768908,4.768519585253457,2.2488213059839057,0.0009447004608294916,0.9130418060579532,0.9130422947862435,0.7579939516129032
valence,4,stimulus_plus_fewshot_bias,34,5600,0.9138839285714285,1.1989336692999952,0.849441382461518,0.8536859291756537,0.8459724510804109,4.078035714285714,2.0604653770818526,4.06706797235023,2.255378299279811,0.010967741935483857,1.1988835022711701,1.1989336692999952,0.9138839285714285
valence,4,stimulus_plus_fewshot_bias,35,5600,0.813041474654378,0.9984154096548995,0.8997425882360687,0.8988153108511908,0.8994960798889187,4.680178571428572,2.203738699080844,4.704717741935484,2.24973027351328,-0.024539170506912452,0.9981138007998854,0.9984154096548995,0.813041474654378
valence,4,stimulus_plus_fewshot_bias,36,5600,0.9066719470046084,1.1370269939696283,0.9249075713102503,0.9191551086648296,0.8996478272023157,4.645892857142857,2.8166851571012854,4.678842165898617,2.2244398690618157,-0.03294930875576037,1.1365494833345913,1.1370269939696283,0.9066719470046084
valence,4,stimulus_plus_fewshot_bias,37,5600,1.2030846774193547,1.3925376433853167,0.8982173778677953,0.8891855734875952,0.7120352650831769,4.719107142857143,1.147291494884667,4.792908986175115,2.3264346768753397,-0.07380184331797235,1.3905805895984602,1.3925376433853167,1.2030846774193549
valence,4,stimulus_plus_fewshot_bias,38,5600,1.526379608294931,1.819869334001362,0.6554007867562727,0.6777526953368727,0.6401468043398539,4.680535714285714,1.9052314441734755,4.77104262672811,2.3591194828451347,-0.09050691244239632,1.8176173666750395,1.819869334001362,1.526379608294931
valence,4,stimulus_plus_fewshot_bias,39,5600,1.0807877304147466,1.3227673917346128,0.8887614573433325,0.8633419028333355,0.865407205165376,4.680892857142857,2.824786829369174,4.699187788018434,2.2406022526148504,-0.018294930875576043,1.3226408689212081,1.3227673917346128,1.0807877304147466
valence,4,stimulus_plus_fewshot_bias,40,5600,1.3570852534562212,1.61071651522386,0.8823645843211806,0.8680238796160228,0.8314107716605087,5.101428571428571,3.2035245258550935,5.16778801843318,2.263173921325967,-0.0663594470046083,1.6093489727862438,1.61071651522386,1.3570852534562212
valence,4,stimulus_plus_fewshot_bias,41,5600,1.4136463133640553,1.7279902852703062,0.7013297802828574,0.7097016251327843,0.5966442485244005,5.164107142857143,1.3254504312358366,5.120074884792627,2.3757133090573945,0.04403225806451615,1.7274291841457043,1.727990285270306,1.4136463133640553
valence,4,stimulus_plus_fewshot_bias,42,5600,0.9778787442396314,1.1979313604987265,0.9263477862505477,0.869935957011898,0.8938814293282458,5.107857142857143,2.9216205839798386,5.1057373271889395,2.2331840251568766,0.002119815668202766,1.197929484922991,1.1979313604987265,0.9778787442396314
valence,4,stimulus_plus_fewshot_bias,43,5600,0.9838522465437788,1.1622500824291584,0.9248944420591098,0.9009653357139202,0.896566665365932,5.206428571428572,2.8514835916535426,5.173755760368663,2.219873314146354,0.03267281105990783,1.161790747735593,1.1622500824291584,0.9838522465437788
valence,4,stimulus_plus_fewshot_bias,44,5600,1.2727232142857143,1.5718560417044787,0.7660655769784039,0.7784393184839666,0.7659242601411335,5.652142857142858,2.2875585193808345,5.612373271889401,2.3066770891396264,0.03976958525345621,1.5713528553229665,1.5718560417044787,1.2727232142857143
valence,4,stimulus_plus_fewshot_bias,45,5600,0.860355702764977,1.0729449590909081,0.8811079144754952,0.8529457201480924,0.8787742006902745,4.8116071428571425,2.098819631522267,4.793104838709677,2.256331537160229,0.01850230414746542,1.0727854165581416,1.0729449590909081,0.860355702764977
valence,4,stimulus_plus_fewshot_bias,46,5600,1.1476627304147464,1.464040587475525,0.8599086566656319,0.8558766131920775,0.8381079133108178,4.512678571428571,2.8456451635233218,4.54772465437788,2.2673443983654487,-0.03504608294930876,1.463621062244456,1.464040587475525,1.1476627304147464
valence,4,stimulus_plus_fewshot_bias,47,5600,1.7009490207373272,2.066493868363213,0.7577052938389733,0.7656896504291334,0.7230969985902211,4.902857142857143,3.16389097828117,4.856797235023042,2.3258693217573856,0.046059907834101375,2.0659804918907314,2.066493868363213,1.7009490207373272
valence,4,stimulus_plus_fewshot_bias,48,5600,0.8311722350230415,1.0750467452612484,0.8952235945645943,0.8856258765887227,0.8931108022222612,5.290178571428571,2.402805645097465,5.312551843317972,2.244636717286894,-0.02237327188940093,1.0748139100336238,1.0750467452612484,0.8311722350230415
valence,4,stimulus_plus_fewshot_bias,49,5600,1.2634346198156683,1.5146566350218644,0.7974804460166619,0.8023082109411698,0.6815119136882304,4.9660714285714285,1.3159430059459107,4.9969470046082956,2.3389531630476803,-0.030875576036866345,1.5143419101445186,1.5146566350218644,1.2634346198156683
valence,4,stimulus_plus_fewshot_bias,50,5600,1.243791762672811,1.4622764688607879,0.9264366405350601,0.9221037800835304,0.8625259399627121,4.895714285714286,3.257987359191724,4.873894009216589,2.222364418793532,0.021820276497695832,1.4621136573185887,1.4622764688607879,1.243791762672811
valence,4,stimulus_plus_fewshot_bias,52,5600,1.2602707373271889,1.584489324093287,0.7393873156703908,0.7244952494939324,0.7308787025287365,4.346785714285715,1.991165404572746,4.301117511520737,2.3156160129788397,0.04566820276497697,1.583831062147039,1.584489324093287,1.2602707373271889
valence,4,stimulus_plus_fewshot_bias,53,5600,0.8012096774193547,1.003972888654279,0.9243969662043444,0.8950425762779675,0.9135507249064587,4.235,2.592321766844761,4.239746543778802,2.2224800308880552,-0.004746543778801866,1.00396166832951,1.003972888654279,0.8012096774193547
valence,4,stimulus_plus_fewshot_bias,54,5600,1.2137572004608297,1.5953956703093068,0.768390567478503,0.762178784528626,0.7675016461535321,5.175178571428572,2.382343902150201,5.246123271889401,2.294984606368986,-0.0709447004608295,1.5938174909060967,1.5953956703093068,1.2137572004608297
valence,4,stimulus_plus_fewshot_bias,55,5600,1.0936866359447006,1.3634375784553305,0.8021035233362187,0.8380178836739215,0.7881066521987196,5.390535714285714,1.8896758222007828,5.400581797235023,2.2808171181439176,-0.010046082949308746,1.3634005671707459,1.3634375784553305,1.0936866359447006
valence,4,stimulus_plus_fewshot_bias,56,5600,0.9647825460829493,1.2116644682402617,0.897928811001995,0.8565444186609359,0.8807391717636336,4.756964285714286,2.711754452934521,4.750766129032258,2.2263424756227597,0.0061981566820276624,1.211648615090077,1.2116644682402617,0.9647825460829493
valence,4,stimulus_plus_fewshot_bias,57,5600,0.9654334677419355,1.1899700522253704,0.91126034542525,0.8947003595277544,0.8880728587009505,5.660892857142857,2.7826963906984394,5.652851382488479,2.2153735020978584,0.00804147465437789,1.1899428809311117,1.1899700522253704,0.9654334677419355
valence,4,stimulus_plus_fewshot_bias,58,5600,0.907626728110599,1.10794345897423,0.8781560274151603,0.8630134580519276,0.8781481220635287,5.20875,2.241769519900996,5.200708525345623,2.2468708176601018,0.008041474654377885,1.1079142760020582,1.10794345897423,0.907626728110599
valence,4,stimulus_plus_fewshot_bias,59,5600,1.1803269009216588,1.5481590541377606,0.7722577689995409,0.7809403314167324,0.7717743594718252,5.112321428571429,2.28865017225643,5.193289170506913,2.2929013461042245,-0.08096774193548387,1.5460403234309883,1.5481590541377606,1.1803269009216588
valence,4,stimulus_plus_fewshot_bias,60,5600,1.2081394009216588,1.4358517875933567,0.8916204415016253,0.8718162234606589,0.8549575760467395,5.0773214285714285,3.02062906827572,5.0778283410138245,2.256115517807995,-0.0005069124423962838,1.4358516981132883,1.4358517875933567,1.2081394009216588
valence,4,stimulus_plus_fewshot_bias,61,5600,1.3232906105990785,1.604323786883326,0.8798753711640344,0.8472930212738261,0.8306515993503422,5.9730357142857144,3.1724519694905533,6.115293778801843,2.2613908929312667,-0.14225806451612905,1.5980042103323069,1.604323786883326,1.3232906105990785
valence,4,stimulus_plus_fewshot_bias,62,5600,1.0562139976958527,1.303598140957414,0.8672090688904153,0.8496476892873182,0.8572742434482191,5.511607142857143,2.6168153196379444,5.478888248847926,2.2489407130989587,0.03271889400921659,1.3031874719634315,1.303598140957414,1.0562139976958527
valence,4,stimulus_plus_fewshot_bias,63,5600,1.0119786866359446,1.2848908435355688,0.8863382730021608,0.8766958251688683,0.8681004345535424,4.881785714285714,2.741797577152922,4.845518433179724,2.2356004603689485,0.03626728110599078,1.2843789020856442,1.2848908435355688,1.0119786866359448
valence,4,stimulus_plus_fewshot_bias,64,5600,0.9495766129032258,1.2151244395370704,0.8509722427919258,0.8269656862637165,0.8495404194956219,4.337321428571428,2.1615883636406195,4.412021889400921,2.266143084431784,-0.07470046082949308,1.2128261395237738,1.2151244395370704,0.9495766129032258
valence,4,stimulus_plus_fewshot_bias,65,5600,0.9170118087557603,1.095702564408519,0.9194792397990018,0.9198314968139457,0.9018569937603436,5.013214285714286,2.7032065001869654,4.996947004608295,2.2192822008539665,0.016267281105990777,1.0955818021566548,1.095702564408519,0.9170118087557603
valence,4,stimulus_plus_fewshot_bias_shrink4,1,5600,0.9742137096774194,1.1843916591837762,0.8822108693814177,0.8773959518026765,0.8717312499874929,4.471964285714286,2.4631425337526918,4.711265841013825,2.1936154152112395,-0.23930155529953914,1.1599648132487985,1.1843916591837762,0.9742137096774194
valence,4,stimulus_plus_fewshot_bias_shrink4,2,5600,1.1924834389400922,1.5851272478149696,0.8343948623886457,0.7980684629281841,0.8059931022677629,4.5319642857142854,2.831401671839571,4.76377448156682,2.209221777378682,-0.23181019585253457,1.5680855923272394,1.5851272478149696,1.1924834389400922
valence,4,stimulus_plus_fewshot_bias_shrink4,3,5600,1.0687312788018433,1.2342012435027474,0.8871653753503885,0.8761010475788646,0.8722065526740573,4.707678571428572,2.6463070569268443,4.8269498847926275,2.2141544106469215,-0.11927131336405533,1.2284246266141614,1.2342012435027476,1.0687312788018433
valence,4,stimulus_plus_fewshot_bias_shrink4,5,5600,1.2641129032258065,1.5510696289659316,0.8471920372355112,0.8256247770791704,0.8178575162369695,5.077678571428572,2.884354651187425,5.021836117511521,2.210387741595378,0.055842453917050686,1.5500640677859205,1.5510696289659316,1.2641129032258065
valence,4,stimulus_plus_fewshot_bias_shrink4,6,5600,1.0539336117511522,1.2088905082608938,0.9458106695264218,0.9354931142735178,0.8961830060168446,4.81875,3.047277217041469,4.853542626728111,2.1885477203738595,-0.03479262672811062,1.2083897277321753,1.2088905082608938,1.0539336117511522
valence,4,stimulus_plus_fewshot_bias_shrink4,7,5600,0.6314530529953917,0.791343167443262,0.9388675203866358,0.9368909660557274,0.9259252956908449,4.763571428571429,1.8870313311913927,4.876647465437788,2.209135295583814,-0.11307603686635948,0.783222713246834,0.791343167443262,0.6314530529953917
valence,4,stimulus_plus_fewshot_bias_shrink4,8,5600,0.8007553283410138,1.017486080136215,0.935737029514013,0.9217269584380918,0.9143832509230672,5.239464285714286,2.6921140920174196,5.070966301843317,2.1945688424559053,0.16849798387096773,1.0034372689422988,1.017486080136215,0.8007553283410139
valence,4,stimulus_plus_fewshot_bias_shrink4,9,5600,0.9075662442396314,1.1264743889244633,0.9041274877209652,0.8509878262076398,0.8894905759309195,5.390892857142857,2.5629689653001724,5.152302707373272,2.2038481324518577,0.23859014976958523,1.1009174761696126,1.1264743889244633,0.9075662442396314
valence,4,stimulus_plus_fewshot_bias_shrink4,10,5600,0.8191777073732718,1.0408468388534782,0.9030880536271512,0.8995399104544651,0.8989482670990931,4.859107142857143,2.422875930425389,4.881107430875576,2.2022839853101743,-0.022000288018433217,1.0406143038025109,1.0408468388534782,0.8191777073732718
valence,4,stimulus_plus_fewshot_bias_shrink4,11,5600,1.234461405529954,1.5113786937425058,0.8977094961121113,0.8757515840822208,0.8437659874460424,4.8219642857142855,3.1308801362070566,4.866646025345622,2.1946272274242613,-0.04468173963133642,1.5107180736465426,1.511378693742506,1.234461405529954
valence,4,stimulus_plus_fewshot_bias_shrink4,12,5600,0.958037874423963,1.2026125504763743,0.842206290730152,0.8453431648245997,0.8302725535809417,5.168035714285714,1.8871216930655996,5.090004320276497,2.225725924815803,0.07803139400921658,1.200078350822257,1.2026125504763743,0.958037874423963
valence,4,stimulus_plus_fewshot_bias_shrink4,13,5600,0.8152224942396313,1.00945223174966,0.9031747648654667,0.9132741534459851,0.8774328981288417,4.434107142857143,1.8183433166186842,4.7077548963133635,2.220924865563267,-0.2736477534562213,0.9716535983634971,1.00945223174966,0.8152224942396313
valence,4,stimulus_plus_fewshot_bias_shrink4,14,5600,0.7332603686635945,0.8925082980907693,0.9228422773462055,0.9046211365438372,0.9195991308064504,4.592678571428571,2.2335070045873633,4.777803859447005,2.21012856079835,-0.1851252880184332,0.8730977550635287,0.8925082980907691,0.7332603686635945
valence,4,stimulus_plus_fewshot_bias_shrink4,15,5600,0.9048192684331798,1.1455534517983208,0.8617675466033421,0.854078094342129,0.8373307878077558,4.739642857142857,1.7561320771653197,4.790131048387097,2.2317477570048605,-0.05048819124423964,1.144440323246229,1.1455534517983208,0.9048192684331798
valence,4,stimulus_plus_fewshot_bias_shrink4,16,5600,0.759632776497696,1.0018638617628235,0.8976667995909794,0.8527613794303127,0.8878367774248697,4.5175,1.9966170049074796,4.7403542626728115,2.2164612916217896,-0.22285426267281105,0.9767636229481909,1.0018638617628235,0.759632776497696
valence,4,stimulus_plus_fewshot_bias_shrink4,17,5600,1.0302354550691244,1.2184086956299,0.8890413148711996,0.8834844539991586,0.8747078073506147,5.1553571428571425,2.6343486347846667,5.040724366359447,2.2125840834333097,0.11463277649769586,1.2130041533890077,1.2184086956299,1.0302354550691244
valence,4,stimulus_plus_fewshot_bias_shrink4,18,5600,1.436334245391705,1.8324807574017716,0.768341290515653,0.7432022828063206,0.74363472988251,5.319464285714286,2.8496703566520867,5.145833813364056,2.2243366935514826,0.17363047235023035,1.8242363293496833,1.8324807574017714,1.436334245391705
valence,4,stimulus_plus_fewshot_bias_shrink4,19,5600,1.0558618951612901,1.3632782628270845,0.7998836336004862,0.8029661500253856,0.7942834912412404,5.086607142857143,2.00984165757415,4.9683582949308756,2.2318076450467945,0.11824884792626725,1.3581402106781701,1.3632782628270845,1.0558618951612901
valence,4,stimulus_plus_fewshot_bias_shrink4,20,5600,0.7598084677419356,0.9846321544838968,0.9140285622523279,0.8961700767496716,0.9075792369260444,4.479821428571428,2.3616625432335256,4.7024164746543775,2.205237787938923,-0.2225950460829493,0.9591412435626622,0.9846321544838967,0.7598084677419356
valence,4,stimulus_plus_fewshot_bias_shrink4,21,5600,0.9035973502304147,1.083091470608826,0.9421899538727342,0.9315566765775385,0.9096074571166627,4.7491071428571425,2.8581492368224897,4.818038594470046,2.1917868312298214,-0.06893145161290325,1.0808957344185088,1.083091470608826,0.9035973502304147
valence,4,stimulus_plus_fewshot_bias_shrink4,22,5600,1.001702188940092,1.2117667069340459,0.8416547681989177,0.8463851051521639,0.8316613539895269,4.629642857142857,1.9351024006549133,4.765024481566821,2.227064463242823,-0.13538162442396315,1.2041803717890898,1.2117667069340459,1.001702188940092
valence,4,stimulus_plus_fewshot_bias_shrink4,23,5600,0.8647703052995392,1.0709079555669934,0.9055497998682939,0.9085541314344375,0.8971047441252634,5.11375,2.5108529160568978,5.032659850230415,2.1988139529844384,0.08109014976958526,1.0678334312555604,1.0709079555669934,0.8647703052995392
valence,4,stimulus_plus_fewshot_bias_shrink4,24,5600,0.8577174539170507,1.1270697370559053,0.8739389686620183,0.8385192732675221,0.8651578541109315,4.364285714285714,2.1036047778098648,4.6504277073732725,2.216644399027988,-0.28614199308755767,1.0901417118793078,1.1270697370559053,0.8577174539170507
valence,4,stimulus_plus_fewshot_bias_shrink4,25,5600,1.321962125576037,1.617315935883053,0.8131268645448942,0.8284095365314427,0.7933822693274409,4.8325,2.7775530405119437,4.855446428571429,2.223586191438793,-0.022946428571428555,1.6171531460802009,1.617315935883053,1.321962125576037
valence,4,stimulus_plus_fewshot_bias_shrink4,26,5600,1.301717309907834,1.5894614643198228,0.8276074762923694,0.8047103838238366,0.8028390989877876,4.54125,2.800461417657046,4.755226094470046,2.219339446175697,-0.2139760944700461,1.574992691269728,1.5894614643198228,1.301717309907834
valence,4,stimulus_plus_fewshot_bias_shrink4,27,5600,1.0351339285714285,1.3417288820291078,0.8482454123399219,0.8332922793865126,0.8405758250568348,5.139464285714285,2.5240301671015692,5.052023329493088,2.216696308397526,0.08744095622119813,1.3388765708780634,1.3417288820291078,1.0351339285714285
valence,4,stimulus_plus_fewshot_bias_shrink4,28,5600,1.0502505760368666,1.3341266510166403,0.8112290235409082,0.810133413572391,0.7642437004649131,4.8394642857142856,1.5855755147611872,4.911895161290323,2.2428605638871226,-0.0724308755760369,1.3321590330047555,1.3341266510166403,1.0502505760368666
valence,4,stimulus_plus_fewshot_bias_shrink4,29,5600,0.6946147753456221,0.9251879728798231,0.9196783354666337,0.9183293939327897,0.9143339042710377,5.375,2.2550934412062458,5.13983150921659,2.202547652413044,0.23516849078341018,0.8948008527622944,0.925187972879823,0.6946147753456221
valence,4,stimulus_plus_fewshot_bias_shrink4,30,5600,0.8621255760368663,1.0239253598917821,0.9301871162423702,0.8717947178212135,0.9125538334788741,4.878035714285715,2.67420543582766,4.9183107718894,2.1991721868855754,-0.04027505760368663,1.0231329641666986,1.0239253598917821,0.8621255760368662
valence,4,stimulus_plus_fewshot_bias_shrink4,31,5600,1.4286203917050693,1.6232401048554093,0.9477737595743272,0.9047109949532899,0.8461088981564251,5.550535714285714,3.50075753008385,5.233519585253456,2.1831399331195733,0.317016129032258,1.591982792603112,1.6232401048554093,1.4286203917050693
valence,4,stimulus_plus_fewshot_bias_shrink4,32,5600,0.8464688940092165,1.0394123651570204,0.8891374225164042,0.8790809991367567,0.8845320622071882,4.499821428571429,2.0972771387405325,4.683197004608295,2.2190813330444743,-0.18337557603686638,1.0231087248941133,1.0394123651570204,0.8464688940092165
valence,4,stimulus_plus_fewshot_bias_shrink4,33,5600,0.7051101670506912,0.8336680122607726,0.9283424801758113,0.9218848179785878,0.9201912465003533,4.769464285714286,1.947497404768908,4.83496111751152,2.2161478896811895,-0.06549683179723503,0.8310911620823267,0.8336680122607726,0.7051101670506913
valence,4,stimulus_plus_fewshot_bias_shrink4,34,5600,0.9143577188940092,1.1873956840903082,0.8675937033857217,0.8758239987014779,0.8486524143357718,4.078035714285714,2.0604653770818526,4.5030659562211985,2.2112282665781637,-0.4250302419354838,1.1087189923675678,1.1873956840903084,0.9143577188940092
valence,4,stimulus_plus_fewshot_bias_shrink4,35,5600,0.7511031105990784,0.91312931263517,0.9161226396692138,0.9140184391716845,0.9145926558597963,4.680178571428572,2.203738699080844,4.807641129032258,2.211328950969319,-0.12746255760368663,0.9041893817130927,0.91312931263517,0.7511031105990784
valence,4,stimulus_plus_fewshot_bias_shrink4,36,5600,0.8589919354838711,1.0468213005880933,0.9446459339450374,0.9408210759698956,0.9141182870868986,4.645892857142857,2.8166851571012854,4.7939631336405535,2.1918429906717707,-0.14807027649769586,1.0362963034686765,1.0468213005880933,0.8589919354838711
valence,4,stimulus_plus_fewshot_bias_shrink4,37,5600,1.1423624711981568,1.2747899931743467,0.9228185064187031,0.9175077192464105,0.74534907524002,4.719107142857143,1.147291494884667,4.858402937788018,2.2463203193760712,-0.1392957949308756,1.2671567417695515,1.2747899931743465,1.1423624711981566
valence,4,stimulus_plus_fewshot_bias_shrink4,38,5600,1.4276432891705069,1.6735670647839171,0.6905451601105828,0.7152133247477909,0.6789409962112696,4.680535714285714,1.9052314441734755,4.845105126728111,2.250938340218756,-0.1645694124423963,1.6654559822516535,1.6735670647839171,1.4276432891705069
valence,4,stimulus_plus_fewshot_bias_shrink4,39,5600,1.0112752016129032,1.2176167518990388,0.9137128041974788,0.8865219073510636,0.8842594737400694,4.680892857142857,2.824786829369174,4.804843029953917,2.194270232188866,-0.12395017281105992,1.2112914220637716,1.2176167518990388,1.0112752016129032
valence,4,stimulus_plus_fewshot_bias_shrink4,40,5600,1.2628737039170508,1.4745866094390634,0.9178648845435772,0.9001884760056421,0.8559446922206779,5.101428571428571,3.2035245258550935,5.03013680875576,2.1969501677146157,0.07129176267281102,1.4728622316129898,1.4745866094390634,1.2628737039170506
valence,4,stimulus_plus_fewshot_bias_shrink4,41,5600,1.2975590437788018,1.5875995697220346,0.7321588960140238,0.7544169258455297,0.635874655955325,5.164107142857143,1.3254504312358366,5.0148430299539175,2.267794630743611,0.14926411290322583,1.5805671824951961,1.5875995697220346,1.2975590437788018
valence,4,stimulus_plus_fewshot_bias_shrink4,42,5600,0.9038090437788018,1.10266616158972,0.9471057655845725,0.8842564271116317,0.9090995803602738,5.107857142857143,2.9216205839798386,4.998045794930876,2.197259606459209,0.10981134792626725,1.097184638874252,1.10266616158972,0.9038090437788018
valence,4,stimulus_plus_fewshot_bias_shrink4,43,5600,0.9415941820276497,1.0811374572370624,0.9436129209507793,0.9210361699160122,0.909700167910025,5.206428571428572,2.8514835916535426,5.047677131336406,2.1881566454509027,0.15875144009216588,1.0694186185538779,1.0811374572370624,0.9415941820276497
valence,4,stimulus_plus_fewshot_bias_shrink4,44,5600,1.2276396889400922,1.4887954671120467,0.797404117948182,0.7964975909225944,0.7856969928923699,5.652142857142858,2.2875585193808345,5.267121255760368,2.2274923384170253,0.3850216013824885,1.4381482223200228,1.4887954671120467,1.2276396889400922
valence,4,stimulus_plus_fewshot_bias_shrink4,45,5600,0.7802354550691244,0.97806395780818,0.8987249363255455,0.8680592549260636,0.8972732333651687,4.8116071428571425,2.098819631522267,4.851350806451612,2.214846836464303,-0.039743663594470034,0.977256131609053,0.97806395780818,0.7802354550691244
valence,4,stimulus_plus_fewshot_bias_shrink4,46,5600,1.0802008928571427,1.3563371359425955,0.8896085040567372,0.8792076883823743,0.8586441605748615,4.512678571428571,2.8456451635233218,4.7254363479262675,2.2071157290346597,-0.21275777649769587,1.3395463989264125,1.3563371359425955,1.080200892857143
valence,4,stimulus_plus_fewshot_bias_shrink4,47,5600,1.5946637384792628,1.900115442251565,0.8067912528660656,0.8133631269716407,0.75774792677552,4.902857142857143,3.16389097828117,4.895345622119816,2.2120989137880174,0.007511520737327191,1.9001005949525602,1.900115442251565,1.5946637384792628
valence,4,stimulus_plus_fewshot_bias_shrink4,48,5600,0.7883208525345622,1.0170047937959337,0.9095791713423954,0.9032602475782869,0.9034530105591091,5.290178571428571,2.402805645097465,5.098882488479263,2.214234878291361,0.19129608294930872,0.9988516202380415,1.0170047937959337,0.7883208525345622
valence,4,stimulus_plus_fewshot_bias_shrink4,49,5600,1.167312788018433,1.3864780747630745,0.8239780023988618,0.8270726906089935,0.7176604922146594,4.9660714285714285,1.3159430059459107,4.9542050691244235,2.2531531085309546,0.011866359447004616,1.3864272939149012,1.3864780747630745,1.167312788018433
valence,4,stimulus_plus_fewshot_bias_shrink4,50,5600,1.1782466877880184,1.3423172703449766,0.9556574344100829,0.9502250471516841,0.8825721667531082,4.895714285714286,3.257987359191724,4.901837557603686,2.174742802738565,-0.006123271889400935,1.34230330395472,1.3423172703449766,1.1782466877880184
valence,4,stimulus_plus_fewshot_bias_shrink4,52,5600,1.1789955357142856,1.4805577178178835,0.7681703682208955,0.7492080128522549,0.757238475922983,4.346785714285715,1.991165404572746,4.609403801843317,2.2351600074409,-0.2626180875576037,1.4570802640478273,1.4805577178178835,1.1789955357142856
valence,4,stimulus_plus_fewshot_bias_shrink4,53,5600,0.7884216589861752,0.9889566103497988,0.9378528168322855,0.905171550268276,0.9161858892049307,4.235,2.592321766844761,4.573607430875576,2.198706918112035,-0.33860743087557604,0.9291825358401898,0.9889566103497988,0.7884216589861752
valence,4,stimulus_plus_fewshot_bias_shrink4,54,5600,1.1041179435483872,1.4777857802328578,0.7971762091122652,0.8000706181182556,0.7945174830958043,5.175178571428572,2.382343902150201,5.0747119815668205,2.2231193012208093,0.10046658986175115,1.4743667374774796,1.4777857802328578,1.1041179435483872
valence,4,stimulus_plus_fewshot_bias_shrink4,55,5600,0.9962463997695852,1.2824318702761535,0.8237078999772277,0.8616146600696069,0.8079572324302391,5.390535714285714,1.8896758222007828,5.16055155529954,2.2226367360839623,0.22998415898617508,1.2616413073910566,1.2824318702761535,0.9962463997695852
valence,4,stimulus_plus_fewshot_bias_shrink4,56,5600,0.8963436059907833,1.1339090102213019,0.9149660896961626,0.8731607486103119,0.8944004967104278,4.756964285714286,2.711754452934521,4.835383064516129,2.1945284357871486,-0.07841877880184336,1.1311941206496257,1.1339090102213019,0.8963436059907834
valence,4,stimulus_plus_fewshot_bias_shrink4,57,5600,0.9958712557603686,1.1699448110968842,0.9288435275817791,0.9108657934254382,0.8919422085736116,5.660892857142857,2.7826963906984394,5.277841301843318,2.185611670149521,0.3830515552995392,1.1054602512054101,1.1699448110968842,0.9958712557603686
valence,4,stimulus_plus_fewshot_bias_shrink4,58,5600,0.8360930299539171,1.0254843997903775,0.8964157935606484,0.8838686490988709,0.8939633447355237,5.20875,2.241769519900996,5.0479766705069125,2.2059280968894077,0.16077332949308754,1.0128031352326758,1.0254843997903778,0.8360930299539171
valence,4,stimulus_plus_fewshot_bias_shrink4,59,5600,1.110979982718894,1.4319355328986596,0.7994555452708716,0.8109023283295652,0.7988252862175332,5.112321428571429,2.28865017225643,5.049246831797235,2.2249569602071886,0.06307459677419354,1.4305456880573726,1.4319355328986596,1.110979982718894
valence,4,stimulus_plus_fewshot_bias_shrink4,60,5600,1.124758784562212,1.30495139669626,0.9232818758900491,0.9004537407749164,0.8779750547229588,5.0773214285714285,3.02062906827572,5.000741647465437,2.1966482807056593,0.07657978110599073,1.3027024544635197,1.30495139669626,1.1247587845622118
valence,4,stimulus_plus_fewshot_bias_shrink4,61,5600,1.281180155529954,1.54609681616982,0.9124913870426984,0.8727252245632189,0.8420118609472608,5.9730357142857144,3.1724519694905533,5.49988047235023,2.2004589551628557,0.4731552419354838,1.4719169412706101,1.54609681616982,1.281180155529954
valence,4,stimulus_plus_fewshot_bias_shrink4,62,5600,1.0421140552995392,1.2381786174913565,0.8906360391763872,0.8681786716132018,0.8700827823854597,5.511607142857143,2.6168153196379444,5.194059619815668,2.202709015907591,0.3175475230414746,1.1967664180712252,1.2381786174913565,1.0421140552995392
valence,4,stimulus_plus_fewshot_bias_shrink4,63,5600,0.9448199884792627,1.1832312107600655,0.9085825969278166,0.8996235135099899,0.88645571241891,4.881785714285714,2.741797577152922,4.879782546082949,2.193820997018571,0.002003168202764979,1.1832295151127201,1.1832312107600655,0.9448199884792627
valence,4,stimulus_plus_fewshot_bias_shrink4,64,5600,0.9238745679723501,1.1645915544086882,0.8704467199100527,0.842264730908644,0.8603561186005453,4.337321428571428,2.1615883636406195,4.667646889400921,2.220539127585631,-0.3303254608294931,1.1167625434835409,1.1645915544086882,0.9238745679723501
valence,4,stimulus_plus_fewshot_bias_shrink4,65,5600,0.846404809907834,1.0028624429590196,0.9376514410640755,0.9418798938196128,0.9168731725203254,5.013214285714286,2.7032065001869654,4.958953052995391,2.188266188817806,0.05426123271889395,1.00139342823965,1.0028624429590196,0.846404809907834
valence,8,stimulus_only,1,4800,0.9886559139784947,1.197672148128053,0.8927630212055936,0.8850489492072939,0.8704578856095591,4.479583333333333,2.4649205179320126,4.927990591397849,2.189997273556319,-0.44840725806451603,1.1105626976072658,1.197672148128053,0.9886559139784947
valence,8,stimulus_only,2,4800,1.2172715053763443,1.5605408980716537,0.8511100902302661,0.8007690225436187,0.8133753387142304,4.555208333333334,2.8534836089589195,4.9183534946236565,2.1851495287838363,-0.3631451612903226,1.51770006469846,1.5605408980716537,1.2172715053763443
valence,8,stimulus_only,3,4800,1.0502956989247314,1.192031012002681,0.8983790521135258,0.8941444612882594,0.8797208622833903,4.7335416666666665,2.6448140999442455,4.922600806451613,2.186980595792104,-0.18905913978494632,1.1769428937887818,1.192031012002681,1.0502956989247314
valence,8,stimulus_only,5,4800,1.2279065860215053,1.4973716892630407,0.8635237459144338,0.8405938336735096,0.8301212456864085,5.068958333333334,2.8883449265852157,4.890843413978494,2.196384452912774,0.1781149193548387,1.4867404115411913,1.4973716892630407,1.2279065860215053
valence,8,stimulus_only,6,4800,1.0476344086021505,1.1593667330993898,0.9559022597781622,0.9474752558420158,0.9039683122368687,4.8410416666666665,3.042467296169983,4.9326344086021505,2.1752586873697775,-0.09159274193548393,1.1557430473259578,1.1593667330993898,1.0476344086021505
valence,8,stimulus_only,7,4800,0.6211592741935483,0.7703205586035491,0.9438430279396665,0.945803186027576,0.9297784122023393,4.728125,1.8896760703998097,4.895467069892473,2.2025950519475326,-0.16734206989247316,0.7519244607348444,0.7703205586035491,0.6211592741935483
valence,8,stimulus_only,8,4800,0.8317909946236559,1.0293907326781992,0.9421915521061367,0.9269904422436532,0.9128807054277771,5.241041666666667,2.6934378122139537,4.890903897849462,2.1876811847663293,0.35013776881720426,0.9680128219044776,1.0293907326781992,0.8317909946236559
valence,8,stimulus_only,9,4800,0.9332493279569892,1.1767790597708172,0.9118939568100984,0.868594982564954,0.8817488392902261,5.372083333333333,2.574209391843553,4.87542002688172,2.1994350620703833,0.49666330645161283,1.0668338743870294,1.1767790597708172,0.9332493279569892
valence,8,stimulus_only,10,4800,0.7881317204301075,0.9965752794183154,0.9110695816892858,0.9020654115930822,0.906771987449911,4.854166666666667,2.4149670747698035,4.898494623655914,2.195225469080439,-0.044327956989247366,0.9955889311241125,0.9965752794183154,0.7881317204301075
valence,8,stimulus_only,11,4800,1.1986693548387097,1.4394718525765071,0.9140755297051429,0.8926507818538824,0.8573538722182321,4.78625,3.123389334921281,4.902063172043011,2.181063346918782,-0.11581317204301077,1.4348053957040228,1.4394718525765071,1.1986693548387097
valence,8,stimulus_only,12,4800,0.9606720430107526,1.190559456790218,0.8484320800325831,0.8640737951006351,0.8317113912878146,5.1554166666666665,1.8776125779978028,4.904637096774193,2.1987054097301097,0.2507795698924731,1.1638476822493418,1.190559456790218,0.9606720430107526
valence,8,stimulus_only,13,4800,0.8716532258064517,1.0497423519018103,0.9096510663393054,0.9213335743117115,0.8689871000025643,4.419791666666667,1.8236364650327712,4.901512096774193,2.203036088960476,-0.481720430107527,0.9326866743946561,1.0497423519018103,0.8716532258064517
valence,8,stimulus_only,14,4800,0.755141129032258,0.8989437427248235,0.9294249380055716,0.9117254536059962,0.9192531894967343,4.5772916666666665,2.2467256170400267,4.905315860215054,2.2028272602045558,-0.3280241935483871,0.836958769014964,0.8989437427248235,0.755141129032258
valence,8,stimulus_only,15,4800,0.8629637096774195,1.1202212355357604,0.8687056739513358,0.8570159394198973,0.8417152605942446,4.751875,1.741615816143637,4.928702956989247,2.205356195800063,-0.17682795698924736,1.1061769705486888,1.1202212355357604,0.8629637096774195
valence,8,stimulus_only,16,4800,0.7861424731182797,1.0345249282109334,0.8994919809280653,0.8459950040434878,0.8803685910052151,4.541666666666667,1.9939317663573366,4.928326612903226,2.1956527601136053,-0.38665994623655914,0.9595498491825103,1.0345249282109334,0.7861424731182797
valence,8,stimulus_only,17,4800,1.0151646505376346,1.2039472481494955,0.8952699183014552,0.8905837006262914,0.8757312933094614,5.146458333333333,2.6175704301120954,4.896280241935485,2.179423571060081,0.25017809139784947,1.1776671426643746,1.2039472481494955,1.0151646505376346
valence,8,stimulus_only,18,4800,1.4372379032258065,1.7908501474943226,0.7959709748090363,0.7980408657195012,0.7578426053854875,5.325833333333334,2.8634331327194555,4.882318548387096,2.201838712036713,0.4435147849462366,1.7350616376124885,1.7908501474943226,1.4372379032258065
valence,8,stimulus_only,19,4800,1.0279838709677418,1.321009959347434,0.8107363004778622,0.8088441179598894,0.8038355926967192,5.098333333333334,2.003309068072678,4.907352150537635,2.2014135440463964,0.1909811827956989,1.3071317839120373,1.321009959347434,1.0279838709677418
valence,8,stimulus_only,20,4800,0.75252688172043,1.015174549578391,0.9219833861950352,0.904881042895278,0.9027423566013607,4.466875,2.362146495818651,4.906854838709677,2.1961479866913547,-0.43997983870967744,0.9148754601806168,1.015174549578391,0.75252688172043
valence,8,stimulus_only,21,4800,0.8914885752688171,1.0461086956617325,0.9491860112514157,0.9388237527738652,0.9150221612063749,4.756875,2.844851824092367,4.911905241935484,2.181918775916655,-0.15503024193548387,1.0345574064422507,1.0461086956617325,0.8914885752688171
valence,8,stimulus_only,22,4800,1.0088844086021507,1.1956794038980518,0.8493337935730867,0.8404901309457314,0.8336947524798245,4.64625,1.9223104858910451,4.936129032258065,2.1948188268333833,-0.28987903225806455,1.1600083549540188,1.1956794038980518,1.0088844086021507
valence,8,stimulus_only,23,4800,0.8372614247311827,1.041845154670021,0.9153798071315592,0.9108676589267627,0.9033108931946529,5.101458333333333,2.5213087619853085,4.89466061827957,2.196891938234556,0.20679771505376343,1.0211150921213252,1.041845154670021,0.8372614247311827
valence,8,stimulus_only,24,4800,0.941377688172043,1.1766598854180987,0.8829719641106772,0.8485093371548449,0.8547397900738724,4.400416666666667,2.1015073541918006,4.944448924731183,2.1952365548456383,-0.5440322580645163,1.0433395363626152,1.1766598854180987,0.941377688172043
valence,8,stimulus_only,25,4800,1.2721942204301073,1.54447564380537,0.8349441331844191,0.8687945650155177,0.8110475436985609,4.871041666666667,2.793264771123071,4.930440188172044,2.195110474503178,-0.05939852150537638,1.5433330262619884,1.54447564380537,1.2721942204301073
valence,8,stimulus_only,26,4800,1.3068783602150538,1.556920770981657,0.8455151589534113,0.8258667613279344,0.8099841282194984,4.54125,2.8071275539538036,4.913659274193549,2.1767377773006027,-0.3724092741935484,1.5117253783702753,1.556920770981657,1.3068783602150538
valence,8,stimulus_only,27,4800,1.0376444892473118,1.302134839425277,0.8629418893152516,0.8539461034857452,0.8495941018796939,5.160416666666666,2.5280295013552,4.908296370967742,2.195153298478775,0.2521202956989247,1.2774938342480477,1.302134839425277,1.0376444892473118
valence,8,stimulus_only,28,4800,1.0239583333333333,1.2807421552608578,0.8231916234319007,0.8242057265289457,0.7775604028607465,4.857083333333334,1.5753279530695259,4.927634408602151,2.2107698219337304,-0.07055107526881729,1.278797487501692,1.2807421552608578,1.0239583333333333
valence,8,stimulus_only,29,4800,0.7406720430107526,0.9777891857727219,0.9261397261190354,0.9237243014927743,0.9058904217558965,5.3825,2.26898150793111,4.917909946236559,2.1897515106349528,0.46459005376344087,0.8603649073260516,0.9777891857727219,0.7406720430107526
valence,8,stimulus_only,30,4800,0.8402990591397849,0.9834121363128386,0.9380451998118154,0.8746877395820257,0.9192021831539144,4.906875,2.6792168136183006,4.906932123655914,2.1888748286034874,-5.712365591401166e-05,0.9834121346537621,0.9834121363128386,0.8402990591397849
valence,8,stimulus_only,31,4800,1.444432123655914,1.6472142702607144,0.96461253143333,0.9166856249374628,0.8444751126337973,5.520833333333333,3.508795990871449,4.890238575268817,2.176437189751017,0.630594758064516,1.5217309562639818,1.6472142702607144,1.444432123655914
valence,8,stimulus_only,32,4800,0.89125,1.076231810043269,0.8949010170933375,0.8754185150642361,0.8769993444069688,4.500625,2.0983127212219026,4.922802419354839,2.1990154472206878,-0.4221774193548387,0.9899702700262771,1.076231810043269,0.89125
valence,8,stimulus_only,33,4800,0.6853326612903226,0.7996362214335415,0.9349626521486109,0.9289540600100974,0.9264063215916384,4.793541666666667,1.9538636825353386,4.9254939516129035,2.2030654351894174,-0.1319522849462366,0.7886740018068169,0.7996362214335415,0.6853326612903226
valence,8,stimulus_only,34,4800,1.1603461021505377,1.3650482777695787,0.8785181775525379,0.8859562682773683,0.8106778928711633,4.056666666666667,2.0622897199202854,4.917200940860216,2.2019760891282223,-0.8605342741935483,1.0596402991486664,1.3650482777695787,1.1603461021505377
valence,8,stimulus_only,35,4800,0.7470396505376343,0.8929722641456856,0.9230180949744776,0.9138004011915366,0.9179523344969925,4.69,2.1973810168774404,4.9209442204301075,2.1992989285866362,-0.2309442204301075,0.8625915786647826,0.8929722641456856,0.7470396505376343
valence,8,stimulus_only,36,4800,0.8750705645161293,1.0226498346305337,0.9527637430151727,0.9480306406262355,0.9179257742813592,4.657916666666667,2.813001776226875,4.918403897849462,2.1820738821246093,-0.2604872311827957,0.988918139514378,1.0226498346305337,0.8750705645161293
valence,8,stimulus_only,37,4800,1.1205947580645161,1.2238830543598598,0.9326674382161853,0.9248951865903464,0.759863052280016,4.714166666666666,1.1507096240533008,4.907752016129033,2.2081757145792364,-0.19358534946236564,1.2084760830164383,1.2238830543598598,1.1205947580645161
valence,8,stimulus_only,38,4800,1.381844758064516,1.6050537996835492,0.7114371951305695,0.7503237319005827,0.7006748907355572,4.693958333333334,1.915910618547715,4.899996639784947,2.212130714185195,-0.20603830645161292,1.591774455176722,1.6050537996835492,1.381844758064516
valence,8,stimulus_only,39,4800,0.9942540322580644,1.1784620787879314,0.9239529246190554,0.8975529758821541,0.8913145407144951,4.67125,2.8175503729599347,4.904395161290322,2.187455573727553,-0.23314516129032256,1.1551693403601404,1.1784620787879314,0.9942540322580644
valence,8,stimulus_only,40,4800,1.2303931451612902,1.430968777420677,0.9317049684462754,0.9116195721928793,0.8637074841622541,5.136458333333334,3.1988806568231363,4.908108198924731,2.1769504568400593,0.22835013440860208,1.4126315365545257,1.430968777420677,1.2303931451612902
valence,8,stimulus_only,41,4800,1.2444993279569891,1.521787459840403,0.7450723286969756,0.7887783137707508,0.6534432345852553,5.161041666666667,1.3296706039205934,4.920769489247312,2.203783812835785,0.2402721774193549,1.5026996884559698,1.521787459840403,1.2444993279569891
valence,8,stimulus_only,42,4800,0.8819220430107526,1.069358437123967,0.955618365839362,0.8923289458976781,0.9143774607845039,5.117708333333334,2.918493289626896,4.906310483870969,2.189327979010965,0.21139784946236553,1.0482549385959987,1.069358437123967,0.8819220430107526
valence,8,stimulus_only,43,4800,0.9494590053763439,1.0723930883390878,0.9512470051577412,0.9288521003750274,0.9124081378542517,5.162083333333333,2.872495255532297,4.891784274193548,2.1920516613789047,0.27029905913978497,1.0377694129938473,1.0723930883390878,0.9494590053763439
valence,8,stimulus_only,44,4800,1.3188272849462366,1.5541892752310285,0.8125200628629763,0.8173525540138737,0.7714427915681287,5.612708333333333,2.28204151983786,4.886542338709678,2.1985127416598944,0.7261659946236559,1.374113260068247,1.5541892752310285,1.3188272849462366
valence,8,stimulus_only,45,4800,0.7589415322580645,0.9488683483355941,0.9036482609137064,0.8767313616904265,0.9015506220086368,4.813541666666667,2.087169125058442,4.920823252688171,2.185757645813805,-0.10728158602150534,0.942784070598262,0.9488683483355941,0.7589415322580645
valence,8,stimulus_only,46,4800,1.1228225806451613,1.3485233072247356,0.9018099344369317,0.8913995062340069,0.861179419501091,4.51625,2.8536063622779744,4.906538978494624,2.1918842945034154,-0.3902889784946237,1.2908096774482138,1.3485233072247356,1.1228225806451613
valence,8,stimulus_only,47,4800,1.5470497311827955,1.8089213927362502,0.8306842100709378,0.8377511254958719,0.7779524784996688,4.830208333333333,3.1539862275006674,4.8758333333333335,2.187866331085476,-0.045624999999999985,1.8083459194727804,1.8089213927362502,1.5470497311827955
valence,8,stimulus_only,48,4800,0.8337163978494624,1.0430659003267997,0.9160496844046478,0.9123902431503869,0.8981735811861202,5.306875,2.387509734927797,4.893299731182795,2.1939621247024266,0.41357526881720424,0.9575708691513829,1.0430659003267997,0.8337163978494624
valence,8,stimulus_only,49,4800,1.1377956989247313,1.3371915378173265,0.8320825849477139,0.8345168072336897,0.7282025576923843,4.971041666666666,1.3037585723325296,4.910665322580646,2.208007114276076,0.06037634408602148,1.3358277979908462,1.3371915378173265,1.1377956989247313
valence,8,stimulus_only,50,4800,1.153235887096774,1.284269171678708,0.9674594197057467,0.9581060253133493,0.8930372938476915,4.904166666666667,3.2670678962777755,4.933786962365592,2.1783537903071974,-0.029620295698924805,1.2839275460114652,1.284269171678708,1.153235887096774
valence,8,stimulus_only,52,4800,1.2476108870967741,1.5262808040130025,0.7777991476066459,0.7544368127843513,0.7443684687126273,4.358333333333333,1.9804075057646315,4.943686155913979,2.201863583765419,-0.5853528225806451,1.409572689078307,1.5262808040130025,1.2476108870967741
valence,8,stimulus_only,53,4800,0.9215961021505378,1.117888868563975,0.9434032443366835,0.908874651016699,0.8949949293376316,4.263541666666667,2.58487668111986,4.934304435483871,2.1839383612638397,-0.6707627688172043,0.8942890083345102,1.117888868563975,0.9215961021505378
valence,8,stimulus_only,54,4800,1.0980275537634407,1.4472287626049773,0.8102335592505879,0.8339430277237373,0.8019685023957072,5.1866666666666665,2.3808588553059775,4.913484543010753,2.1984851542516015,0.273182123655914,1.4212116727025497,1.4472287626049773,1.0980275537634407
valence,8,stimulus_only,55,4800,0.9977318548387097,1.3027998670157892,0.8355294640712402,0.8765459981890811,0.8041064187537724,5.36375,1.8974155943018916,4.878047715053764,2.197326044672473,0.48570228494623646,1.208875834771447,1.3027998670157892,0.9977318548387097
valence,8,stimulus_only,56,4800,0.8598487903225805,1.0968488322563235,0.9228124118041467,0.8847978027315335,0.9004812531280999,4.777291666666667,2.701424191964408,4.932725134408602,2.1833689198984434,-0.15543346774193556,1.0857798109781638,1.0968488322563235,0.8598487903225805
valence,8,stimulus_only,57,4800,1.1544489247311829,1.2949094798662646,0.9372765249611872,0.9211641593285533,0.8729464295387577,5.6222916666666665,2.797774963835349,4.884381720430107,2.1966912719745784,0.7379099462365591,1.0640862146897112,1.2949094798662646,1.1544489247311829
valence,8,stimulus_only,58,4800,0.8287399193548387,1.0061339847654658,0.9061282919107989,0.8967822416168336,0.8979665705561141,5.209583333333334,2.2386360787442774,4.913706317204301,2.1959686588037406,0.2958770161290323,0.9616456658388345,1.0061339847654658,0.8287399193548387
valence,8,stimulus_only,59,4800,1.1096942204301072,1.3841213751002348,0.8157856223191617,0.8329788734537336,0.81102874083188,5.1102083333333335,2.29350077173097,4.886925403225806,2.197272426572026,0.22328293010752687,1.3659929407328437,1.3841213751002348,1.1096942204301072
valence,8,stimulus_only,60,4800,1.0906720430107526,1.251668847824076,0.9378587634016163,0.9159056616725326,0.8881819239404168,5.079166666666667,3.032941252132802,4.914018817204301,2.187446132291837,0.1651478494623655,1.2407260343972824,1.251668847824076,1.0906720430107526
valence,8,stimulus_only,61,4800,1.4908837365591399,1.8014199888773141,0.9241682933095141,0.8757372127778076,0.796432495843883,6.022916666666666,3.1574475175984937,4.909781586021506,2.1754708774969,1.1131350806451612,1.4163489218987788,1.8014199888773141,1.4908837365591399
valence,8,stimulus_only,62,4800,1.1208064516129033,1.288873261987589,0.9020049122300019,0.8775507721643836,0.8621435757433589,5.475833333333333,2.621831288537757,4.882869623655914,2.196490731734958,0.5929637096774193,1.1443724588053144,1.288873261987589,1.1208064516129033
valence,8,stimulus_only,63,4800,0.9285248655913978,1.1380611759103567,0.9178838484449213,0.9117216969902541,0.8944683700738583,4.91375,2.7404490393911725,4.950211693548387,2.18209725967397,-0.0364616935483871,1.1374769382356935,1.1380611759103567,0.9285248655913978
valence,8,stimulus_only,64,4800,0.9969321236559139,1.223034743986558,0.8778975643326599,0.8463305709391035,0.8480020303268531,4.355625,2.1605336978105663,4.9331821236559135,2.199894279339373,-0.577557123655914,1.0780731672352173,1.223034743986558,0.9969321236559139
valence,8,stimulus_only,65,4800,0.8113676075268816,0.95660366046519,0.9460321984095863,0.9470799914557287,0.9248513946061995,4.974583333333333,2.7111997331542277,4.893309811827958,2.1954203245328254,0.08127352150537627,0.953144888208249,0.95660366046519,0.8113676075268816
valence,8,stimulus_plus_fewshot_bias,1,4800,0.9713239247311829,1.2014127282388853,0.873573642149407,0.8652727890087645,0.8687295623107447,4.479583333333333,2.4649205179320126,4.474825268817204,2.218041600437021,0.004758064516129035,1.2014033063032838,1.2014127282388853,0.9713239247311829
valence,8,stimulus_plus_fewshot_bias,2,4800,1.1873529905913978,1.633596496718582,0.8215568520256856,0.7911868496632452,0.7964992880115843,4.555208333333334,2.8534836089589195,4.463434139784946,2.227747913884821,0.0917741935483871,1.6310165576994513,1.633596496718582,1.187352990591398
valence,8,stimulus_plus_fewshot_bias,3,4800,1.0994363239247313,1.28281101766782,0.8753418613411361,0.8668334050987105,0.8618334177763594,4.7335416666666665,2.6448140999442455,4.707520161290323,2.216883303144699,0.026021505376344074,1.2825470706012692,1.28281101766782,1.0994363239247313
valence,8,stimulus_plus_fewshot_bias,5,4800,1.303790322580645,1.6015616553194392,0.8345708117873983,0.8126118698408493,0.8074415380267581,5.068958333333334,2.8883449265852157,5.098434139784946,2.230969129847765,-0.029475806451612907,1.6012903898492519,1.6015616553194392,1.303790322580645
valence,8,stimulus_plus_fewshot_bias,6,4800,1.0609408602150536,1.2360824068603198,0.9413094548989349,0.9295713191025927,0.8908375270366639,4.8410416666666665,3.042467296169983,4.806202956989247,2.17686578373859,0.03483870967741936,1.2355913486495498,1.2360824068603198,1.0609408602150536
valence,8,stimulus_plus_fewshot_bias,7,4800,0.6451083669354839,0.8108971096853766,0.9356367577968487,0.9320134470034461,0.9229989542195465,4.728125,1.8896760703998097,4.742251344086022,2.229007120549872,-0.014126344086021501,0.8107740553932773,0.8108971096853766,0.6451083669354839
valence,8,stimulus_plus_fewshot_bias,8,4800,0.798336693548387,1.028279360955102,0.9316172200759077,0.9163185191484637,0.9124314117545537,5.241041666666667,2.6934378122139537,5.217506720430108,2.19532924038536,0.023534946236559138,1.0280099953171056,1.0282793609551022,0.798336693548387
valence,8,stimulus_plus_fewshot_bias,9,4800,0.9557333669354837,1.1500177228770905,0.8952251255268463,0.8411300617915594,0.8858460718812179,5.372083333333333,2.574209391843553,5.39752688172043,2.226744257735791,-0.025443548387096778,1.1497362257391397,1.1500177228770905,0.9557333669354837
valence,8,stimulus_plus_fewshot_bias,10,4800,0.8391162634408602,1.0732720455294082,0.896167506987484,0.8908810160271783,0.8928172915090714,4.854166666666667,2.4149670747698035,4.884301075268817,2.216802987776981,-0.03013440860215051,1.0728489181301712,1.0732720455294082,0.8391162634408602
valence,8,stimulus_plus_fewshot_bias,11,4800,1.2638860887096774,1.5561843222771345,0.8853876832493727,0.8642546637015535,0.8345633573018453,4.78625,3.123389334921281,4.8482930107526885,2.208818753586718,-0.06204301075268817,1.5549470440236497,1.5561843222771345,1.2638860887096772
valence,8,stimulus_plus_fewshot_bias,12,4800,1.0112668010752688,1.2621068118567487,0.8279358306425436,0.8381368480658539,0.8145444966668515,5.1554166666666665,1.8776125779978028,5.148266129032258,2.2502701032860037,0.00715053763440858,1.2620865558061956,1.2621068118567487,1.0112668010752688
valence,8,stimulus_plus_fewshot_bias,13,4800,0.794737063172043,1.011800094673689,0.895789010502758,0.9045213915453651,0.8772421878105793,4.419791666666667,1.8236364650327712,4.421270161290323,2.239163506324835,-0.001478494623655903,1.01179901444671,1.011800094673689,0.794737063172043
valence,8,stimulus_plus_fewshot_bias,14,4800,0.7250294018817204,0.8975198165657208,0.9193941857802682,0.900993317352419,0.9192889879327437,4.5772916666666665,2.2467256170400267,4.599065860215053,2.220882445852543,-0.021774193548387083,0.8972556523218354,0.8975198165657208,0.7250294018817204
valence,8,stimulus_plus_fewshot_bias,15,4800,0.9455367943548386,1.1890683672933369,0.853088554826427,0.8421234752283925,0.8254973116094109,4.751875,1.741615816143637,4.803944892473119,2.2508715999445963,-0.052069892473118294,1.1879277370259016,1.1890683672933369,0.9455367943548386
valence,8,stimulus_plus_fewshot_bias,16,4800,0.782543682795699,1.0235291546357395,0.8880387427860952,0.8406900351198788,0.8826891610881153,4.541666666666667,1.9939317663573366,4.543951612903225,2.2258602174480617,-0.002284946236559137,1.0235266041535254,1.0235291546357395,0.782543682795699
valence,8,stimulus_plus_fewshot_bias,17,4800,1.096780073924731,1.291755958410712,0.8701117455548368,0.8636873457373246,0.8579236475901157,5.146458333333333,2.6175704301120954,5.141713709677419,2.2119962388500047,0.004744623655913982,1.2917472448725953,1.291755958410712,1.096780073924731
valence,8,stimulus_plus_fewshot_bias,18,4800,1.4442531922043012,1.8704659416701883,0.7579725969970976,0.7303719350091594,0.7379187698929185,5.325833333333334,2.8634331327194555,5.309838709677419,2.2693511497541685,0.015994623655913975,1.8703975542547766,1.8704659416701883,1.4442531922043012
valence,8,stimulus_plus_fewshot_bias,19,4800,1.0985853494623654,1.4106518429003847,0.7874138881174013,0.7903511932513348,0.7817263607722343,5.098333333333334,2.003309068072678,5.076344086021506,2.258978647611522,0.021989247311827928,1.4104804482448208,1.4106518429003847,1.0985853494623654
valence,8,stimulus_plus_fewshot_bias,20,4800,0.8001688508064516,0.9875278047363889,0.9090269961822827,0.8905527659482707,0.9070431274699847,4.466875,2.362146495818651,4.428407258064516,2.2158047715353137,0.03846774193548385,0.9867782922003586,0.9875278047363889,0.8001688508064516
valence,8,stimulus_plus_fewshot_bias,21,4800,0.9138382056451614,1.1122517712823343,0.935268340489942,0.9247183187205682,0.904014186927519,4.756875,2.844851824092367,4.7217540322580644,2.18951805193459,0.035120967741935495,1.1116971351701685,1.1122517712823343,0.9138382056451614
valence,8,stimulus_plus_fewshot_bias,22,4800,1.0306334005376343,1.2599849264720187,0.8290104552277293,0.8316294723776925,0.8187994791404729,4.64625,1.9223104858910451,4.642459677419354,2.2507915536871685,0.0037903225806451757,1.259979225380892,1.2599849264720187,1.0306334005376345
valence,8,stimulus_plus_fewshot_bias,23,4800,0.8883845766129033,1.0910359797630953,0.9020093191555495,0.9045424591880897,0.8942299067589615,5.101458333333333,2.5213087619853085,5.143219086021505,2.212571915812977,-0.04176075268817205,1.090236464567451,1.0910359797630953,0.8883845766129033
valence,8,stimulus_plus_fewshot_bias,24,4800,0.8500319220430107,1.135482558382978,0.8643656806688844,0.8284379616390278,0.8628019537181046,4.400416666666667,2.1015073541918006,4.397110215053764,2.2318535992442805,0.003306451612903234,1.1354777442863795,1.135482558382978,0.8500319220430107
valence,8,stimulus_plus_fewshot_bias,25,4800,1.3752175739247312,1.6879559139749414,0.7969308664466244,0.8137436362699646,0.7788540821459885,4.871041666666667,2.793264771123071,4.834442204301075,2.2539102814122294,0.03659946236559138,1.6875590795221151,1.6879559139749414,1.3752175739247312
valence,8,stimulus_plus_fewshot_bias,26,4800,1.3145144489247313,1.6178353207194736,0.8181820860097869,0.795805539372088,0.7951500332541523,4.54125,2.8071275539538036,4.613548387096775,2.211768659649776,-0.0722983870967742,1.6162190656562267,1.6178353207194736,1.3145144489247313
valence,8,stimulus_plus_fewshot_bias,27,4800,1.061690188172043,1.3788142665336987,0.8393628861635317,0.8183269714440607,0.8329930780652558,5.160416666666666,2.5280295013552,5.147903225806452,2.2343775646771724,0.012513440860215053,1.3787574824437758,1.3788142665336987,1.061690188172043
valence,8,stimulus_plus_fewshot_bias,28,4800,1.0822538642473118,1.3862678965311865,0.8019544709868,0.798743091224497,0.7499566146443336,4.857083333333334,1.5753279530695259,4.8650940860215055,2.2812055186539815,-0.008010752688172078,1.3862447506823496,1.3862678965311865,1.0822538642473118
valence,8,stimulus_plus_fewshot_bias,29,4800,0.716575940860215,0.9158193357987848,0.9167327568427586,0.9130145430173013,0.9163260181546299,5.3825,2.26898150793111,5.409220430107527,2.207880159237832,-0.02672043010752688,0.9154294480940605,0.9158193357987848,0.716575940860215
valence,8,stimulus_plus_fewshot_bias,30,4800,0.8853368615591398,1.0556633195155398,0.9251226854094384,0.8662660287178439,0.9071729024699127,4.906875,2.6792168136183006,4.886942204301075,2.1969945261853274,0.01993279569892473,1.0554751194728342,1.0556633195155398,0.8853368615591398
valence,8,stimulus_plus_fewshot_bias,31,4800,1.429876512096774,1.6360180152708452,0.9391217827796938,0.9030766304432544,0.8435161295726976,5.520833333333333,3.508795990871449,5.5186155913978485,2.1892227253668635,0.002217741935483873,1.6360165121145518,1.6360180152708452,1.4298765120967742
valence,8,stimulus_plus_fewshot_bias,32,4800,0.8430435147849462,1.0575979721371322,0.8820182602734484,0.870530378006747,0.8804607197637836,4.500625,2.0983127212219026,4.51796370967742,2.225680301699481,-0.01733870967741938,1.0574558335057291,1.0575979721371322,0.8430435147849461
valence,8,stimulus_plus_fewshot_bias,33,4800,0.7120883736559138,0.8442252703333742,0.9264003577134262,0.9181321584386802,0.9186797664492999,4.793541666666667,1.9538636825353386,4.793125,2.224125346641572,0.00041666666666665114,0.8442251675106278,0.8442252703333741,0.712088373655914
valence,8,stimulus_plus_fewshot_bias,34,4800,0.863245127688172,1.1466945067770296,0.8606716613836615,0.8656356909232779,0.8578692723921504,4.056666666666667,2.0622897199202854,4.049206989247312,2.2356891591858616,0.007459677419354837,1.1466702425219792,1.1466945067770296,0.863245127688172
valence,8,stimulus_plus_fewshot_bias,35,4800,0.7618271169354838,0.9328020259364458,0.9109217267033852,0.9103303238192368,0.910851240187744,4.69,2.1973810168774404,4.704502688172043,2.2207245039718235,-0.014502688172043018,0.9326892792494841,0.9328020259364458,0.7618271169354839
valence,8,stimulus_plus_fewshot_bias,36,4800,0.8393968413978494,1.0597742352838673,0.9404611520040356,0.9374216645003424,0.9115824694700687,4.657916666666667,2.813001776226875,4.663575268817204,2.1884842973017236,-0.005658602150537651,1.0597591282896353,1.059774235283867,0.8393968413978495
valence,8,stimulus_plus_fewshot_bias,37,4800,1.1458938172043012,1.288531353419387,0.9199724189811715,0.9144590474729626,0.7428715851672988,4.714166666666666,1.1507096240533008,4.70625,2.265599328409584,0.007916666666666667,1.2885070334048185,1.288531353419387,1.1458938172043012
valence,8,stimulus_plus_fewshot_bias,38,4800,1.457286626344086,1.7198282829107907,0.6809912722435201,0.7039474974308098,0.6694601456909999,4.693958333333334,1.915910618547715,4.608837365591398,2.295748365641736,0.08512096774193549,1.7177205079845077,1.7198282829107907,1.457286626344086
valence,8,stimulus_plus_fewshot_bias,39,4800,1.0206972446236557,1.2457608268528608,0.9054772152898514,0.8787847656110787,0.8786664688536162,4.67125,2.8175503729599347,4.694556451612904,2.2025883895624743,-0.023306451612903237,1.2455427921329476,1.2457608268528608,1.0206972446236557
valence,8,stimulus_plus_fewshot_bias,40,4800,1.285335181451613,1.5013328599432527,0.911593471322621,0.8942551700404071,0.8501776667719295,5.136458333333334,3.1988806568231363,5.09200940860215,2.1930971820861176,0.04444892473118278,1.5006747313910593,1.5013328599432527,1.285335181451613
valence,8,stimulus_plus_fewshot_bias,41,4800,1.3231854838709678,1.6136940664496953,0.7211128313876604,0.738775508827777,0.6270733645991823,5.161041666666667,1.3296706039205934,5.195920698924731,2.2832847121673296,-0.03487903225806453,1.6133170777016197,1.6136940664496953,1.3231854838709678
valence,8,stimulus_plus_fewshot_bias,42,4800,0.9349151545698925,1.1368900962270878,0.9396303771395692,0.8781026334533961,0.9032261098319706,5.117708333333334,2.918493289626896,5.141068548387096,2.1995280618967614,-0.02336021505376345,1.1366500742321177,1.1368900962270878,0.9349151545698925
valence,8,stimulus_plus_fewshot_bias,43,4800,0.9566423051075268,1.1134415670200843,0.9381050807856871,0.9155467614687929,0.9052004886027213,5.162083333333333,2.872495255532297,5.203870967741936,2.19650773842472,-0.04178763440860217,1.1126571425100698,1.1134415670200843,0.9566423051075268
valence,8,stimulus_plus_fewshot_bias,44,4800,1.1957913306451613,1.4870416936180233,0.7853364285265195,0.7933911401436641,0.7852850985130378,5.612708333333333,2.28204151983786,5.609254032258065,2.2563277291038077,0.0034543010752688137,1.4870376815543178,1.4870416936180233,1.1957913306451613
valence,8,stimulus_plus_fewshot_bias,45,4800,0.8189012096774195,1.0194732534930326,0.8895657910501009,0.8590699140740092,0.8878846822214309,4.813541666666667,2.087169125058442,4.841458333333334,2.216550207960717,-0.027916666666666666,1.0190909548759088,1.0194732534930326,0.8189012096774193
valence,8,stimulus_plus_fewshot_bias,46,4800,1.0920850134408602,1.4093904214304653,0.8748614818591034,0.8647735279434282,0.8481210545288783,4.51625,2.8536063622779744,4.533051075268817,2.221567669726651,-0.016801075268817203,1.409290276660474,1.4093904214304653,1.0920850134408602
valence,8,stimulus_plus_fewshot_bias,47,4800,1.6261483534946235,1.9568807585154595,0.7879667010338423,0.7926557896853418,0.7446481687014366,4.830208333333333,3.1539862275006674,4.865530913978494,2.246690359674349,-0.03532258064516129,1.9565619382847572,1.9568807585154595,1.6261483534946235
valence,8,stimulus_plus_fewshot_bias,48,4800,0.787563004032258,1.0276232883116108,0.9029899994383864,0.897318325040617,0.9003216683447909,5.306875,2.387509734927797,5.283622311827957,2.2121100583243,0.023252688172043016,1.0273601779186994,1.0276232883116108,0.787563004032258
valence,8,stimulus_plus_fewshot_bias,49,4800,1.2045178091397848,1.4304815261275106,0.8137561410608593,0.8169861795580703,0.702225091016848,4.971041666666666,1.3037585723325296,4.963407258064516,2.2742138384249397,0.007634408602150534,1.4304611537533576,1.4304815261275106,1.204517809139785
valence,8,stimulus_plus_fewshot_bias,50,4800,1.1942498319892472,1.367379478060461,0.9518144254673533,0.9463306331302541,0.8787863840342355,4.904166666666667,3.2670678962777755,4.8754704301075265,2.1795638153366865,0.02869623655913978,1.3670783309775048,1.367379478060461,1.1942498319892472
valence,8,stimulus_plus_fewshot_bias,52,4800,1.1892951948924733,1.5076727868155428,0.7545537358197607,0.7349938201297196,0.7480167352282722,4.358333333333333,1.9804075057646315,4.3932930107526875,2.2577667601023443,-0.034959677419354865,1.507267412591037,1.5076727868155428,1.1892951948924733
valence,8,stimulus_plus_fewshot_bias,53,4800,0.7729485887096774,0.9695779619212731,0.9305533485988393,0.8973297676464876,0.9182508498278243,4.263541666666667,2.58487668111986,4.259092741935484,2.1949895801666557,0.004448924731182786,0.9695677548846939,0.9695779619212731,0.7729485887096774
valence,8,stimulus_plus_fewshot_bias,54,4800,1.1346698588709678,1.5124076539742102,0.7876614667732281,0.7863366382455782,0.7861827920387345,5.1866666666666665,2.3808588553059775,5.216922043010753,2.24241178572179,-0.03025537634408602,1.5121049976777579,1.5124076539742102,1.1346698588709678
valence,8,stimulus_plus_fewshot_bias,55,4800,1.0267842741935485,1.298992897705581,0.8165031220348322,0.8522037020535544,0.8047776955644986,5.36375,1.8974155943018916,5.306021505376345,2.244965848155869,0.057728494623655945,1.2977095087877057,1.298992897705581,1.0267842741935485
valence,8,stimulus_plus_fewshot_bias,56,4800,0.9353192204301073,1.176973532729607,0.9047499723830493,0.8637430104411458,0.8858346901567009,4.777291666666667,2.701424191964408,4.743783602150538,2.198875085550215,0.03350806451612902,1.1764964540356226,1.176973532729607,0.9353192204301073
valence,8,stimulus_plus_fewshot_bias,57,4800,0.9209391801075268,1.1483832209578035,0.9218897543515107,0.9043689563467722,0.8962279619383992,5.6222916666666665,2.797774963835349,5.698877688172043,2.207954179878523,-0.07658602150537634,1.1458266027141266,1.1483832209578035,0.9209391801075268
valence,8,stimulus_plus_fewshot_bias,58,4800,0.8454805107526883,1.0397860093340436,0.8918692938827949,0.8768496477238575,0.8914531348521954,5.209583333333334,2.2386360787442774,5.276075268817205,2.2235887284654563,-0.06649193548387097,1.0376578278615858,1.0397860093340436,0.8454805107526883
valence,8,stimulus_plus_fewshot_bias,59,4800,1.1353864247311827,1.4779733494253549,0.7885547893111181,0.7982823104218328,0.7883629329909372,5.1102083333333335,2.29350077173097,5.086028225806452,2.2496083136628315,0.024180107526881704,1.477775539116679,1.4779733494253549,1.1353864247311827
valence,8,stimulus_plus_fewshot_bias,60,4800,1.1540616599462366,1.3455589275068336,0.9163390790671485,0.8933215976183929,0.8711152803600574,5.079166666666667,3.032941252132802,5.033494623655914,2.201554508396216,0.04567204301075271,1.3447835855187125,1.3455589275068336,1.1540616599462366
valence,8,stimulus_plus_fewshot_bias,61,4800,1.2726092069892472,1.541428615721519,0.8952405798719554,0.8538365023840859,0.8394499922195773,6.022916666666666,3.1574475175984937,5.995779569892473,2.19748255825376,0.027137096774193546,1.541189720749469,1.541428615721519,1.2726092069892474
valence,8,stimulus_plus_fewshot_bias,62,4800,0.9938676075268817,1.2226733523291646,0.8854967286148059,0.8657460457500025,0.8733220205813604,5.475833333333333,2.621831288537757,5.4971236559139784,2.2195885652164145,-0.021290322580645185,1.2224879748530249,1.2226733523291649,0.9938676075268817
valence,8,stimulus_plus_fewshot_bias,63,4800,0.9812231182795699,1.2292931073155968,0.8988847589660955,0.8877056107791756,0.8776534843070367,4.91375,2.7404490393911725,4.912419354838709,2.2003239493498374,0.0013306451612903143,1.2292923871386698,1.2292931073155968,0.9812231182795699
valence,8,stimulus_plus_fewshot_bias,64,4800,0.8957350470430105,1.1530511354719994,0.8626834768025967,0.8353454001464056,0.8622249297117308,4.355625,2.1605336978105663,4.359401881720431,2.232053242535917,-0.003776881720430107,1.1530449497646382,1.1530511354719994,0.8957350470430105
valence,8,stimulus_plus_fewshot_bias,65,4800,0.8842053091397848,1.0457730897784683,0.9301081844108404,0.9321302215920595,0.9104354871594622,4.974583333333333,2.7111997331542277,5.010376344086021,2.2042617226399726,-0.035793010752688176,1.0451603779736685,1.0457730897784683,0.884205309139785
valence,8,stimulus_plus_fewshot_bias_shrink4,1,4800,0.9572866263440861,1.169086485089794,0.882436443288467,0.8762277252886228,0.8751556178205248,4.479583333333333,2.4649205179320126,4.625880376344086,2.202384842323631,-0.1462970430107527,1.1598967129990148,1.169086485089794,0.9572866263440861
valence,8,stimulus_plus_fewshot_bias_shrink4,2,4800,1.159058579749104,1.5802821020758566,0.8353120396610195,0.7989149348873568,0.8078796527763636,4.555208333333334,2.8534836089589195,4.615073924731183,2.2028677815322872,-0.05986559139784949,1.5791477553122995,1.5802821020758564,1.159058579749104
valence,8,stimulus_plus_fewshot_bias_shrink4,3,4800,1.0704413082437276,1.2352345786889818,0.8860892596927747,0.8762304726384599,0.8710570232954441,4.7335416666666665,2.6448140999442455,4.779213709677419,2.199100901176622,-0.04567204301075273,1.2343899419859878,1.2352345786889818,1.0704413082437276
valence,8,stimulus_plus_fewshot_bias_shrink4,5,4800,1.2649098342293905,1.5493975850739978,0.8481688138222858,0.8264297919589919,0.8184520411889936,5.068958333333334,2.8883449265852157,5.029237231182795,2.2088502014350344,0.03972110215053762,1.5488883467432646,1.5493975850739978,1.2649098342293905
valence,8,stimulus_plus_fewshot_bias_shrink4,6,4800,1.053065636200717,1.1990129900852238,0.9487245018703334,0.9380521899755445,0.8970738963811818,4.8410416666666665,3.042467296169983,4.848346774193548,2.170473223518718,-0.00730510752688174,1.1989907363266532,1.1990129900852238,1.053065636200717
valence,8,stimulus_plus_fewshot_bias_shrink4,7,4800,0.6286827956989248,0.7865677125356916,0.9395049563451798,0.9381147426738997,0.9271472736370928,4.728125,1.8896760703998097,4.793323252688173,2.2174748987747925,-0.06519825268817205,0.7838609278756274,0.7865677125356916,0.6286827956989248
valence,8,stimulus_plus_fewshot_bias_shrink4,8,4800,0.7837892025089606,1.0091823327500176,0.9366891132676073,0.922950164383518,0.9155827613565539,5.241041666666667,2.6934378122139537,5.108639112903226,2.1891389192041064,0.13240255376344084,1.0004591668287546,1.0091823327500176,0.7837892025089606
valence,8,stimulus_plus_fewshot_bias_shrink4,9,4800,0.9133691756272401,1.1217035487007097,0.9029726519951402,0.8487325742681123,0.8909899746081957,5.372083333333333,2.574209391843553,5.22349126344086,2.212147600687945,0.1485920698924731,1.1118179922688947,1.1217035487007097,0.9133691756272401
valence,8,stimulus_plus_fewshot_bias_shrink4,10,4800,0.8132157258064516,1.0380961352224056,0.9030656704088723,0.8985680123350674,0.8992334346062499,4.854166666666667,2.4149670747698035,4.889032258064517,2.204807084591215,-0.03486559139784949,1.0375104705496585,1.0380961352224056,0.8132157258064516
valence,8,stimulus_plus_fewshot_bias_shrink4,11,4800,1.2314129704301076,1.5022087629955214,0.8993161190103642,0.8787218919450114,0.8449298965063915,4.78625,3.123389334921281,4.866216397849462,2.1886921803666772,-0.07996639784946237,1.500078845539632,1.5022087629955214,1.2314129704301076
valence,8,stimulus_plus_fewshot_bias_shrink4,12,4800,0.9771617383512546,1.2204316914157691,0.8372849289400913,0.8453790029782339,0.824537034136319,5.1554166666666665,1.8776125779978028,5.0670564516129035,2.2260883581980164,0.08836021505376342,1.2172288140721974,1.2204316914157691,0.9771617383512546
valence,8,stimulus_plus_fewshot_bias_shrink4,13,4800,0.7891420250896057,0.9889640818539027,0.9022006310738604,0.9127782148479129,0.8820432555264066,4.419791666666667,1.8236364650327712,4.581350806451613,2.222576680353934,-0.1615591397849463,0.9756785328934325,0.9889640818539026,0.7891420250896057
valence,8,stimulus_plus_fewshot_bias_shrink4,14,4800,0.7200560035842294,0.8784134112775529,0.9240267980043984,0.9061036250390542,0.9224891778816264,4.5772916666666665,2.2467256170400267,4.701149193548387,2.211730734444203,-0.12385752688172043,0.8696375303234165,0.8784134112775529,0.7200560035842294
valence,8,stimulus_plus_fewshot_bias_shrink4,15,4800,0.907496079749104,1.1543062087019187,0.8603386567574157,0.8484285929716187,0.8337755455432528,4.751875,1.741615816143637,4.845530913978494,2.2302035738125445,-0.09365591397849464,1.1505004968380719,1.1543062087019187,0.907496079749104
valence,8,stimulus_plus_fewshot_bias_shrink4,16,4800,0.7604866711469535,1.0026999011969289,0.8933436135954711,0.8455102617716621,0.8868522223684406,4.541666666666667,1.9939317663573366,4.672076612903226,2.2120164360218793,-0.13040994623655913,0.994183251610541,1.0026999011969289,0.7604866711469535
valence,8,stimulus_plus_fewshot_bias_shrink4,17,4800,1.0564504928315412,1.2428345396477283,0.8818183786521759,0.8777565479920939,0.8676045941622998,5.146458333333333,2.6175704301120954,5.059902553763441,2.1926435646783045,0.08655577956989248,1.239816837264452,1.2428345396477283,1.0564504928315412
valence,8,stimulus_plus_fewshot_bias_shrink4,18,4800,1.4194578853046596,1.8154339872889136,0.7753188414108131,0.749160196618567,0.7504815844418748,5.325833333333334,2.8634331327194555,5.167331989247312,2.2325488979897345,0.15850134408602148,1.8085015582317443,1.8154339872889136,1.4194578853046596
valence,8,stimulus_plus_fewshot_bias_shrink4,19,4800,1.0585607078853048,1.3654744070833345,0.7979799854533803,0.8003715903428742,0.7928156454713644,5.098333333333334,2.003309068072678,5.0200134408602155,2.2315798600164665,0.07831989247311825,1.3632264488494137,1.3654744070833345,1.0585607078853048
valence,8,stimulus_plus_fewshot_bias_shrink4,20,4800,0.756160394265233,0.961543883893033,0.9150226523438125,0.8974639080905829,0.911584219368457,4.466875,2.362146495818651,4.587889784946237,2.2051420086122158,-0.12101478494623659,0.9538983501802037,0.961543883893033,0.7561603942652331
valence,8,stimulus_plus_fewshot_bias_shrink4,21,4800,0.8955353942652331,1.0767577602801945,0.9420720700995353,0.931625881556003,0.9098075970030592,4.756875,2.844851824092367,4.785137768817204,2.1819351920519314,-0.028262768817204294,1.0763867753843905,1.0767577602801945,0.8955353942652331
valence,8,stimulus_plus_fewshot_bias_shrink4,22,4800,1.0043946012544802,1.2179911741425102,0.83833105141414,0.8411287665504793,0.8285957699077031,4.64625,1.9223104858910451,4.740349462365592,2.225053078991596,-0.09409946236559141,1.2143507695355398,1.2179911741425102,1.0043946012544802
valence,8,stimulus_plus_fewshot_bias_shrink4,23,4800,0.8537768817204301,1.0593389442479866,0.9082553858423994,0.9111825272765723,0.8999078241305084,5.101458333333333,2.5213087619853085,5.06036626344086,2.2029455543765915,0.04109206989247311,1.0585416574667204,1.0593389442479866,0.8537768817204301
valence,8,stimulus_plus_fewshot_bias_shrink4,24,4800,0.8286497535842293,1.1080236254213394,0.8728473727336584,0.8361511137114049,0.8686764724626871,4.400416666666667,2.1015073541918006,4.579556451612903,2.2136774517227296,-0.17913978494623659,1.0934465199273649,1.1080236254213394,0.8286497535842293
valence,8,stimulus_plus_fewshot_bias_shrink4,25,4800,1.325703405017921,1.6218569686879667,0.8144003278568968,0.835203958432917,0.7934192084449346,4.871041666666667,2.793264771123071,4.866441532258065,2.2205360900628226,0.004600134408602131,1.6218504449070335,1.6218569686879667,1.3257034050179208
valence,8,stimulus_plus_fewshot_bias_shrink4,26,4800,1.2913827284946235,1.5777621276753875,0.8309219008530341,0.807273221498783,0.8040937899393606,4.54125,2.8071275539538036,4.713585349462366,2.190227414319704,-0.17233534946236562,1.5683219882576571,1.5777621276753875,1.2913827284946235
valence,8,stimulus_plus_fewshot_bias_shrink4,27,4800,1.0266285842293905,1.33565785627747,0.8501959336055058,0.8322198146437186,0.8420993854004808,5.160416666666666,2.5280295013552,5.068034274193549,2.2132925343137133,0.09238239247311827,1.3324591560707102,1.33565785627747,1.0266285842293905
valence,8,stimulus_plus_fewshot_bias_shrink4,28,4800,1.049249551971326,1.3374889039167235,0.8118443339299761,0.8097700726329068,0.7628347825228,4.857083333333334,1.5753279530695259,4.885940860215054,2.2495006738049055,-0.028857526881720462,1.3371775541201059,1.3374889039167235,1.049249551971326
valence,8,stimulus_plus_fewshot_bias_shrink4,29,4800,0.6794842069892473,0.9006450445493192,0.9210836057825026,0.9179189817140743,0.9189015490004337,5.3825,2.26898150793111,5.245450268817205,2.198891232202293,0.13704973118279573,0.8901566533223062,0.9006450445493192,0.6794842069892473
valence,8,stimulus_plus_fewshot_bias_shrink4,30,4800,0.8637830421146953,1.0225640647859249,0.9313147008970494,0.8698928499641807,0.9126721871449958,4.906875,2.6792168136183006,4.893605510752688,2.1898227927523997,0.01326948924731182,1.0224779641863333,1.0225640647859249,0.8637830421146953
valence,8,stimulus_plus_fewshot_bias_shrink4,31,4800,1.4185528673835126,1.5977935124486327,0.9523936831088029,0.90982366511958,0.8505514556529878,5.520833333333333,3.508795990871449,5.309156586021506,2.173930170113796,0.21167674731182792,1.5837099049606351,1.5977935124486327,1.4185528673835124
valence,8,stimulus_plus_fewshot_bias_shrink4,32,4800,0.8404653897849461,1.0377492066977696,0.8879297338276931,0.8752668212710603,0.884475178755604,4.500625,2.0983127212219026,4.6529099462365595,2.212668514573118,-0.15228494623655917,1.0265148372778534,1.0377492066977696,0.8404653897849462
valence,8,stimulus_plus_fewshot_bias_shrink4,33,4800,0.697107414874552,0.8199361547503594,0.9303723263369966,0.9234477253968942,0.9229289057095852,4.793541666666667,1.9538636825353386,4.837247983870967,2.2143983867663604,-0.04370631720430112,0.8187704536090944,0.8199361547503594,0.697107414874552
valence,8,stimulus_plus_fewshot_bias_shrink4,34,4800,0.8580577956989246,1.1422334386475257,0.8687886443572269,0.8756572719264184,0.8590328086094141,4.056666666666667,2.0622897199202854,4.338538306451613,2.218746244878894,-0.2818716397849463,1.106908129453161,1.1422334386475257,0.8580577956989246
valence,8,stimulus_plus_fewshot_bias_shrink4,35,4800,0.7454989919354839,0.9048147855483758,0.9164888286351607,0.9147948631044809,0.9157662620698711,4.69,2.1973810168774404,4.776649865591398,2.2098123901021345,-0.08664986559139785,0.9006562035204921,0.9048147855483758,0.7454989919354839
valence,8,stimulus_plus_fewshot_bias_shrink4,36,4800,0.8363933691756273,1.0312955704727553,0.9464707729630544,0.9439646544210537,0.9161351686746282,4.657916666666667,2.813001776226875,4.74851814516129,2.181919746216601,-0.09060147849462367,1.0273080968099657,1.0312955704727553,0.8363933691756273
valence,8,stimulus_plus_fewshot_bias_shrink4,37,4800,1.1298969534050178,1.2531976097352455,0.9265136678550278,0.9226220707458159,0.7526104749038175,4.714166666666666,1.1507096240533008,4.773417338709677,2.240683396308149,-0.059250672043010794,1.2517961522982024,1.2531976097352455,1.129896953405018
valence,8,stimulus_plus_fewshot_bias_shrink4,38,4800,1.4187382392473118,1.6601780425625157,0.6945476563625076,0.7201292467171538,0.685369707981144,4.693958333333334,1.915910618547715,4.7058904569892475,2.2559341215540805,-0.011932123655913977,1.6601351623984615,1.6601780425625157,1.4187382392473118
valence,8,stimulus_plus_fewshot_bias_shrink4,39,4800,1.0013670474910394,1.2078181200937215,0.914345369338002,0.8877266942688004,0.8855609238233354,4.67125,2.8175503729599347,4.764502688172042,2.190963932294951,-0.09325268817204299,1.204212833088661,1.2078181200937215,1.0013670474910394
valence,8,stimulus_plus_fewshot_bias_shrink4,40,4800,1.26003416218638,1.4640727670307045,0.9215571663294945,0.9041194537263267,0.8570610440669201,5.136458333333334,3.1988806568231363,5.030709005376344,2.179897939135178,0.1057493279569892,1.460248659234991,1.4640727670307045,1.26003416218638
valence,8,stimulus_plus_fewshot_bias_shrink4,41,4800,1.2779161066308244,1.563703698685937,0.7321210505169052,0.758760104356358,0.641459049740826,5.161041666666667,1.3296706039205934,5.104203629032257,2.2468917042248915,0.05683803763440864,1.562670373035193,1.563703698685937,1.2779161066308244
valence,8,stimulus_plus_fewshot_bias_shrink4,42,4800,0.90302979390681,1.097659746859258,0.9474737367868883,0.8838292985389601,0.9095307849001636,5.117708333333334,2.918493289626896,5.0628158602150535,2.1902625717661106,0.05489247311827955,1.0962863386315131,1.097659746859258,0.90302979390681
valence,8,stimulus_plus_fewshot_bias_shrink4,43,4800,0.9416700268817203,1.0801516695714315,0.94458649578811,0.9229357189123168,0.9106076300247041,5.162083333333333,2.872495255532297,5.099842069892473,2.1901268419264475,0.062241263440860214,1.078356923473502,1.0801516695714315,0.9416700268817203
valence,8,stimulus_plus_fewshot_bias_shrink4,44,4800,1.1886335125448029,1.456095766816027,0.7976225487044963,0.8007703198666661,0.7927353979654358,5.612708333333333,2.28204151983786,5.368350134408602,2.2275734474639717,0.24435819892473115,1.4354455589669066,1.456095766816027,1.1886335125448029
valence,8,stimulus_plus_fewshot_bias_shrink4,45,4800,0.7896550179211471,0.9857182744607944,0.8960358792726882,0.8653982164976631,0.8944692525963525,4.813541666666667,2.087169125058442,4.867913306451613,2.2018056458916075,-0.05437163978494624,0.9842175782788387,0.9857182744607944,0.7896550179211469
valence,8,stimulus_plus_fewshot_bias_shrink4,46,4800,1.0739208109318996,1.362634527923256,0.8876246663343038,0.8758267392917437,0.8573038474906782,4.51625,2.8536063622779744,4.657547043010752,2.202053496068448,-0.14129704301075272,1.35528889994903,1.362634527923256,1.0739208109318996
valence,8,stimulus_plus_fewshot_bias_shrink4,47,4800,1.5881154793906809,1.8892399344489714,0.8079750862423166,0.8145392659622935,0.7594113313427778,4.830208333333333,3.1539862275006674,4.868965053763441,2.2104891137224536,-0.03875672043010753,1.8888423561902288,1.8892399344489714,1.5881154793906809
valence,8,stimulus_plus_fewshot_bias_shrink4,48,4800,0.7758546146953406,1.0071456564945154,0.9090391514240257,0.9044850085597512,0.9040541442018296,5.306875,2.387509734927797,5.1535147849462355,2.201887132939799,0.1533602150537634,0.9954009332095444,1.0071456564945154,0.7758546146953406
valence,8,stimulus_plus_fewshot_bias_shrink4,49,4800,1.1712180779569892,1.3873317609574385,0.8225009237258298,0.8256243533652557,0.7143805062793006,4.971041666666666,1.3037585723325296,4.945826612903226,2.2445993926055663,0.025215053763440867,1.3871025975121574,1.3873317609574385,1.1712180779569894
valence,8,stimulus_plus_fewshot_bias_shrink4,50,4800,1.1755437948028673,1.3289544862486478,0.9600029155976747,0.954192428577281,0.8852659807466966,4.904166666666667,3.2670678962777755,4.894909274193548,2.1724064075081406,0.009257392473118247,1.3289222427234053,1.3289544862486478,1.1755437948028673
valence,8,stimulus_plus_fewshot_bias_shrink4,52,4800,1.1747199820788532,1.4787098572563333,0.7650242996759203,0.746361281043646,0.7555835605820785,4.358333333333333,1.9804075057646315,4.576757392473119,2.2307876615411724,-0.21842405913978497,1.4624888964829599,1.4787098572563333,1.1747199820788532
valence,8,stimulus_plus_fewshot_bias_shrink4,53,4800,0.7641381048387097,0.960863205061421,0.9366459555009151,0.9023566616064517,0.9198101392823419,4.263541666666667,2.58487668111986,4.484163306451613,2.187039228388194,-0.22062163978494628,0.9351920609690333,0.9608632050614211,0.7641381048387097
valence,8,stimulus_plus_fewshot_bias_shrink4,54,4800,1.096876680107527,1.4720953858537935,0.7979148299716347,0.802959336213206,0.7955859796952288,5.1866666666666665,2.3808588553059775,5.11577620967742,2.219873167908641,0.07089045698924733,1.4703874891197506,1.4720953858537935,1.096876680107527
valence,8,stimulus_plus_fewshot_bias_shrink4,55,4800,0.9852693772401434,1.2729070672832052,0.825181836657488,0.861778500445139,0.8111542868236635,5.36375,1.8974155943018916,5.163363575268817,2.222529894155675,0.2003864247311828,1.2570352750511755,1.2729070672832052,0.9852693772401434
valence,8,stimulus_plus_fewshot_bias_shrink4,56,4800,0.8983299731182797,1.1354472015515618,0.9133376943541008,0.873159323520989,0.8933065915636536,4.777291666666667,2.701424191964408,4.806764112903226,2.1874728707432523,-0.02947244623655918,1.135064633588813,1.1354472015515618,0.8983299731182797
valence,8,stimulus_plus_fewshot_bias_shrink4,57,4800,0.9371230958781364,1.1254382601081663,0.929304804881498,0.9118075330661327,0.9002666381554117,5.6222916666666665,2.797774963835349,5.427379032258064,2.1987360166527106,0.19491263440860218,1.1084314783797846,1.1254382601081663,0.9371230958781361
valence,8,stimulus_plus_fewshot_bias_shrink4,58,4800,0.8135898297491039,1.0043714610331045,0.8984254266128197,0.8846302976626694,0.8980825492735003,5.209583333333334,2.2386360787442774,5.155285618279569,2.209840376190644,0.05429771505376344,1.0029026821570044,1.0043714610331047,0.813589829749104
valence,8,stimulus_plus_fewshot_bias_shrink4,59,4800,1.1086648745519714,1.4295711403899731,0.8008542718704035,0.8122597172439654,0.7998188356447757,5.1102083333333335,2.29350077173097,5.01966061827957,2.2227856182744903,0.09054771505376344,1.4267006542139213,1.4295711403899731,1.1086648745519714
valence,8,stimulus_plus_fewshot_bias_shrink4,60,4800,1.1248538306451612,1.3000768602153248,0.926928631160915,0.9033652623547552,0.8792401447820203,5.079166666666667,3.032941252132802,4.99366935483871,2.1886821277333524,0.08549731182795695,1.2972625224439078,1.3000768602153248,1.1248538306451614
valence,8,stimulus_plus_fewshot_bias_shrink4,61,4800,1.2733781362007168,1.534402017692581,0.9094874139864936,0.8661661075923491,0.84165269472755,6.022916666666666,3.1574475175984937,5.633780241935484,2.1789021801344606,0.3891364247311828,1.4842379845720484,1.534402017692581,1.2733781362007168
valence,8,stimulus_plus_fewshot_bias_shrink4,62,4800,1.0028629032258065,1.2007720365599177,0.8932034500077964,0.8725377374613262,0.8775556107656644,5.475833333333333,2.621831288537757,5.292372311827957,2.206336550529047,0.18346102150537635,1.1866741496183593,1.200772036559918,1.0028629032258065
valence,8,stimulus_plus_fewshot_bias_shrink4,63,4800,0.9543324372759855,1.1873825216792353,0.9079116814033487,0.8982482036596992,0.885338671197551,4.91375,2.7404490393911725,4.925016801075269,2.187653005667487,-0.011266801075268841,1.1873290664271932,1.1873825216792353,0.9543324372759855
valence,8,stimulus_plus_fewshot_bias_shrink4,64,4800,0.892372311827957,1.1355581528376804,0.8696532056123669,0.8414502721019619,0.865931987356712,4.355625,2.1605336978105663,4.5506619623655915,2.216359615404973,-0.1950369623655914,1.1186835574850142,1.1355581528376804,0.892372311827957
valence,8,stimulus_plus_fewshot_bias_shrink4,65,4800,0.8508170922939068,1.0032757807526143,0.9377755807913426,0.9414056655408952,0.9173044302108294,4.974583333333333,2.7111997331542277,4.971354166666667,2.1957428408973483,0.0032291666666666584,1.0032705840038405,1.0032757807526143,0.8508170922939068
valence,16,stimulus_only,1,3200,0.9826159274193548,1.1885719667354018,0.8945544093797586,0.8865437869344664,0.8725700121806541,4.4728125,2.4569820593247624,4.927474798387097,2.2005987702210352,-0.4546622983870968,1.0981737178309376,1.1885719667354018,0.9826159274193548
valence,16,stimulus_only,2,3200,1.2021471774193548,1.5391406861521757,0.8559213697817742,0.8098139544482291,0.8185257448931634,4.5240625,2.8473752819208342,4.8995362903225805,2.19212534179998,-0.37547379032258066,1.4926397705239487,1.5391406861521757,1.2021471774193548
valence,16,stimulus_only,3,3200,1.052086693548387,1.194203108895872,0.898199116782602,0.8934693270493022,0.8790474779078233,4.695625,2.6377984872569398,4.915766129032258,2.187306100741931,-0.22014112903225816,1.1737371718595986,1.194203108895872,1.052086693548387
valence,16,stimulus_only,5,3200,1.2315372983870967,1.4996611490749319,0.8638545701176544,0.8437526629967299,0.8296810917305191,5.0778125,2.8942628966359902,4.91147681451613,2.19091738362497,0.16633568548387095,1.490407998428402,1.4996611490749319,1.2315372983870967
valence,16,stimulus_only,6,3200,1.0530695564516128,1.1685039660182657,0.955183690495232,0.9468802329881439,0.9028238848762656,4.87125,3.0506636060863874,4.950942540322581,2.1766704109255497,-0.07969254032258072,1.1657832635688976,1.1685039660182657,1.0530695564516128
valence,16,stimulus_only,7,3200,0.6151713709677419,0.7636135486389253,0.943382442325394,0.9452999153874705,0.9305966502655207,4.80375,1.891820799520927,4.960907258064516,2.1904357696143024,-0.1571572580645162,0.7472665173166634,0.7636135486389253,0.6151713709677419
valence,16,stimulus_only,8,3200,0.8322530241935482,1.0254446495635043,0.9431200491782944,0.9275173571875002,0.9141595834382409,5.2709375,2.7033600150726778,4.926184475806452,2.196108474823209,0.3447530241935485,0.9657546694827941,1.0254446495635043,0.8322530241935482
valence,16,stimulus_only,9,3200,0.9376663306451613,1.1790850389205367,0.91274711111501,0.8733838177883889,0.8807771250258287,5.35875,2.574888043682676,4.85234375,2.1850323979742314,0.50640625,1.064797745568228,1.1790850389205367,0.9376663306451613
valence,16,stimulus_only,10,3200,0.8038004032258064,1.0130663810707448,0.9095802333933275,0.9010760905114663,0.9052517003365727,4.885,2.43642155629932,4.92148185483871,2.212331934155585,-0.03648185483870974,1.012409288145512,1.0130663810707448,0.8038004032258064
valence,16,stimulus_only,11,3200,1.2005645161290324,1.4440756943741577,0.9132463520591309,0.8926541258162435,0.8556386157463682,4.79875,3.117310288934998,4.922641129032258,2.170807336075302,-0.12389112903225807,1.4387514028592008,1.4440756943741577,1.2005645161290324
valence,16,stimulus_only,12,3200,0.9494405241935483,1.1794196649063224,0.8497321981785153,0.8594908893304511,0.8346781942045924,5.19125,1.8870409209924413,4.951839717741936,2.189940261584685,0.2394102822580645,1.1548651275005475,1.1794196649063224,0.9494405241935483
valence,16,stimulus_only,13,3200,0.8581804435483872,1.03494142314898,0.9137422756190471,0.9269879535250569,0.876056772106633,4.4334375,1.862275337750503,4.907958669354839,2.2245562002260124,-0.4745211693548388,0.9197463830772873,1.03494142314898,0.8581804435483872
valence,16,stimulus_only,14,3200,0.7458870967741934,0.889373727378481,0.9271058798130648,0.9102784735234335,0.9177816876174956,4.6559375,2.2000132945265922,4.964959677419355,2.1644860217216486,-0.3090221774193548,0.8339609827888192,0.889373727378481,0.7458870967741934
valence,16,stimulus_only,15,3200,0.8431854838709677,1.1012682919872545,0.8705451070021709,0.8639259334771565,0.8456020471717476,4.7253125,1.7411876054416853,4.876058467741935,2.1910077646912622,-0.15074596774193552,1.090902151499424,1.1012682919872545,0.8431854838709677
valence,16,stimulus_only,16,3200,0.773296370967742,1.0184806218358555,0.9046073241956055,0.8539299600725491,0.8855591175306864,4.5359375,2.0101202690619657,4.925866935483871,2.20713939837635,-0.38992943548387093,0.9408814018771869,1.0184806218358555,0.773296370967742
valence,16,stimulus_only,17,3200,1.0087701612903226,1.196137122845589,0.8948038085370251,0.8919532643297376,0.8760994120062016,5.1696875,2.5974061392750554,4.916391129032259,2.1764278648198236,0.25329637096774194,1.169010250213357,1.196137122845589,1.0087701612903226
valence,16,stimulus_only,18,3200,1.429576612903226,1.7859923384310592,0.7979225515472653,0.7985781121291093,0.7594111794909925,5.31625,2.864216461355531,4.8664112903225805,2.202744647003766,0.4498387096774193,1.728413656567836,1.7859923384310592,1.429576612903226
valence,16,stimulus_only,19,3200,1.0329334677419355,1.326949658209171,0.8103352144093597,0.8076527535029078,0.8031108093636856,5.0703125,2.002590485432244,4.881975806451614,2.2129705531320694,0.18833669354838706,1.313516153415974,1.326949658209171,1.0329334677419355
valence,16,stimulus_only,20,3200,0.7498941532258064,1.0119677256758604,0.921795084088967,0.9064163352131634,0.9025664709497006,4.444375,2.3497405940603313,4.884480846774194,2.1898773098235034,-0.4401058467741936,0.9112549157314561,1.0119677256758604,0.7498941532258064
valence,16,stimulus_only,21,3200,0.8990171370967741,1.0558229245460047,0.9485852884459478,0.9375637697125537,0.9133127286646108,4.734375,2.8450735244234022,4.90882560483871,2.175937803810336,-0.17445060483870967,1.041311209230116,1.0558229245460047,0.8990171370967741
valence,16,stimulus_only,22,3200,0.9996572580645161,1.186180191045843,0.852447590299629,0.8489027212511934,0.8368889993260493,4.6234375,1.9241266027976822,4.907983870967742,2.2006684344245575,-0.28454637096774194,1.151545400059694,1.186180191045843,0.9996572580645161
valence,16,stimulus_only,23,3200,0.8511290322580645,1.052901570405087,0.9144611720446113,0.9092711140565429,0.9016172294139319,5.069375,2.533192079052633,4.863326612903226,2.19288225540998,0.20604838709677423,1.0325433546037261,1.052901570405087,0.8511290322580645
valence,16,stimulus_only,24,3200,0.9509022177419355,1.1904632984071026,0.8811086484948482,0.84699388374003,0.8540059365599781,4.3703125,2.123689278671376,4.909037298387096,2.21517111918097,-0.5387247983870967,1.0615924154105003,1.1904632984071026,0.9509022177419355
valence,16,stimulus_only,25,3200,1.2724395161290323,1.5445387534724235,0.8339108891250142,0.8660529225891838,0.8104207828448456,4.86,2.7868710052673773,4.915262096774194,2.1940724060359975,-0.055262096774193574,1.5435498247994028,1.5445387534724235,1.2724395161290323
valence,16,stimulus_only,26,3200,1.3028881048387098,1.549264100801493,0.8459599081486018,0.8231036451874588,0.8126968906462966,4.5725,2.8075333924995443,4.926819556451613,2.1924506113401807,-0.35431955645161295,1.5082032044615838,1.549264100801493,1.3028881048387098
valence,16,stimulus_only,27,3200,1.026960685483871,1.2921297513620058,0.8652467475460393,0.8582268337779481,0.8526280171538372,5.1046875,2.5272223937247293,4.852121975806451,2.2087343873795398,0.25256552419354833,1.267205567516051,1.2921297513620058,1.026960685483871
valence,16,stimulus_only,28,3200,1.0183064516129035,1.273087068068172,0.8259305768589867,0.8251403696286207,0.7808323103352035,4.82375,1.579417910972267,4.869254032258064,2.2132315915934884,-0.04550403225806461,1.2722735814008994,1.273087068068172,1.0183064516129035
valence,16,stimulus_only,29,3200,0.7598235887096775,1.001710904703796,0.9249916384914997,0.917823991607304,0.9025629012738894,5.4421875,2.2749522445193766,4.946920362903226,2.2085022727468884,0.4952671370967742,0.870709595395883,1.001710904703796,0.7598235887096775
valence,16,stimulus_only,30,3200,0.8378377016129032,0.9845681443817496,0.9376670616443014,0.8727197853214936,0.9193665718485765,4.89625,2.6818577399817465,4.908019153225806,2.1976106533665787,-0.011769153225806484,0.9844977998775157,0.9845681443817496,0.8378377016129032
valence,16,stimulus_only,31,3200,1.4270362903225804,1.627843356080518,0.96491090668527,0.9205294320906492,0.8462616614240691,5.4503125,3.493033230924629,4.856411290322581,2.163853115774433,0.5939012096774193,1.5156369436904016,1.627843356080518,1.4270362903225804
valence,16,stimulus_only,32,3200,0.8920413306451613,1.0697856120986473,0.8942447716074148,0.8770577708741534,0.8767272848905179,4.509375,2.08069390093185,4.9223034274193544,2.187240137208838,-0.41292842741935487,0.9868796125578116,1.0697856120986473,0.8920413306451613
valence,16,stimulus_only,33,3200,0.6872631048387098,0.7988806412764321,0.9337643318331682,0.9290284617307746,0.9256543293998266,4.7971875,1.9440112113472365,4.918321572580645,2.1887235292960354,-0.1211340725806452,0.7896434736425487,0.7988806412764321,0.6872631048387098
valence,16,stimulus_only,34,3200,1.173210685483871,1.381739378583307,0.8744389865547222,0.8808603725982127,0.8058605251664271,4.030625,2.0639009446615892,4.89890625,2.1955834273876653,-0.86828125,1.074844817276532,1.381739378583307,1.173210685483871
valence,16,stimulus_only,35,3200,0.7455493951612903,0.8947373941847683,0.9219771606189263,0.9146525213816857,0.9172044054149804,4.6565625,2.1934249892790385,4.880287298387096,2.192689485558022,-0.2237247983870968,0.8663153116153508,0.8947373941847683,0.7455493951612903
valence,16,stimulus_only,36,3200,0.8770766129032258,1.0243052231471308,0.9533957739197614,0.9477495784499202,0.9184137183648983,4.6503125,2.826310519448235,4.912943548387097,2.191577854750162,-0.2626310483870968,0.9900636962284739,1.0243052231471308,0.8770766129032258
valence,16,stimulus_only,37,3200,1.1172479838709677,1.222984668644646,0.9316765463524168,0.9223378241029255,0.757141516307144,4.7059375,1.1396665065244964,4.901683467741935,2.195800417189101,-0.19574596774193556,1.2072178825102897,1.222984668644646,1.1172479838709677
valence,16,stimulus_only,38,3200,1.3937247983870966,1.6156810001676722,0.7081503765049353,0.7533358741413564,0.6934856324360995,4.69375,1.88114617653706,4.946184475806451,2.216765923835428,-0.2524344758064516,1.5958389422893313,1.6156810001676722,1.3937247983870966
valence,16,stimulus_only,39,3200,1.0025352822580644,1.184307246070771,0.9247489268601887,0.8964692840661672,0.8918524850142262,4.6540625,2.839676873535746,4.888896169354839,2.202330527691524,-0.2348336693548387,1.1607914544969204,1.184307246070771,1.0025352822580644
valence,16,stimulus_only,40,3200,1.2464616935483872,1.4487934087754313,0.9311424167277204,0.9091503753772361,0.8617919084294476,5.1315625,3.2201325762449207,4.89804435483871,2.1825389662830266,0.23351814516129024,1.4298502079559121,1.4487934087754313,1.2464616935483872
valence,16,stimulus_only,41,3200,1.247172379032258,1.5205178680366536,0.7491880786393479,0.7955483335070198,0.6588356459160831,5.1471875,1.343465049729151,4.917898185483871,2.2179373245982594,0.22928931451612905,1.503130399289248,1.5205178680366536,1.247172379032258
valence,16,stimulus_only,42,3200,0.8916229838709677,1.07911965025337,0.9555176509195766,0.8933482451759006,0.9122821610410241,5.1846875,2.912786986263113,4.945050403225807,2.1757201077307164,0.23963709677419354,1.0521754993405763,1.07911965025337,0.8916229838709677
valence,16,stimulus_only,43,3200,0.9379435483870968,1.0615586973154114,0.9519625467034606,0.9314889740906948,0.9137558401962189,5.145625,2.8614975728410115,4.870766129032258,2.1915190799229864,0.2748588709677419,1.0253582149162954,1.0615586973154114,0.9379435483870968
valence,16,stimulus_only,44,3200,1.3120866935483873,1.5473275839928737,0.8182083614061443,0.8202504172285585,0.7755041758987234,5.6121875,2.294676222224772,4.871824596774194,2.2025464936983288,0.7403629032258064,1.3587072619634735,1.5473275839928737,1.3120866935483873
valence,16,stimulus_only,45,3200,0.7540725806451613,0.9417147712857946,0.9060225593699307,0.8761934746456141,0.9036781587556824,4.844375,2.0891459641142838,4.953991935483871,2.197809184254361,-0.10961693548387093,0.9353132298395984,0.9417147712857946,0.7540725806451613
valence,16,stimulus_only,46,3200,1.1250403225806451,1.350658814753366,0.9004058416490704,0.8913458936345315,0.8590629074465093,4.508125,2.8363592833727886,4.907620967741935,2.177015053190588,-0.39949596774193546,1.2902256413623556,1.350658814753366,1.1250403225806451
valence,16,stimulus_only,47,3200,1.5456804435483869,1.8081313969602035,0.8298744517639883,0.8376226222264044,0.7770350260901434,4.87375,3.14687320009879,4.913079637096774,2.181435077921419,-0.03932963709677417,1.8077036063246354,1.8081313969602035,1.5456804435483869
valence,16,stimulus_only,48,3200,0.8248034274193549,1.0243424850434215,0.9184430469204761,0.9131797326904818,0.9015374795271168,5.3103125,2.3867380778677307,4.9128377016129035,2.191372567170345,0.3974747983870967,0.9440822587635408,1.0243424850434215,0.8248034274193549
valence,16,stimulus_only,49,3200,1.1461542338709676,1.3458888883239357,0.8314947002231383,0.8370948026221043,0.7258700962877107,4.966875,1.3017402714731539,4.902757056451613,2.2156802421491997,0.06411794354838708,1.3443607361973071,1.3458888883239357,1.1461542338709676
valence,16,stimulus_only,50,3200,1.1629737903225807,1.295239058344917,0.9667417604486503,0.9563499901920952,0.8916726980522712,4.906875,3.276252086512117,4.9339213709677425,2.1799655059750354,-0.027046370967742,1.2949566448648782,1.295239058344917,1.1629737903225807
valence,16,stimulus_only,52,3200,1.2251461693548387,1.4949439751856284,0.7875357018841475,0.7623846056344277,0.7542019365657344,4.3896875,1.9974248802755386,4.982676411290323,2.179657814582289,-0.5929889112903226,1.3723052284497521,1.4949439751856284,1.2251461693548387
valence,16,stimulus_only,53,3200,0.9133618951612903,1.111247489986385,0.9440856691138628,0.9127581973119036,0.8957566254108253,4.275,2.5866242479339747,4.934571572580645,2.1726431854628325,-0.6595715725806451,0.8943356890142176,1.111247489986385,0.9133618951612903
valence,16,stimulus_only,54,3200,1.0816834677419356,1.4221446075767123,0.8191196746811451,0.8403015389152404,0.8095851768187939,5.2034375,2.376089367762448,4.894022177419355,2.2090685240718773,0.3094153225806452,1.388076886563506,1.4221446075767123,1.0816834677419356
valence,16,stimulus_only,55,3200,0.9954989919354839,1.2928445929999954,0.8368363550523442,0.8789695424383823,0.8088494260066037,5.3621875,1.922987965340332,4.896295362903226,2.197544209887501,0.4658921370967742,1.205981616045918,1.2928445929999954,0.9954989919354839
valence,16,stimulus_only,56,3200,0.8596774193548388,1.0901480194057869,0.9227259241772091,0.882867520266266,0.9008897454850868,4.7753125,2.689647379740279,4.917701612903226,2.176335908389889,-0.1423891129032259,1.080808976989455,1.0901480194057869,0.8596774193548388
valence,16,stimulus_only,57,3200,1.171809475806452,1.311599742042008,0.9355593604199729,0.9189128847465788,0.8699000884421685,5.6365625,2.7967795200182923,4.881900201612904,2.198039254172016,0.7546622983870968,1.0727435381850436,1.311599742042008,1.171809475806452
valence,16,stimulus_only,58,3200,0.8417489919354838,1.021941381731413,0.9058216898202588,0.8985212193459476,0.8963877608032115,5.2259375,2.2623029739833145,4.907132056451613,2.204516490880178,0.3188054435483871,0.9709414384292316,1.021941381731413,0.8417489919354838
valence,16,stimulus_only,59,3200,1.115554435483871,1.3865352506520445,0.8147191753648477,0.8320990349310033,0.810335729218125,5.1496875,2.2983213770801836,4.9411189516129035,2.1932725491954868,0.20856854838709676,1.3707586081890668,1.3865352506520445,1.115554435483871
valence,16,stimulus_only,60,3200,1.0946673387096775,1.2519808056935944,0.9358683155145515,0.9156975562117657,0.8881029913409658,5.0478125,3.0273588265753615,4.896340725806452,2.1954904770083457,0.15147177419354832,1.2427840679087583,1.2519808056935944,1.0946673387096775
valence,16,stimulus_only,61,3200,1.4728629032258065,1.7779632331194763,0.9270000348924863,0.8833544679496634,0.8033344563452166,6.0090625,3.1731656702879145,4.9194455645161295,2.194881997553404,1.089616935483871,1.4049513131177889,1.7779632331194763,1.4728629032258065
valence,16,stimulus_only,62,3200,1.1310887096774191,1.2984083223069713,0.9001517604424277,0.8732032427220031,0.8601361253718482,5.473125,2.624386163348489,4.880735887096774,2.194374479370519,0.5923891129032257,1.1553957375504436,1.2984083223069713,1.1310887096774191
valence,16,stimulus_only,63,3200,0.9323235887096775,1.1382120688648831,0.9208944864048044,0.9129800600437212,0.8969406883740383,4.8584375,2.7757246907057893,4.901134072580645,2.205497672644583,-0.04269657258064516,1.1374109707575109,1.1382120688648831,0.9323235887096775
valence,16,stimulus_only,64,3200,1.0117691532258064,1.2342224554710426,0.8769250735170258,0.847896773120537,0.8446136933808203,4.3496875,2.1457588756297272,4.948230846774194,2.2001832823599394,-0.5985433467741935,1.0793752506062557,1.2342224554710426,1.0117691532258064
valence,16,stimulus_only,65,3200,0.8171320564516128,0.9624101695313041,0.9459823748285662,0.9471285009798028,0.9238860024267984,4.9625,2.7164717465860013,4.895589717741936,2.1875401316035474,0.06691028225806445,0.9600814280806705,0.9624101695313041,0.8171320564516128
valence,16,stimulus_plus_fewshot_bias,1,3200,0.9343157762096774,1.1543714107551553,0.8829019094084453,0.8760851733073755,0.877856079062315,4.4728125,2.4569820593247624,4.482943548387097,2.2074869846216534,-0.01013104838709678,1.1543269536086498,1.1543714107551553,0.9343157762096774
valence,16,stimulus_plus_fewshot_bias,2,3200,1.1215196572580646,1.5635391088253445,0.838292256770987,0.8043520553871216,0.8113391131666374,4.5240625,2.8473752819208342,4.502832661290322,2.202256385892238,0.021229838709677394,1.5633949720958915,1.5635391088253445,1.1215196572580646
valence,16,stimulus_plus_fewshot_bias,3,3200,1.0778584929435484,1.2404046838977423,0.8843380678044928,0.8745044502698596,0.869237967262692,4.695625,2.6377984872569398,4.744778225806452,2.1922692309233547,-0.0491532258064516,1.2394304095947775,1.2404046838977423,1.0778584929435484
valence,16,stimulus_plus_fewshot_bias,5,3200,1.2719065020161289,1.557549384421944,0.8473372279866149,0.8285211349931301,0.8166670931899,5.0778125,2.8942628966359902,5.116108870967742,2.203251236826254,-0.03829637096774196,1.557078505690666,1.5575493844219437,1.271906502016129
valence,16,stimulus_plus_fewshot_bias,6,3200,1.0640089465725806,1.2190663590410131,0.9471809444441521,0.9370835683866047,0.8937615523630004,4.87125,3.0506636060863874,4.830030241935484,2.163402747087359,0.04121975806451613,1.2183692869120655,1.2190663590410131,1.0640089465725808
valence,16,stimulus_plus_fewshot_bias,7,3200,0.6241431451612902,0.7809591680311422,0.9388420733970726,0.9380887982361149,0.9278090464281413,4.80375,1.891820799520927,4.790443548387096,2.2066321630981687,0.013306451612903211,0.7808457981428646,0.7809591680311422,0.6241431451612903
valence,16,stimulus_plus_fewshot_bias,8,3200,0.7725371723790323,1.0032449936295624,0.9372346544731165,0.9238902769462408,0.9168572722357561,5.2709375,2.7033600150726778,5.269939516129032,2.190328467338742,0.0009979838709677313,1.0032444972542705,1.0032449936295624,0.7725371723790323
valence,16,stimulus_plus_fewshot_bias,9,3200,0.93453125,1.1219298244533764,0.901549934701037,0.851689900341866,0.8898030783321041,5.35875,2.574888043682676,5.351985887096775,2.1891609607907827,0.006764112903225794,1.1219094338557887,1.1219298244533764,0.93453125
valence,16,stimulus_plus_fewshot_bias,10,3200,0.8346049647177419,1.0567793561738779,0.9010821298352825,0.8972247270999605,0.8970993056174775,4.885,2.43642155629932,4.884375,2.2174000400866785,0.00062500000000001,1.0567791713552437,1.0567793561738779,0.8346049647177418
valence,16,stimulus_plus_fewshot_bias,11,3200,1.2367515120967743,1.5115098020679616,0.8984013041915679,0.8790673013093896,0.8412649687377007,4.79875,3.117310288934998,4.845927419354839,2.161730531214383,-0.04717741935483869,1.5107733691227636,1.5115098020679616,1.2367515120967743
valence,16,stimulus_plus_fewshot_bias,12,3200,0.959538810483871,1.2049124756946508,0.8398177899611468,0.8409869653264915,0.8288855273352203,5.19125,1.8870409209924413,5.2104133064516125,2.2188218393722585,-0.019163306451612933,1.2047600764344966,1.2049124756946508,0.959538810483871
valence,16,stimulus_plus_fewshot_bias,13,3200,0.7560231854838709,0.9674344820957271,0.9064561107847068,0.9187003377965792,0.8903643549031172,4.4334375,1.862275337750503,4.419778225806452,2.251326304330155,0.013659274193548364,0.9673380491722288,0.9674344820957271,0.7560231854838709
valence,16,stimulus_plus_fewshot_bias,14,3200,0.7091935483870968,0.8734199245740562,0.9203316518751576,0.9029478292529255,0.9201846073487506,4.6559375,2.2000132945265922,4.628820564516129,2.171875069224016,0.027116935483870966,0.8729988754018607,0.8734199245740562,0.7091935483870968
valence,16,stimulus_plus_fewshot_bias,15,3200,0.9076512096774194,1.138186030097739,0.8625321936197701,0.8551242151476033,0.8374446788609116,4.7253125,1.7411876054416853,4.6991834677419355,2.2219309690118814,0.0261290322580645,1.137886071969821,1.138186030097739,0.9076512096774195
valence,16,stimulus_plus_fewshot_bias,16,3200,0.7537002268145162,0.9940570911366187,0.8952742310154825,0.8485086360563684,0.8904248552196178,4.5359375,2.0101202690619657,4.543618951612903,2.2310009433148537,-0.007681451612903217,0.9940274119661462,0.9940570911366187,0.7537002268145162
valence,16,stimulus_plus_fewshot_bias,17,3200,1.0469997479838709,1.2243702955570914,0.883007925334788,0.8809201192218667,0.8696594137886474,5.1696875,2.5974061392750554,5.161078629032257,2.180522848929121,0.008608870967741955,1.2243400295600975,1.2243702955570916,1.0469997479838709
valence,16,stimulus_plus_fewshot_bias,18,3200,1.407159148185484,1.8175932158451433,0.7728991662472128,0.7443827880080567,0.7490294584076096,5.31625,2.864216461355531,5.295604838709678,2.2269520477506064,0.02064516129032257,1.8174759628676214,1.8175932158451433,1.407159148185484
valence,16,stimulus_plus_fewshot_bias,19,3200,1.0647763356854838,1.3684685474838847,0.7983232866073159,0.8003742796557347,0.7931212620297013,5.0703125,2.002590485432244,5.0646068548387095,2.2453933549267515,0.0057056451612903115,1.3684566529729565,1.3684685474838847,1.0647763356854838
valence,16,stimulus_plus_fewshot_bias,20,3200,0.7717319808467742,0.9532376689390355,0.9143065997917167,0.8979835007434329,0.9122715494413153,4.444375,2.3497405940603313,4.425393145161291,2.199096532259419,0.018981854838709677,0.9530486570323723,0.9532376689390355,0.7717319808467742
valence,16,stimulus_plus_fewshot_bias,21,3200,0.906282762096774,1.095602524269609,0.9398510932922683,0.9289078137380415,0.9062045093119477,4.734375,2.8450735244234022,4.755655241935484,2.1685416445301864,-0.02128024193548388,1.0953958382653761,1.0956025242696088,0.906282762096774
valence,16,stimulus_plus_fewshot_bias,22,3200,0.991975806451613,1.2151461565494066,0.8387605056110893,0.8477053700935123,0.8297363624502586,4.6234375,1.9241266027976822,4.610877016129032,2.2293262924172974,0.012560483870967747,1.2150812384452827,1.2151461565494066,0.991975806451613
valence,16,stimulus_plus_fewshot_bias,23,3200,0.8853017893145162,1.0857192071768493,0.9042897232855589,0.9060194661646326,0.8951832205710644,5.069375,2.533192079052633,5.0917540322580646,2.197406733185811,-0.022379032258064514,1.0854885424305125,1.0857192071768493,0.885301789314516
valence,16,stimulus_plus_fewshot_bias,24,3200,0.8106168094758065,1.1126810025511131,0.8707537728112038,0.8330834848085042,0.8696408662043668,4.3703125,2.123689278671376,4.35804435483871,2.2331787424532306,0.012268145161290316,1.1126133677304313,1.1126810025511131,0.8106168094758064
valence,16,stimulus_plus_fewshot_bias,25,3200,1.3267628528225806,1.6138045301776816,0.8156776550300215,0.8384313531056833,0.793921817214171,4.86,2.7868710052673773,4.833427419354839,2.2068974508964874,0.026572580645161315,1.6135857459645162,1.6138045301776818,1.3267628528225808
valence,16,stimulus_plus_fewshot_bias,26,3200,1.2834022177419353,1.587146429109989,0.8258360720101996,0.7993726028892353,0.802453614478406,4.5725,2.8075333924995443,4.572469758064516,2.2066632771630745,3.0241935483852343e-05,1.58714642882187,1.587146429109989,1.2834022177419353
valence,16,stimulus_plus_fewshot_bias,27,3200,1.0009595514112903,1.3242450268991892,0.8521247075642752,0.8379045142520432,0.8449754643880347,5.1046875,2.5272223937247293,5.097540322580645,2.2192373137095274,0.007147177419354833,1.3242257394878605,1.3242450268991892,1.0009595514112903
valence,16,stimulus_plus_fewshot_bias,28,3200,1.040304939516129,1.338512410923709,0.8137170759570584,0.8088277272435735,0.764137199378228,4.82375,1.579417910972267,4.77766129032258,2.2581678080673964,0.046088709677419334,1.3377186942840675,1.338512410923709,1.040304939516129
valence,16,stimulus_plus_fewshot_bias,29,3200,0.7064094002016128,0.9156004917069217,0.9174156772600075,0.9089421842863471,0.9168851136231794,5.4421875,2.2749522445193766,5.394193548387096,2.2155405504332952,0.04799395161290322,0.9143417528596925,0.9156004917069217,0.7064094002016128
valence,16,stimulus_plus_fewshot_bias,30,3200,0.8694254032258064,1.0289642968862984,0.9303360867923252,0.8671877736341022,0.9117732666870135,4.89625,2.6818577399817465,4.909707661290323,2.19271237276846,-0.013457661290322567,1.0288762878107887,1.0289642968862984,0.8694254032258064
valence,16,stimulus_plus_fewshot_bias,31,3200,1.3969506048387097,1.577948815517335,0.9551730802427443,0.9139014012658452,0.8519239292767266,5.4503125,3.493033230924629,5.5225907258064515,2.146777187989258,-0.07227822580645162,1.5762925878360372,1.577948815517335,1.3969506048387097
valence,16,stimulus_plus_fewshot_bias,32,3200,0.8226253780241936,1.0299422318909217,0.8861437375367239,0.876013067620176,0.8846284742070151,4.509375,2.08069390093185,4.4995463709677415,2.205695963033406,0.009828629032258064,1.0298953340431247,1.0299422318909217,0.8226253780241936
valence,16,stimulus_plus_fewshot_bias,33,3200,0.7118176663306451,0.8323862330539967,0.9272568452863961,0.9226010333815281,0.919855230120402,4.7971875,1.9440112113472365,4.775342741935484,2.2057955907616487,0.021844758064516138,0.8320995418355458,0.8323862330539967,0.7118176663306451
valence,16,stimulus_plus_fewshot_bias,34,3200,0.8320205393145161,1.1223739869444826,0.8645026773161607,0.8721508883026177,0.8624032240603801,4.030625,2.0639009446615892,4.0423891129032254,2.212544990530245,-0.01176411290322581,1.1223123327386426,1.1223739869444826,0.8320205393145161
valence,16,stimulus_plus_fewshot_bias,35,3200,0.7434753024193549,0.9077227388657515,0.9147548112744133,0.9140136136175108,0.9147412984346711,4.6565625,2.1934249892790385,4.649375,2.2029696664729426,0.007187499999999993,0.907694282507988,0.9077227388657514,0.7434753024193549
valence,16,stimulus_plus_fewshot_bias,36,3200,0.8206621723790323,1.0346510781287308,0.9470048796623647,0.9439361156786393,0.9159852095945039,4.6503125,2.826310519448235,4.657429435483871,2.1803110444868494,-0.007116935483870972,1.034626600616021,1.0346510781287308,0.8206621723790323
valence,16,stimulus_plus_fewshot_bias,37,3200,1.129727822580645,1.263213906903151,0.9252696350790106,0.9204913035974848,0.747630461188977,4.7059375,1.1396665065244964,4.706300403225806,2.2414433111307352,-0.00036290322580646573,1.2632138547747056,1.263213906903151,1.129727822580645
valence,16,stimulus_plus_fewshot_bias,38,3200,1.433475302419355,1.6698162672992307,0.6896858800526765,0.7203515707862451,0.6779346014472193,4.69375,1.88114617653706,4.74398185483871,2.2619199593482993,-0.05023185483870965,1.6690605523157627,1.6698162672992307,1.433475302419355
valence,16,stimulus_plus_fewshot_bias,39,3200,0.9950189012096774,1.2032031657480553,0.9168904900920671,0.8886977993132573,0.8878163610514084,4.6540625,2.839676873535746,4.669092741935484,2.200164556636524,-0.015030241935483883,1.203109284268683,1.2032031657480553,0.9950189012096774
valence,16,stimulus_plus_fewshot_bias,40,3200,1.296050277217742,1.495210955297687,0.9185965465051094,0.8995142173205073,0.8518973332777333,5.1315625,3.2201325762449207,5.099002016129032,2.1737058027170044,0.03256048387096775,1.4948563863235524,1.495210955297687,1.296050277217742
valence,16,stimulus_plus_fewshot_bias,41,3200,1.2960805191532256,1.5792621497362067,0.7352825916977205,0.7649819270047757,0.6433856183029536,5.1471875,1.343465049729151,5.186592741935483,2.277562462529234,-0.039405241935483865,1.5787704597240955,1.5792621497362067,1.2960805191532256
valence,16,stimulus_plus_fewshot_bias,42,3200,0.9124659778225807,1.1026137238096587,0.9479519435978335,0.8841574384314996,0.9077603371278526,5.1846875,2.912786986263113,5.139889112903226,2.166582549801691,0.044798387096774174,1.1017032851212392,1.1026137238096587,0.9124659778225807
valence,16,stimulus_plus_fewshot_bias,43,3200,0.9278868447580644,1.0695088073894654,0.9451559147004527,0.9246250348535738,0.911750117247714,5.145625,2.8614975728410115,5.157399193548388,2.1847592533852196,-0.011774193548387085,1.0694439945363767,1.0695088073894654,0.9278868447580644
valence,16,stimulus_plus_fewshot_bias,44,3200,1.144675529233871,1.4200427619475497,0.8034242988972498,0.801535282894004,0.8030198620172259,5.6121875,2.294676222224772,5.582066532258064,2.22951460429587,0.03012096774193549,1.4197232734099678,1.4200427619475497,1.144675529233871
valence,16,stimulus_plus_fewshot_bias,45,3200,0.7851688508064517,0.9788101877783155,0.8982039342409498,0.8640018950001083,0.8966438320907706,4.844375,2.0891459641142838,4.863004032258065,2.214658642963226,-0.018629032258064532,0.9786328948363372,0.9788101877783155,0.7851688508064517
valence,16,stimulus_plus_fewshot_bias,46,3200,1.0405538054435484,1.3515219653491688,0.8873829846961292,0.877656006372017,0.8571016518386546,4.508125,2.8363592833727886,4.5349395161290325,2.176451557528405,-0.02681451612903225,1.3512559359891987,1.3515219653491688,1.0405538054435484
valence,16,stimulus_plus_fewshot_bias,47,3200,1.5993365675403226,1.8980680953307634,0.8048258432548682,0.8107571673866614,0.7552371872701459,4.87375,3.14687320009879,4.878820564516129,2.1945746404340927,-0.005070564516129024,1.898061322478291,1.8980680953307634,1.5993365675403226
valence,16,stimulus_plus_fewshot_bias,48,3200,0.7499653477822582,0.9880972720262702,0.910370330421257,0.9052579582890798,0.9071732977941012,5.3103125,2.3867380778677307,5.330887096774193,2.195653904222092,-0.02057459677419354,0.9878830421428116,0.9880972720262702,0.7499653477822581
valence,16,stimulus_plus_fewshot_bias,49,3200,1.1817767137096773,1.397473645094628,0.8231053844487567,0.8299258364836077,0.7123940100727696,4.966875,1.3017402714731539,4.955574596774194,2.2573547024170186,0.011300403225806454,1.3974279550735345,1.397473645094628,1.1817767137096775
valence,16,stimulus_plus_fewshot_bias,50,3200,1.2011825856854839,1.3561797655908103,0.9580391385611116,0.952239285919236,0.8805866317715956,4.906875,3.276252086512117,4.887379032258065,2.160543937175255,0.019495967741935485,1.3560396247306898,1.35617976559081,1.2011825856854839
valence,16,stimulus_plus_fewshot_bias,52,3200,1.1316053427419355,1.446804562648209,0.7694862433548867,0.7496028315616069,0.7651646569579771,4.3896875,1.9974248802755386,4.422439516129033,2.2187576649869065,-0.03275201612903226,1.4464338035109516,1.446804562648209,1.1316053427419355
valence,16,stimulus_plus_fewshot_bias,53,3200,0.7485307459677419,0.9394236113029095,0.9369676421100113,0.9052755569990032,0.922544401409184,4.275,2.5866242479339747,4.25039314516129,2.1685501637910116,0.02460685483870968,0.9391012853618862,0.9394236113029095,0.7485307459677419
valence,16,stimulus_plus_fewshot_bias,54,3200,1.0836775453629033,1.452925436376556,0.8029110658527391,0.8054748712817491,0.8009676267450698,5.2034375,2.376089367762448,5.14609879032258,2.2264742957682957,0.057338709677419365,1.451793579005822,1.452925436376556,1.0836775453629033
valence,16,stimulus_plus_fewshot_bias,55,3200,1.003562247983871,1.2681607449264307,0.8234608477516255,0.8604915907175893,0.8145081680610442,5.3621875,1.922987965340332,5.372943548387098,2.2298196997873547,-0.010756048387096793,1.2681151297872972,1.2681607449264307,1.003562247983871
valence,16,stimulus_plus_fewshot_bias,56,3200,0.9017244203629032,1.1350740739224214,0.9128213331271889,0.8720606046395063,0.8922160827771212,4.7753125,2.689647379740279,4.732469758064516,2.1719677329140543,0.042842741935483854,1.1342652479708142,1.1350740739224214,0.9017244203629032
valence,16,stimulus_plus_fewshot_bias,57,3200,0.9046100050403225,1.1165120915863356,0.9279821485320474,0.9088791150891986,0.9013677390411864,5.6365625,2.7967795200182923,5.641350806451613,2.1947347232906127,-0.004788306451612917,1.1165018239034898,1.1165120915863356,0.9046100050403225
valence,16,stimulus_plus_fewshot_bias,58,3200,0.8117672631048387,1.007958363866567,0.89871190750921,0.8873467448259275,0.8984589460756318,5.2259375,2.2623029739833145,5.213326612903225,2.210754401818747,0.012610887096774208,1.0078794713730401,1.007958363866567,0.8117672631048387
valence,16,stimulus_plus_fewshot_bias,59,3200,1.0987336189516128,1.440375431098332,0.7972994093790008,0.8091642784308303,0.7967933978961197,5.1496875,2.2983213770801836,5.167026209677419,2.219714546992746,-0.01733870967741938,1.4402710688125442,1.440375431098332,1.0987336189516128
valence,16,stimulus_plus_fewshot_bias,60,3200,1.140181451612903,1.303451576036659,0.9247373030796632,0.9031620357109075,0.8783105167546943,5.0478125,3.0273588265753615,5.0523286290322575,2.190143476218438,-0.004516129032258082,1.3034437523924898,1.303451576036659,1.1401814516129032
valence,16,stimulus_plus_fewshot_bias,61,3200,1.2096830897177417,1.4674542627293,0.914464359774907,0.8751607618131098,0.8552403245480567,6.0090625,3.1731656702879145,6.042530241935483,2.1922000857396324,-0.03346774193548388,1.4670725692521598,1.4674542627293,1.209683089717742
valence,16,stimulus_plus_fewshot_bias,62,3200,0.9756010584677418,1.20544758215582,0.8898049109753726,0.8670728882836305,0.8760254106890186,5.473125,2.624386163348489,5.48491935483871,2.198508517953756,-0.01179435483870968,1.2053898815400976,1.20544758215582,0.9756010584677419
valence,16,stimulus_plus_fewshot_bias,63,3200,0.9636970766129032,1.194876214093074,0.9100403605415633,0.8985070852777756,0.8863472413414021,4.8584375,2.7757246907057893,4.870241935483871,2.203954931326726,-0.011804435483870983,1.1948179034096806,1.194876214093074,0.9636970766129032
valence,16,stimulus_plus_fewshot_bias,64,3200,0.8724407762096774,1.1301859002910257,0.8667426712465615,0.840330664569454,0.866060885465728,4.3496875,2.1457588756297272,4.393548387096774,2.220443258371967,-0.0438608870967742,1.1293344906624079,1.1301859002910255,0.8724407762096774
valence,16,stimulus_plus_fewshot_bias,65,3200,0.8613873487903225,1.0057335676737387,0.9390262890693807,0.9429238150347826,0.9166635263833897,4.9625,2.7164717465860013,5.009122983870967,2.180859984789162,-0.04662298387096774,1.00465233116771,1.0057335676737384,0.8613873487903225
valence,16,stimulus_plus_fewshot_bias_shrink4,1,3200,0.9377288306451612,1.1446554873141515,0.8858400266682888,0.8797422250299113,0.8798692313903632,4.4728125,2.4569820593247624,4.571849798387097,2.2045816251426444,-0.09903729838709677,1.1403630115742016,1.1446554873141515,0.9377288306451612
valence,16,stimulus_plus_fewshot_bias_shrink4,2,3200,1.1248235887096774,1.5468685650598242,0.8428081298094887,0.8070357764783808,0.8150908249369947,4.5240625,2.8473752819208342,4.582173387096774,2.197611651005743,-0.0581108870967742,1.545776659925704,1.5468685650598242,1.1248235887096774
valence,16,stimulus_plus_fewshot_bias_shrink4,3,3200,1.0697207661290324,1.225958592266955,0.8878869342238235,0.8787229904279288,0.8721761623860893,4.695625,2.6377984872569398,4.778975806451613,2.189347444209032,-0.08335080645161291,1.2231218716943293,1.225958592266955,1.0697207661290322
valence,16,stimulus_plus_fewshot_bias_shrink4,5,3200,1.2593724798387096,1.5404638145645715,0.8515768823907656,0.8332558500883669,0.8203530935093067,5.0778125,2.8942628966359902,5.0751824596774195,2.19832674428596,0.0026300403225806234,1.5404615694235062,1.5404638145645715,1.2593724798387096
valence,16,stimulus_plus_fewshot_bias_shrink4,6,3200,1.0617515120967742,1.2053849190485664,0.9494632946140329,0.9395448307795932,0.8961581712362533,4.87125,3.0506636060863874,4.854212701612903,2.164518747209479,0.017037298387096764,1.205264507705005,1.2053849190485664,1.0617515120967742
valence,16,stimulus_plus_fewshot_bias_shrink4,7,3200,0.6185796370967742,0.772756727021595,0.9400057168213706,0.9401673163191394,0.9291773254918985,4.80375,1.891820799520927,4.82453629032258,2.202781306908597,-0.02078629032258068,0.7724771124711419,0.7727567270215949,0.6185796370967742
valence,16,stimulus_plus_fewshot_bias_shrink4,8,3200,0.7693951612903226,0.9963252606975587,0.9387985628708619,0.9262217352158231,0.9180408523812678,5.2709375,2.7033600150726778,5.201188508064516,2.1905872711196306,0.06974899193548385,0.9938808294901568,0.9963252606975587,0.7693951612903226
valence,16,stimulus_plus_fewshot_bias_shrink4,9,3200,0.9141043346774194,1.1128459699215123,0.9044149130912335,0.855705396984845,0.8915904112317141,5.35875,2.574888043682676,5.252057459677419,2.186813496948626,0.10669254032258062,1.1077196642698306,1.1128459699215123,0.9141043346774194
valence,16,stimulus_plus_fewshot_bias_shrink4,10,3200,0.8274007056451612,1.0457389554421506,0.9032285323497187,0.8994652015942577,0.8991513291705536,4.885,2.43642155629932,4.891796370967742,2.2152824544324075,-0.0067963709677419425,1.045716870032663,1.0457389554421506,0.8274007056451612
valence,16,stimulus_plus_fewshot_bias_shrink4,11,3200,1.2269047379032259,1.4941650504883779,0.9024718302541794,0.8836762234775498,0.8448678717452242,4.79875,3.117310288934998,4.861270161290323,2.160929054630455,-0.0625201612903226,1.4928564658175174,1.4941650504883779,1.2269047379032259
valence,16,stimulus_plus_fewshot_bias_shrink4,12,3200,0.9496733870967742,1.1927617728562567,0.8423086150589185,0.8436962371461242,0.8317033002176049,5.19125,1.8870409209924413,5.158698588709678,2.21165658279323,0.03255141129032253,1.192317513253164,1.1927617728562567,0.9496733870967742
valence,16,stimulus_plus_fewshot_bias_shrink4,13,3200,0.7594208669354839,0.9591888597823106,0.9083204650190517,0.9212342980403236,0.8919482339093662,4.4334375,1.862275337750503,4.517414314516128,2.2449312508102097,-0.08397681451612904,0.9555057107909992,0.9591888597823106,0.7594208669354839
valence,16,stimulus_plus_fewshot_bias_shrink4,14,3200,0.7075816532258064,0.8642075968315922,0.9220298300896677,0.9049464128209199,0.9217850453954357,4.6559375,2.2000132945265922,4.6960483870967735,2.169580391350304,-0.040110887096774184,0.8632762519366242,0.8642075968315922,0.7075816532258064
valence,16,stimulus_plus_fewshot_bias_shrink4,15,3200,0.8909581653225807,1.1262068376550824,0.8645953112509668,0.857210843552177,0.8401770810254094,4.7253125,1.7411876054416853,4.734558467741936,2.2145202351834086,-0.009245967741935472,1.1261688830995007,1.1262068376550824,0.8909581653225809
valence,16,stimulus_plus_fewshot_bias_shrink4,16,3200,0.7441209677419355,0.9844376986870494,0.8976133763699267,0.8508548567626076,0.8923006691369171,4.5359375,2.0101202690619657,4.6200685483870965,2.2250169936996462,-0.08413104838709679,0.9808361480357165,0.9844376986870494,0.7441209677419355
valence,16,stimulus_plus_fewshot_bias_shrink4,17,3200,1.0332913306451612,1.21192936892599,0.8860220928402778,0.8848055380131808,0.8722126126520033,5.1696875,2.5974061392750554,5.112141129032258,2.178083785569519,0.05754637096774195,1.2105623529805443,1.21192936892599,1.0332913306451612
valence,16,stimulus_plus_fewshot_bias_shrink4,18,3200,1.402552923387097,1.7984865108859476,0.7791828630875856,0.7527841490974438,0.7537660723873748,5.31625,2.864216461355531,5.209766129032258,2.218338611507353,0.1064838709677419,1.7953314220673673,1.7984865108859476,1.402552923387097
valence,16,stimulus_plus_fewshot_bias_shrink4,19,3200,1.0537767137096774,1.3554072251902063,0.8013127555828307,0.8029196036233905,0.7962633667105244,5.0703125,2.002590485432244,5.028080645161291,2.2371906890362077,0.04223185483870967,1.3547491341701225,1.3554072251902063,1.0537767137096774
valence,16,stimulus_plus_fewshot_bias_shrink4,20,3200,0.7530685483870968,0.9454459284946315,0.9161923602292481,0.9001541921137559,0.9136389733819832,4.444375,2.3497405940603313,4.517210685483871,2.1963099601771927,-0.07283568548387094,0.942636179354034,0.9454459284946315,0.7530685483870968
valence,16,stimulus_plus_fewshot_bias_shrink4,21,3200,0.901970262096774,1.0831948931327386,0.9422186322900171,0.9311309399931482,0.9083348813735205,4.734375,2.8450735244234022,4.786289314516129,2.1686023139413466,-0.051914314516129025,1.081950128451938,1.0831948931327386,0.901970262096774
valence,16,stimulus_plus_fewshot_bias_shrink4,22,3200,0.9850660282258065,1.2002190375774628,0.842141729659207,0.8500972655697127,0.8332907084479824,4.6234375,1.9241266027976822,4.670298387096774,2.2218202868440415,-0.0468608870967742,1.1993038795167281,1.2002190375774628,0.9850660282258065
valence,16,stimulus_plus_fewshot_bias_shrink4,23,3200,0.8703583669354839,1.0725762763675275,0.9068826297369894,0.9086445546373385,0.8976153021562279,5.069375,2.533192079052633,5.046068548387097,2.195140728876559,0.023306451612903217,1.0723230287276526,1.0725762763675275,0.8703583669354839
valence,16,stimulus_plus_fewshot_bias_shrink4,24,3200,0.8089818548387097,1.1042629209546126,0.8733266573659426,0.8357492897611295,0.871436717514764,4.3703125,2.123689278671376,4.468242943548387,2.228261695747368,-0.09793044354838709,1.0999119177559764,1.1042629209546126,0.8089818548387098
valence,16,stimulus_plus_fewshot_bias_shrink4,25,3200,1.31315625,1.5961666101301846,0.8203011190019556,0.8444537662019224,0.7980233192856194,4.86,2.7868710052673773,4.84979435483871,2.2016619049514006,0.01020564516129034,1.5961339831296515,1.5961666101301846,1.31315625
valence,16,stimulus_plus_fewshot_bias_shrink4,26,3200,1.2774879032258064,1.5691234205928704,0.8309529065979191,0.8048135912678612,0.8066034623326848,4.5725,2.8075333924995443,4.643339717741935,2.200869333852719,-0.07083971774193548,1.5675235384016766,1.5691234205928704,1.2774879032258064
valence,16,stimulus_plus_fewshot_bias_shrink4,27,3200,0.9956320564516129,1.3112216465420947,0.8554236064401016,0.8439543941301534,0.8478203689354343,5.1046875,2.5272223937247293,5.048456653225807,2.2153627656237846,0.05623084677419352,1.31001538091414,1.3112216465420947,0.9956320564516129
valence,16,stimulus_plus_fewshot_bias_shrink4,28,3200,1.0330745967741937,1.3217376087263084,0.8168304347927703,0.812084837275882,0.7684682165131268,4.82375,1.579417910972267,4.795979838709677,2.2472263709663687,0.02777016129032255,1.3214458462091625,1.3217376087263084,1.0330745967741937
valence,16,stimulus_plus_fewshot_bias_shrink4,29,3200,0.6905529233870967,0.9138828843887887,0.919315833898627,0.9112836643947163,0.9172475844025211,5.4421875,2.2749522445193766,5.304738911290323,2.213196444366523,0.1374485887096774,0.9034875825602088,0.9138828843887887,0.6905529233870967
valence,16,stimulus_plus_fewshot_bias_shrink4,30,3200,0.8614813508064516,1.017901316216435,0.932266230971025,0.8682973821193657,0.9136568140631842,4.89625,2.6818577399817465,4.909369959677419,2.1926064846744846,-0.013119959677419375,1.017816759644492,1.017901316216435,0.8614813508064517
valence,16,stimulus_plus_fewshot_bias_shrink4,31,3200,1.3945367943548388,1.562339038535473,0.958165207049965,0.9156678261135642,0.854866822682467,5.4503125,3.493033230924629,5.389354838709678,2.147876068375188,0.06095766129032255,1.5611493954333648,1.562339038535473,1.3945367943548388
valence,16,stimulus_plus_fewshot_bias_shrink4,32,3200,0.8265675403225806,1.0219053083124328,0.8881719422231694,0.8770448590076916,0.886232005693924,4.509375,2.08069390093185,4.584097782258064,2.2009663333186653,-0.0747227822580645,1.019169742961761,1.0219053083124325,0.8265675403225806
valence,16,stimulus_plus_fewshot_bias_shrink4,33,3200,0.7040806451612903,0.8215792756505362,0.9288974910902512,0.9248092845607425,0.9217498202757165,4.7971875,1.9440112113472365,4.803938508064516,2.201557934071829,-0.00675100806451612,0.8215515382911608,0.8215792756505362,0.7040806451612903
valence,16,stimulus_plus_fewshot_bias_shrink4,34,3200,0.8310418346774193,1.1254677487542466,0.8669678407097812,0.875219346976591,0.8618376839038144,4.030625,2.0639009446615892,4.2136925403225804,2.207903815968305,-0.1830675403225806,1.1104791439582251,1.1254677487542466,0.8310418346774193
valence,16,stimulus_plus_fewshot_bias_shrink4,35,3200,0.7389117943548387,0.8982389189781957,0.9165627492248909,0.9151480679497781,0.9164142225178241,4.6565625,2.1934249892790385,4.69555745967742,2.200027884731498,-0.03899495967741937,0.8973920819167472,0.8982389189781956,0.7389117943548387
valence,16,stimulus_plus_fewshot_bias_shrink4,36,3200,0.8265529233870968,1.025175335882994,0.9487656442441389,0.9454073972889753,0.9175712441457232,4.6503125,2.826310519448235,4.708532258064516,2.1814663970937813,-0.058219758064516125,1.0235208493595618,1.025175335882994,0.8265529233870968
valence,16,stimulus_plus_fewshot_bias_shrink4,37,3200,1.1248649193548388,1.2498880139742867,0.9271856435996206,0.9226900852007675,0.751103291727585,4.7059375,1.1396665065244964,4.745377016129032,2.230736327447395,-0.039439516129032286,1.2492656130879831,1.2498880139742867,1.1248649193548388
valence,16,stimulus_plus_fewshot_bias_shrink4,38,3200,1.4233568548387097,1.653306516519256,0.6941696730805628,0.7272990945314817,0.6825300062209919,4.69375,1.88114617653706,4.784422379032257,2.250130179273439,-0.09067237903225804,1.6508182689944,1.653306516519256,1.4233568548387097
valence,16,stimulus_plus_fewshot_bias_shrink4,39,3200,0.9935478830645161,1.1939889621136888,0.9189697054947937,0.8908626977748179,0.8895265103132821,4.6540625,2.839676873535746,4.7130534274193545,2.1993853695326315,-0.05899092741935487,1.1925308013345097,1.1939889621136888,0.9935478830645161
valence,16,stimulus_plus_fewshot_bias_shrink4,40,3200,1.2831794354838708,1.48044713694416,0.9221010013753749,0.9031425553498945,0.8548248474809385,5.1315625,3.2201325762449207,5.058810483870968,2.1731435421279417,0.07275201612903225,1.4786584695038003,1.48044713694416,1.2831794354838708
valence,16,stimulus_plus_fewshot_bias_shrink4,41,3200,1.2775635080645162,1.5600210819760345,0.7388594805477836,0.7728935095725912,0.6486367576667532,5.1471875,1.343465049729151,5.1328538306451605,2.263017676207605,0.014333669354838725,1.559955230810328,1.5600210819760345,1.2775635080645162
valence,16,stimulus_plus_fewshot_bias_shrink4,42,3200,0.9041839717741935,1.0925850500401697,0.9500437870565787,0.8859713763177317,0.9094804458337908,5.1846875,2.912786986263113,5.100921370967742,2.167100856369882,0.08376612903225807,1.089369233638545,1.0925850500401697,0.9041839717741936
valence,16,stimulus_plus_fewshot_bias_shrink4,43,3200,0.9247132056451612,1.0594290427357989,0.9470080092587855,0.9269043412426092,0.9134252845177685,5.145625,2.8614975728410115,5.10007258064516,2.1849860836350836,0.045552419354838704,1.0584492778036234,1.0594290427357989,0.9247132056451612
valence,16,stimulus_plus_fewshot_bias_shrink4,44,3200,1.1518190524193548,1.4150297440827586,0.8070808510275151,0.8048816803820731,0.8043276651489264,5.6121875,2.294676222224772,5.44001814516129,2.2221136277645135,0.17216935483870965,1.404516603637472,1.4150297440827586,1.1518190524193548
valence,16,stimulus_plus_fewshot_bias_shrink4,45,3200,0.775991431451613,0.9685423554779826,0.9001610534574848,0.8664784564707204,0.8986009063903114,4.844375,2.0891459641142838,4.881201612903226,2.2102989433625617,-0.03682661290322581,0.9678419782882507,0.9685423554779825,0.775991431451613
valence,16,stimulus_plus_fewshot_bias_shrink4,46,3200,1.0479672379032257,1.339897243369342,0.8907968041352176,0.8815033102232326,0.8595651602133836,4.508125,2.8363592833727886,4.609475806451614,2.174588265910513,-0.1013508064516129,1.3360586202784552,1.339897243369342,1.0479672379032257
valence,16,stimulus_plus_fewshot_bias_shrink4,47,3200,1.5873780241935485,1.8756203413623882,0.8113184055785592,0.8184376300527179,0.7605166189739236,4.87375,3.14687320009879,4.8856723790322585,2.1878756159395056,-0.011922379032258061,1.875582448683761,1.8756203413623882,1.5873780241935485
valence,16,stimulus_plus_fewshot_bias_shrink4,48,3200,0.7467943548387097,0.9790040252080525,0.9124095924729488,0.9071521467398715,0.9088330568037509,5.3103125,2.3867380778677307,5.247277217741936,2.193769916757237,0.06303528225806448,0.976972586393403,0.9790040252080525,0.7467943548387097
valence,16,stimulus_plus_fewshot_bias_shrink4,49,3200,1.1718790322580646,1.3843493591171014,0.8253690554610401,0.832102909650137,0.7159008498974689,4.966875,1.3017402714731539,4.945011088709678,2.2473557878266344,0.021863911290322564,1.3841766930096093,1.3843493591171014,1.1718790322580646
valence,16,stimulus_plus_fewshot_bias_shrink4,50,3200,1.1927600806451613,1.340867179061168,0.9606718683457158,0.9542647303646962,0.8833281949426419,4.906875,3.276252086512117,4.8966875000000005,2.1624462301429515,0.01018749999999997,1.3408284777432213,1.340867179061168,1.1927600806451613
valence,16,stimulus_plus_fewshot_bias_shrink4,52,3200,1.1308503024193548,1.435341018286147,0.7739083381434132,0.7546193477014942,0.7682043882967476,4.3896875,1.9974248802755386,4.534486895161291,2.2084714501352862,-0.14479939516129028,1.4280185481763317,1.435341018286147,1.1308503024193548
valence,16,stimulus_plus_fewshot_bias_shrink4,53,3200,0.7430655241935484,0.9347268192990729,0.9388298459350908,0.9068428650854382,0.9233920449264058,4.275,2.5866242479339747,4.387228830645162,2.168360257105685,-0.11222883064516126,0.9279649326827933,0.9347268192990729,0.7430655241935484
valence,16,stimulus_plus_fewshot_bias_shrink4,54,3200,1.0735982862903226,1.439956798683892,0.8069168088450436,0.8127965784097837,0.804195287802622,5.2034375,2.376089367762448,5.095683467741935,2.2208323812828064,0.10775403225806453,1.4359194443310845,1.439956798683892,1.0735982862903226
valence,16,stimulus_plus_fewshot_bias_shrink4,55,3200,0.9795025201612905,1.2555178926841928,0.8267768294369784,0.8647022984430011,0.8175624226176388,5.3621875,1.922987965340332,5.277613911290323,2.2215576056245414,0.08457358870967738,1.252666151431786,1.2555178926841928,0.9795025201612905
valence,16,stimulus_plus_fewshot_bias_shrink4,56,3200,0.889852318548387,1.1209791032726637,0.9154175819378475,0.8751555942218299,0.894838321873994,4.7753125,2.689647379740279,4.769516129032258,2.171388377142896,0.00579637096774193,1.1209641172033962,1.1209791032726637,0.889852318548387
valence,16,stimulus_plus_fewshot_bias_shrink4,57,3200,0.9235317540322581,1.1153235114462097,0.9299922987026005,0.9114812328554384,0.9017285442713444,5.6365625,2.7967795200182923,5.489460685483871,2.194232100406333,0.147101814516129,1.1055802057520592,1.1153235114462097,0.9235317540322581
valence,16,stimulus_plus_fewshot_bias_shrink4,58,3200,0.8080307459677419,1.0013779195229524,0.9004896813368819,0.8898666773451668,0.8997392334333694,5.2259375,2.2623029739833145,5.152087701612903,2.2086258801353478,0.07384979838709677,0.9986510626772004,1.0013779195229524,0.8080307459677419
valence,16,stimulus_plus_fewshot_bias_shrink4,59,3200,1.0942615927419355,1.4232548028624277,0.8015931635019315,0.8139817838620386,0.8009464775828387,5.1496875,2.2983213770801836,5.1218447580645154,2.2120971074970273,0.027842741935483858,1.4229824368531332,1.4232548028624277,1.0942615927419355
valence,16,stimulus_plus_fewshot_bias_shrink4,60,3200,1.1289863911290323,1.2886230352096957,0.9277636064760919,0.9058752460809467,0.8810392006834206,5.0478125,3.0273588265753615,5.0211310483870975,2.1893334443768753,0.0266814516129032,1.2883467805730247,1.2886230352096957,1.1289863911290323
valence,16,stimulus_plus_fewshot_bias_shrink4,61,3200,1.2193553427419355,1.4641180937355245,0.9178825500222528,0.8782923118403471,0.8561709749171962,6.0090625,3.1731656702879145,5.817913306451612,2.190565901855465,0.19114919354838705,1.4515866416475276,1.4641180937355245,1.2193553427419355
valence,16,stimulus_plus_fewshot_bias_shrink4,62,3200,0.9872404233870968,1.1978961624117992,0.8924526709056907,0.8693654865241937,0.8775928538726805,5.473125,2.624386163348489,5.364082661290322,2.1962497451244007,0.10904233870967739,1.1929228744095903,1.1978961624117992,0.9872404233870968
valence,16,stimulus_plus_fewshot_bias_shrink4,63,3200,0.9555070564516128,1.180675820100342,0.9128834112394472,0.9026005897753466,0.8889831260178715,4.8584375,2.7757246907057893,4.876420362903225,2.2026432475433957,-0.017982862903225805,1.1805388637446115,1.180675820100342,0.9555070564516128
valence,16,stimulus_plus_fewshot_bias_shrink4,64,3200,0.8803477822580643,1.1275657129896162,0.8692793036946381,0.8427956836360084,0.8666566111304774,4.3496875,2.1457588756297272,4.504484879032258,2.2150780606798786,-0.15479737903225804,1.1168895238807304,1.1275657129896162,0.8803477822580643
valence,16,stimulus_plus_fewshot_bias_shrink4,65,3200,0.8504092741935483,0.9938379687044068,0.9408817141503744,0.9450079920145622,0.9186203175135875,4.9625,2.7164717465860013,4.986416330645161,2.1811272742140013,-0.023916330645161302,0.9935501583548627,0.9938379687044068,0.8504092741935483
