split,fold_id,test_subject,n_high,zero_rmse_high,model_rmse_high,improvement_zero_minus_model,pearson_high,sign_acc_high
random_trial_kfold_subjects_overlap,random_fold_1,1,2,3.490614156531621,3.732747486274864,-0.2421333297432433,-1.0,0.0
random_trial_kfold_subjects_overlap,random_fold_1,2,5,3.443118091391241,3.5948351674876964,-0.15171707609645546,-0.6829101616867562,0.2
random_trial_kfold_subjects_overlap,random_fold_1,3,2,2.887036592360311,2.5042747966431644,0.38276179571714675,0.9999999999999999,1.0
random_trial_kfold_subjects_overlap,random_fold_1,5,2,3.467005617000166,3.386493382182166,0.08051223481799985,0.9999999999999998,1.0
random_trial_kfold_subjects_overlap,random_fold_1,6,4,5.2877252811409745,5.446865596540382,-0.15914031539940776,0.492085761785859,0.0
random_trial_kfold_subjects_overlap,random_fold_1,8,4,3.29886284727443,3.2490647695479247,0.04979807772650524,0.508272677101855,0.75
random_trial_kfold_subjects_overlap,random_fold_1,9,5,3.165675502669645,3.393864252794497,-0.2281887501248523,0.09998950453169557,0.2
random_trial_kfold_subjects_overlap,random_fold_1,10,3,2.580680232454148,2.4899370673320895,0.09074316512205849,0.8248606871588473,0.6666666666666666
random_trial_kfold_subjects_overlap,random_fold_1,11,2,2.6891131339094754,2.877086035331865,-0.18797290142238943,0.9999999999999998,0.0
random_trial_kfold_subjects_overlap,random_fold_1,12,2,2.9095073277673347,2.861021659120437,0.04848566864689774,1.0,0.5
random_trial_kfold_subjects_overlap,random_fold_1,13,5,2.9966846608489104,2.795543132129668,0.2011415287192424,0.8416399685000733,1.0
random_trial_kfold_subjects_overlap,random_fold_1,14,3,2.9711541917880915,2.7985891359209547,0.17256505586713677,-0.6443412255900933,1.0
random_trial_kfold_subjects_overlap,random_fold_1,15,3,2.5807040097229303,2.4941515750543584,0.08655243466857199,0.9743931225283091,1.0
random_trial_kfold_subjects_overlap,random_fold_1,16,2,4.808458536358354,4.979638892503819,-0.17118035614546478,-0.9999999999999999,0.0
random_trial_kfold_subjects_overlap,random_fold_1,17,2,2.7954342921432436,2.8720720463265152,-0.07663775418327168,-1.0,0.0
random_trial_kfold_subjects_overlap,random_fold_1,18,1,4.279069767441861,4.0953571359778564,0.18371263146400452,,1.0
random_trial_kfold_subjects_overlap,random_fold_1,19,1,2.8,2.932695913314819,-0.13269591331481934,,0.0
random_trial_kfold_subjects_overlap,random_fold_1,20,1,5.282392026578073,5.3143830687748235,-0.03199104219675064,,0.0
random_trial_kfold_subjects_overlap,random_fold_1,21,3,4.562228787924631,4.5686901816374395,-0.0064613937128088494,0.340144648824637,0.6666666666666666
random_trial_kfold_subjects_overlap,random_fold_1,22,5,3.8081323899230344,3.8197214200463847,-0.01158903012335033,-0.035370586685250165,0.6
random_trial_kfold_subjects_overlap,random_fold_1,23,2,4.27922464438075,4.433885750908653,-0.15466110652790288,-1.0,0.0
random_trial_kfold_subjects_overlap,random_fold_1,24,2,4.083387684686579,4.081836563264209,0.0015511214223700165,1.0,0.5
random_trial_kfold_subjects_overlap,random_fold_1,25,1,5.15,4.935883784294129,0.21411621570587158,,1.0
random_trial_kfold_subjects_overlap,random_fold_1,26,2,3.1228326465537943,3.037069290710582,0.08576335584321226,1.0,0.5
random_trial_kfold_subjects_overlap,random_fold_1,28,2,3.013261564596554,3.0807447849568503,-0.06748322036029641,-1.0,0.5
random_trial_kfold_subjects_overlap,random_fold_1,29,1,3.0470588235294116,2.8535673050319446,0.19349151849746704,,1.0
random_trial_kfold_subjects_overlap,random_fold_1,31,5,2.835586048422073,2.824532605348144,0.011053443073929081,-0.3268139741501601,0.4
random_trial_kfold_subjects_overlap,random_fold_1,32,1,2.5,2.6419730484485626,-0.14197304844856262,,0.0
random_trial_kfold_subjects_overlap,random_fold_1,33,2,3.0410938992669676,2.79595271956225,0.2451411797047176,1.0,1.0
random_trial_kfold_subjects_overlap,random_fold_1,35,3,3.3181131999707363,3.292832798815809,0.025280401154927468,0.6747884051753713,0.6666666666666666
random_trial_kfold_subjects_overlap,random_fold_1,36,3,3.3208864805151324,3.3512156796969657,-0.0303291991818333,0.2575802932521574,0.6666666666666666
random_trial_kfold_subjects_overlap,random_fold_1,37,1,2.2823920265780733,2.5241386310206697,-0.24174660444259644,,0.0
random_trial_kfold_subjects_overlap,random_fold_1,38,3,3.388418321193601,3.28171579335007,0.1067025278435314,0.9784289224498554,1.0
random_trial_kfold_subjects_overlap,random_fold_1,39,3,2.872380299648548,2.834029274874921,0.03835102477362673,0.058888059756622355,0.3333333333333333
random_trial_kfold_subjects_overlap,random_fold_1,40,7,3.236557991930881,3.2987149812451717,-0.06215698931429081,-0.4984543287582952,0.2857142857142857
random_trial_kfold_subjects_overlap,random_fold_1,41,3,2.8881148317894993,2.707049132853144,0.18106569893635527,0.9975058994260738,1.0
random_trial_kfold_subjects_overlap,random_fold_1,42,2,2.8269604506545964,2.8363902668083547,-0.009429816153758264,-1.0,0.5
random_trial_kfold_subjects_overlap,random_fold_1,43,1,2.7176079734219267,2.656427523399706,0.06118045002222061,,1.0
random_trial_kfold_subjects_overlap,random_fold_1,44,4,4.055811381203,4.039180417678717,0.016630963524282727,0.40063706026801976,0.5
random_trial_kfold_subjects_overlap,random_fold_1,46,1,3.2823920265780733,3.1966769115077303,0.08571511507034302,,1.0
random_trial_kfold_subjects_overlap,random_fold_1,47,2,2.7723780931745887,2.603475203915528,0.16890288925906072,-1.0,1.0
random_trial_kfold_subjects_overlap,random_fold_1,48,1,4.282392026578073,4.477611275111322,-0.1952192485332489,,0.0
random_trial_kfold_subjects_overlap,random_fold_1,49,3,2.9450827613382864,2.7923182456464195,0.1527645156918669,-0.7224216264498065,1.0
random_trial_kfold_subjects_overlap,random_fold_1,50,1,2.481203007518797,2.298451918184309,0.18275108933448792,,1.0
random_trial_kfold_subjects_overlap,random_fold_1,52,3,3.5549369727681714,3.5400948557692242,0.014842116998947219,0.13137822023065743,0.6666666666666666
random_trial_kfold_subjects_overlap,random_fold_1,53,1,3.2823920265780733,3.439669074212198,-0.15727704763412476,,0.0
random_trial_kfold_subjects_overlap,random_fold_1,54,1,3.5,3.7227915227413177,-0.22279152274131775,,0.0
random_trial_kfold_subjects_overlap,random_fold_1,55,5,2.544151929955342,2.262382407554096,0.281769522401246,-0.9374261309809311,1.0
random_trial_kfold_subjects_overlap,random_fold_1,56,1,3.2823920265780733,3.3543244094597147,-0.07193238288164139,,0.0
random_trial_kfold_subjects_overlap,random_fold_1,57,2,2.684487880893795,2.6534124560459786,0.031075424847816446,1.0,0.5
random_trial_kfold_subjects_overlap,random_fold_1,58,3,3.003419840851975,3.0780760375699283,-0.0746561967179531,0.5906869308593395,0.0
random_trial_kfold_subjects_overlap,random_fold_1,59,1,2.9529411764705884,3.152256843622993,-0.19931566715240479,,0.0
random_trial_kfold_subjects_overlap,random_fold_1,60,4,4.199990905360578,4.216079188906228,-0.01608828354564995,-0.4207277518914779,0.25
random_trial_kfold_subjects_overlap,random_fold_1,61,3,3.123598439004863,3.0973575055190894,0.02624093348577361,-0.2613868865446357,0.6666666666666666
random_trial_kfold_subjects_overlap,random_fold_1,62,4,2.7154913642493446,2.66279578032182,0.05269558392752449,0.6632251429335622,0.5
random_trial_kfold_subjects_overlap,random_fold_1,63,4,2.8251708266055453,2.8334908313052165,-0.008320004699671202,-0.08601093598455142,0.5
random_trial_kfold_subjects_overlap,random_fold_1,64,2,4.307937978144372,4.2954212806101175,0.012516697534254106,1.0,1.0
random_trial_kfold_subjects_overlap,random_fold_1,65,1,2.7176079734219267,2.5753283782852843,0.14227959513664246,,1.0
random_trial_kfold_subjects_overlap,random_fold_2,2,1,2.511111111111111,2.6979185349411434,-0.18680742383003235,,0.0
random_trial_kfold_subjects_overlap,random_fold_2,3,2,3.4701072219692612,2.864579790755933,0.6055274312133281,0.9999999999999999,1.0
random_trial_kfold_subjects_overlap,random_fold_2,5,1,2.220735785953177,2.137683709553851,0.08305207639932632,,1.0
random_trial_kfold_subjects_overlap,random_fold_2,6,4,4.362253337545016,4.579517970315683,-0.2172646327706671,-0.6334201268507044,0.0
random_trial_kfold_subjects_overlap,random_fold_2,7,1,2.25,1.957789123058319,0.2922108769416809,,1.0
random_trial_kfold_subjects_overlap,random_fold_2,8,1,2.925,2.8125058367848395,0.11249416321516037,,1.0
random_trial_kfold_subjects_overlap,random_fold_2,9,4,3.521761369589093,3.6738508480556082,-0.15208947846651544,-0.1236089730386035,0.25
random_trial_kfold_subjects_overlap,random_fold_2,10,1,2.220735785953177,2.4772410368839632,-0.25650525093078613,,0.0
random_trial_kfold_subjects_overlap,random_fold_2,11,4,3.339574404386771,3.4788860143988223,-0.13931161001205128,0.3589396577410586,0.25
random_trial_kfold_subjects_overlap,random_fold_2,12,1,2.25,2.001689910888672,0.24831008911132812,,1.0
random_trial_kfold_subjects_overlap,random_fold_2,14,2,2.911337889308831,2.9405641136018628,-0.029226224293031677,1.0,0.5
random_trial_kfold_subjects_overlap,random_fold_2,15,1,2.564885496183206,2.514340209796001,0.050545286387205124,,1.0
random_trial_kfold_subjects_overlap,random_fold_2,16,2,2.5386770116821156,2.559689882013089,-0.02101287033097332,-1.0,0.5
random_trial_kfold_subjects_overlap,random_fold_2,17,3,3.4588693284154712,3.494147254799914,-0.035277926384442715,0.9190350219599593,0.3333333333333333
random_trial_kfold_subjects_overlap,random_fold_2,18,4,2.609198899906625,2.6730271428044325,-0.06382824289780764,-0.2545978371682025,0.5
random_trial_kfold_subjects_overlap,random_fold_2,19,1,2.925,2.649172830581665,0.27582716941833496,,1.0
random_trial_kfold_subjects_overlap,random_fold_2,20,2,2.607788750144028,2.5251210481415254,0.08266770200250262,1.0,0.5
random_trial_kfold_subjects_overlap,random_fold_2,21,1,2.779264214046823,2.641097622521745,0.13816659152507782,,1.0
random_trial_kfold_subjects_overlap,random_fold_2,22,3,2.6292343082453113,2.3421003560126836,0.2871339522326277,0.8311826047503283,1.0
random_trial_kfold_subjects_overlap,random_fold_2,23,2,3.5070513436969186,3.7584534933494047,-0.2514021496524861,-1.0,0.0
random_trial_kfold_subjects_overlap,random_fold_2,24,2,2.5850468633548314,2.4514923825345534,0.133554480820278,1.0,0.5
random_trial_kfold_subjects_overlap,random_fold_2,25,3,3.8233089322557903,3.8493488884747205,-0.026039956218930183,0.979557107217849,0.3333333333333333
random_trial_kfold_subjects_overlap,random_fold_2,26,4,3.037073565526,2.5920920685536246,0.44498149697237555,0.488789105715198,1.0
random_trial_kfold_subjects_overlap,random_fold_2,27,3,3.4588693284154712,3.4937010198138125,-0.0348316913983413,0.9705851980390403,0.3333333333333333
random_trial_kfold_subjects_overlap,random_fold_2,28,2,2.3989898957211184,2.374879767075334,0.024110128645784545,0.9999999999999998,0.5
random_trial_kfold_subjects_overlap,random_fold_2,29,1,2.220735785953177,2.3733503198543917,-0.1526145339012146,,0.0
random_trial_kfold_subjects_overlap,random_fold_2,30,2,4.747140861695486,4.967457368698947,-0.22031650700346095,1.0,0.0
random_trial_kfold_subjects_overlap,random_fold_2,31,5,4.478163544443497,4.622900992123898,-0.1447374476804013,-0.5483195913898359,0.4
random_trial_kfold_subjects_overlap,random_fold_2,33,1,2.625,2.109200656414032,0.515799343585968,,1.0
random_trial_kfold_subjects_overlap,random_fold_2,35,1,2.302325581395349,2.557290022456369,-0.2549644410610199,,0.0
random_trial_kfold_subjects_overlap,random_fold_2,38,2,2.3989898957211184,2.2065553068596766,0.19243458886144182,1.0,0.5
random_trial_kfold_subjects_overlap,random_fold_2,39,4,3.3632046698308713,3.1480896949675286,0.21511497486334274,0.8149057996188872,0.75
random_trial_kfold_subjects_overlap,random_fold_2,40,4,3.2403072092641216,3.279427520671208,-0.03912031140708638,0.3153925483035182,0.5
random_trial_kfold_subjects_overlap,random_fold_2,41,3,4.122280617434006,3.835036785803322,0.287243831630684,0.04579967577754881,1.0
random_trial_kfold_subjects_overlap,random_fold_2,42,5,3.9802134885692344,4.219922599252628,-0.23970911068339396,0.6250961291069138,0.0
random_trial_kfold_subjects_overlap,random_fold_2,43,4,3.5687682546814417,3.6552155625949236,-0.08644730791348199,-0.3047936319354407,0.5
random_trial_kfold_subjects_overlap,random_fold_2,44,6,3.2246534275557672,3.0705104057294768,0.15414302182629047,-0.16566626920465413,0.8333333333333334
random_trial_kfold_subjects_overlap,random_fold_2,46,3,3.059264205165085,3.3681706172755583,-0.3089064121104732,-0.7738100611404258,0.0
random_trial_kfold_subjects_overlap,random_fold_2,47,4,3.8760904807870444,3.9812879594966817,-0.10519747870963725,-0.6363722526866435,0.5
random_trial_kfold_subjects_overlap,random_fold_2,48,1,2.779264214046823,2.578297736652719,0.200966477394104,,1.0
random_trial_kfold_subjects_overlap,random_fold_2,49,3,3.5240025985048473,3.186615655363141,0.3373869431417065,-0.9146183260573161,1.0
random_trial_kfold_subjects_overlap,random_fold_2,50,2,2.4994166750477076,2.7550278546740485,-0.25561117962634095,1.0,0.0
random_trial_kfold_subjects_overlap,random_fold_2,52,3,2.7969458679119206,2.7025481304738035,0.09439773743811708,0.9573685759169959,0.6666666666666666
random_trial_kfold_subjects_overlap,random_fold_2,53,4,2.8054804290661868,2.7720731543703216,0.03340727469586513,-0.5458103146697146,0.75
random_trial_kfold_subjects_overlap,random_fold_2,54,4,2.7072706159291493,2.608898547719013,0.09837206821013611,-0.4117833060204088,0.75
random_trial_kfold_subjects_overlap,random_fold_2,55,3,2.637948532832519,2.2044715811143347,0.43347695171818446,0.33930075503445783,1.0
random_trial_kfold_subjects_overlap,random_fold_2,56,1,2.5238095238095237,2.9504928901081993,-0.42668336629867554,,0.0
random_trial_kfold_subjects_overlap,random_fold_2,58,3,2.424996516418148,2.259709357432354,0.16528715898579405,0.9983839011806613,0.6666666666666666
random_trial_kfold_subjects_overlap,random_fold_2,59,3,3.714845921522905,4.1255599549735775,-0.4107140334506725,0.37952078456193367,0.0
random_trial_kfold_subjects_overlap,random_fold_2,61,2,2.6742239229365476,2.283109415754254,0.39111450718229346,-0.9999999999999998,1.0
random_trial_kfold_subjects_overlap,random_fold_2,62,2,4.182128149531853,4.339866100341066,-0.1577379508092127,-1.0,0.5
random_trial_kfold_subjects_overlap,random_fold_2,63,4,3.3793661860576423,3.500757433895956,-0.1213912478383139,-0.8431394640111071,0.5
random_trial_kfold_subjects_overlap,random_fold_2,64,1,4.075,4.249830853939057,-0.1748308539390564,,0.0
random_trial_kfold_subjects_overlap,random_fold_2,65,4,3.8404416984008205,3.8642688132681062,-0.023827114867285726,-0.5709632253596315,0.5
random_trial_kfold_subjects_overlap,random_fold_3,1,4,3.1690859485566816,3.321780422865009,-0.1526944743083276,-0.9050866464969217,0.5
random_trial_kfold_subjects_overlap,random_fold_3,2,4,3.966920601172563,4.083640241443767,-0.1167196402712043,0.1339056983676585,0.25
random_trial_kfold_subjects_overlap,random_fold_3,5,5,2.90365987609182,2.671934915508512,0.23172496058330827,0.36472092674461787,0.8
random_trial_kfold_subjects_overlap,random_fold_3,6,4,3.4772301243406316,3.632394733586632,-0.1551646092460004,-0.12357368824765533,0.5
random_trial_kfold_subjects_overlap,random_fold_3,7,1,2.5588235294117645,3.2545909320606903,-0.6957674026489258,,0.0
random_trial_kfold_subjects_overlap,random_fold_3,8,5,2.691149824001193,3.049497520145799,-0.35834769614460615,-0.15340683487514492,0.0
random_trial_kfold_subjects_overlap,random_fold_3,9,1,2.571428571428571,2.325727139200483,0.24570143222808838,,1.0
random_trial_kfold_subjects_overlap,random_fold_3,10,1,2.6929133858267718,2.4989855315272265,0.1939278542995453,,1.0
random_trial_kfold_subjects_overlap,random_fold_3,11,2,3.5194959300127735,3.2687213227603125,0.25077460725246103,1.0,1.0
random_trial_kfold_subjects_overlap,random_fold_3,12,1,2.4358974358974357,2.7303531429706474,-0.29445570707321167,,0.0
random_trial_kfold_subjects_overlap,random_fold_3,13,2,3.417799820670667,3.23776941965976,0.18003040101090706,1.0,0.5
random_trial_kfold_subjects_overlap,random_fold_3,14,4,2.7009513126796745,2.4412046790425785,0.25974663363709594,0.009154734523499944,0.75
random_trial_kfold_subjects_overlap,random_fold_3,15,3,2.8126459477722254,2.6620205902606804,0.15062535751154504,0.7928790966340578,1.0
random_trial_kfold_subjects_overlap,random_fold_3,16,1,2.3370786516853936,1.6528077333161004,0.6842709183692932,,1.0
random_trial_kfold_subjects_overlap,random_fold_3,18,1,3.893617021276596,3.58352415485585,0.31009286642074585,,1.0
random_trial_kfold_subjects_overlap,random_fold_3,19,2,3.210322376854376,3.2375749928772652,-0.02725261602288942,0.9999999999999999,0.5
random_trial_kfold_subjects_overlap,random_fold_3,20,2,2.7445892696549383,2.048300494399775,0.6962887752551632,-1.0,1.0
random_trial_kfold_subjects_overlap,random_fold_3,21,1,2.3095238095238093,2.5538512652828578,-0.24432745575904846,,0.0
random_trial_kfold_subjects_overlap,random_fold_3,22,3,3.761730858345919,3.78611379937089,-0.024382941024971405,0.2593752940678584,0.6666666666666666
random_trial_kfold_subjects_overlap,random_fold_3,24,1,3.6629213483146064,3.554733069341504,0.10818827897310257,,1.0
random_trial_kfold_subjects_overlap,random_fold_3,25,5,3.6570328863170043,3.7445781657518955,-0.08754527943489121,-0.28714441351098763,0.4
random_trial_kfold_subjects_overlap,random_fold_3,26,2,2.8586580751679893,2.4441056943424395,0.4145523808255498,0.9999999999999999,0.5
random_trial_kfold_subjects_overlap,random_fold_3,27,1,3.560975609756097,3.387504904008493,0.17347070574760437,,1.0
random_trial_kfold_subjects_overlap,random_fold_3,28,1,2.282051282051282,1.5269077588350344,0.7551435232162476,,1.0
random_trial_kfold_subjects_overlap,random_fold_3,29,2,3.0009173068617314,2.7423892932592127,0.25852801360251876,1.0,1.0
random_trial_kfold_subjects_overlap,random_fold_3,30,1,2.3370786516853936,2.4219622000047334,-0.08488354831933975,,0.0
random_trial_kfold_subjects_overlap,random_fold_3,31,3,3.5632084738708083,3.4948729593142707,0.06833551455653764,-0.1184282037908456,0.3333333333333333
random_trial_kfold_subjects_overlap,random_fold_3,34,2,2.389694455858034,1.9818405790589944,0.4078538767990396,0.9999999999999998,1.0
random_trial_kfold_subjects_overlap,random_fold_3,36,2,3.3114960587989035,3.412650774009809,-0.10115471521090535,-1.0,0.5
random_trial_kfold_subjects_overlap,random_fold_3,38,1,3.4358974358974357,3.046501781695928,0.38939565420150757,,1.0
random_trial_kfold_subjects_overlap,random_fold_3,39,2,3.1927442857980446,2.5365509480252095,0.6561933377728351,0.9999999999999998,1.0
random_trial_kfold_subjects_overlap,random_fold_3,40,3,4.767648903591645,5.168119785256709,-0.40047088166506395,0.6128314617054914,0.0
random_trial_kfold_subjects_overlap,random_fold_3,41,1,2.3370786516853936,2.89810677458731,-0.5610281229019165,,0.0
random_trial_kfold_subjects_overlap,random_fold_3,42,2,3.1302517339482607,2.8848607356736533,0.24539099827460742,-1.0,1.0
random_trial_kfold_subjects_overlap,random_fold_3,43,4,3.5866879206582314,3.4359655535341393,0.15072236712409204,0.5201742627995655,0.75
random_trial_kfold_subjects_overlap,random_fold_3,44,3,4.070872426852296,4.35362765720229,-0.28275523034999406,-0.649741673973015,0.6666666666666666
random_trial_kfold_subjects_overlap,random_fold_3,45,1,3.074193548387097,2.6562981717048153,0.4178953766822815,,1.0
random_trial_kfold_subjects_overlap,random_fold_3,46,3,3.33510562911527,3.583857055208166,-0.24875142609289602,-0.9984242699119755,0.3333333333333333
random_trial_kfold_subjects_overlap,random_fold_3,47,2,4.195122533337858,4.7697666397866385,-0.5746441064487806,1.0,0.0
random_trial_kfold_subjects_overlap,random_fold_3,48,2,2.8292456633094325,2.278534945240072,0.5507107180693604,1.0,1.0
random_trial_kfold_subjects_overlap,random_fold_3,49,1,2.925806451612903,2.5116096623482242,0.41419678926467896,,1.0
random_trial_kfold_subjects_overlap,random_fold_3,50,1,2.925806451612903,2.427819598490192,0.4979868531227112,,1.0
random_trial_kfold_subjects_overlap,random_fold_3,52,3,3.7027783468475755,3.5754036984144513,0.12737464843312418,0.26561296563071557,0.6666666666666666
random_trial_kfold_subjects_overlap,random_fold_3,53,1,2.925806451612903,3.146444458538486,-0.22063800692558289,,0.0
random_trial_kfold_subjects_overlap,random_fold_3,55,6,2.958508482141074,2.6402932165669997,0.3182152655740742,0.22565444484051003,0.8333333333333334
random_trial_kfold_subjects_overlap,random_fold_3,56,3,2.461915384703549,2.4692330999499514,-0.007317715246402567,0.0340482427065003,0.6666666666666666
random_trial_kfold_subjects_overlap,random_fold_3,57,1,4.6521739130434785,3.8832295899805818,0.7689443230628967,,1.0
random_trial_kfold_subjects_overlap,random_fold_3,58,2,2.925806451612903,3.2751328423770296,-0.3493263907641264,,0.0
random_trial_kfold_subjects_overlap,random_fold_3,59,5,3.3470663345037166,3.421440759806018,-0.07437442530230154,-0.39125329570539785,0.2
random_trial_kfold_subjects_overlap,random_fold_3,60,6,3.374408610936444,3.331124999240786,0.043283611695657864,0.2928441829635214,0.6666666666666666
random_trial_kfold_subjects_overlap,random_fold_3,61,1,3.7142857142857144,4.036363525050027,-0.32207781076431274,,0.0
random_trial_kfold_subjects_overlap,random_fold_3,62,3,3.3290356126986196,3.1974158812591904,0.13161973143942918,0.4397073028160143,0.6666666666666666
random_trial_kfold_subjects_overlap,random_fold_3,63,2,4.5260140416720605,4.151944545297042,0.37406949637501885,1.0,1.0
random_trial_kfold_subjects_overlap,random_fold_3,64,2,3.0009173068617314,3.4025868041237053,-0.4016694972619739,-1.0,0.0
random_trial_kfold_subjects_overlap,random_fold_3,65,3,2.567810430520553,2.798079929476462,-0.23026949895590887,-0.024637507387833976,0.3333333333333333
random_trial_kfold_subjects_overlap,random_fold_4,1,3,2.8152187836160434,2.61942492792837,0.19579385568767327,0.8801594056421282,1.0
random_trial_kfold_subjects_overlap,random_fold_4,2,6,4.17264612950025,4.33128322640551,-0.1586370969052604,0.7072621051806067,0.3333333333333333
random_trial_kfold_subjects_overlap,random_fold_4,3,3,3.3416849185475805,2.768574174533846,0.5731107440137344,-0.9709819872082573,1.0
random_trial_kfold_subjects_overlap,random_fold_4,5,3,3.0460862650613527,2.9328789939502857,0.11320727111106699,0.6951633980385347,0.6666666666666666
random_trial_kfold_subjects_overlap,random_fold_4,6,5,4.081530632534923,4.208367017540121,-0.12683638500519834,0.24828668883133848,0.4
random_trial_kfold_subjects_overlap,random_fold_4,7,1,3.1428571428571432,2.918991305998394,0.2238658368587494,,1.0
random_trial_kfold_subjects_overlap,random_fold_4,8,1,2.227272727272727,2.034393795511939,0.19287893176078796,,1.0
random_trial_kfold_subjects_overlap,random_fold_4,9,1,2.5483870967741935,2.799779550683114,-0.2513924539089203,,0.0
random_trial_kfold_subjects_overlap,random_fold_4,10,2,2.9576934133117403,2.957039213567762,0.0006541997439781788,1.0,0.5
random_trial_kfold_subjects_overlap,random_fold_4,11,1,3.9459459459459456,4.190241781440941,-0.24429583549499512,,0.0
random_trial_kfold_subjects_overlap,random_fold_4,13,3,3.449524566249984,3.455878751367555,-0.006354185117571021,-0.9711779606492363,0.6666666666666666
random_trial_kfold_subjects_overlap,random_fold_4,14,2,3.108884690924569,3.021706571942223,0.08717811898234595,-1.0,0.5
random_trial_kfold_subjects_overlap,random_fold_4,15,1,4.463414634146341,4.364641907193311,0.09877272695302963,,1.0
random_trial_kfold_subjects_overlap,random_fold_4,16,1,2.8580858085808583,2.4346871648487873,0.4233986437320709,,1.0
random_trial_kfold_subjects_overlap,random_fold_4,18,3,4.030571975049305,3.775924552366901,0.2546474226824045,-0.5656856652029161,1.0
random_trial_kfold_subjects_overlap,random_fold_4,19,6,3.589516251687753,3.49405978674451,0.095456464943243,-0.14036137739401813,0.8333333333333334
random_trial_kfold_subjects_overlap,random_fold_4,20,1,2.340909090909091,2.8844445618716152,-0.5435354709625244,,0.0
random_trial_kfold_subjects_overlap,random_fold_4,21,2,2.428049573929579,2.1750047089954263,0.2530448649341528,0.9999999999999999,0.5
random_trial_kfold_subjects_overlap,random_fold_4,22,5,3.0029246022041587,2.9503733250868502,0.05255127711730845,0.2873746689600874,0.6
random_trial_kfold_subjects_overlap,random_fold_4,23,1,2.4042553191489358,2.173027325183787,0.23122799396514893,,1.0
random_trial_kfold_subjects_overlap,random_fold_4,24,1,2.340909090909091,2.003834215077487,0.337074875831604,,1.0
random_trial_kfold_subjects_overlap,random_fold_4,25,4,2.9239187265712996,3.044143439229638,-0.12022471265833845,-0.11674988563659519,0.5
random_trial_kfold_subjects_overlap,random_fold_4,26,4,2.6470362510856837,2.5620012064839663,0.0850350446017174,-0.5571368903943432,0.75
random_trial_kfold_subjects_overlap,random_fold_4,27,1,2.9148936170212765,2.654270221578314,0.26062339544296265,,1.0
random_trial_kfold_subjects_overlap,random_fold_4,28,2,3.108884690924569,2.59721762631622,0.511667064608349,0.9999999999999998,1.0
random_trial_kfold_subjects_overlap,random_fold_4,29,5,2.63669654416965,2.59676732078296,0.039929223386689916,-0.10702829548779061,0.6
random_trial_kfold_subjects_overlap,random_fold_4,31,2,2.817980714403868,2.86528434763808,-0.04730363323421205,-1.0,0.5
random_trial_kfold_subjects_overlap,random_fold_4,32,1,3.1419141914191417,3.583165260726469,-0.44125106930732727,,0.0
random_trial_kfold_subjects_overlap,random_fold_4,33,3,2.729329270821305,2.6645773987246932,0.0647518720966116,0.8714447244319953,0.6666666666666666
random_trial_kfold_subjects_overlap,random_fold_4,34,1,2.8580858085808583,2.762446050768835,0.09563975781202316,,1.0
random_trial_kfold_subjects_overlap,random_fold_4,35,3,3.381006684309788,3.3622446486321467,0.018762035677641453,0.757090007128297,0.6666666666666666
random_trial_kfold_subjects_overlap,random_fold_4,36,3,3.3305193766798737,3.2568099790041103,0.07370939767576346,0.9947483214513912,0.6666666666666666
random_trial_kfold_subjects_overlap,random_fold_4,38,2,2.536720500469573,2.4308850022413253,0.10583549822824789,-1.0,0.5
random_trial_kfold_subjects_overlap,random_fold_4,39,2,4.093289997955647,4.113463164251567,-0.02017316629591992,1.0,0.0
random_trial_kfold_subjects_overlap,random_fold_4,40,4,4.311919492661293,4.548869881220369,-0.23695038855907669,-0.7885680574220896,0.0
random_trial_kfold_subjects_overlap,random_fold_4,41,2,3.3124253461102664,3.082272484704328,0.2301528614059385,1.0,1.0
random_trial_kfold_subjects_overlap,random_fold_4,42,4,4.266024722950075,4.187212041278525,0.07881268167154953,0.7067734838368966,0.5
random_trial_kfold_subjects_overlap,random_fold_4,43,4,2.716060989989154,2.891991336321101,-0.17593034633194726,-0.30284296871099975,0.5
random_trial_kfold_subjects_overlap,random_fold_4,44,1,4.141914191419142,4.1040013830604725,0.03791280835866928,,1.0
random_trial_kfold_subjects_overlap,random_fold_4,45,2,2.963076215284263,2.862698387314104,0.10037782797015904,1.0,1.0
random_trial_kfold_subjects_overlap,random_fold_4,46,1,2.5250000000000004,2.682083481550217,-0.15708348155021667,,0.0
random_trial_kfold_subjects_overlap,random_fold_4,47,4,3.2800001203171574,3.26087214107113,0.019127979246027493,0.3227820929129923,0.75
random_trial_kfold_subjects_overlap,random_fold_4,48,3,2.823466321100365,2.8267883365772755,-0.003322015476910245,0.06961652227987428,0.6666666666666666
random_trial_kfold_subjects_overlap,random_fold_4,49,1,3.9772727272727275,3.981225014410236,-0.003952287137508392,,0.0
random_trial_kfold_subjects_overlap,random_fold_4,50,1,4.141914191419142,4.3859673168006115,-0.24405312538146973,,0.0
random_trial_kfold_subjects_overlap,random_fold_4,52,2,2.7271375762716166,3.06315351419136,-0.3360159379197434,-1.0,0.0
random_trial_kfold_subjects_overlap,random_fold_4,54,1,3.5483870967741935,3.4906627773757903,0.05772431939840317,,1.0
random_trial_kfold_subjects_overlap,random_fold_4,55,2,2.9988691424426204,2.5932410391145493,0.4056281033280711,0.9999999999999999,1.0
random_trial_kfold_subjects_overlap,random_fold_4,56,1,4.141914191419142,3.8527099217715435,0.28920426964759827,,1.0
random_trial_kfold_subjects_overlap,random_fold_4,57,3,4.032309093130345,3.884211278147616,0.14809781498272878,0.9972595817843737,1.0
random_trial_kfold_subjects_overlap,random_fold_4,58,3,3.454257147671229,3.197879254733936,0.2563778929372931,0.9943247010015973,1.0
random_trial_kfold_subjects_overlap,random_fold_4,59,2,3.3641721523266397,3.229177849905646,0.13499430242099386,1.0,0.5
random_trial_kfold_subjects_overlap,random_fold_4,60,3,3.639156647186358,3.9857599874256824,-0.34660334023932426,0.9881866242828634,0.0
random_trial_kfold_subjects_overlap,random_fold_4,61,2,3.108884690924569,3.2164504433356966,-0.10756575241112776,-1.0,0.5
random_trial_kfold_subjects_overlap,random_fold_4,62,1,2.4516129032258065,1.7013223305825265,0.75029057264328,,1.0
random_trial_kfold_subjects_overlap,random_fold_4,63,1,2.227272727272727,2.1896645433523436,0.03760818392038345,,1.0
random_trial_kfold_subjects_overlap,random_fold_4,64,2,3.0804805825917527,3.1648180364872553,-0.08433745389550262,1.0,0.5
random_trial_kfold_subjects_overlap,random_fold_4,65,5,3.147141728716196,3.2124647350180924,-0.06532300630189658,-0.4668684084067547,0.2
random_trial_kfold_subjects_overlap,random_fold_5,2,2,4.1662959235215276,3.518719397762512,0.6475765257590154,1.0,1.0
random_trial_kfold_subjects_overlap,random_fold_5,3,1,2.882943143812709,2.0702625417390395,0.8126806020736694,,1.0
random_trial_kfold_subjects_overlap,random_fold_5,5,2,2.718321489881596,2.3849025173521072,0.33341897252948893,-0.9999999999999999,1.0
random_trial_kfold_subjects_overlap,random_fold_5,6,6,4.411873327975152,4.259942318376396,0.15193100959875583,-0.0341449597802622,0.6666666666666666
random_trial_kfold_subjects_overlap,random_fold_5,7,2,2.625093849928666,2.69010532227527,-0.0650114723466042,1.0,0.5
random_trial_kfold_subjects_overlap,random_fold_5,8,4,2.7311779083583683,2.8849886440076524,-0.15381073564928416,0.15274065024797856,0.5
random_trial_kfold_subjects_overlap,random_fold_5,9,3,2.9512389236415606,2.6212706517996307,0.3299682718419299,0.08538894008720656,1.0
random_trial_kfold_subjects_overlap,random_fold_5,10,2,4.053910918281068,3.99557552426793,0.05833539401313814,1.0,0.5
random_trial_kfold_subjects_overlap,random_fold_5,11,1,3.5238095238095237,3.076743097532363,0.44706642627716064,,1.0
random_trial_kfold_subjects_overlap,random_fold_5,12,1,2.4358974358974357,2.0364086589752097,0.39948877692222595,,1.0
random_trial_kfold_subjects_overlap,random_fold_5,13,3,3.7239403679122773,3.8944617704839044,-0.17052140257162707,-0.13633723435469502,0.3333333333333333
random_trial_kfold_subjects_overlap,random_fold_5,15,3,2.437391249720093,2.541613842069396,-0.10422259234930298,-0.9865111625939053,0.6666666666666666
random_trial_kfold_subjects_overlap,random_fold_5,16,1,3.909090909090909,3.3644606200131504,0.5446302890777588,,1.0
random_trial_kfold_subjects_overlap,random_fold_5,17,3,2.4564312459199553,2.538674623621634,-0.08224337770167889,0.4239320440381979,0.3333333333333333
random_trial_kfold_subjects_overlap,random_fold_5,18,5,3.021851106000306,3.1883060066091544,-0.16645490060884827,-0.3825421031887668,0.4
random_trial_kfold_subjects_overlap,random_fold_5,19,2,2.582797591899762,2.086803204060354,0.49599438783940775,-1.0,1.0
random_trial_kfold_subjects_overlap,random_fold_5,20,4,3.521950475616354,2.871647551685221,0.6503029239311333,-0.2412794437443245,1.0
random_trial_kfold_subjects_overlap,random_fold_5,21,1,5.117056856187292,5.165252851577707,-0.04819599539041519,,0.0
random_trial_kfold_subjects_overlap,random_fold_5,22,1,2.5128205128205128,2.45749241935137,0.055328093469142914,,1.0
random_trial_kfold_subjects_overlap,random_fold_5,23,1,2.473684210526316,2.0666746983402655,0.4070095121860504,,1.0
random_trial_kfold_subjects_overlap,random_fold_5,24,2,2.5931774860424115,2.201152229452003,0.3920252565904083,0.9999999999999998,1.0
random_trial_kfold_subjects_overlap,random_fold_5,25,1,2.404761904761905,2.2077490630603975,0.19701284170150757,,1.0
random_trial_kfold_subjects_overlap,random_fold_5,26,3,2.5793751392450086,1.962909708812709,0.6164654304322996,0.602355080156476,1.0
random_trial_kfold_subjects_overlap,random_fold_5,27,2,2.371556640842299,1.768573851098468,0.6029827897438307,-1.0,1.0
random_trial_kfold_subjects_overlap,random_fold_5,28,4,3.1236019314766454,3.2339861956346145,-0.11038426415796909,-0.29599178259189346,0.5
random_trial_kfold_subjects_overlap,random_fold_5,29,1,2.675,2.903327751159668,-0.22832775115966797,,0.0
random_trial_kfold_subjects_overlap,random_fold_5,31,2,3.368323219379881,2.886106364588656,0.4822168547912251,1.0,1.0
random_trial_kfold_subjects_overlap,random_fold_5,33,1,3.512195121951219,3.6023619514776435,-0.09016682952642441,,0.0
random_trial_kfold_subjects_overlap,random_fold_5,34,3,3.345289200153563,3.137139720797126,0.2081494793564369,0.9631429319540892,1.0
random_trial_kfold_subjects_overlap,random_fold_5,35,1,3.473684210526316,4.040930945622294,-0.5672467350959778,,0.0
random_trial_kfold_subjects_overlap,random_fold_5,36,2,2.3798057577269924,2.1479473510842726,0.23185840664271984,1.0,1.0
random_trial_kfold_subjects_overlap,random_fold_5,37,3,3.0757358262222976,2.8736933796930124,0.20204244652928516,0.9592902465116303,0.6666666666666666
random_trial_kfold_subjects_overlap,random_fold_5,39,3,3.7349015337452367,3.9135490110491915,-0.1786474773039548,-0.7128966096274225,0.3333333333333333
random_trial_kfold_subjects_overlap,random_fold_5,40,1,4.45,4.193482083082199,0.2565179169178009,,1.0
random_trial_kfold_subjects_overlap,random_fold_5,41,2,4.183647070135168,4.497355592753842,-0.31370852261867466,-1.0,0.5
random_trial_kfold_subjects_overlap,random_fold_5,42,3,4.182949627575631,4.1973228966789335,-0.014373269103302277,0.996896620655548,0.3333333333333333
random_trial_kfold_subjects_overlap,random_fold_5,43,1,2.2444444444444445,2.8290813114908007,-0.5846368670463562,,0.0
random_trial_kfold_subjects_overlap,random_fold_5,44,1,2.5853658536585367,2.632555856755594,-0.04719000309705734,,0.0
random_trial_kfold_subjects_overlap,random_fold_5,45,2,2.6134540575983367,2.6540954554150433,-0.040641397816706615,0.9999999999999999,0.5
random_trial_kfold_subjects_overlap,random_fold_5,46,4,3.0216916766708204,3.0553750100258683,-0.03368333335504792,0.03709456464732214,0.5
random_trial_kfold_subjects_overlap,random_fold_5,47,3,3.376210298825718,3.1853275963246457,0.1908827025010722,0.8380025020632513,0.6666666666666666
random_trial_kfold_subjects_overlap,random_fold_5,48,1,2.882943143812709,3.6189348601975966,-0.7359917163848877,,0.0
random_trial_kfold_subjects_overlap,random_fold_5,49,3,2.8954152432287925,2.8927453750671948,0.002669868161597755,0.7100759992347643,0.6666666666666666
random_trial_kfold_subjects_overlap,random_fold_5,50,5,2.735638672432725,2.847342657464642,-0.11170398503191725,-0.11783743342452724,0.4
random_trial_kfold_subjects_overlap,random_fold_5,52,3,2.901229166787429,3.411748471938857,-0.5105193051514281,-0.9551791451765724,0.0
random_trial_kfold_subjects_overlap,random_fold_5,53,2,3.1813883131260967,2.9136998225164548,0.26768849060964195,1.0,1.0
random_trial_kfold_subjects_overlap,random_fold_5,54,3,2.459298147208788,2.292480392129134,0.1668177550796539,0.1787608756852547,0.6666666666666666
random_trial_kfold_subjects_overlap,random_fold_5,55,1,2.2448979591836737,2.382017133187275,-0.13711917400360107,,0.0
random_trial_kfold_subjects_overlap,random_fold_5,56,2,2.5236640793670477,2.334277896410228,0.18938618295681975,0.9999999999999999,0.5
random_trial_kfold_subjects_overlap,random_fold_5,57,5,2.839947499846502,3.2039073941734926,-0.3639598943269906,-0.22094890624628472,0.4
random_trial_kfold_subjects_overlap,random_fold_5,58,2,2.8960465369026855,2.6180188420785795,0.27802769482410605,1.0,0.5
random_trial_kfold_subjects_overlap,random_fold_5,59,3,2.7023271795465176,2.377802560595139,0.3245246189513784,0.01779772633875121,1.0
random_trial_kfold_subjects_overlap,random_fold_5,60,5,3.8284418766738755,3.4353156554637962,0.39312622121007923,0.656660956564687,0.8
random_trial_kfold_subjects_overlap,random_fold_5,61,6,3.2897140203054027,3.360213005348864,-0.0704989850434612,-0.18530849319630127,0.5
random_trial_kfold_subjects_overlap,random_fold_5,62,4,3.241746805942267,3.42762158332669,-0.1858747773844227,-0.6298515775183456,0.25
random_trial_kfold_subjects_overlap,random_fold_5,63,5,3.2969756385801587,3.3471257926894302,-0.05015015410927148,-0.21892795154527162,0.4
random_trial_kfold_subjects_overlap,random_fold_5,64,1,2.2444444444444445,2.563393070962694,-0.3189486265182495,,0.0
random_trial_kfold_subjects_overlap,random_fold_5,65,5,2.6834074359281535,2.851241409606755,-0.16783397367860164,-0.17368271513297198,0.4
within_subject_trial_kfold_subjects_overlap,within_subject_fold_1,1,3,3.489660879481292,3.405258855817982,0.08440202366330984,-0.39936377163622006,0.6666666666666666
within_subject_trial_kfold_subjects_overlap,within_subject_fold_1,2,4,4.198898821578497,4.409765288293072,-0.21086646671457565,0.4398169695481714,0.25
within_subject_trial_kfold_subjects_overlap,within_subject_fold_1,3,3,2.9992515522682295,2.555077864561382,0.4441736877068476,0.9794005344220094,1.0
within_subject_trial_kfold_subjects_overlap,within_subject_fold_1,5,4,3.417375266069295,3.4063816251201957,0.01099364094909916,-0.5893255398494754,0.5
within_subject_trial_kfold_subjects_overlap,within_subject_fold_1,6,5,4.355273475444154,4.7633036474459525,-0.4080301720017987,-0.6263146292075097,0.2
within_subject_trial_kfold_subjects_overlap,within_subject_fold_1,7,1,3.3863636363636367,3.181553434241902,0.20481020212173462,,1.0
within_subject_trial_kfold_subjects_overlap,within_subject_fold_1,8,4,3.0745205577998758,3.1594376482386557,-0.08491709043877993,-0.3865263707165929,0.5
within_subject_trial_kfold_subjects_overlap,within_subject_fold_1,9,3,3.9703869627436323,4.1948965027311935,-0.22450953998756118,0.5177245423849501,0.3333333333333333
within_subject_trial_kfold_subjects_overlap,within_subject_fold_1,10,1,2.5806451612903225,2.9539978081180203,-0.37335264682769775,,0.0
within_subject_trial_kfold_subjects_overlap,within_subject_fold_1,11,2,2.8208865639082292,2.7712494179552687,0.04963714595296054,1.0,0.5
within_subject_trial_kfold_subjects_overlap,within_subject_fold_1,12,3,2.8358161014547463,2.887481665023001,-0.05166556356825458,0.7358250617859871,0.6666666666666666
within_subject_trial_kfold_subjects_overlap,within_subject_fold_1,13,3,4.091426355041991,3.8429678290023883,0.2484585260396024,0.012129168836206981,1.0
within_subject_trial_kfold_subjects_overlap,within_subject_fold_1,14,2,2.5966242571458564,2.374261152750914,0.22236310439494256,1.0,1.0
within_subject_trial_kfold_subjects_overlap,within_subject_fold_1,15,3,2.643104605382081,2.6313193786015674,0.011785226780513636,0.9798497311741132,0.6666666666666666
within_subject_trial_kfold_subjects_overlap,within_subject_fold_1,16,3,3.222444682847417,3.3622940116091686,-0.1398493287617515,0.8420984095160415,0.3333333333333333
within_subject_trial_kfold_subjects_overlap,within_subject_fold_1,17,4,2.61787453306959,2.5034590804714054,0.11441545259818442,0.9873946904360305,0.75
within_subject_trial_kfold_subjects_overlap,within_subject_fold_1,18,4,3.8623555776849816,3.6763467985074394,0.18600877917754222,-0.7879091046195805,1.0
within_subject_trial_kfold_subjects_overlap,within_subject_fold_1,19,3,4.1000860054965145,4.168552041008132,-0.06846603551161756,0.11673120886802214,0.3333333333333333
within_subject_trial_kfold_subjects_overlap,within_subject_fold_1,20,1,3.8271604938271606,3.810355612433251,0.016804881393909454,,1.0
within_subject_trial_kfold_subjects_overlap,within_subject_fold_1,21,1,2.762541806020067,2.4638452582734085,0.2986965477466583,,1.0
within_subject_trial_kfold_subjects_overlap,within_subject_fold_1,22,4,3.2810641991592124,3.400358658205468,-0.11929445904625569,-0.64470336357769,0.5
within_subject_trial_kfold_subjects_overlap,within_subject_fold_1,23,1,2.533333333333333,2.590824702878793,-0.05749136954545975,,0.0
within_subject_trial_kfold_subjects_overlap,within_subject_fold_1,24,2,3.1347549039214613,3.3370128505687915,-0.2022579466473302,1.0,0.0
within_subject_trial_kfold_subjects_overlap,within_subject_fold_1,25,1,3.1728395061728394,3.113493906908933,0.05934559926390648,,1.0
within_subject_trial_kfold_subjects_overlap,within_subject_fold_1,26,2,2.944726852415963,2.3704549621973623,0.5742718902186006,-1.0,1.0
within_subject_trial_kfold_subjects_overlap,within_subject_fold_1,28,3,3.430077136936184,3.3367665654986554,0.09331057143752863,-0.3852414787804647,0.6666666666666666
within_subject_trial_kfold_subjects_overlap,within_subject_fold_1,29,2,2.703361898410906,2.754518720671368,-0.05115682226046214,-1.0,0.5
within_subject_trial_kfold_subjects_overlap,within_subject_fold_1,30,1,4.237458193979933,3.985324288092329,0.25213390588760376,,1.0
within_subject_trial_kfold_subjects_overlap,within_subject_fold_1,31,4,3.523081820148389,3.393914770738133,0.12916704941025614,0.13006377872446334,0.75
within_subject_trial_kfold_subjects_overlap,within_subject_fold_1,33,1,2.237458193979933,2.6393674857241654,-0.4019092917442322,,0.0
within_subject_trial_kfold_subjects_overlap,within_subject_fold_1,34,2,2.5137478393642185,2.504627999060873,0.009119840303345672,-1.0,0.5
within_subject_trial_kfold_subjects_overlap,within_subject_fold_1,35,1,3.237458193979933,3.1568373835904144,0.08062081038951874,,1.0
within_subject_trial_kfold_subjects_overlap,within_subject_fold_1,36,1,2.762541806020067,2.435221111096666,0.3273206949234009,,1.0
within_subject_trial_kfold_subjects_overlap,within_subject_fold_1,37,1,4.093023255813954,4.228015244353649,-0.13499198853969574,,0.0
within_subject_trial_kfold_subjects_overlap,within_subject_fold_1,38,2,2.5013003902049715,2.682445173709204,-0.18114478350423235,-1.0,0.5
within_subject_trial_kfold_subjects_overlap,within_subject_fold_1,39,3,2.7049382261558406,2.4878946962284822,0.21704352992735831,0.8237266144569021,0.6666666666666666
within_subject_trial_kfold_subjects_overlap,within_subject_fold_1,40,3,4.29495207115213,4.365430732691807,-0.07047866153967686,-0.8662095236066929,0.3333333333333333
within_subject_trial_kfold_subjects_overlap,within_subject_fold_1,41,1,3.8378378378378377,3.5100587235914693,0.3277791142463684,,1.0
within_subject_trial_kfold_subjects_overlap,within_subject_fold_1,42,2,4.1139242890131875,4.196208529126205,-0.08228424011301705,1.0,0.0
within_subject_trial_kfold_subjects_overlap,within_subject_fold_1,44,5,3.976080488991871,4.053439861987678,-0.07735937299580664,-0.2841615309694466,0.6
within_subject_trial_kfold_subjects_overlap,within_subject_fold_1,46,4,2.6749807760325903,2.8830271217219634,-0.20804634568937308,-0.810017601170399,0.25
within_subject_trial_kfold_subjects_overlap,within_subject_fold_1,47,5,3.191287095176898,3.1795223542126183,0.011764740964279596,0.5170417676587175,0.6
within_subject_trial_kfold_subjects_overlap,within_subject_fold_1,48,1,3.377777777777778,3.2958027498589626,0.08197502791881561,,1.0
within_subject_trial_kfold_subjects_overlap,within_subject_fold_1,49,3,2.7646308320152833,2.4583345543542445,0.30629627766103873,0.912019837705448,1.0
within_subject_trial_kfold_subjects_overlap,within_subject_fold_1,52,1,3.8108108108108105,3.665336928254849,0.1454738825559616,,1.0
within_subject_trial_kfold_subjects_overlap,within_subject_fold_1,53,1,2.762541806020067,2.4583667867558456,0.3041750192642212,,1.0
within_subject_trial_kfold_subjects_overlap,within_subject_fold_1,54,2,2.487855301481802,2.760160911754384,-0.27230561027258204,-1.0,0.5
within_subject_trial_kfold_subjects_overlap,within_subject_fold_1,55,3,2.9211416247824893,2.541126428572658,0.38001519620983126,0.776553093843842,1.0
within_subject_trial_kfold_subjects_overlap,within_subject_fold_1,56,2,2.5197182174499155,2.718860839692412,-0.19914262224249635,1.0,0.5
within_subject_trial_kfold_subjects_overlap,within_subject_fold_1,57,1,3.3863636363636367,3.3189731348644607,0.06739050149917603,,1.0
within_subject_trial_kfold_subjects_overlap,within_subject_fold_1,58,1,2.622222222222222,2.059770740403069,0.5624514818191528,,1.0
within_subject_trial_kfold_subjects_overlap,within_subject_fold_1,59,3,3.827157486763713,4.0474046258063385,-0.2202471390426255,-0.9788774522693734,0.3333333333333333
within_subject_trial_kfold_subjects_overlap,within_subject_fold_1,60,2,4.353854837466182,4.126325992597516,0.2275288448686661,1.0,1.0
within_subject_trial_kfold_subjects_overlap,within_subject_fold_1,61,4,3.547047121824063,3.5773685885177113,-0.030321466693648436,-0.41275584097880086,0.5
within_subject_trial_kfold_subjects_overlap,within_subject_fold_1,62,2,2.522828493804521,1.9276308345350226,0.5951976592694983,-1.0,1.0
within_subject_trial_kfold_subjects_overlap,within_subject_fold_1,63,2,3.1816210176433812,3.0095592892941094,0.1720617283492718,0.9999999999999998,0.5
within_subject_trial_kfold_subjects_overlap,within_subject_fold_1,64,2,2.673141099764448,2.8801602638066415,-0.20701916404219345,-1.0,0.5
within_subject_trial_kfold_subjects_overlap,within_subject_fold_1,65,4,2.609977902971516,2.4442144589232164,0.16576344404829957,-0.7959323632812892,0.5
within_subject_trial_kfold_subjects_overlap,within_subject_fold_2,1,1,2.427480916030534,2.0319632091595015,0.3955177068710327,,1.0
within_subject_trial_kfold_subjects_overlap,within_subject_fold_2,2,3,2.9058101266110112,2.967631269507286,-0.06182114289627494,0.3617284483265851,0.6666666666666666
within_subject_trial_kfold_subjects_overlap,within_subject_fold_2,5,4,2.5271182544033617,2.301940667312252,0.22517758709110947,0.3339679631979152,0.75
within_subject_trial_kfold_subjects_overlap,within_subject_fold_2,6,5,3.8188104724101124,3.7784362249124555,0.040374247497656945,0.271850570687492,0.6
within_subject_trial_kfold_subjects_overlap,within_subject_fold_2,7,1,2.7058823529411766,3.2691506568123314,-0.5632683038711548,,0.0
within_subject_trial_kfold_subjects_overlap,within_subject_fold_2,8,5,2.734457928918928,2.7488040060752157,-0.014346077156287773,-0.23185734254442586,0.4
within_subject_trial_kfold_subjects_overlap,within_subject_fold_2,9,3,3.1344856330930146,3.5652582701486257,-0.4307726370556111,0.053986972351168755,0.0
within_subject_trial_kfold_subjects_overlap,within_subject_fold_2,10,2,4.144446148397144,4.142893269001309,0.0015528793958345943,-0.9999999999999999,0.5
within_subject_trial_kfold_subjects_overlap,within_subject_fold_2,11,4,3.264772757998022,3.10411901183803,0.16065374615999195,-0.43448083687992384,0.5
within_subject_trial_kfold_subjects_overlap,within_subject_fold_2,12,1,2.5365853658536586,2.5093314549544963,0.027253910899162292,,1.0
within_subject_trial_kfold_subjects_overlap,within_subject_fold_2,13,4,2.607050197528455,2.671410275903111,-0.06436007837465585,0.7696720206283152,0.25
within_subject_trial_kfold_subjects_overlap,within_subject_fold_2,14,4,2.581820278155,2.5464330641981254,0.0353872139568745,0.1144288859848163,0.25
within_subject_trial_kfold_subjects_overlap,within_subject_fold_2,15,2,2.448149751115152,2.555225194800975,-0.10707544368582278,-0.9999999999999998,0.5
within_subject_trial_kfold_subjects_overlap,within_subject_fold_2,17,1,4.3493150684931505,3.842072448501848,0.5072426199913025,,1.0
within_subject_trial_kfold_subjects_overlap,within_subject_fold_2,18,3,3.090810642876239,3.1375994857805196,-0.046788842904280425,-0.939976466995328,0.6666666666666666
within_subject_trial_kfold_subjects_overlap,within_subject_fold_2,19,1,3.213483146067416,3.6457121881206387,-0.43222904205322266,,0.0
within_subject_trial_kfold_subjects_overlap,within_subject_fold_2,20,3,3.846609794710534,3.4535545342844776,0.39305526042605665,-0.22206311837896095,1.0
within_subject_trial_kfold_subjects_overlap,within_subject_fold_2,21,3,3.595258688814065,3.7326555440698095,-0.1373968552557443,-0.5763748457689325,0.0
within_subject_trial_kfold_subjects_overlap,within_subject_fold_2,22,5,3.3588254531317046,3.11380635324518,0.24501909988652448,0.7964121751736746,0.6
within_subject_trial_kfold_subjects_overlap,within_subject_fold_2,23,2,3.573121604592312,3.3711601120130053,0.20196149257930696,1.0,1.0
within_subject_trial_kfold_subjects_overlap,within_subject_fold_2,24,1,5.3493150684931505,5.410204878816866,-0.06088981032371521,,0.0
within_subject_trial_kfold_subjects_overlap,within_subject_fold_2,25,4,4.016727807093434,4.21261626287409,-0.19588845578065595,-0.7130159907472657,0.25
within_subject_trial_kfold_subjects_overlap,within_subject_fold_2,26,2,2.4114683959791385,2.200356583970439,0.21111181200869966,1.0,0.5
within_subject_trial_kfold_subjects_overlap,within_subject_fold_2,27,5,3.377637956282135,3.226397385693712,0.15124057058842277,-0.8276842805634606,0.8
within_subject_trial_kfold_subjects_overlap,within_subject_fold_2,28,5,2.6042158558897386,2.604594556941955,-0.00037870105221626815,0.31617144764544813,0.4
within_subject_trial_kfold_subjects_overlap,within_subject_fold_2,29,2,2.987351371033819,3.0293032232252077,-0.04195185219138864,1.0,0.5
within_subject_trial_kfold_subjects_overlap,within_subject_fold_2,30,1,2.3493150684931505,2.3667661312916506,-0.01745106279850006,,0.0
within_subject_trial_kfold_subjects_overlap,within_subject_fold_2,31,4,3.286449949136855,3.3351444639164116,-0.04869451477955655,-0.10894623066754512,0.5
within_subject_trial_kfold_subjects_overlap,within_subject_fold_2,32,1,3.3493150684931505,4.406702778110765,-1.0573877096176147,,0.0
within_subject_trial_kfold_subjects_overlap,within_subject_fold_2,33,3,2.7687128127170353,2.5720366184556256,0.1966761942614097,0.7677146432893077,0.6666666666666666
within_subject_trial_kfold_subjects_overlap,within_subject_fold_2,34,2,3.477033027134506,3.5336995217158313,-0.056666494581325555,-1.0,0.5
within_subject_trial_kfold_subjects_overlap,within_subject_fold_2,35,1,2.625,2.806413173675537,-0.1814131736755371,,0.0
within_subject_trial_kfold_subjects_overlap,within_subject_fold_2,36,3,2.768119767560171,2.992408405111996,-0.22428863755182515,-0.7200963337694753,0.3333333333333333
within_subject_trial_kfold_subjects_overlap,within_subject_fold_2,37,2,2.3033311242939405,2.4038341089248014,-0.10050298463086094,-1.0,0.5
within_subject_trial_kfold_subjects_overlap,within_subject_fold_2,38,2,3.002225619521227,3.0030543755382513,-0.000828756017024368,1.0,0.5
within_subject_trial_kfold_subjects_overlap,within_subject_fold_2,39,4,4.024816874261973,4.212452217755469,-0.1876353434934952,-0.3293248038897137,0.5
within_subject_trial_kfold_subjects_overlap,within_subject_fold_2,40,6,3.571282794913301,3.98510893952386,-0.4138261446105589,-0.6246417306829568,0.3333333333333333
within_subject_trial_kfold_subjects_overlap,within_subject_fold_2,41,3,4.189717577803379,4.067772992767155,0.12194458503622396,-0.980002902858852,0.6666666666666666
within_subject_trial_kfold_subjects_overlap,within_subject_fold_2,42,5,4.229254127875769,4.301030758523196,-0.07177663064742745,0.36596040013779446,0.4
within_subject_trial_kfold_subjects_overlap,within_subject_fold_2,43,2,2.712392590964948,3.1581503493840937,-0.44575775841914567,0.9999999999999999,0.0
within_subject_trial_kfold_subjects_overlap,within_subject_fold_2,44,2,2.6742828828408762,2.977183780703644,-0.30290089786276786,1.0,0.0
within_subject_trial_kfold_subjects_overlap,within_subject_fold_2,45,2,2.8928526335681406,2.7454279926877616,0.147424640880379,0.9999999999999999,0.5
within_subject_trial_kfold_subjects_overlap,within_subject_fold_2,46,1,3.7058823529411766,3.936456275336883,-0.23057392239570618,,0.0
within_subject_trial_kfold_subjects_overlap,within_subject_fold_2,47,3,3.776726981685229,3.994610157081697,-0.21788317539646807,-0.9543102284549438,0.0
within_subject_trial_kfold_subjects_overlap,within_subject_fold_2,48,3,2.868118276990199,2.924878265073058,-0.05675998808285865,-0.5816551982730197,0.3333333333333333
within_subject_trial_kfold_subjects_overlap,within_subject_fold_2,49,1,3.7727272727272725,3.821925423362038,-0.049198150634765625,,0.0
within_subject_trial_kfold_subjects_overlap,within_subject_fold_2,50,2,2.814760666656076,2.8333093614099596,-0.018548694753883765,-1.0,0.5
within_subject_trial_kfold_subjects_overlap,within_subject_fold_2,52,5,3.183215992690215,3.1265417365984782,0.05667425609173682,0.31456928682273627,0.8
within_subject_trial_kfold_subjects_overlap,within_subject_fold_2,53,1,3.3493150684931505,3.0084779772856463,0.3408370912075043,,1.0
within_subject_trial_kfold_subjects_overlap,within_subject_fold_2,54,2,2.4477789730338086,2.5531771227338425,-0.1053981497000338,-1.0,0.5
within_subject_trial_kfold_subjects_overlap,within_subject_fold_2,55,3,2.877819014701955,3.0063204230532716,-0.12850140835131674,-0.13919100499130785,0.3333333333333333
within_subject_trial_kfold_subjects_overlap,within_subject_fold_2,56,3,3.4331201934962516,3.2338930647335826,0.19922712876266901,0.833049038317793,0.6666666666666666
within_subject_trial_kfold_subjects_overlap,within_subject_fold_2,57,3,3.3113343323115396,3.161298629095143,0.1500357032163966,0.2387234828738036,0.6666666666666666
within_subject_trial_kfold_subjects_overlap,within_subject_fold_2,58,5,2.5438093914826383,2.620951055903534,-0.07714166442089576,-0.4876711688974405,0.2
within_subject_trial_kfold_subjects_overlap,within_subject_fold_2,59,4,3.77612358027865,3.6152922917295056,0.16083128854914452,-0.9437307206712663,0.75
within_subject_trial_kfold_subjects_overlap,within_subject_fold_2,60,4,3.76594378047226,3.528080441130793,0.2378633393414673,0.8593410103153173,0.5
within_subject_trial_kfold_subjects_overlap,within_subject_fold_2,61,2,2.474936403428969,2.238005542982421,0.23693086044654788,1.0,1.0
within_subject_trial_kfold_subjects_overlap,within_subject_fold_2,62,5,4.012493390506357,4.0304118784827585,-0.017918487976401387,0.37569920519669997,0.2
within_subject_trial_kfold_subjects_overlap,within_subject_fold_2,63,5,2.8928113231576673,2.873315252326521,0.01949607083114646,0.1767237297654873,0.4
within_subject_trial_kfold_subjects_overlap,within_subject_fold_2,64,2,2.8741440868866324,2.7236196051177433,0.1505244817688891,1.0,0.5
within_subject_trial_kfold_subjects_overlap,within_subject_fold_2,65,3,4.08162599108251,3.842352224127123,0.23927376695538705,0.5044299870072411,0.6666666666666666
within_subject_trial_kfold_subjects_overlap,within_subject_fold_3,1,2,2.83779118845672,2.909305080790936,-0.07151389233421579,-1.0,0.5
within_subject_trial_kfold_subjects_overlap,within_subject_fold_3,2,5,3.8849276919803493,4.028373080555902,-0.14344538857555245,0.4136250923200007,0.0
within_subject_trial_kfold_subjects_overlap,within_subject_fold_3,3,1,2.8802588996763756,2.7425648686762383,0.13769403100013733,,1.0
within_subject_trial_kfold_subjects_overlap,within_subject_fold_3,5,2,3.0459380386841355,3.162377808886358,-0.11643977020222263,1.0,0.0
within_subject_trial_kfold_subjects_overlap,within_subject_fold_3,6,4,4.698286323886511,4.838438909723318,-0.14015258583680712,-0.5636718375746659,0.0
within_subject_trial_kfold_subjects_overlap,within_subject_fold_3,8,4,2.6863115451453368,2.613083467415117,0.07322807773021989,0.5700401550404081,0.75
within_subject_trial_kfold_subjects_overlap,within_subject_fold_3,9,2,2.6057430290172294,2.7712210233446526,-0.16547799432742316,-1.0,0.0
within_subject_trial_kfold_subjects_overlap,within_subject_fold_3,10,3,2.8190012042322783,2.6670629583609657,0.15193824587131255,0.4273391724884486,1.0
within_subject_trial_kfold_subjects_overlap,within_subject_fold_3,11,2,2.9415137385624077,2.923721838494201,0.017791900068206523,0.9999999999999999,0.5
within_subject_trial_kfold_subjects_overlap,within_subject_fold_3,13,1,2.8802588996763756,2.7697950867291024,0.11046381294727325,,1.0
within_subject_trial_kfold_subjects_overlap,within_subject_fold_3,14,2,3.0023887041998263,3.0099583006564936,-0.007569596456667327,1.0,0.5
within_subject_trial_kfold_subjects_overlap,within_subject_fold_3,15,2,2.685834191042085,2.54005650697983,0.1457776840622551,1.0,1.0
within_subject_trial_kfold_subjects_overlap,within_subject_fold_3,16,2,3.1869556618397668,3.0270655573511793,0.15989010448858743,0.9999999999999999,1.0
within_subject_trial_kfold_subjects_overlap,within_subject_fold_3,17,1,3.1411764705882357,3.0285773659453676,0.11259910464286804,,1.0
within_subject_trial_kfold_subjects_overlap,within_subject_fold_3,18,4,2.714967309188404,2.711761062484459,0.0032062467039448705,0.5317970644679525,0.5
within_subject_trial_kfold_subjects_overlap,within_subject_fold_3,19,3,3.0152800075752983,3.1650497900389665,-0.14976978246366812,0.9817722258854104,0.0
within_subject_trial_kfold_subjects_overlap,within_subject_fold_3,20,4,3.322454506199011,3.4253403568517267,-0.1028858506527155,-0.9750693088273328,0.0
within_subject_trial_kfold_subjects_overlap,within_subject_fold_3,21,3,4.3963487853626,4.445722753795983,-0.04937396843338249,0.07842805880876921,0.3333333333333333
within_subject_trial_kfold_subjects_overlap,within_subject_fold_3,22,4,3.2948360569766715,3.2198835013646105,0.07495255561206093,0.06595276589041302,0.75
within_subject_trial_kfold_subjects_overlap,within_subject_fold_3,23,2,4.146361109856527,4.299355526028237,-0.15299441617171006,-1.0,0.0
within_subject_trial_kfold_subjects_overlap,within_subject_fold_3,25,1,2.8802588996763756,2.776645672070556,0.1036132276058197,,1.0
within_subject_trial_kfold_subjects_overlap,within_subject_fold_3,26,3,2.7757516227116854,2.5998034181907292,0.17594820452095616,0.9585058246482132,1.0
within_subject_trial_kfold_subjects_overlap,within_subject_fold_3,27,2,2.9555238571918063,2.958526598419756,-0.0030027412279496346,-1.0,0.5
within_subject_trial_kfold_subjects_overlap,within_subject_fold_3,28,1,2.8802588996763756,2.7593767461653282,0.12088215351104736,,1.0
within_subject_trial_kfold_subjects_overlap,within_subject_fold_3,29,2,2.5326151825469467,2.5359564875444947,-0.0033413049975479225,-1.0,0.5
within_subject_trial_kfold_subjects_overlap,within_subject_fold_3,31,2,2.864700788864257,2.887218449149081,-0.022517660284823826,-1.0,0.5
within_subject_trial_kfold_subjects_overlap,within_subject_fold_3,33,1,2.5846153846153848,2.4402663162121407,0.14434906840324402,,1.0
within_subject_trial_kfold_subjects_overlap,within_subject_fold_3,34,1,2.8802588996763756,2.7061693189020684,0.17408958077430725,,1.0
within_subject_trial_kfold_subjects_overlap,within_subject_fold_3,35,1,4.837209302325581,4.971154946227406,-0.13394564390182495,,0.0
within_subject_trial_kfold_subjects_overlap,within_subject_fold_3,36,2,3.2255091087876364,3.2304254682452918,-0.004916359457655339,1.0,0.5
within_subject_trial_kfold_subjects_overlap,within_subject_fold_3,38,3,3.3387138259704643,3.379096241231367,-0.04038241526090269,0.8388855044958903,0.3333333333333333
within_subject_trial_kfold_subjects_overlap,within_subject_fold_3,39,4,2.9617709022093845,2.8493666086246803,0.11240429358470427,0.8785890800386515,0.75
within_subject_trial_kfold_subjects_overlap,within_subject_fold_3,40,4,3.3148098982370957,3.3468025050339447,-0.03199260679684901,0.09508280965565045,0.5
within_subject_trial_kfold_subjects_overlap,within_subject_fold_3,41,1,2.4761904761904763,2.308650551807313,0.16753992438316345,,1.0
within_subject_trial_kfold_subjects_overlap,within_subject_fold_3,42,2,2.7439231330369576,2.90390757998961,-0.15998444695265235,1.0,0.0
within_subject_trial_kfold_subjects_overlap,within_subject_fold_3,43,3,3.841987793696274,3.815522374560628,0.02646541913564615,0.421719529895903,0.6666666666666666
within_subject_trial_kfold_subjects_overlap,within_subject_fold_3,44,1,2.2340425531914896,2.0999957304051584,0.13404682278633118,,1.0
within_subject_trial_kfold_subjects_overlap,within_subject_fold_3,45,2,2.7927756282361713,2.7819405943035527,0.010835033932618643,1.0,0.5
within_subject_trial_kfold_subjects_overlap,within_subject_fold_3,46,3,3.385507217029851,3.5087106893261413,-0.12320347229629025,-0.7585944383087749,0.0
within_subject_trial_kfold_subjects_overlap,within_subject_fold_3,47,3,3.6305259578067695,3.682188752747744,-0.0516627949409747,0.8596174049338138,0.3333333333333333
within_subject_trial_kfold_subjects_overlap,within_subject_fold_3,48,1,2.5846153846153848,2.474513222850286,0.11010216176509857,,1.0
within_subject_trial_kfold_subjects_overlap,within_subject_fold_3,49,2,2.5846153846153848,2.429444575948058,0.1551708086673269,,1.0
within_subject_trial_kfold_subjects_overlap,within_subject_fold_3,50,2,2.6639935878296255,2.783927241625177,-0.11993365379555154,-1.0,0.0
within_subject_trial_kfold_subjects_overlap,within_subject_fold_3,52,3,3.2922961490910487,3.383941813297876,-0.09164566420682707,-0.9329170807649645,0.3333333333333333
within_subject_trial_kfold_subjects_overlap,within_subject_fold_3,53,5,2.7570613245526965,2.6818385983970026,0.07522272615569392,-0.6296086527943338,0.8
within_subject_trial_kfold_subjects_overlap,within_subject_fold_3,54,3,2.9256953523394986,2.973310625264179,-0.047615272924680596,-0.34745830633292174,0.3333333333333333
within_subject_trial_kfold_subjects_overlap,within_subject_fold_3,55,4,3.018450595818668,2.8489748336094554,0.16947576220921245,-0.23703051884160203,1.0
within_subject_trial_kfold_subjects_overlap,within_subject_fold_3,56,1,2.625,2.7715134024620056,-0.14651340246200562,,0.0
within_subject_trial_kfold_subjects_overlap,within_subject_fold_3,57,1,2.8802588996763756,2.818606805550628,0.06165209412574768,,1.0
within_subject_trial_kfold_subjects_overlap,within_subject_fold_3,58,2,2.4464854650977825,2.2994836465292945,0.14700181856848804,1.0,1.0
within_subject_trial_kfold_subjects_overlap,within_subject_fold_3,60,4,4.109286497822718,4.199916811415055,-0.09063031359233698,-0.13586471825130916,0.25
within_subject_trial_kfold_subjects_overlap,within_subject_fold_3,61,2,3.3853447353323554,3.2438256516194297,0.14151908371292565,1.0,1.0
within_subject_trial_kfold_subjects_overlap,within_subject_fold_3,62,3,3.0192966342154106,3.0807980829698627,-0.06150144875445207,-0.29677856597465535,0.3333333333333333
within_subject_trial_kfold_subjects_overlap,within_subject_fold_3,63,3,4.180517373907066,4.241745914139286,-0.061228540232219686,0.8146315779365829,0.3333333333333333
within_subject_trial_kfold_subjects_overlap,within_subject_fold_3,64,2,3.5087963437759053,3.6463288789150288,-0.13753253513912345,-1.0,0.0
within_subject_trial_kfold_subjects_overlap,within_subject_fold_3,65,5,3.0002455329276714,2.9497842644753405,0.0504612684523309,-0.13109169013442643,0.8
within_subject_trial_kfold_subjects_overlap,within_subject_fold_4,1,1,2.810457516339869,2.658580366400332,0.15187714993953705,,1.0
within_subject_trial_kfold_subjects_overlap,within_subject_fold_4,2,3,3.9065951765647053,3.34199688705515,0.5645982895095552,0.8633155212188586,0.6666666666666666
within_subject_trial_kfold_subjects_overlap,within_subject_fold_4,3,3,3.671350760911168,2.660477217899893,1.0108735430112752,-0.7632231241390388,1.0
within_subject_trial_kfold_subjects_overlap,within_subject_fold_4,5,1,3.189542483660131,2.9393166714633994,0.25022581219673157,,1.0
within_subject_trial_kfold_subjects_overlap,within_subject_fold_4,6,5,4.141009285401499,3.7403392445433297,0.4006700408581696,0.7867287250193837,1.0
within_subject_trial_kfold_subjects_overlap,within_subject_fold_4,7,2,2.720635863935531,2.7892546189074174,-0.06861875497188663,1.0,0.5
within_subject_trial_kfold_subjects_overlap,within_subject_fold_4,8,3,2.9798312184841826,2.631221976060013,0.3486092424241698,0.967534988892557,1.0
within_subject_trial_kfold_subjects_overlap,within_subject_fold_4,9,1,2.810457516339869,3.2664127832923837,-0.45595526695251465,,0.0
within_subject_trial_kfold_subjects_overlap,within_subject_fold_4,11,1,3.5,2.8801485300064087,0.6198514699935913,,1.0
within_subject_trial_kfold_subjects_overlap,within_subject_fold_4,13,3,2.9488086191473064,3.182476221964049,-0.23366760281674237,0.9639810029461389,0.3333333333333333
within_subject_trial_kfold_subjects_overlap,within_subject_fold_4,14,1,3.2333333333333334,3.893655224641164,-0.6603218913078308,,0.0
within_subject_trial_kfold_subjects_overlap,within_subject_fold_4,15,3,3.1981912373863333,3.090474915792559,0.1077163215937742,0.9420283481703002,0.6666666666666666
within_subject_trial_kfold_subjects_overlap,within_subject_fold_4,16,1,5.189542483660131,5.231724862131029,-0.042182378470897675,,0.0
within_subject_trial_kfold_subjects_overlap,within_subject_fold_4,17,2,2.6384896787748384,2.5826480523383735,0.05584162643646495,1.0,0.5
within_subject_trial_kfold_subjects_overlap,within_subject_fold_4,18,1,2.7441860465116283,3.431319895178773,-0.6871338486671448,,0.0
within_subject_trial_kfold_subjects_overlap,within_subject_fold_4,19,2,3.0518930418272654,2.544298967404529,0.5075940744227365,-1.0,1.0
within_subject_trial_kfold_subjects_overlap,within_subject_fold_4,20,1,2.4962406015037595,1.8777824496864377,0.6184581518173218,,1.0
within_subject_trial_kfold_subjects_overlap,within_subject_fold_4,22,1,3.189542483660131,3.153689462813287,0.03585302084684372,,1.0
within_subject_trial_kfold_subjects_overlap,within_subject_fold_4,24,1,2.5476190476190474,1.6638343958627608,0.8837846517562866,,1.0
within_subject_trial_kfold_subjects_overlap,within_subject_fold_4,25,4,3.632660097240771,3.1943149642482798,0.4383451329924912,0.8648675735912541,1.0
within_subject_trial_kfold_subjects_overlap,within_subject_fold_4,26,2,2.9413530811172355,1.8013615409677628,1.1399915401494727,1.0,1.0
within_subject_trial_kfold_subjects_overlap,within_subject_fold_4,28,3,2.684146934572811,2.8036896714465844,-0.11954273687377359,-0.9132795074567485,0.3333333333333333
within_subject_trial_kfold_subjects_overlap,within_subject_fold_4,29,1,2.810457516339869,3.0191302931581445,-0.20867277681827545,,0.0
within_subject_trial_kfold_subjects_overlap,within_subject_fold_4,30,1,5.189542483660131,4.469396542879491,0.7201459407806396,,1.0
within_subject_trial_kfold_subjects_overlap,within_subject_fold_4,31,4,4.2119254129079415,4.066358310084271,0.14556710282367025,0.5109577986543411,0.75
within_subject_trial_kfold_subjects_overlap,within_subject_fold_4,32,1,2.5476190476190474,2.707995715595427,-0.1603766679763794,,0.0
within_subject_trial_kfold_subjects_overlap,within_subject_fold_4,33,1,2.810457516339869,2.526192415383906,0.28426510095596313,,1.0
within_subject_trial_kfold_subjects_overlap,within_subject_fold_4,34,2,2.5383507666326417,1.901198066380031,0.6371527002526107,1.0,1.0
within_subject_trial_kfold_subjects_overlap,within_subject_fold_4,35,2,3.8584948209111585,4.533684849712687,-0.6751900288015285,1.0,0.0
within_subject_trial_kfold_subjects_overlap,within_subject_fold_4,36,2,3.2326914247367586,2.7923916600391543,0.44029976469760435,-1.0,1.0
within_subject_trial_kfold_subjects_overlap,within_subject_fold_4,38,1,2.5476190476190474,1.7951731114160445,0.7524459362030029,,1.0
within_subject_trial_kfold_subjects_overlap,within_subject_fold_4,39,2,4.323528399013808,3.899995786455797,0.4235326125580112,0.9999999999999999,1.0
within_subject_trial_kfold_subjects_overlap,within_subject_fold_4,40,2,5.554292829533575,5.560618726783281,-0.006325897249706003,1.0,0.5
within_subject_trial_kfold_subjects_overlap,within_subject_fold_4,41,3,2.686675033281193,2.977564528118813,-0.2908894948376197,-0.8437737708393646,0.3333333333333333
within_subject_trial_kfold_subjects_overlap,within_subject_fold_4,42,4,4.264023180533119,4.201801267473069,0.06222191306004987,0.98594252183871,0.75
within_subject_trial_kfold_subjects_overlap,within_subject_fold_4,43,5,3.2553856411218742,3.3133892425359983,-0.058003601414124084,-0.12596335770669692,0.4
within_subject_trial_kfold_subjects_overlap,within_subject_fold_4,44,4,2.7387004086237043,2.6948569505826385,0.04384345804106582,0.6629245591841271,0.5
within_subject_trial_kfold_subjects_overlap,within_subject_fold_4,45,2,2.9056833251774195,2.363064798684609,0.5426185264928103,-1.0,1.0
within_subject_trial_kfold_subjects_overlap,within_subject_fold_4,46,1,2.973684210526316,2.116582829701273,0.8571013808250427,,1.0
within_subject_trial_kfold_subjects_overlap,within_subject_fold_4,47,3,4.5311246564924215,4.912597896708227,-0.3814732402158052,-0.3383797109619878,0.0
within_subject_trial_kfold_subjects_overlap,within_subject_fold_4,48,3,3.0347290155203708,2.7270233790214324,0.30770563649893834,0.7482777861264278,0.6666666666666666
within_subject_trial_kfold_subjects_overlap,within_subject_fold_4,49,4,3.482486562734151,3.5457892462411005,-0.06330268350694945,-0.032456566918601215,0.5
within_subject_trial_kfold_subjects_overlap,within_subject_fold_4,50,2,3.4253471277970196,3.392973691209253,0.03237343658776659,-1.0,0.5
within_subject_trial_kfold_subjects_overlap,within_subject_fold_4,52,2,3.0761057042720226,2.3421029487117786,0.734002755560244,1.0,1.0
within_subject_trial_kfold_subjects_overlap,within_subject_fold_4,53,1,2.810457516339869,2.557751346257777,0.2527061700820923,,1.0
within_subject_trial_kfold_subjects_overlap,within_subject_fold_4,54,2,3.200333760577226,3.3394374823851374,-0.1391037218079112,-1.0,0.5
within_subject_trial_kfold_subjects_overlap,within_subject_fold_4,55,3,3.065203186718182,2.766688254973687,0.2985149317444953,0.5602843062748989,0.6666666666666666
within_subject_trial_kfold_subjects_overlap,within_subject_fold_4,56,1,2.3488372093023258,2.650128734666248,-0.3012915253639221,,0.0
within_subject_trial_kfold_subjects_overlap,within_subject_fold_4,57,4,3.7692955397060377,3.4819558695444472,0.28733967016159045,-0.1991788513792421,0.75
within_subject_trial_kfold_subjects_overlap,within_subject_fold_4,58,2,3.3104078753262143,3.916910755009344,-0.6065028796831298,0.9999999999999999,0.0
within_subject_trial_kfold_subjects_overlap,within_subject_fold_4,59,3,2.847103119038055,2.9109660626360663,-0.06386294359801115,0.211120347071087,0.6666666666666666
within_subject_trial_kfold_subjects_overlap,within_subject_fold_4,60,5,3.3906124500086707,3.4389520065776904,-0.04833955656901967,-0.5587312986961124,0.4
within_subject_trial_kfold_subjects_overlap,within_subject_fold_4,61,3,2.848430201109748,2.769485188986519,0.07894501212322913,0.8394858505278748,0.3333333333333333
within_subject_trial_kfold_subjects_overlap,within_subject_fold_4,62,3,2.9087099109614205,3.239393956703793,-0.3306840457423723,0.3258096062832416,0.0
within_subject_trial_kfold_subjects_overlap,within_subject_fold_4,63,4,2.9730887209627275,3.395200748338881,-0.4221120273761536,-0.9078828421918799,0.25
within_subject_trial_kfold_subjects_overlap,within_subject_fold_4,64,1,4.189542483660131,4.2010505759443335,-0.011508092284202576,,0.0
within_subject_trial_kfold_subjects_overlap,within_subject_fold_4,65,3,2.917004892129919,2.8950800526652896,0.021924839464629642,0.45539412572045307,0.6666666666666666
within_subject_trial_kfold_subjects_overlap,within_subject_fold_5,1,1,3.052287581699346,3.449081722038244,-0.3967941403388977,,0.0
within_subject_trial_kfold_subjects_overlap,within_subject_fold_5,2,2,4.925127742610889,4.817596421595535,0.10753132101535368,-1.0,0.5
within_subject_trial_kfold_subjects_overlap,within_subject_fold_5,3,1,3.052287581699346,1.879798057811712,1.1724895238876343,,1.0
within_subject_trial_kfold_subjects_overlap,within_subject_fold_5,5,1,2.8390804597701154,2.386779255565556,0.4523012042045593,,1.0
within_subject_trial_kfold_subjects_overlap,within_subject_fold_5,6,4,5.049097894841683,4.910688811791532,0.13840908305015098,-0.7100164348445451,0.75
within_subject_trial_kfold_subjects_overlap,within_subject_fold_5,9,4,3.0861959311503715,2.970815931506445,0.11537999964392665,0.42079993687320755,0.75
within_subject_trial_kfold_subjects_overlap,within_subject_fold_5,10,2,2.78755974574328,3.0169436309655313,-0.2293838852222514,1.0,0.0
within_subject_trial_kfold_subjects_overlap,within_subject_fold_5,11,2,3.8138430695927967,3.701340914079832,0.11250215551296483,-1.0,1.0
within_subject_trial_kfold_subjects_overlap,within_subject_fold_5,12,1,2.2391304347826084,2.413438734800919,-0.17430830001831055,,0.0
within_subject_trial_kfold_subjects_overlap,within_subject_fold_5,13,2,3.920706874728479,4.004652674447749,-0.0839457997192703,-0.9999999999999998,0.5
within_subject_trial_kfold_subjects_overlap,within_subject_fold_5,14,2,2.9126431363069094,2.83122089991333,0.08142223639357926,-1.0,0.5
within_subject_trial_kfold_subjects_overlap,within_subject_fold_5,15,2,2.500757281754573,2.6228215306695857,-0.12206424891501255,-1.0,0.5
within_subject_trial_kfold_subjects_overlap,within_subject_fold_5,18,3,3.284044699431685,2.99763191964392,0.28641277978776536,0.6257814078447846,0.6666666666666666
within_subject_trial_kfold_subjects_overlap,within_subject_fold_5,19,3,2.726268333018198,2.3411235087321796,0.3851448242860185,-0.5742593056115005,1.0
within_subject_trial_kfold_subjects_overlap,within_subject_fold_5,21,1,2.4384615384615387,1.6158953868425812,0.8225661516189575,,1.0
within_subject_trial_kfold_subjects_overlap,within_subject_fold_5,22,3,3.7294451401570425,4.085104344335982,-0.3556592041789397,0.9926049175850523,0.0
within_subject_trial_kfold_subjects_overlap,within_subject_fold_5,23,1,2.5555555555555554,2.163670453760359,0.39188510179519653,,1.0
within_subject_trial_kfold_subjects_overlap,within_subject_fold_5,24,2,3.052287581699346,2.8303295295490853,0.22195805215026088,,1.0
within_subject_trial_kfold_subjects_overlap,within_subject_fold_5,25,3,3.59204991703903,3.6689500470067316,-0.07690012996770168,0.0643433029486739,0.3333333333333333
within_subject_trial_kfold_subjects_overlap,within_subject_fold_5,26,4,3.166328372728064,2.756640989849563,0.4096873828785008,0.7430547791384834,0.75
within_subject_trial_kfold_subjects_overlap,within_subject_fold_5,29,2,3.1070783560447226,3.096609570845967,0.010468785198755715,1.0,0.5
within_subject_trial_kfold_subjects_overlap,within_subject_fold_5,31,1,5.561538461538461,5.601213552000431,-0.039675090461969376,,0.0
within_subject_trial_kfold_subjects_overlap,within_subject_fold_5,33,2,3.4495443588839234,3.262992211222308,0.1865521476616152,-1.0,1.0
within_subject_trial_kfold_subjects_overlap,within_subject_fold_5,35,1,2.2391304347826084,2.5268566284490666,-0.28772619366645813,,0.0
within_subject_trial_kfold_subjects_overlap,within_subject_fold_5,36,3,3.219965676832151,3.0254456598077453,0.1945200170244057,0.4795352624350321,1.0
within_subject_trial_kfold_subjects_overlap,within_subject_fold_5,37,1,2.5555555555555554,2.195902499887678,0.3596530556678772,,1.0
within_subject_trial_kfold_subjects_overlap,within_subject_fold_5,39,1,2.2888888888888888,2.9931415491633944,-0.7042526602745056,,0.0
within_subject_trial_kfold_subjects_overlap,within_subject_fold_5,40,4,3.126668577374208,2.987167230313809,0.13950134706039918,0.4801748198447173,0.75
within_subject_trial_kfold_subjects_overlap,within_subject_fold_5,41,2,4.001925153359664,4.0653442839266996,-0.06341913056703596,-1.0,0.0
within_subject_trial_kfold_subjects_overlap,within_subject_fold_5,42,2,3.4428880473388723,3.5325202375187166,-0.08963219017984425,-1.0,0.5
within_subject_trial_kfold_subjects_overlap,within_subject_fold_5,43,2,2.810704503511086,2.9942847937769836,-0.18358029026589762,-1.0,0.5
within_subject_trial_kfold_subjects_overlap,within_subject_fold_5,44,4,4.436503503420163,4.342443313084806,0.09406019033535706,0.5135572289313054,0.5
within_subject_trial_kfold_subjects_overlap,within_subject_fold_5,46,2,3.26709306420925,3.23854440436229,0.02854865984695998,1.0,0.5
within_subject_trial_kfold_subjects_overlap,within_subject_fold_5,47,1,2.4384615384615387,2.7312664054907287,-0.29280486702919006,,0.0
within_subject_trial_kfold_subjects_overlap,within_subject_fold_5,48,1,3.052287581699346,3.657181921737646,-0.6048943400382996,,0.0
within_subject_trial_kfold_subjects_overlap,within_subject_fold_5,49,1,3.8055555555555554,3.999600205156538,-0.19404464960098267,,0.0
within_subject_trial_kfold_subjects_overlap,within_subject_fold_5,50,3,2.982912269345769,2.8552337735554323,0.12767849579033674,0.9251723909317877,0.6666666666666666
within_subject_trial_kfold_subjects_overlap,within_subject_fold_5,52,2,2.8318838215747846,2.687979322618273,0.1439044989565117,1.0,0.5
within_subject_trial_kfold_subjects_overlap,within_subject_fold_5,53,1,2.947712418300654,2.4156053631134284,0.5321070551872253,,1.0
within_subject_trial_kfold_subjects_overlap,within_subject_fold_5,54,1,2.4384615384615387,3.12152945628533,-0.6830679178237915,,0.0
within_subject_trial_kfold_subjects_overlap,within_subject_fold_5,55,2,2.7624766203492346,2.504942775559552,0.25753384478968266,-1.0,1.0
within_subject_trial_kfold_subjects_overlap,within_subject_fold_5,57,1,3.097560975609756,3.7039561606035,-0.6063951849937439,,0.0
within_subject_trial_kfold_subjects_overlap,within_subject_fold_5,58,3,3.410391236540091,3.2760579166499064,0.13433331989018438,0.8137994045341029,0.6666666666666666
within_subject_trial_kfold_subjects_overlap,within_subject_fold_5,59,2,2.8790340791953124,2.8398535220961394,0.03918055709917301,-1.0,0.5
within_subject_trial_kfold_subjects_overlap,within_subject_fold_5,60,2,3.428716605521023,3.766589610579423,-0.3378730050584,-1.0,0.0
within_subject_trial_kfold_subjects_overlap,within_subject_fold_5,61,3,3.3224073626017945,3.5087835661714197,-0.18637620356962525,-0.989845913994627,0.6666666666666666
within_subject_trial_kfold_subjects_overlap,within_subject_fold_5,62,2,2.4671452238479104,2.5981053494005546,-0.13096012555264425,-1.0,0.0
within_subject_trial_kfold_subjects_overlap,within_subject_fold_5,63,2,4.0455629507847854,4.384118455177916,-0.3385555043931303,-1.0,0.5
within_subject_trial_kfold_subjects_overlap,within_subject_fold_5,64,1,3.787234042553192,4.098239128259903,-0.3110050857067108,,0.0
within_subject_trial_kfold_subjects_overlap,within_subject_fold_5,65,4,2.7928507465632486,2.900200783124588,-0.10735003656133957,-0.5142648676464265,0.25
loso_leave_one_subject_out,loso_subject_1,1,9,3.0526661133172754,3.1533558325113296,-0.10068971919405412,-0.5733765151658146,0.4444444444444444
loso_leave_one_subject_out,loso_subject_2,2,17,3.91114221438913,3.7985143982786265,0.11262781611050343,0.499287693940322,0.6470588235294118
loso_leave_one_subject_out,loso_subject_3,3,8,3.2492493193679985,3.370808095623684,-0.12155877625568534,-0.5602382535654489,0.125
loso_leave_one_subject_out,loso_subject_5,5,10,3.103758977701739,2.8482848460440673,0.25547413165767185,-0.4364466492227176,0.8
loso_leave_one_subject_out,loso_subject_6,6,22,4.442060000563059,4.390876781924435,0.05118321863862363,-0.07497897571844596,0.6363636363636364
loso_leave_one_subject_out,loso_subject_7,7,5,2.7251188405112208,3.1602149515266094,-0.4350961110153886,0.2747983996791602,0.2
loso_leave_one_subject_out,loso_subject_8,8,14,2.925525671516583,2.887120840899501,0.03840483061708211,0.10143054762837302,0.5
loso_leave_one_subject_out,loso_subject_9,9,12,3.267450754199166,3.438645218551909,-0.17119446435274321,-0.2201639882938833,0.25
loso_leave_one_subject_out,loso_subject_10,10,9,3.032031663288054,2.9630870089651133,0.06894465432294083,0.32295497987067395,0.6666666666666666
loso_leave_one_subject_out,loso_subject_11,11,10,3.3292824081980883,3.2621093878706935,0.0671730203273948,0.24195635017315267,0.6
loso_leave_one_subject_out,loso_subject_12,12,5,2.5683285105512996,2.6108639942728535,-0.04253548372155391,0.040875644598545265,0.6
loso_leave_one_subject_out,loso_subject_13,13,13,3.313167374412508,3.3571724419704645,-0.04400506755795641,-0.10584037884673245,0.3076923076923077
loso_leave_one_subject_out,loso_subject_14,14,11,2.843062054527491,2.8290824400252443,0.013979614502246829,0.12925058472396467,0.7272727272727273
loso_leave_one_subject_out,loso_subject_15,15,9,2.881034849117271,2.888702745215498,-0.007667896098227267,-0.22946059811042072,0.5555555555555556
loso_leave_one_subject_out,loso_subject_16,16,6,3.6270255956166513,3.4093865739151727,0.21763902170147853,0.5791616864282751,0.6666666666666666
loso_leave_one_subject_out,loso_subject_17,17,8,2.9062240645757695,2.8647798293728632,0.0414442352029063,0.3699450038086208,0.625
loso_leave_one_subject_out,loso_subject_18,18,13,3.3528203396941145,3.3043296073416886,0.04849073235242596,-0.009826011325178567,0.6153846153846154
loso_leave_one_subject_out,loso_subject_19,19,12,3.325421385593538,3.181198189685886,0.1442231959076521,-0.0765399645178394,0.8333333333333334
loso_leave_one_subject_out,loso_subject_20,20,9,3.4755647743778284,3.0433531731208725,0.4322116012569559,-0.8939977293250563,1.0
loso_leave_one_subject_out,loso_subject_21,21,7,3.901609735684869,3.816992804681921,0.08461693100294809,0.34470507899795544,0.8571428571428571
loso_leave_one_subject_out,loso_subject_22,22,17,3.3492672793472775,3.3312370007712384,0.018030278576039116,-0.05124591154317055,0.6470588235294118
loso_leave_one_subject_out,loso_subject_23,23,6,3.450595558290555,3.5504140588356727,-0.09981850054511776,-0.45939697564369236,0.16666666666666666
loso_leave_one_subject_out,loso_subject_24,24,5,3.555921222994964,3.6267979226886498,-0.07087669969368582,0.23157651039747476,0.4
loso_leave_one_subject_out,loso_subject_25,25,14,3.542027138599778,3.6044150763410223,-0.062387937741244404,-0.2138314859196684,0.35714285714285715
loso_leave_one_subject_out,loso_subject_26,26,14,2.8467529645427776,2.759193031033205,0.08755993350957247,-0.3459846518482948,0.5714285714285714
loso_leave_one_subject_out,loso_subject_27,27,7,3.1341941160163733,3.221073269696954,-0.08687915368058086,-0.34429618084043173,0.42857142857142855
loso_leave_one_subject_out,loso_subject_28,28,11,2.950781296956459,2.8154520771250464,0.13532921983141266,0.1661332780569395,0.8181818181818182
loso_leave_one_subject_out,loso_subject_29,29,9,2.7937362482159167,2.9085952691614727,-0.114859020945556,-0.11848784107938912,0.3333333333333333
loso_leave_one_subject_out,loso_subject_30,30,2,4.68578246142645,4.148273359140063,0.5375091022863865,-0.9999999999999999,1.0
loso_leave_one_subject_out,loso_subject_31,31,14,3.7682104164135404,3.722952172282103,0.04525824413143731,0.02508067495003161,0.6428571428571429
loso_leave_one_subject_out,loso_subject_32,32,2,2.7420653555497654,3.072138469673051,-0.33007311412328555,-1.0,0.0
loso_leave_one_subject_out,loso_subject_33,33,7,2.919817098322859,2.720668314235077,0.19914878408778192,0.018205121837529026,0.8571428571428571
loso_leave_one_subject_out,loso_subject_34,34,6,2.9571925139002078,3.029232194148813,-0.07203968024860519,-0.7687862324494105,0.3333333333333333
loso_leave_one_subject_out,loso_subject_35,35,6,3.5273665307036253,3.7500663270947396,-0.22269979639111437,-0.6703767056391162,0.3333333333333333
loso_leave_one_subject_out,loso_subject_36,36,10,3.1626908353740433,3.108769562515684,0.05392127285835935,0.04658354918663601,0.6
loso_leave_one_subject_out,loso_subject_37,37,2,3.5101439736223266,2.881084503753838,0.6290594698684884,1.0,1.0
loso_leave_one_subject_out,loso_subject_38,38,7,2.9788234152475166,2.8725134434860013,0.10630997176151524,0.7589250422012092,0.5714285714285714
loso_leave_one_subject_out,loso_subject_39,39,14,3.4195752617475907,3.429464785243655,-0.00988952349606409,0.07613878622065598,0.5
loso_leave_one_subject_out,loso_subject_40,40,20,3.711697172089615,3.826818233650275,-0.11512106156065993,-0.09226574331155636,0.35
loso_leave_one_subject_out,loso_subject_41,41,11,3.5114684863565824,3.8702554245318406,-0.3587869381752582,0.017331589508251026,0.09090909090909091
loso_leave_one_subject_out,loso_subject_42,42,16,3.8968165466260687,3.8923337636201034,0.004482783005965274,0.1141351605561259,0.5
loso_leave_one_subject_out,loso_subject_43,43,13,3.2376640784117385,3.2203637657122215,0.01730031269951704,-0.020393001273802912,0.6923076923076923
loso_leave_one_subject_out,loso_subject_44,44,15,3.676086849324047,3.7963895124614355,-0.12030266313738869,-0.30054341900025444,0.3333333333333333
loso_leave_one_subject_out,loso_subject_45,45,6,2.7757342077516687,2.748460114057876,0.027274093693792523,0.08119297396485957,0.6666666666666666
loso_leave_one_subject_out,loso_subject_46,46,11,3.120512353197248,3.1033179620034237,0.017194391193824377,0.002997934652104767,0.45454545454545453
loso_leave_one_subject_out,loso_subject_47,47,15,3.622633524487651,3.704946600816461,-0.08231307632881002,-0.4271005412110346,0.4
loso_leave_one_subject_out,loso_subject_48,48,9,2.948422409471109,2.9505858089925,-0.0021633995213909962,-0.05339789665514924,0.6666666666666666
loso_leave_one_subject_out,loso_subject_49,49,11,3.2191548659470746,3.2754025508760116,-0.05624768492893706,-0.1812679993019009,0.18181818181818182
loso_leave_one_subject_out,loso_subject_50,50,8,2.9966932248676024,2.845398493969173,0.15129473089842937,0.40319240941436363,0.75
loso_leave_one_subject_out,loso_subject_52,52,13,3.187241135037666,3.1929718304751975,-0.005730695437531352,-0.5037450651357736,0.5384615384615384
loso_leave_one_subject_out,loso_subject_53,53,8,2.9285742108857296,3.0181333253017772,-0.08955911441604769,-0.3372909876018089,0.25
loso_leave_one_subject_out,loso_subject_54,54,9,2.7977833950668725,2.860769746652499,-0.06298635158562638,-0.017522636511397786,0.4444444444444444
loso_leave_one_subject_out,loso_subject_55,55,16,2.931080805423839,2.945743975818146,-0.014663170394307201,0.17309393925591296,0.375
loso_leave_one_subject_out,loso_subject_56,56,8,2.780882639197756,2.9509649735149317,-0.17008233431717557,-0.15412922308501642,0.125
loso_leave_one_subject_out,loso_subject_57,57,11,3.374712099588053,3.365376137856376,0.009335961731677056,0.0011664934289426945,0.36363636363636365
loso_leave_one_subject_out,loso_subject_58,58,12,2.976584252374764,2.926127385693251,0.05045686668151328,-0.07169496023321649,0.6666666666666666
loso_leave_one_subject_out,loso_subject_59,59,13,3.358005832140796,3.4953407066302775,-0.13733487448948134,-0.29307697397224486,0.46153846153846156
loso_leave_one_subject_out,loso_subject_60,60,18,3.7251207494804777,3.7341205559273183,-0.00899980644684062,-0.12904158577447172,0.5555555555555556
loso_leave_one_subject_out,loso_subject_61,61,15,3.0915627293814207,3.2022336111658873,-0.1106708817844666,-0.042410548281308885,0.26666666666666666
loso_leave_one_subject_out,loso_subject_62,62,14,3.2682548939483853,3.223461164635434,0.044793729312951225,0.18444830083250394,0.6428571428571429
loso_leave_one_subject_out,loso_subject_63,63,16,3.3599064983612372,3.373999556719447,-0.014093058358209731,-0.04130852191185077,0.5625
loso_leave_one_subject_out,loso_subject_64,64,8,3.318852704590417,3.303349550876241,0.015503153714175877,0.2769352650966863,0.625
loso_leave_one_subject_out,loso_subject_65,65,18,3.0810881479976264,3.0542910703679143,0.026797077629712174,0.18296992091452946,0.5
leave_one_stimulus_out,losto_stimulus_1,1,2,3.343703703703704,3.3564955008928643,-0.012791797189160459,,0.0
leave_one_stimulus_out,losto_stimulus_1,2,4,3.4495816728149986,3.4434729400877155,0.006108732727283073,-0.7398492433905868,0.75
leave_one_stimulus_out,losto_stimulus_1,3,4,3.343703703703704,3.2420992487690086,0.10160445493469528,,1.0
leave_one_stimulus_out,losto_stimulus_1,5,4,3.108885535521802,3.12209197734338,-0.013206441821578263,-0.7726747749688438,0.25
leave_one_stimulus_out,losto_stimulus_1,6,7,3.610835393082831,3.6200964252215866,-0.00926103213875562,-0.47720894928484303,0.42857142857142855
leave_one_stimulus_out,losto_stimulus_1,7,2,2.343703703703704,2.3622604863717322,-0.018556782668028404,,0.0
leave_one_stimulus_out,losto_stimulus_1,8,7,3.0314113853554083,3.062451410564401,-0.031040025208992628,-0.6409352461815284,0.2857142857142857
leave_one_stimulus_out,losto_stimulus_1,9,2,3.5034880522467806,3.486262328918628,0.017225723328152753,1.0,0.5
leave_one_stimulus_out,losto_stimulus_1,10,3,3.83152728970343,3.8356483651928004,-0.004121075489370352,-0.3743758338630818,0.3333333333333333
leave_one_stimulus_out,losto_stimulus_1,11,1,3.343703703703704,3.350799308838668,-0.007095605134963989,,0.0
leave_one_stimulus_out,losto_stimulus_1,12,1,2.656296296296296,2.6249229444839335,0.03137335181236267,,1.0
leave_one_stimulus_out,losto_stimulus_1,13,4,3.123860209149893,3.122115389911784,0.0017448192381088745,-0.17265888115735542,0.5
leave_one_stimulus_out,losto_stimulus_1,14,6,3.0895057559723944,3.070264809438417,0.019240946533977343,0.35905795775206156,0.6666666666666666
leave_one_stimulus_out,losto_stimulus_1,15,5,3.16904922282384,3.1581220400312837,0.010927182792556334,0.7962810147227044,0.8
leave_one_stimulus_out,losto_stimulus_1,16,4,3.595931705209685,3.595072360367924,0.0008593448417610894,-0.21985421431143676,0.5
leave_one_stimulus_out,losto_stimulus_1,17,4,2.731636128704434,2.7568002177842534,-0.025164089079819263,-0.9946083167839438,0.0
leave_one_stimulus_out,losto_stimulus_1,18,6,3.1080316328830007,3.0860200806969056,0.022011552186095074,0.3592655461064488,0.5
leave_one_stimulus_out,losto_stimulus_1,19,4,2.8022449358298585,2.832193185404532,-0.029948249574673458,-0.8167941241249269,0.0
leave_one_stimulus_out,losto_stimulus_1,20,4,3.1513052579101624,3.125291127935262,0.026014129974900158,0.7412248712512937,0.5
leave_one_stimulus_out,losto_stimulus_1,21,5,3.6201778673837555,3.636900412031377,-0.01672254464762135,-0.5246041052400969,0.6
leave_one_stimulus_out,losto_stimulus_1,22,6,3.499009932472982,3.4826372485163386,0.016372683956643375,0.3616190477652932,0.5
leave_one_stimulus_out,losto_stimulus_1,23,3,3.676163981469773,3.676467753894156,-0.0003037724243832862,0.16932556036047305,0.6666666666666666
leave_one_stimulus_out,losto_stimulus_1,24,4,3.5190464321311814,3.520836962163107,-0.0017905300319256412,0.23971410973819396,0.5
leave_one_stimulus_out,losto_stimulus_1,25,5,3.2179909212539703,3.2485556965049116,-0.030564775250941256,-0.5289107886331521,0.2
leave_one_stimulus_out,losto_stimulus_1,26,5,3.16904922282384,3.1159053866745086,0.05314383614933149,0.08421447119957368,0.8
leave_one_stimulus_out,losto_stimulus_1,27,1,3.656296296296296,3.6296414716817713,0.02665482461452484,,1.0
leave_one_stimulus_out,losto_stimulus_1,28,5,2.8426224874770156,2.869228967876105,-0.026606480399089527,-0.1666918441185553,0.2
leave_one_stimulus_out,losto_stimulus_1,29,5,3.0361133193264536,3.0424704045267665,-0.006357085200312973,0.11265759354785673,0.6
leave_one_stimulus_out,losto_stimulus_1,30,5,3.210247310020709,3.247157137524633,-0.03690982750392413,-0.9004401474578131,0.0
leave_one_stimulus_out,losto_stimulus_1,31,3,3.6477097687353495,3.6628798464229164,-0.015170077687566952,-0.3538337180125007,0.3333333333333333
leave_one_stimulus_out,losto_stimulus_1,32,2,2.504880941728756,2.5280284348616506,-0.02314749313289477,-1.0,0.5
leave_one_stimulus_out,losto_stimulus_1,33,4,3.123860209149893,3.1470525424487468,-0.02319233329885373,-0.03426652785945991,0.0
leave_one_stimulus_out,losto_stimulus_1,34,5,3.237360438120849,3.1829353034734167,0.05442513464743248,0.6083278475560965,0.6
leave_one_stimulus_out,losto_stimulus_1,35,3,2.9392379778202087,2.9615799498613438,-0.022341972041135083,-0.9989416112099567,0.0
leave_one_stimulus_out,losto_stimulus_1,36,5,2.918583943617117,2.924050822427404,-0.005466878810287401,-0.22714668971155025,0.6
leave_one_stimulus_out,losto_stimulus_1,38,3,3.1644801634826925,3.1657504336460596,-0.0012702701633671154,-0.9989967717463869,0.6666666666666666
leave_one_stimulus_out,losto_stimulus_1,39,7,3.426821527438099,3.429660991092923,-0.002839463654824126,0.034212563102461055,0.5714285714285714
leave_one_stimulus_out,losto_stimulus_1,40,5,3.1274031966566387,3.122289048616551,0.005114148040087585,0.5821592814850138,0.6
leave_one_stimulus_out,losto_stimulus_1,41,5,2.574961850637003,2.525948629267569,0.04901322136943431,0.8392935966411997,0.6
leave_one_stimulus_out,losto_stimulus_1,42,5,3.722352752456089,3.734681346117984,-0.012328593661895315,-0.4859441615329964,0.2
leave_one_stimulus_out,losto_stimulus_1,43,5,3.5292511553332564,3.5337444069766693,-0.0044932516434128544,0.2732780596067813,0.4
leave_one_stimulus_out,losto_stimulus_1,44,5,3.304259710727903,3.3159136303954178,-0.011653919667514945,-0.5789190660115429,0.4
leave_one_stimulus_out,losto_stimulus_1,45,4,2.504880941728756,2.5275964374757365,-0.02271549574698062,-0.5635336175201786,0.25
leave_one_stimulus_out,losto_stimulus_1,46,3,2.452332502960283,2.4658372303424887,-0.013504727382205761,-0.9983142423103942,0.3333333333333333
leave_one_stimulus_out,losto_stimulus_1,47,6,3.31246935436299,3.3239848819673,-0.011515527604309739,-0.1035615353634864,0.3333333333333333
leave_one_stimulus_out,losto_stimulus_1,48,4,3.2705168374567024,3.2930533649544573,-0.02253652749775492,-0.49005159138885807,0.25
leave_one_stimulus_out,losto_stimulus_1,49,2,2.8873258829682116,2.905327190333493,-0.018001307365281605,-0.9999999999999999,0.0
leave_one_stimulus_out,losto_stimulus_1,50,5,3.05663558914512,3.0756592331927766,-0.019023644047656774,-0.20063096698006833,0.4
leave_one_stimulus_out,losto_stimulus_1,52,3,3.6477097687353495,3.6509668491026166,-0.003257080367267129,-0.30636730950471547,0.3333333333333333
leave_one_stimulus_out,losto_stimulus_1,53,5,3.087163209223654,3.08609655475692,0.0010666544667339295,0.5397498953577422,0.4
leave_one_stimulus_out,losto_stimulus_1,54,2,3.343703703703704,3.369968318895338,-0.026264615191634366,,0.0
leave_one_stimulus_out,losto_stimulus_1,55,6,2.8873258829682116,2.8961600926516833,-0.008834209683471705,0.08669809989662823,0.3333333333333333
leave_one_stimulus_out,losto_stimulus_1,56,5,2.7167353118141935,2.741784013630861,-0.025048701816667407,-0.6835538980748229,0.2
leave_one_stimulus_out,losto_stimulus_1,57,3,3.0470562825497765,3.1330688315887016,-0.08601254903892519,-0.22470522854016886,0.0
leave_one_stimulus_out,losto_stimulus_1,58,5,3.4085164056802624,3.4056805019794583,0.00283590370080411,0.48866511209279434,0.6
leave_one_stimulus_out,losto_stimulus_1,59,5,2.7167353118141935,2.7243014729040667,-0.00756616108987318,-0.2987681193218841,0.4
leave_one_stimulus_out,losto_stimulus_1,60,7,3.5747549533751797,3.543228837894988,0.031526115480191574,0.7312866616328703,0.8571428571428571
leave_one_stimulus_out,losto_stimulus_1,61,6,3.499009932472982,3.5042019619359923,-0.005192029463010339,-0.27476378889075675,0.3333333333333333
leave_one_stimulus_out,losto_stimulus_1,62,6,3.6959248681488877,3.674899456936874,0.021025411212013623,0.4985954588435647,0.5
leave_one_stimulus_out,losto_stimulus_1,63,5,3.4085164056802624,3.380189291099772,0.02832711458049042,0.8867956956487942,1.0
leave_one_stimulus_out,losto_stimulus_1,64,5,2.918583943617117,2.9257206111380354,-0.0071366675209185715,-0.34234285478696,0.2
leave_one_stimulus_out,losto_stimulus_1,65,6,3.6462541426752852,3.6094568397298326,0.03679730294545269,0.39865758304727733,0.6666666666666666
leave_one_stimulus_out,losto_stimulus_3,2,2,3.72152610037536,3.7716223859533913,-0.05009628557803136,1.0,0.5
leave_one_stimulus_out,losto_stimulus_3,3,1,3.235185185185185,2.702212968579045,0.5329722166061401,,1.0
leave_one_stimulus_out,losto_stimulus_3,5,2,2.5139862541679507,2.4491387689787842,0.0648474851891665,0.9999999999999999,0.5
leave_one_stimulus_out,losto_stimulus_3,6,1,4.764814814814815,4.977342507132778,-0.21252769231796265,,0.0
leave_one_stimulus_out,losto_stimulus_3,8,1,3.235185185185185,3.303735332301369,-0.06855014711618423,,0.0
leave_one_stimulus_out,losto_stimulus_3,9,1,2.764814814814815,2.981671860703716,-0.21685704588890076,,0.0
leave_one_stimulus_out,losto_stimulus_3,10,1,2.235185185185185,2.423880973568669,-0.1886957883834839,,0.0
leave_one_stimulus_out,losto_stimulus_3,11,1,3.235185185185185,3.064615973940602,0.17056921124458313,,1.0
leave_one_stimulus_out,losto_stimulus_3,13,1,2.235185185185185,2.3593635277063756,-0.12417834252119064,,0.0
leave_one_stimulus_out,losto_stimulus_3,14,1,3.235185185185185,3.3661975951106458,-0.13101240992546082,,0.0
leave_one_stimulus_out,losto_stimulus_3,15,1,2.235185185185185,2.1783912644894032,0.05679392069578171,,1.0
leave_one_stimulus_out,losto_stimulus_3,16,1,2.235185185185185,2.070388177147618,0.16479700803756714,,1.0
leave_one_stimulus_out,losto_stimulus_3,17,2,3.0092045579073865,3.0557346153333294,-0.04653005742594285,-1.0,0.5
leave_one_stimulus_out,losto_stimulus_3,19,2,3.0092045579073865,2.9419019613979507,0.06730259650943582,1.0,0.5
leave_one_stimulus_out,losto_stimulus_3,20,2,3.0959557007425382,3.137120727782192,-0.04116502703965397,-1.0,0.5
leave_one_stimulus_out,losto_stimulus_3,21,2,3.0959557007425382,3.3565242054709743,-0.26056850472843607,-1.0,0.0
leave_one_stimulus_out,losto_stimulus_3,22,1,4.764814814814815,4.952735236176738,-0.18792042136192322,,0.0
leave_one_stimulus_out,losto_stimulus_3,23,1,2.764814814814815,2.8608318849294276,-0.09601707011461258,,0.0
leave_one_stimulus_out,losto_stimulus_3,24,2,3.0959557007425382,3.073183098949894,0.022772601792644398,1.0,0.5
leave_one_stimulus_out,losto_stimulus_3,25,2,4.072461381150252,3.961948988287071,0.11051239286318149,0.9999999999999999,1.0
leave_one_stimulus_out,losto_stimulus_3,26,1,3.235185185185185,2.9130207688720136,0.3221644163131714,,1.0
leave_one_stimulus_out,losto_stimulus_3,27,1,2.764814814814815,2.765750131831953,-0.0009353170171380043,,0.0
leave_one_stimulus_out,losto_stimulus_3,28,1,3.235185185185185,3.0648498625667004,0.1703353226184845,,1.0
leave_one_stimulus_out,losto_stimulus_3,29,1,3.235185185185185,3.1080156208188443,0.12716956436634064,,1.0
leave_one_stimulus_out,losto_stimulus_3,30,1,2.235185185185185,2.0187197567136197,0.21646542847156525,,1.0
leave_one_stimulus_out,losto_stimulus_3,31,2,4.072461381150252,3.844301709881066,0.22815967126918624,1.0,1.0
leave_one_stimulus_out,losto_stimulus_3,34,1,2.235185185185185,2.0357217879207044,0.1994633972644806,,1.0
leave_one_stimulus_out,losto_stimulus_3,36,2,3.5100038299331535,3.6199193806742795,-0.10991555074112602,-1.0,0.0
leave_one_stimulus_out,losto_stimulus_3,38,1,2.764814814814815,2.5760717599480243,0.18874305486679077,,1.0
leave_one_stimulus_out,losto_stimulus_3,39,2,3.0092045579073865,3.0670064697256194,-0.05780191181823291,-1.0,0.5
leave_one_stimulus_out,losto_stimulus_3,40,2,2.235185185185185,2.356272819685023,-0.12108763449983817,,0.0
leave_one_stimulus_out,losto_stimulus_3,41,2,2.235185185185185,2.1580818729729114,0.07710331221227351,,1.0
leave_one_stimulus_out,losto_stimulus_3,42,1,4.764814814814815,4.939791521319637,-0.17497670650482178,,0.0
leave_one_stimulus_out,losto_stimulus_3,43,2,3.72152610037536,3.8093195612928024,-0.08779346091744245,-1.0,0.0
leave_one_stimulus_out,losto_stimulus_3,44,1,3.235185185185185,3.1337657586843877,0.10141942650079727,,1.0
leave_one_stimulus_out,losto_stimulus_3,46,2,3.0092045579073865,3.118026478349189,-0.10882192044180261,-1.0,0.0
leave_one_stimulus_out,losto_stimulus_3,47,1,4.764814814814815,5.184199204930553,-0.4193843901157379,,0.0
leave_one_stimulus_out,losto_stimulus_3,48,1,2.235185185185185,2.1453553454191594,0.08982983976602554,,1.0
leave_one_stimulus_out,losto_stimulus_3,50,2,3.0092045579073865,3.0690409293044394,-0.05983637139705289,-1.0,0.0
leave_one_stimulus_out,losto_stimulus_3,52,2,2.5139862541679507,2.4662453521859113,0.047740901982039397,1.0,0.5
leave_one_stimulus_out,losto_stimulus_3,53,2,3.0092045579073865,3.041495094418181,-0.03229053651079461,-1.0,0.5
leave_one_stimulus_out,losto_stimulus_3,55,1,3.235185185185185,2.8223885388286023,0.41279664635658264,,1.0
leave_one_stimulus_out,losto_stimulus_3,56,1,2.235185185185185,2.139953942707291,0.09523124247789383,,1.0
leave_one_stimulus_out,losto_stimulus_3,57,1,3.235185185185185,3.4566349030644803,-0.22144971787929535,,0.0
leave_one_stimulus_out,losto_stimulus_3,58,1,3.235185185185185,2.800752410403004,0.4344327747821808,,1.0
leave_one_stimulus_out,losto_stimulus_3,59,2,2.5139862541679507,2.648215726113323,-0.13422947194537205,-0.9999999999999998,0.5
leave_one_stimulus_out,losto_stimulus_3,60,2,3.72152610037536,3.802968447974301,-0.0814423475989412,-1.0,0.0
leave_one_stimulus_out,losto_stimulus_3,61,1,3.235185185185185,3.3551368878395467,-0.11995170265436172,,0.0
leave_one_stimulus_out,losto_stimulus_3,62,2,3.0092045579073865,2.824292119814389,0.18491243809299762,1.0,1.0
leave_one_stimulus_out,losto_stimulus_3,63,2,4.072461381150252,4.1731671295423185,-0.10070574839206614,-1.0,0.5
leave_one_stimulus_out,losto_stimulus_3,64,2,3.0959557007425382,3.010516595129046,0.08543910561349222,1.0,1.0
leave_one_stimulus_out,losto_stimulus_3,65,2,3.5100038299331535,3.4869182493728585,0.02308558056029497,1.0,0.5
leave_one_stimulus_out,losto_stimulus_4,6,1,2.7413381123058542,2.8224069559089884,-0.08106884360313416,,0.0
leave_one_stimulus_out,losto_stimulus_4,8,1,3.2586618876941458,3.3610207728035704,-0.10235888510942459,,0.0
leave_one_stimulus_out,losto_stimulus_4,10,1,3.2586618876941458,3.2038853383548513,0.054776549339294434,,1.0
leave_one_stimulus_out,losto_stimulus_4,13,1,2.2586618876941458,2.5033050543554083,-0.2446431666612625,,0.0
leave_one_stimulus_out,losto_stimulus_4,14,1,2.2586618876941458,2.091886482287194,0.1667754054069519,,1.0
leave_one_stimulus_out,losto_stimulus_4,15,1,2.2586618876941458,2.356386802244927,-0.09772491455078125,,0.0
leave_one_stimulus_out,losto_stimulus_4,17,1,2.2586618876941458,1.9691775060184256,0.2894843816757202,,1.0
leave_one_stimulus_out,losto_stimulus_4,21,1,2.2586618876941458,2.384224585343148,-0.12556269764900208,,0.0
leave_one_stimulus_out,losto_stimulus_4,22,1,3.2586618876941458,3.4813944614417807,-0.2227325737476349,,0.0
leave_one_stimulus_out,losto_stimulus_4,24,1,2.2586618876941458,2.4917203253991858,-0.23305843770503998,,0.0
leave_one_stimulus_out,losto_stimulus_4,26,1,3.2586618876941458,3.4508405095823065,-0.1921786218881607,,0.0
leave_one_stimulus_out,losto_stimulus_4,28,1,3.2586618876941458,3.0796924895532385,0.1789693981409073,,1.0
leave_one_stimulus_out,losto_stimulus_4,30,1,2.2586618876941458,1.6609444833286062,0.5977174043655396,,1.0
leave_one_stimulus_out,losto_stimulus_4,39,1,2.2586618876941458,2.591149828482415,-0.33248794078826904,,0.0
leave_one_stimulus_out,losto_stimulus_4,41,1,2.2586618876941458,2.1407574779279486,0.1179044097661972,,1.0
leave_one_stimulus_out,losto_stimulus_4,44,1,3.2586618876941458,3.290156907487656,-0.03149501979351044,,0.0
leave_one_stimulus_out,losto_stimulus_4,46,1,2.7413381123058542,2.335610129784797,0.40572798252105713,,1.0
leave_one_stimulus_out,losto_stimulus_4,47,1,3.7413381123058542,3.576980569314216,0.16435754299163818,,1.0
leave_one_stimulus_out,losto_stimulus_4,49,1,3.2586618876941458,3.039604968477036,0.21905691921710968,,1.0
leave_one_stimulus_out,losto_stimulus_4,52,1,3.2586618876941458,3.056788749147202,0.20187313854694366,,1.0
leave_one_stimulus_out,losto_stimulus_4,55,1,2.2586618876941458,2.5377724981792227,-0.2791106104850769,,0.0
leave_one_stimulus_out,losto_stimulus_4,62,1,3.2586618876941458,3.59017320637777,-0.33151131868362427,,0.0
leave_one_stimulus_out,losto_stimulus_4,64,1,2.2586618876941458,2.5130833006389395,-0.2544214129447937,,0.0
leave_one_stimulus_out,losto_stimulus_4,65,1,3.2586618876941458,3.2130597374327436,0.04560215026140213,,1.0
leave_one_stimulus_out,losto_stimulus_6,1,3,2.8006142806161516,2.413556907516739,0.3870573730994127,0.9847868782440852,1.0
leave_one_stimulus_out,losto_stimulus_6,2,1,3.6896551724137927,2.9766298409166003,0.7130253314971924,,1.0
leave_one_stimulus_out,losto_stimulus_6,3,1,2.3103448275862073,1.301293147021327,1.0090516805648804,,1.0
leave_one_stimulus_out,losto_stimulus_6,5,2,2.5071834963606685,2.4524641409727637,0.054719355387904844,1.0,0.5
leave_one_stimulus_out,losto_stimulus_6,6,3,4.050513392101761,3.6181234163955382,0.43238997570622306,-0.29449866159044963,1.0
leave_one_stimulus_out,losto_stimulus_6,8,2,2.854476843475972,2.592567823370564,0.2619090201054082,1.0,1.0
leave_one_stimulus_out,losto_stimulus_6,10,1,3.3103448275862073,2.8518755857286786,0.4584692418575287,,1.0
leave_one_stimulus_out,losto_stimulus_6,11,2,3.2286065289697445,3.470122720237265,-0.24151619126752033,-0.9999999999999999,0.0
leave_one_stimulus_out,losto_stimulus_6,13,2,2.854476843475972,3.052282160227368,-0.197805316751396,-1.0,0.5
leave_one_stimulus_out,losto_stimulus_6,14,3,2.685378267720424,2.3923795022081706,0.29299876551225346,-0.9473250535884229,1.0
leave_one_stimulus_out,losto_stimulus_6,15,1,3.3103448275862073,3.8668561701116895,-0.5565113425254822,,0.0
leave_one_stimulus_out,losto_stimulus_6,16,2,2.854476843475972,2.7785095529963244,0.07596729047964779,-1.0,1.0
leave_one_stimulus_out,losto_stimulus_6,17,2,3.3103448275862073,3.2516459299801608,0.05869889760604652,,0.5
leave_one_stimulus_out,losto_stimulus_6,18,2,3.3103448275862073,3.9236470551558438,-0.6133022275696365,,0.0
leave_one_stimulus_out,losto_stimulus_6,19,2,3.2286065289697445,3.2292054622088147,-0.0005989332390701207,-1.0,0.5
leave_one_stimulus_out,losto_stimulus_6,21,1,3.3103448275862073,2.696051013880763,0.6142938137054443,,1.0
leave_one_stimulus_out,losto_stimulus_6,22,3,3.014103458598585,2.932013647045096,0.08208981155348871,0.983514901196971,0.6666666666666666
leave_one_stimulus_out,losto_stimulus_6,24,2,2.3103448275862073,2.182333447014854,0.12801138057135342,,0.5
leave_one_stimulus_out,losto_stimulus_6,25,2,2.854476843475972,3.546887424120317,-0.6924105806443448,0.9999999999999998,0.0
leave_one_stimulus_out,losto_stimulus_6,26,2,3.016009600782052,2.8332032184198948,0.1828063823621573,1.0,0.5
leave_one_stimulus_out,losto_stimulus_6,28,3,3.014103458598585,2.8273430670268795,0.18676039157170532,-0.8853504013941544,1.0
leave_one_stimulus_out,losto_stimulus_6,29,2,2.3103448275862073,2.441508185446658,-0.13116335786045052,,0.5
leave_one_stimulus_out,losto_stimulus_6,30,1,2.3103448275862073,1.3950081590948438,0.9153366684913635,,1.0
leave_one_stimulus_out,losto_stimulus_6,31,3,3.572531396457724,3.7733295825281656,-0.20079818607044153,-0.7532361427913349,0.3333333333333333
leave_one_stimulus_out,losto_stimulus_6,33,1,3.3103448275862073,2.9909014527139997,0.31944337487220764,,1.0
leave_one_stimulus_out,losto_stimulus_6,34,2,2.3103448275862073,2.447137671380128,-0.13679284379392076,,0.5
leave_one_stimulus_out,losto_stimulus_6,35,1,2.6896551724137927,3.419373082703557,-0.7297179102897644,,0.0
leave_one_stimulus_out,losto_stimulus_6,36,1,2.3103448275862073,2.422957231515441,-0.11261240392923355,,0.0
leave_one_stimulus_out,losto_stimulus_6,37,1,2.3103448275862073,2.494270933085475,-0.18392610549926758,,0.0
leave_one_stimulus_out,losto_stimulus_6,38,1,3.3103448275862073,2.642193270140681,0.6681515574455261,,1.0
leave_one_stimulus_out,losto_stimulus_6,39,2,2.854476843475972,2.6657795774818633,0.18869726599410885,1.0,0.5
leave_one_stimulus_out,losto_stimulus_6,40,3,3.256080625298811,3.3998451973307464,-0.1437645720319356,-0.6130107719222391,0.6666666666666666
leave_one_stimulus_out,losto_stimulus_6,41,1,2.3103448275862073,2.030241650754008,0.2801031768321991,,1.0
leave_one_stimulus_out,losto_stimulus_6,42,2,3.2286065289697445,3.327682818578441,-0.0990762896086963,0.9999999999999998,0.0
leave_one_stimulus_out,losto_stimulus_6,43,2,3.3103448275862073,3.699225906315556,-0.38888107872934885,,0.0
leave_one_stimulus_out,losto_stimulus_6,44,3,3.825773620729144,3.8590096513152417,-0.0332360305860977,0.008104376258381509,0.3333333333333333
leave_one_stimulus_out,losto_stimulus_6,47,2,3.3103448275862073,3.637238690869676,-0.3268938632834688,,0.0
leave_one_stimulus_out,losto_stimulus_6,48,1,3.3103448275862073,3.349075262659583,-0.0387304350733757,,0.0
leave_one_stimulus_out,losto_stimulus_6,49,2,3.3103448275862073,3.0715514646312454,0.2387933629549619,,1.0
leave_one_stimulus_out,losto_stimulus_6,50,2,2.3103448275862073,2.6561584791057395,-0.34581365151953225,,0.0
leave_one_stimulus_out,losto_stimulus_6,52,1,3.3103448275862073,4.146756601744685,-0.8364117741584778,,0.0
leave_one_stimulus_out,losto_stimulus_6,53,2,2.854476843475972,2.8968242323191835,-0.04234738884321132,-1.0,0.5
leave_one_stimulus_out,losto_stimulus_6,54,3,2.8006142806161516,2.9565214410269256,-0.15590716041077401,0.2409157888544632,0.3333333333333333
leave_one_stimulus_out,losto_stimulus_6,55,3,3.014103458598585,2.5239865218011865,0.4901169367973983,0.9991025867840126,1.0
leave_one_stimulus_out,losto_stimulus_6,56,1,2.3103448275862073,1.9120244209108685,0.39832040667533875,,1.0
leave_one_stimulus_out,losto_stimulus_6,57,1,3.6896551724137927,3.355781960076299,0.3338732123374939,,1.0
leave_one_stimulus_out,losto_stimulus_6,58,1,3.3103448275862073,3.3262710471091603,-0.015926219522953033,,0.0
leave_one_stimulus_out,losto_stimulus_6,59,1,3.6896551724137927,4.107854741400685,-0.4181995689868927,,0.0
leave_one_stimulus_out,losto_stimulus_6,60,1,2.3103448275862073,3.08078427355865,-0.7704394459724426,,0.0
leave_one_stimulus_out,losto_stimulus_6,61,2,3.3103448275862073,2.9435077335396493,0.36683709404655795,,1.0
leave_one_stimulus_out,losto_stimulus_6,62,1,3.3103448275862073,2.568500292712245,0.7418445348739624,,1.0
leave_one_stimulus_out,losto_stimulus_6,63,2,3.696657872896935,3.294764494343783,0.40189337855315177,1.0,1.0
leave_one_stimulus_out,losto_stimulus_6,64,1,2.3103448275862073,2.061102044993434,0.24924278259277344,,1.0
leave_one_stimulus_out,losto_stimulus_6,65,3,3.3103448275862073,3.3678880655793955,-0.05754323799318817,,0.6666666666666666
leave_one_stimulus_out,losto_stimulus_12,1,1,2.276583034647551,2.4876456149946122,-0.21106258034706116,,0.0
leave_one_stimulus_out,losto_stimulus_12,2,1,2.276583034647551,2.0825774558912187,0.1940055787563324,,1.0
leave_one_stimulus_out,losto_stimulus_12,3,1,3.276583034647551,3.0543250926862626,0.22225794196128845,,1.0
leave_one_stimulus_out,losto_stimulus_12,5,1,3.276583034647551,3.3603420444856553,-0.08375900983810425,,0.0
leave_one_stimulus_out,losto_stimulus_12,6,1,4.723416965352449,4.870834331857118,-0.1474173665046692,,0.0
leave_one_stimulus_out,losto_stimulus_12,7,1,2.276583034647551,2.0567184426914125,0.2198645919561386,,1.0
leave_one_stimulus_out,losto_stimulus_12,8,1,3.276583034647551,2.9111040719877153,0.3654789626598358,,1.0
leave_one_stimulus_out,losto_stimulus_12,13,1,3.276583034647551,2.8714705892930894,0.40511244535446167,,1.0
leave_one_stimulus_out,losto_stimulus_12,14,1,2.276583034647551,1.9766838141809373,0.29989922046661377,,1.0
leave_one_stimulus_out,losto_stimulus_12,15,1,2.723416965352449,2.6314630768169494,0.09195388853549957,,1.0
leave_one_stimulus_out,losto_stimulus_12,17,1,2.276583034647551,2.2457322665582566,0.030850768089294434,,1.0
leave_one_stimulus_out,losto_stimulus_12,18,1,2.723416965352449,2.5293177775014968,0.19409918785095215,,1.0
leave_one_stimulus_out,losto_stimulus_12,20,1,2.276583034647551,2.5059453436265855,-0.22936230897903442,,0.0
leave_one_stimulus_out,losto_stimulus_12,21,1,3.276583034647551,3.0001586862932115,0.2764243483543396,,1.0
leave_one_stimulus_out,losto_stimulus_12,23,1,3.276583034647551,3.1210120507608323,0.15557098388671875,,1.0
leave_one_stimulus_out,losto_stimulus_12,24,1,3.276583034647551,3.2022982128988176,0.07428482174873352,,1.0
leave_one_stimulus_out,losto_stimulus_12,25,1,3.276583034647551,3.215497639132586,0.06108539551496506,,1.0
leave_one_stimulus_out,losto_stimulus_12,26,1,3.276583034647551,2.6950025149713426,0.5815805196762085,,1.0
leave_one_stimulus_out,losto_stimulus_12,28,1,3.276583034647551,3.023967821253386,0.25261521339416504,,1.0
leave_one_stimulus_out,losto_stimulus_12,31,1,3.276583034647551,3.0493423529992967,0.2272406816482544,,1.0
leave_one_stimulus_out,losto_stimulus_12,33,1,3.276583034647551,3.2127393075357347,0.0638437271118164,,1.0
leave_one_stimulus_out,losto_stimulus_12,34,1,2.276583034647551,2.1421273836027055,0.13445565104484558,,1.0
leave_one_stimulus_out,losto_stimulus_12,36,1,3.276583034647551,3.285626907003966,-0.009043872356414795,,0.0
leave_one_stimulus_out,losto_stimulus_12,37,1,2.723416965352449,2.7169403432776065,0.006476622074842453,,1.0
leave_one_stimulus_out,losto_stimulus_12,38,1,2.276583034647551,2.368472624672499,-0.09188959002494812,,0.0
leave_one_stimulus_out,losto_stimulus_12,39,1,3.276583034647551,3.007030326975432,0.26955270767211914,,1.0
leave_one_stimulus_out,losto_stimulus_12,40,1,3.723416965352449,4.189928185092363,-0.46651121973991394,,0.0
leave_one_stimulus_out,losto_stimulus_12,41,1,2.276583034647551,2.2946242989133268,-0.01804126426577568,,0.0
leave_one_stimulus_out,losto_stimulus_12,42,1,2.276583034647551,2.291765470160094,-0.015182435512542725,,0.0
leave_one_stimulus_out,losto_stimulus_12,43,1,3.276583034647551,3.352341178907004,-0.07575814425945282,,0.0
leave_one_stimulus_out,losto_stimulus_12,44,1,4.723416965352449,4.59067524586812,0.13274171948432922,,1.0
leave_one_stimulus_out,losto_stimulus_12,47,1,3.723416965352449,3.8758635184635253,-0.15244655311107635,,0.0
leave_one_stimulus_out,losto_stimulus_12,48,1,3.276583034647551,3.22733988250598,0.049243152141571045,,1.0
leave_one_stimulus_out,losto_stimulus_12,49,1,2.276583034647551,2.0813434311281114,0.1952396035194397,,1.0
leave_one_stimulus_out,losto_stimulus_12,54,1,2.276583034647551,2.159633446587172,0.11694958806037903,,1.0
leave_one_stimulus_out,losto_stimulus_12,55,1,3.276583034647551,3.31155229742631,-0.034969262778759,,0.0
leave_one_stimulus_out,losto_stimulus_12,56,1,3.276583034647551,2.851014930857268,0.4255681037902832,,1.0
leave_one_stimulus_out,losto_stimulus_12,57,1,2.723416965352449,2.6979605964292617,0.025456368923187256,,1.0
leave_one_stimulus_out,losto_stimulus_12,58,1,3.276583034647551,3.134573523057547,0.14200951159000397,,1.0
leave_one_stimulus_out,losto_stimulus_12,59,1,2.276583034647551,1.9799334296117692,0.29664960503578186,,1.0
leave_one_stimulus_out,losto_stimulus_12,60,1,3.723416965352449,3.6909742019046874,0.032442763447761536,,1.0
leave_one_stimulus_out,losto_stimulus_12,61,1,3.276583034647551,3.3209902086387544,-0.04440717399120331,,0.0
leave_one_stimulus_out,losto_stimulus_12,62,1,3.276583034647551,3.413232822073546,-0.13664978742599487,,0.0
leave_one_stimulus_out,losto_stimulus_12,63,1,3.276583034647551,3.2405649052093892,0.03601812943816185,,1.0
leave_one_stimulus_out,losto_stimulus_12,64,1,2.276583034647551,2.1609816663990884,0.11560136824846268,,1.0
leave_one_stimulus_out,losto_stimulus_12,65,1,3.276583034647551,3.4694872983823686,-0.1929042637348175,,0.0
leave_one_stimulus_out,losto_stimulus_18,1,1,3.2562724014336917,3.631006445508704,-0.3747340440750122,,0.0
leave_one_stimulus_out,losto_stimulus_18,2,1,3.7437275985663083,3.735125895816579,0.008601702749729156,,1.0
leave_one_stimulus_out,losto_stimulus_18,6,1,3.7437275985663083,3.1126150826399472,0.6311125159263611,,1.0
leave_one_stimulus_out,losto_stimulus_18,14,1,3.2562724014336917,3.36378212622951,-0.10750972479581833,,0.0
leave_one_stimulus_out,losto_stimulus_18,17,1,3.2562724014336917,3.8067373295838687,-0.550464928150177,,0.0
leave_one_stimulus_out,losto_stimulus_18,18,1,3.2562724014336917,4.003008868318305,-0.746736466884613,,0.0
leave_one_stimulus_out,losto_stimulus_18,24,1,2.2562724014336917,2.7754351159150454,-0.5191627144813538,,0.0
leave_one_stimulus_out,losto_stimulus_18,28,1,2.2562724014336917,2.486474122625098,-0.23020172119140625,,0.0
leave_one_stimulus_out,losto_stimulus_18,31,1,3.2562724014336917,3.5819301565701815,-0.32565775513648987,,0.0
leave_one_stimulus_out,losto_stimulus_18,32,1,2.2562724014336917,1.4750908871705386,0.7811815142631531,,1.0
leave_one_stimulus_out,losto_stimulus_18,34,1,2.2562724014336917,2.5770815273339602,-0.32080912590026855,,0.0
leave_one_stimulus_out,losto_stimulus_18,38,1,2.2562724014336917,2.627233501296744,-0.37096109986305237,,0.0
leave_one_stimulus_out,losto_stimulus_18,40,1,3.2562724014336917,3.757311012368903,-0.5010386109352112,,0.0
leave_one_stimulus_out,losto_stimulus_18,41,1,2.2562724014336917,2.6624944170529696,-0.40622201561927795,,0.0
leave_one_stimulus_out,losto_stimulus_18,42,1,2.2562724014336917,2.8745843430573794,-0.6183119416236877,,0.0
leave_one_stimulus_out,losto_stimulus_18,43,1,3.2562724014336917,4.081282760720954,-0.825010359287262,,0.0
leave_one_stimulus_out,losto_stimulus_18,48,1,2.2562724014336917,2.349374133866534,-0.09310173243284225,,0.0
leave_one_stimulus_out,losto_stimulus_18,49,1,3.2562724014336917,3.531547065597281,-0.2752746641635895,,0.0
leave_one_stimulus_out,losto_stimulus_18,50,1,2.2562724014336917,2.3347879236156794,-0.07851552218198776,,0.0
leave_one_stimulus_out,losto_stimulus_18,54,1,2.2562724014336917,2.3998340626771304,-0.14356166124343872,,0.0
leave_one_stimulus_out,losto_stimulus_18,55,1,3.2562724014336917,3.5581946929509494,-0.3019222915172577,,0.0
leave_one_stimulus_out,losto_stimulus_18,57,1,3.7437275985663083,3.028613243479028,0.7151143550872803,,1.0
leave_one_stimulus_out,losto_stimulus_18,58,1,3.2562724014336917,3.6313126047665927,-0.375040203332901,,0.0
leave_one_stimulus_out,losto_stimulus_18,59,1,3.7437275985663083,3.4352100531046537,0.30851754546165466,,1.0
leave_one_stimulus_out,losto_stimulus_18,60,1,2.2562724014336917,2.9171289464051577,-0.6608565449714661,,0.0
leave_one_stimulus_out,losto_stimulus_18,61,1,3.2562724014336917,3.5302412768418643,-0.2739688754081726,,0.0
leave_one_stimulus_out,losto_stimulus_18,62,1,3.2562724014336917,3.8116413613374087,-0.555368959903717,,0.0
leave_one_stimulus_out,losto_stimulus_18,63,1,3.2562724014336917,3.563835348706946,-0.3075629472732544,,0.0
leave_one_stimulus_out,losto_stimulus_18,65,1,3.2562724014336917,3.268010739010081,-0.011738337576389313,,0.0
leave_one_stimulus_out,losto_stimulus_26,2,1,3.830346475507766,3.3067597254772485,0.5235867500305176,,1.0
leave_one_stimulus_out,losto_stimulus_26,5,1,3.830346475507766,3.8623979158361257,-0.032051440328359604,,0.0
leave_one_stimulus_out,losto_stimulus_26,6,1,3.830346475507766,3.537917803194076,0.2924286723136902,,1.0
leave_one_stimulus_out,losto_stimulus_26,10,1,2.830346475507766,2.568775157596618,0.26157131791114807,,1.0
leave_one_stimulus_out,losto_stimulus_26,11,1,2.830346475507766,2.8212650335986913,0.009081441909074783,,1.0
leave_one_stimulus_out,losto_stimulus_26,17,1,3.830346475507766,3.7422071352262796,0.08813934028148651,,1.0
leave_one_stimulus_out,losto_stimulus_26,18,1,3.830346475507766,3.7128915518184007,0.11745492368936539,,1.0
leave_one_stimulus_out,losto_stimulus_26,20,1,2.830346475507766,2.4679095849056543,0.3624368906021118,,1.0
leave_one_stimulus_out,losto_stimulus_26,22,1,2.830346475507766,2.839407376166135,-0.009060900658369064,,0.0
leave_one_stimulus_out,losto_stimulus_26,24,1,3.830346475507766,4.101451496746093,-0.271105021238327,,0.0
leave_one_stimulus_out,losto_stimulus_26,25,1,3.830346475507766,3.4233289464969934,0.4070175290107727,,1.0
leave_one_stimulus_out,losto_stimulus_26,27,1,2.830346475507766,3.0318224087019265,-0.20147593319416046,,0.0
leave_one_stimulus_out,losto_stimulus_26,31,1,4.830346475507766,4.485304515029937,0.345041960477829,,1.0
leave_one_stimulus_out,losto_stimulus_26,32,1,3.830346475507766,4.045498932864219,-0.21515245735645294,,0.0
leave_one_stimulus_out,losto_stimulus_26,36,1,3.830346475507766,4.0678657397289575,-0.2375192642211914,,0.0
leave_one_stimulus_out,losto_stimulus_26,40,1,3.830346475507766,3.3986313745041192,0.43171510100364685,,1.0
leave_one_stimulus_out,losto_stimulus_26,42,1,3.830346475507766,3.9071175261993707,-0.07677105069160461,,0.0
leave_one_stimulus_out,losto_stimulus_26,43,1,4.830346475507766,4.570650736953765,0.25969573855400085,,1.0
leave_one_stimulus_out,losto_stimulus_26,50,1,4.830346475507766,4.637478943135291,0.19286753237247467,,1.0
leave_one_stimulus_out,losto_stimulus_26,52,1,2.830346475507766,2.9502430811186136,-0.11989660561084747,,0.0
leave_one_stimulus_out,losto_stimulus_26,54,1,2.830346475507766,2.466997484828979,0.36334899067878723,,1.0
leave_one_stimulus_out,losto_stimulus_26,56,1,2.830346475507766,2.5260165437717736,0.30432993173599243,,1.0
leave_one_stimulus_out,losto_stimulus_26,60,1,4.830346475507766,4.58547909107402,0.24486738443374634,,1.0
leave_one_stimulus_out,losto_stimulus_26,61,1,2.830346475507766,2.459565649892837,0.3707808256149292,,1.0
leave_one_stimulus_out,losto_stimulus_26,62,1,3.830346475507766,3.6601425960321725,0.17020387947559357,,1.0
leave_one_stimulus_out,losto_stimulus_26,63,1,4.830346475507766,5.128422091867477,-0.2980756163597107,,0.0
leave_one_stimulus_out,losto_stimulus_26,65,1,2.830346475507766,3.0413605525751413,-0.21101407706737518,,0.0
leave_one_stimulus_out,losto_stimulus_1441,1,1,2.2861409796893666,2.3440826735019753,-0.05794169381260872,,0.0
leave_one_stimulus_out,losto_stimulus_1441,2,1,3.7138590203106334,3.2220875309288433,0.49177148938179016,,1.0
leave_one_stimulus_out,losto_stimulus_1441,6,1,3.7138590203106334,3.8317616046845844,-0.11790258437395096,,0.0
leave_one_stimulus_out,losto_stimulus_1441,7,1,2.2861409796893666,2.2929653315365384,-0.0068243518471717834,,0.0
leave_one_stimulus_out,losto_stimulus_1441,8,1,3.2861409796893666,3.189607107502229,0.0965338721871376,,1.0
leave_one_stimulus_out,losto_stimulus_1441,11,1,2.2861409796893666,2.6214618398368428,-0.3353208601474762,,0.0
leave_one_stimulus_out,losto_stimulus_1441,13,1,2.2861409796893666,2.5106511725604603,-0.22451019287109375,,0.0
leave_one_stimulus_out,losto_stimulus_1441,14,1,2.2861409796893666,2.555658639830358,-0.2695176601409912,,0.0
leave_one_stimulus_out,losto_stimulus_1441,15,1,3.2861409796893666,3.5751466764628956,-0.28900569677352905,,0.0
leave_one_stimulus_out,losto_stimulus_1441,16,1,2.2861409796893666,2.2570719061911175,0.029069073498249054,,1.0
leave_one_stimulus_out,losto_stimulus_1441,17,1,3.2861409796893666,3.46177798644901,-0.17563700675964355,,0.0
leave_one_stimulus_out,losto_stimulus_1441,18,1,3.2861409796893666,3.5847950591266224,-0.29865407943725586,,0.0
leave_one_stimulus_out,losto_stimulus_1441,20,1,2.7138590203106334,2.151051281529658,0.5628077387809753,,1.0
leave_one_stimulus_out,losto_stimulus_1441,21,1,2.2861409796893666,2.5846401764571736,-0.298499196767807,,0.0
leave_one_stimulus_out,losto_stimulus_1441,22,1,3.2861409796893666,3.334028293800361,-0.04788731411099434,,0.0
leave_one_stimulus_out,losto_stimulus_1441,25,1,2.2861409796893666,2.368821279567487,-0.08268029987812042,,0.0
leave_one_stimulus_out,losto_stimulus_1441,26,1,3.2861409796893666,2.9620982422053883,0.32404273748397827,,1.0
leave_one_stimulus_out,losto_stimulus_1441,28,1,2.2861409796893666,2.133849622172124,0.15229135751724243,,1.0
leave_one_stimulus_out,losto_stimulus_1441,30,1,2.2861409796893666,2.4801885052144597,-0.19404752552509308,,0.0
leave_one_stimulus_out,losto_stimulus_1441,31,1,3.2861409796893666,3.631937087935216,-0.3457961082458496,,0.0
leave_one_stimulus_out,losto_stimulus_1441,34,1,3.2861409796893666,3.5250594927489827,-0.2389185130596161,,0.0
leave_one_stimulus_out,losto_stimulus_1441,35,1,2.2861409796893666,2.503654689949758,-0.21751371026039124,,0.0
leave_one_stimulus_out,losto_stimulus_1441,36,1,2.2861409796893666,2.338739087295539,-0.05259810760617256,,0.0
leave_one_stimulus_out,losto_stimulus_1441,38,1,2.2861409796893666,2.5155533565700123,-0.22941237688064575,,0.0
leave_one_stimulus_out,losto_stimulus_1441,39,1,3.2861409796893666,3.469762207430608,-0.18362122774124146,,0.0
leave_one_stimulus_out,losto_stimulus_1441,40,1,3.2861409796893666,3.691415817898519,-0.4052748382091522,,0.0
leave_one_stimulus_out,losto_stimulus_1441,41,1,2.2861409796893666,2.0599579824626515,0.2261829972267151,,1.0
leave_one_stimulus_out,losto_stimulus_1441,42,1,2.7138590203106334,2.5795845077812602,0.13427451252937317,,1.0
leave_one_stimulus_out,losto_stimulus_1441,43,1,3.2861409796893666,3.897557915610082,-0.6114169359207153,,0.0
leave_one_stimulus_out,losto_stimulus_1441,44,1,2.2861409796893666,2.186320358377702,0.09982062131166458,,1.0
leave_one_stimulus_out,losto_stimulus_1441,45,1,2.2861409796893666,2.332491205495603,-0.04635022580623627,,0.0
leave_one_stimulus_out,losto_stimulus_1441,47,1,3.2861409796893666,3.1322268559157918,0.15391412377357483,,1.0
leave_one_stimulus_out,losto_stimulus_1441,48,1,2.2861409796893666,2.258012899619348,0.02812808007001877,,1.0
leave_one_stimulus_out,losto_stimulus_1441,49,1,3.2861409796893666,3.5118951811015675,-0.22575420141220093,,0.0
leave_one_stimulus_out,losto_stimulus_1441,53,1,2.2861409796893666,2.3996342434108326,-0.11349326372146606,,0.0
leave_one_stimulus_out,losto_stimulus_1441,54,1,3.2861409796893666,3.5925854160010884,-0.3064444363117218,,0.0
leave_one_stimulus_out,losto_stimulus_1441,55,1,2.2861409796893666,2.03420350090862,0.25193747878074646,,1.0
leave_one_stimulus_out,losto_stimulus_1441,57,1,2.2861409796893666,2.6868965043246815,-0.40075552463531494,,0.0
leave_one_stimulus_out,losto_stimulus_1441,58,1,3.2861409796893666,2.9654976441085408,0.3206433355808258,,1.0
leave_one_stimulus_out,losto_stimulus_1441,59,1,2.2861409796893666,2.459738077086217,-0.17359709739685059,,0.0
leave_one_stimulus_out,losto_stimulus_1441,60,1,2.2861409796893666,2.2081862031042645,0.07795477658510208,,1.0
leave_one_stimulus_out,losto_stimulus_1441,61,1,3.2861409796893666,3.5391875817000935,-0.25304660201072693,,0.0
leave_one_stimulus_out,losto_stimulus_1441,62,1,3.2861409796893666,3.4454906894385884,-0.1593497097492218,,0.0
leave_one_stimulus_out,losto_stimulus_1441,63,1,3.2861409796893666,3.3849540366351674,-0.09881305694580078,,0.0
leave_one_stimulus_out,losto_stimulus_1441,65,1,3.2861409796893666,3.4097799448788235,-0.12363896518945694,,0.0
leave_one_stimulus_out,losto_stimulus_1750,5,1,2.2724014336917566,2.328069169327991,-0.05566773563623428,,0.0
leave_one_stimulus_out,losto_stimulus_1750,6,1,3.7275985663082434,3.8304442425515486,-0.1028456762433052,,0.0
leave_one_stimulus_out,losto_stimulus_1750,8,1,2.2724014336917566,2.3219482975754904,-0.04954686388373375,,0.0
leave_one_stimulus_out,losto_stimulus_1750,9,1,2.7275985663082434,2.6206670959737135,0.10693147033452988,,1.0
leave_one_stimulus_out,losto_stimulus_1750,10,1,2.2724014336917566,2.2195219958875345,0.05287943780422211,,1.0
leave_one_stimulus_out,losto_stimulus_1750,13,1,3.2724014336917566,3.2574099714610742,0.014991462230682373,,1.0
leave_one_stimulus_out,losto_stimulus_1750,16,1,2.2724014336917566,2.151071314022319,0.12133011966943741,,1.0
leave_one_stimulus_out,losto_stimulus_1750,18,1,3.2724014336917566,3.5298852438781427,-0.2574838101863861,,0.0
leave_one_stimulus_out,losto_stimulus_1750,22,1,2.2724014336917566,2.239141632125156,0.0332598015666008,,1.0
leave_one_stimulus_out,losto_stimulus_1750,23,1,2.2724014336917566,2.4115201647136377,-0.1391187310218811,,0.0
leave_one_stimulus_out,losto_stimulus_1750,25,1,3.2724014336917566,3.2513262147758173,0.02107521891593933,,1.0
leave_one_stimulus_out,losto_stimulus_1750,26,1,3.2724014336917566,3.104838114485519,0.1675633192062378,,1.0
leave_one_stimulus_out,losto_stimulus_1750,28,1,3.2724014336917566,3.3689772079441713,-0.0965757742524147,,0.0
leave_one_stimulus_out,losto_stimulus_1750,30,1,2.2724014336917566,2.194999221966045,0.07740221172571182,,1.0
leave_one_stimulus_out,losto_stimulus_1750,32,1,3.2724014336917566,3.1088585669849085,0.16354286670684814,,1.0
leave_one_stimulus_out,losto_stimulus_1750,34,1,2.2724014336917566,2.24824104110934,0.024160392582416534,,1.0
leave_one_stimulus_out,losto_stimulus_1750,40,1,3.7275985663082434,3.9346071367409063,-0.20700857043266296,,0.0
leave_one_stimulus_out,losto_stimulus_1750,42,1,2.7275985663082434,2.7985098620202375,-0.07091129571199417,,0.0
leave_one_stimulus_out,losto_stimulus_1750,43,1,3.2724014336917566,3.343147274360435,-0.07074584066867828,,0.0
leave_one_stimulus_out,losto_stimulus_1750,44,1,2.2724014336917566,2.2938856596801447,-0.02148422598838806,,0.0
leave_one_stimulus_out,losto_stimulus_1750,49,1,2.2724014336917566,2.2841685975644754,-0.011767163872718811,,0.0
leave_one_stimulus_out,losto_stimulus_1750,50,1,3.2724014336917566,2.8208826894614862,0.4515187442302704,,1.0
leave_one_stimulus_out,losto_stimulus_1750,53,1,3.2724014336917566,3.252764169380443,0.01963726431131363,,1.0
leave_one_stimulus_out,losto_stimulus_1750,54,1,2.2724014336917566,2.208085511133449,0.06431592255830765,,1.0
leave_one_stimulus_out,losto_stimulus_1750,55,1,3.2724014336917566,3.151621539399402,0.12077989429235458,,1.0
leave_one_stimulus_out,losto_stimulus_1750,57,1,3.2724014336917566,3.287907298908012,-0.015505865216255188,,0.0
leave_one_stimulus_out,losto_stimulus_1750,60,1,3.2724014336917566,3.1683927814219164,0.10400865226984024,,1.0
leave_one_stimulus_out,losto_stimulus_1750,61,1,3.2724014336917566,3.0753226096484827,0.19707882404327393,,1.0
leave_one_stimulus_out,losto_stimulus_1750,62,1,3.2724014336917566,3.5209646339271234,-0.24856320023536682,,0.0
leave_one_stimulus_out,losto_stimulus_1750,63,1,3.2724014336917566,3.2105775217268633,0.06182391196489334,,1.0
leave_one_stimulus_out,losto_stimulus_1750,64,1,2.2724014336917566,2.416176598772781,-0.14377516508102417,,0.0
leave_one_stimulus_out,losto_stimulus_1750,65,1,3.2724014336917566,3.273579705760257,-0.0011782720685005188,,0.0
leave_one_stimulus_out,losto_stimulus_2314,3,1,2.2616487455197136,2.044584394676284,0.21706435084342957,,1.0
leave_one_stimulus_out,losto_stimulus_2314,6,1,2.7383512544802864,2.915239183919831,-0.17688792943954468,,0.0
leave_one_stimulus_out,losto_stimulus_2314,8,1,3.2616487455197136,3.3264182296224396,-0.06476948410272598,,0.0
leave_one_stimulus_out,losto_stimulus_2314,9,1,2.7383512544802864,2.9243823278121193,-0.18603107333183289,,0.0
leave_one_stimulus_out,losto_stimulus_2314,13,1,3.2616487455197136,3.2412786570020478,0.020370088517665863,,1.0
leave_one_stimulus_out,losto_stimulus_2314,16,1,2.2616487455197136,2.127656609994964,0.13399213552474976,,1.0
leave_one_stimulus_out,losto_stimulus_2314,17,1,3.2616487455197136,3.1870487940140526,0.07459995150566101,,1.0
leave_one_stimulus_out,losto_stimulus_2314,18,1,2.7383512544802864,2.8500447932056625,-0.11169353872537613,,0.0
leave_one_stimulus_out,losto_stimulus_2314,22,1,3.2616487455197136,3.2198079463668625,0.041840799152851105,,1.0
leave_one_stimulus_out,losto_stimulus_2314,24,1,2.2616487455197136,1.9366891097851555,0.3249596357345581,,1.0
leave_one_stimulus_out,losto_stimulus_2314,25,1,2.2616487455197136,1.9370096635647576,0.32463908195495605,,1.0
leave_one_stimulus_out,losto_stimulus_2314,26,1,3.2616487455197136,3.1476725202627938,0.11397622525691986,,1.0
leave_one_stimulus_out,losto_stimulus_2314,32,1,2.2616487455197136,2.0546591591664116,0.206989586353302,,1.0
leave_one_stimulus_out,losto_stimulus_2314,34,1,2.2616487455197136,2.305830487293796,-0.044181741774082184,,0.0
leave_one_stimulus_out,losto_stimulus_2314,39,1,2.2616487455197136,2.359601401967601,-0.09795265644788742,,0.0
leave_one_stimulus_out,losto_stimulus_2314,40,1,3.2616487455197136,3.0551528942414086,0.20649585127830505,,1.0
leave_one_stimulus_out,losto_stimulus_2314,41,1,2.2616487455197136,2.3578861293025772,-0.09623738378286362,,0.0
leave_one_stimulus_out,losto_stimulus_2314,43,1,3.2616487455197136,3.477533580047683,-0.21588483452796936,,0.0
leave_one_stimulus_out,losto_stimulus_2314,44,1,2.2616487455197136,2.173747525794105,0.08790121972560883,,1.0
leave_one_stimulus_out,losto_stimulus_2314,49,1,2.2616487455197136,2.030415863973693,0.2312328815460205,,1.0
leave_one_stimulus_out,losto_stimulus_2314,52,1,2.7383512544802864,2.9238781619242866,-0.18552690744400024,,0.0
leave_one_stimulus_out,losto_stimulus_2314,53,1,2.2616487455197136,2.5227630448170464,-0.26111429929733276,,0.0
leave_one_stimulus_out,losto_stimulus_2314,55,1,3.2616487455197136,2.9084405910797875,0.35320815443992615,,1.0
leave_one_stimulus_out,losto_stimulus_2314,56,1,2.2616487455197136,2.1481274005599778,0.11352134495973587,,1.0
leave_one_stimulus_out,losto_stimulus_2314,58,1,2.2616487455197136,2.0960874271221916,0.16556131839752197,,1.0
leave_one_stimulus_out,losto_stimulus_2314,59,1,2.7383512544802864,2.7916716399959762,-0.05332038551568985,,0.0
leave_one_stimulus_out,losto_stimulus_2314,61,1,3.2616487455197136,3.099891604168014,0.16175714135169983,,1.0
leave_one_stimulus_out,losto_stimulus_2314,63,1,3.2616487455197136,3.1413686361738007,0.12028010934591293,,1.0
leave_one_stimulus_out,losto_stimulus_2314,65,1,3.2616487455197136,3.1892433252759735,0.07240542024374008,,1.0
leave_one_stimulus_out,losto_stimulus_2491,3,1,2.266427718040621,1.834776483413851,0.43165123462677,,1.0
leave_one_stimulus_out,losto_stimulus_2491,8,1,3.266427718040621,3.1156940683099386,0.15073364973068237,,1.0
leave_one_stimulus_out,losto_stimulus_2491,10,1,3.266427718040621,3.1417062803479787,0.12472143769264221,,1.0
leave_one_stimulus_out,losto_stimulus_2491,13,1,2.266427718040621,1.9807429238530752,0.2856847941875458,,1.0
leave_one_stimulus_out,losto_stimulus_2491,14,1,2.266427718040621,2.026623837587511,0.23980388045310974,,1.0
leave_one_stimulus_out,losto_stimulus_2491,15,1,3.266427718040621,3.2385635785135385,0.027864139527082443,,1.0
leave_one_stimulus_out,losto_stimulus_2491,16,1,3.266427718040621,3.049661435124552,0.21676628291606903,,1.0
leave_one_stimulus_out,losto_stimulus_2491,17,1,2.266427718040621,2.063553951618349,0.20287376642227173,,1.0
leave_one_stimulus_out,losto_stimulus_2491,22,1,2.266427718040621,2.1077730878564473,0.15865463018417358,,1.0
leave_one_stimulus_out,losto_stimulus_2491,24,1,3.266427718040621,3.013825349447405,0.25260236859321594,,1.0
leave_one_stimulus_out,losto_stimulus_2491,25,1,4.733572281959379,4.870774619343603,-0.13720233738422394,,0.0
leave_one_stimulus_out,losto_stimulus_2491,26,1,3.266427718040621,3.024605832931673,0.24182188510894775,,1.0
leave_one_stimulus_out,losto_stimulus_2491,28,1,3.266427718040621,3.0845892652246114,0.18183845281600952,,1.0
leave_one_stimulus_out,losto_stimulus_2491,32,1,3.266427718040621,3.156639702555811,0.10978801548480988,,1.0
leave_one_stimulus_out,losto_stimulus_2491,38,1,2.266427718040621,2.011968098518526,0.2544596195220947,,1.0
leave_one_stimulus_out,losto_stimulus_2491,40,1,2.733572281959379,3.0119255260256175,-0.2783532440662384,,0.0
leave_one_stimulus_out,losto_stimulus_2491,41,1,3.266427718040621,3.063549853799021,0.20287786424160004,,1.0
leave_one_stimulus_out,losto_stimulus_2491,47,1,2.266427718040621,2.109463982221758,0.15696373581886292,,1.0
leave_one_stimulus_out,losto_stimulus_2491,49,1,2.266427718040621,2.01961401843754,0.24681369960308075,,1.0
leave_one_stimulus_out,losto_stimulus_2491,50,1,3.266427718040621,3.137485571143305,0.12894214689731598,,1.0
leave_one_stimulus_out,losto_stimulus_2491,55,1,3.266427718040621,2.9942098780843374,0.27221783995628357,,1.0
leave_one_stimulus_out,losto_stimulus_2491,56,1,2.266427718040621,2.1954644843312856,0.07096323370933533,,1.0
leave_one_stimulus_out,losto_stimulus_2491,58,1,2.266427718040621,2.213406514314091,0.053021203726530075,,1.0
leave_one_stimulus_out,losto_stimulus_2491,59,1,2.733572281959379,2.907267339589918,-0.17369505763053894,,0.0
leave_one_stimulus_out,losto_stimulus_2491,60,1,2.266427718040621,2.1978779956075307,0.06854972243309021,,1.0
leave_one_stimulus_out,losto_stimulus_2491,61,1,2.266427718040621,2.075579471823847,0.190848246216774,,1.0
leave_one_stimulus_out,losto_stimulus_2491,62,1,3.266427718040621,3.248179379788315,0.018248338252305984,,1.0
leave_one_stimulus_out,losto_stimulus_2491,63,1,3.266427718040621,3.049737684366381,0.2166900336742401,,1.0
leave_one_stimulus_out,losto_stimulus_2491,64,1,2.266427718040621,2.194527454611933,0.07190026342868805,,1.0
leave_one_stimulus_out,losto_stimulus_2491,65,1,3.266427718040621,3.1060737147304174,0.16035400331020355,,1.0
leave_one_stimulus_out,losto_stimulus_3053,2,1,4.857228195937873,5.110412514480354,-0.25318431854248047,,0.0
leave_one_stimulus_out,losto_stimulus_3053,5,1,3.857228195937873,3.867767556282283,-0.010539360344409943,,0.0
leave_one_stimulus_out,losto_stimulus_3053,6,1,4.857228195937873,4.906850560280086,-0.04962236434221268,,0.0
leave_one_stimulus_out,losto_stimulus_3053,10,1,3.857228195937873,3.9441320436918748,-0.08690384775400162,,0.0
leave_one_stimulus_out,losto_stimulus_3053,16,1,4.857228195937873,5.1307292940938485,-0.27350109815597534,,0.0
leave_one_stimulus_out,losto_stimulus_3053,17,1,2.857228195937873,3.019769555600883,-0.16254135966300964,,0.0
leave_one_stimulus_out,losto_stimulus_3053,18,1,4.857228195937873,4.95420603332162,-0.0969778373837471,,0.0
leave_one_stimulus_out,losto_stimulus_3053,19,1,2.857228195937873,3.0644344153726113,-0.20720621943473816,,0.0
leave_one_stimulus_out,losto_stimulus_3053,20,1,3.857228195937873,3.9340710851275933,-0.07684288918972015,,0.0
leave_one_stimulus_out,losto_stimulus_3053,21,1,4.857228195937873,5.123167729648353,-0.26593953371047974,,0.0
leave_one_stimulus_out,losto_stimulus_3053,22,1,4.857228195937873,4.911889417740108,-0.05466122180223465,,0.0
leave_one_stimulus_out,losto_stimulus_3053,23,1,3.857228195937873,3.9849089148366463,-0.1276807188987732,,0.0
leave_one_stimulus_out,losto_stimulus_3053,24,1,4.857228195937873,4.905550761791469,-0.048322565853595734,,0.0
leave_one_stimulus_out,losto_stimulus_3053,25,1,3.857228195937873,3.9264363038265717,-0.06920810788869858,,0.0
leave_one_stimulus_out,losto_stimulus_3053,27,1,3.857228195937873,3.9645093816244614,-0.10728118568658829,,0.0
leave_one_stimulus_out,losto_stimulus_3053,28,1,2.857228195937873,2.948955072733165,-0.0917268767952919,,0.0
leave_one_stimulus_out,losto_stimulus_3053,30,1,3.857228195937873,3.9951416316354287,-0.13791343569755554,,0.0
leave_one_stimulus_out,losto_stimulus_3053,31,1,4.857228195937873,4.967704764279128,-0.11047656834125519,,0.0
leave_one_stimulus_out,losto_stimulus_3053,32,1,2.857228195937873,2.917091726037265,-0.05986353009939194,,0.0
leave_one_stimulus_out,losto_stimulus_3053,35,1,2.857228195937873,2.9385535406792176,-0.08132534474134445,,0.0
leave_one_stimulus_out,losto_stimulus_3053,36,1,2.857228195937873,2.858839361640216,-0.001611165702342987,,0.0
leave_one_stimulus_out,losto_stimulus_3053,38,1,2.857228195937873,2.9229650485241425,-0.06573685258626938,,0.0
leave_one_stimulus_out,losto_stimulus_3053,39,1,4.857228195937873,4.990134677561523,-0.1329064816236496,,0.0
leave_one_stimulus_out,losto_stimulus_3053,40,1,4.857228195937873,4.944132997366191,-0.08690480142831802,,0.0
leave_one_stimulus_out,losto_stimulus_3053,42,1,4.857228195937873,5.097213751348258,-0.23998555541038513,,0.0
leave_one_stimulus_out,losto_stimulus_3053,43,1,3.857228195937873,3.8951160895550263,-0.03788789361715317,,0.0
leave_one_stimulus_out,losto_stimulus_3053,44,1,2.857228195937873,2.9570083754980576,-0.09978017956018448,,0.0
leave_one_stimulus_out,losto_stimulus_3053,47,1,3.857228195937873,3.900465651127101,-0.04323745518922806,,0.0
leave_one_stimulus_out,losto_stimulus_3053,48,1,2.857228195937873,3.074361509355308,-0.2171333134174347,,0.0
leave_one_stimulus_out,losto_stimulus_3053,50,1,3.857228195937873,4.078482812913657,-0.2212546169757843,,0.0
leave_one_stimulus_out,losto_stimulus_3053,53,1,2.857228195937873,3.0844201209867013,-0.22719192504882812,,0.0
leave_one_stimulus_out,losto_stimulus_3053,54,1,2.857228195937873,2.972838542135955,-0.11561034619808197,,0.0
leave_one_stimulus_out,losto_stimulus_3053,56,1,4.857228195937873,5.058904385837318,-0.20167618989944458,,0.0
leave_one_stimulus_out,losto_stimulus_3053,58,1,3.857228195937873,3.9298561650240433,-0.0726279690861702,,0.0
leave_one_stimulus_out,losto_stimulus_3053,59,1,2.857228195937873,3.080054319175483,-0.22282612323760986,,0.0
leave_one_stimulus_out,losto_stimulus_3053,60,1,4.857228195937873,5.015484518083335,-0.15825632214546204,,0.0
leave_one_stimulus_out,losto_stimulus_3053,61,1,4.857228195937873,5.110640204223396,-0.25341200828552246,,0.0
leave_one_stimulus_out,losto_stimulus_3053,62,1,3.857228195937873,3.906093838336469,-0.04886564239859581,,0.0
leave_one_stimulus_out,losto_stimulus_3053,63,1,2.857228195937873,3.0914254250848305,-0.2341972291469574,,0.0
leave_one_stimulus_out,losto_stimulus_3053,64,1,3.857228195937873,3.9993949296796334,-0.14216673374176025,,0.0
leave_one_stimulus_out,losto_stimulus_3053,65,1,4.857228195937873,5.005903339656593,-0.14867514371871948,,0.0
leave_one_stimulus_out,losto_stimulus_3063,1,1,3.8590203106332135,4.340923267595799,-0.48190295696258545,,0.0
leave_one_stimulus_out,losto_stimulus_3063,2,1,4.8590203106332135,4.177494364969761,0.6815259456634521,,1.0
leave_one_stimulus_out,losto_stimulus_3063,5,1,2.8590203106332135,2.2098991453576398,0.6491211652755737,,1.0
leave_one_stimulus_out,losto_stimulus_3063,6,1,4.8590203106332135,4.476804870359929,0.3822154402732849,,1.0
leave_one_stimulus_out,losto_stimulus_3063,10,1,4.8590203106332135,4.963873098783524,-0.10485278815031052,,0.0
leave_one_stimulus_out,losto_stimulus_3063,12,1,2.8590203106332135,2.9076324060488057,-0.048612095415592194,,0.0
leave_one_stimulus_out,losto_stimulus_3063,16,1,3.8590203106332135,3.651415276520283,0.2076050341129303,,1.0
leave_one_stimulus_out,losto_stimulus_3063,17,1,3.8590203106332135,3.170758086435826,0.6882622241973877,,1.0
leave_one_stimulus_out,losto_stimulus_3063,18,1,3.8590203106332135,3.424429136507542,0.4345911741256714,,1.0
leave_one_stimulus_out,losto_stimulus_3063,19,1,2.8590203106332135,2.391590613119633,0.4674296975135803,,1.0
leave_one_stimulus_out,losto_stimulus_3063,20,1,4.8590203106332135,3.89263828396085,0.9663820266723633,,1.0
leave_one_stimulus_out,losto_stimulus_3063,21,1,4.8590203106332135,4.584426271908314,0.2745940387248993,,1.0
leave_one_stimulus_out,losto_stimulus_3063,22,1,3.8590203106332135,3.584254759542973,0.2747655510902405,,1.0
leave_one_stimulus_out,losto_stimulus_3063,23,1,3.8590203106332135,3.9540811434316945,-0.09506083279848099,,0.0
leave_one_stimulus_out,losto_stimulus_3063,24,1,3.8590203106332135,3.4975435316491437,0.3614767789840698,,1.0
leave_one_stimulus_out,losto_stimulus_3063,25,1,4.8590203106332135,4.493727344267399,0.3652929663658142,,1.0
leave_one_stimulus_out,losto_stimulus_3063,27,1,3.8590203106332135,3.7120498895573926,0.14697042107582092,,1.0
leave_one_stimulus_out,losto_stimulus_3063,28,1,2.8590203106332135,3.6218358457017255,-0.762815535068512,,0.0
leave_one_stimulus_out,losto_stimulus_3063,29,1,2.8590203106332135,3.1302191197800946,-0.2711988091468811,,0.0
leave_one_stimulus_out,losto_stimulus_3063,30,1,2.8590203106332135,3.7818032085824322,-0.9227828979492188,,0.0
leave_one_stimulus_out,losto_stimulus_3063,31,1,4.8590203106332135,4.696787300698788,0.16223300993442535,,1.0
leave_one_stimulus_out,losto_stimulus_3063,32,1,3.8590203106332135,3.8736733302402806,-0.014653019607067108,,0.0
leave_one_stimulus_out,losto_stimulus_3063,34,1,4.8590203106332135,5.397743242971928,-0.5387229323387146,,0.0
leave_one_stimulus_out,losto_stimulus_3063,36,1,3.8590203106332135,3.54722772835973,0.3117925822734833,,1.0
leave_one_stimulus_out,losto_stimulus_3063,39,1,4.8590203106332135,4.917244772605927,-0.05822446197271347,,0.0
leave_one_stimulus_out,losto_stimulus_3063,40,1,4.8590203106332135,5.21637936233762,-0.35735905170440674,,0.0
leave_one_stimulus_out,losto_stimulus_3063,42,1,4.8590203106332135,5.26140870451215,-0.40238839387893677,,0.0
leave_one_stimulus_out,losto_stimulus_3063,43,1,4.8590203106332135,4.282908457510502,0.5761118531227112,,1.0
leave_one_stimulus_out,losto_stimulus_3063,47,1,2.8590203106332135,3.8746490061211896,-1.015628695487976,,0.0
leave_one_stimulus_out,losto_stimulus_3063,48,1,2.8590203106332135,3.223009127371342,-0.36398881673812866,,0.0
leave_one_stimulus_out,losto_stimulus_3063,50,1,3.8590203106332135,3.306015688173802,0.5530046224594116,,1.0
leave_one_stimulus_out,losto_stimulus_3063,52,1,2.8590203106332135,2.349595028154881,0.5094252824783325,,1.0
leave_one_stimulus_out,losto_stimulus_3063,56,1,3.8590203106332135,3.8620652660656285,-0.0030449554324150085,,0.0
leave_one_stimulus_out,losto_stimulus_3063,58,1,2.8590203106332135,2.9578049734163594,-0.0987846627831459,,0.0
leave_one_stimulus_out,losto_stimulus_3063,59,1,3.8590203106332135,3.657027500860722,0.20199280977249146,,1.0
leave_one_stimulus_out,losto_stimulus_3063,60,1,4.8590203106332135,5.5561556398797345,-0.697135329246521,,0.0
leave_one_stimulus_out,losto_stimulus_3063,61,1,4.8590203106332135,4.526279139511616,0.3327411711215973,,1.0
leave_one_stimulus_out,losto_stimulus_3063,62,1,3.8590203106332135,3.346868830912144,0.5121514797210693,,1.0
leave_one_stimulus_out,losto_stimulus_3063,63,1,4.8590203106332135,4.901081825785668,-0.042061515152454376,,0.0
leave_one_stimulus_out,losto_stimulus_3063,64,1,4.8590203106332135,4.452393728487523,0.4066265821456909,,1.0
leave_one_stimulus_out,losto_stimulus_3063,65,1,4.8590203106332135,5.528872209780247,-0.6698518991470337,,0.0
leave_one_stimulus_out,losto_stimulus_3080,1,1,3.8506571087216246,3.8888678956006872,-0.03821078687906265,,0.0
leave_one_stimulus_out,losto_stimulus_3080,2,1,4.850657108721625,4.891625474688898,-0.04096836596727371,,0.0
leave_one_stimulus_out,losto_stimulus_3080,5,1,2.8506571087216246,2.828505483937751,0.022151624783873558,,1.0
leave_one_stimulus_out,losto_stimulus_3080,6,1,3.8506571087216246,3.8568069166665184,-0.006149807944893837,,0.0
leave_one_stimulus_out,losto_stimulus_3080,10,1,3.8506571087216246,4.216786298451315,-0.36612918972969055,,0.0
leave_one_stimulus_out,losto_stimulus_3080,12,1,2.8506571087216246,2.8336696005587685,0.016987508162856102,,1.0
leave_one_stimulus_out,losto_stimulus_3080,16,1,2.8506571087216246,3.1387297245835173,-0.2880726158618927,,0.0
leave_one_stimulus_out,losto_stimulus_3080,17,1,3.8506571087216246,4.074980336723219,-0.22432322800159454,,0.0
leave_one_stimulus_out,losto_stimulus_3080,18,1,4.850657108721625,4.851336253357421,-0.0006791446357965469,,0.0
leave_one_stimulus_out,losto_stimulus_3080,19,1,2.8506571087216246,2.9629705581044066,-0.11231344938278198,,0.0
leave_one_stimulus_out,losto_stimulus_3080,20,1,2.8506571087216246,2.7077731075857985,0.1428840011358261,,1.0
leave_one_stimulus_out,losto_stimulus_3080,21,1,4.850657108721625,5.363042715487372,-0.5123856067657471,,0.0
leave_one_stimulus_out,losto_stimulus_3080,22,1,3.8506571087216246,4.179334971604239,-0.32867786288261414,,0.0
leave_one_stimulus_out,losto_stimulus_3080,23,1,2.8506571087216246,2.979160654840361,-0.12850354611873627,,0.0
leave_one_stimulus_out,losto_stimulus_3080,24,1,4.850657108721625,4.913762617406737,-0.063105508685112,,0.0
leave_one_stimulus_out,losto_stimulus_3080,26,1,2.8506571087216246,2.8948501306747305,-0.044193021953105927,,0.0
leave_one_stimulus_out,losto_stimulus_3080,28,1,3.8506571087216246,3.987547385988127,-0.13689027726650238,,0.0
leave_one_stimulus_out,losto_stimulus_3080,30,1,3.8506571087216246,4.252058628497015,-0.4014015197753906,,0.0
leave_one_stimulus_out,losto_stimulus_3080,31,1,4.850657108721625,5.089829269347082,-0.23917216062545776,,0.0
leave_one_stimulus_out,losto_stimulus_3080,32,1,2.8506571087216246,2.8213877803807366,0.029269328340888023,,1.0
leave_one_stimulus_out,losto_stimulus_3080,34,1,2.8506571087216246,2.7591860252593863,0.09147108346223831,,1.0
leave_one_stimulus_out,losto_stimulus_3080,36,1,4.850657108721625,5.119427356419455,-0.2687702476978302,,0.0
leave_one_stimulus_out,losto_stimulus_3080,38,1,2.8506571087216246,3.0048332992171156,-0.15417619049549103,,0.0
leave_one_stimulus_out,losto_stimulus_3080,39,1,4.850657108721625,5.3018190595482695,-0.4511619508266449,,0.0
leave_one_stimulus_out,losto_stimulus_3080,40,1,4.850657108721625,4.813095848557841,0.03756126016378403,,1.0
leave_one_stimulus_out,losto_stimulus_3080,42,1,3.8506571087216246,4.163522038159262,-0.31286492943763733,,0.0
leave_one_stimulus_out,losto_stimulus_3080,43,1,3.8506571087216246,3.8786861500864136,-0.02802904136478901,,0.0
leave_one_stimulus_out,losto_stimulus_3080,44,1,2.8506571087216246,2.895799453852068,-0.04514234513044357,,0.0
leave_one_stimulus_out,losto_stimulus_3080,47,1,2.8506571087216246,3.2004059883927214,-0.3497488796710968,,0.0
leave_one_stimulus_out,losto_stimulus_3080,50,1,2.8506571087216246,2.912227559385191,-0.06157045066356659,,0.0
leave_one_stimulus_out,losto_stimulus_3080,53,1,2.8506571087216246,2.8660800061349976,-0.015422897413372993,,0.0
leave_one_stimulus_out,losto_stimulus_3080,56,1,4.850657108721625,5.065563816127669,-0.214906707406044,,0.0
leave_one_stimulus_out,losto_stimulus_3080,57,1,2.8506571087216246,2.5616956087921965,0.2889614999294281,,1.0
leave_one_stimulus_out,losto_stimulus_3080,58,1,2.8506571087216246,3.088831621703993,-0.23817451298236847,,0.0
leave_one_stimulus_out,losto_stimulus_3080,59,1,2.8506571087216246,2.580605927405249,0.27005118131637573,,1.0
leave_one_stimulus_out,losto_stimulus_3080,60,1,4.850657108721625,5.185518148836981,-0.33486104011535645,,0.0
leave_one_stimulus_out,losto_stimulus_3080,61,1,4.850657108721625,5.073091018495451,-0.2224339097738266,,0.0
leave_one_stimulus_out,losto_stimulus_3080,62,1,3.8506571087216246,3.9465241688464987,-0.09586706012487411,,0.0
leave_one_stimulus_out,losto_stimulus_3080,63,1,4.850657108721625,5.180909636912237,-0.3302525281906128,,0.0
leave_one_stimulus_out,losto_stimulus_3080,64,1,2.8506571087216246,2.8612899906163323,-0.01063288189470768,,0.0
leave_one_stimulus_out,losto_stimulus_3080,65,1,3.8506571087216246,4.250876102146994,-0.40021899342536926,,0.0
leave_one_stimulus_out,losto_stimulus_3170,1,1,3.8458781362007173,3.8994887255559476,-0.05361058935523033,,0.0
leave_one_stimulus_out,losto_stimulus_3170,2,1,4.845878136200717,4.667138052029422,0.17874008417129517,,1.0
leave_one_stimulus_out,losto_stimulus_3170,6,1,4.845878136200717,5.148291719002536,-0.30241358280181885,,0.0
leave_one_stimulus_out,losto_stimulus_3170,12,1,2.8458781362007173,2.6459567368457826,0.1999213993549347,,1.0
leave_one_stimulus_out,losto_stimulus_3170,16,1,2.8458781362007173,2.9174353078434976,-0.0715571716427803,,0.0
leave_one_stimulus_out,losto_stimulus_3170,17,1,3.8458781362007173,3.596096363706401,0.2497817724943161,,1.0
leave_one_stimulus_out,losto_stimulus_3170,18,1,2.8458781362007173,2.8686852761040242,-0.02280713990330696,,0.0
leave_one_stimulus_out,losto_stimulus_3170,19,1,2.8458781362007173,3.141688060803226,-0.29580992460250854,,0.0
leave_one_stimulus_out,losto_stimulus_3170,20,1,3.8458781362007173,3.8369830267931135,0.00889510940760374,,1.0
leave_one_stimulus_out,losto_stimulus_3170,21,1,4.845878136200717,5.3220994294117006,-0.4762212932109833,,0.0
leave_one_stimulus_out,losto_stimulus_3170,22,1,4.845878136200717,4.718310979051402,0.12756715714931488,,1.0
leave_one_stimulus_out,losto_stimulus_3170,23,1,4.845878136200717,4.901730169398597,-0.05585203319787979,,0.0
leave_one_stimulus_out,losto_stimulus_3170,24,1,3.8458781362007173,3.893316355390361,-0.04743821918964386,,0.0
leave_one_stimulus_out,losto_stimulus_3170,25,1,2.8458781362007173,3.007898238344005,-0.16202010214328766,,0.0
leave_one_stimulus_out,losto_stimulus_3170,27,1,2.8458781362007173,2.8320154006088885,0.013862735591828823,,1.0
leave_one_stimulus_out,losto_stimulus_3170,28,1,2.8458781362007173,2.997137841625026,-0.15125970542430878,,0.0
leave_one_stimulus_out,losto_stimulus_3170,31,1,2.8458781362007173,2.7721926391552003,0.07368549704551697,,1.0
leave_one_stimulus_out,losto_stimulus_3170,32,1,2.8458781362007173,3.3923874617050203,-0.546509325504303,,0.0
leave_one_stimulus_out,losto_stimulus_3170,34,1,4.845878136200717,4.4528684735725435,0.39300966262817383,,1.0
leave_one_stimulus_out,losto_stimulus_3170,39,1,4.845878136200717,5.0036670238206895,-0.15778888761997223,,0.0
leave_one_stimulus_out,losto_stimulus_3170,40,1,4.845878136200717,5.282586526913455,-0.43670839071273804,,0.0
leave_one_stimulus_out,losto_stimulus_3170,42,1,4.845878136200717,4.662311297697833,0.1835668385028839,,1.0
leave_one_stimulus_out,losto_stimulus_3170,43,1,3.8458781362007173,3.708023664398006,0.1378544718027115,,1.0
leave_one_stimulus_out,losto_stimulus_3170,44,1,3.8458781362007173,4.055678975624851,-0.2098008394241333,,0.0
leave_one_stimulus_out,losto_stimulus_3170,47,1,4.845878136200717,4.874976620865873,-0.02909848466515541,,0.0
leave_one_stimulus_out,losto_stimulus_3170,50,1,4.845878136200717,4.7199884772728,0.12588965892791748,,1.0
leave_one_stimulus_out,losto_stimulus_3170,52,1,3.8458781362007173,3.957178746206573,-0.11130061000585556,,0.0
leave_one_stimulus_out,losto_stimulus_3170,53,1,2.8458781362007173,2.6951190203855546,0.15075911581516266,,1.0
leave_one_stimulus_out,losto_stimulus_3170,56,1,3.8458781362007173,4.079602536601833,-0.23372440040111542,,0.0
leave_one_stimulus_out,losto_stimulus_3170,59,1,3.8458781362007173,3.6071183652112992,0.23875977098941803,,1.0
leave_one_stimulus_out,losto_stimulus_3170,60,1,3.8458781362007173,4.213178646607211,-0.36730051040649414,,0.0
leave_one_stimulus_out,losto_stimulus_3170,61,1,3.8458781362007173,3.926779758972934,-0.0809016227722168,,0.0
leave_one_stimulus_out,losto_stimulus_3170,62,1,3.8458781362007173,4.303316932959369,-0.45743879675865173,,0.0
leave_one_stimulus_out,losto_stimulus_3170,64,1,3.8458781362007173,3.5732445836494477,0.27263355255126953,,1.0
leave_one_stimulus_out,losto_stimulus_3170,65,1,3.8458781362007173,3.9905138135383638,-0.14463567733764648,,0.0
leave_one_stimulus_out,losto_stimulus_4220,2,1,3.77479091995221,4.049130476646241,-0.27433955669403076,,0.0
leave_one_stimulus_out,losto_stimulus_4220,5,1,2.77479091995221,3.031852729253586,-0.25706180930137634,,0.0
leave_one_stimulus_out,losto_stimulus_4220,6,1,2.77479091995221,2.978502161435898,-0.20371124148368835,,0.0
leave_one_stimulus_out,losto_stimulus_4220,13,1,2.22520908004779,2.0295261669828335,0.19568291306495667,,1.0
leave_one_stimulus_out,losto_stimulus_4220,18,1,2.22520908004779,2.0685979653074185,0.1566111147403717,,1.0
leave_one_stimulus_out,losto_stimulus_4220,19,1,3.77479091995221,4.013850815229233,-0.23905989527702332,,0.0
leave_one_stimulus_out,losto_stimulus_4220,20,1,2.77479091995221,2.934422917299088,-0.15963199734687805,,0.0
leave_one_stimulus_out,losto_stimulus_4220,22,1,2.77479091995221,2.9625975262449344,-0.1878066062927246,,0.0
leave_one_stimulus_out,losto_stimulus_4220,23,1,2.77479091995221,3.0533754002378544,-0.27858448028564453,,0.0
leave_one_stimulus_out,losto_stimulus_4220,25,1,2.22520908004779,2.0438133258296887,0.1813957542181015,,1.0
leave_one_stimulus_out,losto_stimulus_4220,27,1,3.77479091995221,3.9726778786705097,-0.19788695871829987,,0.0
leave_one_stimulus_out,losto_stimulus_4220,28,1,2.22520908004779,2.0383219052030483,0.18688717484474182,,1.0
leave_one_stimulus_out,losto_stimulus_4220,31,1,3.22520908004779,3.0853276777936856,0.13988140225410461,,1.0
leave_one_stimulus_out,losto_stimulus_4220,37,1,2.77479091995221,3.017809025578316,-0.24301810562610626,,0.0
leave_one_stimulus_out,losto_stimulus_4220,39,1,3.22520908004779,2.9950595278217236,0.2301495522260666,,1.0
leave_one_stimulus_out,losto_stimulus_4220,40,1,3.22520908004779,2.988175265855972,0.23703381419181824,,1.0
leave_one_stimulus_out,losto_stimulus_4220,41,1,3.22520908004779,2.9292582500650326,0.29595082998275757,,1.0
leave_one_stimulus_out,losto_stimulus_4220,42,1,3.77479091995221,4.095582045249756,-0.3207911252975464,,0.0
leave_one_stimulus_out,losto_stimulus_4220,43,1,3.22520908004779,2.9708424139692227,0.2543666660785675,,1.0
leave_one_stimulus_out,losto_stimulus_4220,44,1,3.22520908004779,2.902612977094833,0.32259610295295715,,1.0
leave_one_stimulus_out,losto_stimulus_4220,47,1,3.22520908004779,2.9358321655466,0.2893769145011902,,1.0
leave_one_stimulus_out,losto_stimulus_4220,48,1,2.77479091995221,2.9107174646185,-0.13592654466629028,,0.0
leave_one_stimulus_out,losto_stimulus_4220,49,1,3.22520908004779,2.9969000447465817,0.2283090353012085,,1.0
leave_one_stimulus_out,losto_stimulus_4220,54,1,2.77479091995221,3.138814754419144,-0.3640238344669342,,0.0
leave_one_stimulus_out,losto_stimulus_4220,55,1,3.22520908004779,2.876901649303619,0.34830743074417114,,1.0
leave_one_stimulus_out,losto_stimulus_4220,56,1,2.77479091995221,3.0161448191927036,-0.24135389924049377,,0.0
leave_one_stimulus_out,losto_stimulus_4220,58,1,3.22520908004779,3.0543831366969982,0.17082594335079193,,1.0
leave_one_stimulus_out,losto_stimulus_4220,63,1,3.22520908004779,3.033952884741012,0.19125619530677795,,1.0
leave_one_stimulus_out,losto_stimulus_4220,65,1,3.22520908004779,3.1204582381917874,0.10475084185600281,,1.0
leave_one_stimulus_out,losto_stimulus_5760,1,1,2.2915173237753885,2.811377829833128,-0.5198605060577393,,0.0
leave_one_stimulus_out,losto_stimulus_5760,2,1,2.7084826762246115,2.1477287942933065,0.5607538819313049,,1.0
leave_one_stimulus_out,losto_stimulus_5760,3,1,3.2915173237753885,2.202426261229612,1.0890910625457764,,1.0
leave_one_stimulus_out,losto_stimulus_5760,5,1,2.2915173237753885,3.0532026951743143,-0.7616853713989258,,0.0
leave_one_stimulus_out,losto_stimulus_5760,6,1,3.7084826762246115,2.955023937897585,0.7534587383270264,,1.0
leave_one_stimulus_out,losto_stimulus_5760,7,1,2.2915173237753885,2.88504404477606,-0.5935267210006714,,0.0
leave_one_stimulus_out,losto_stimulus_5760,8,1,3.2915173237753885,2.6546436016989725,0.636873722076416,,1.0
leave_one_stimulus_out,losto_stimulus_5760,9,1,3.2915173237753885,3.835296637339689,-0.5437793135643005,,0.0
leave_one_stimulus_out,losto_stimulus_5760,14,1,3.2915173237753885,2.9129029577208536,0.3786143660545349,,1.0
leave_one_stimulus_out,losto_stimulus_5760,15,1,2.2915173237753885,3.041503972334959,-0.7499866485595703,,0.0
leave_one_stimulus_out,losto_stimulus_5760,16,1,3.2915173237753885,4.096390432639219,-0.8048731088638306,,0.0
leave_one_stimulus_out,losto_stimulus_5760,18,1,3.2915173237753885,4.232542223258116,-0.941024899482727,,0.0
leave_one_stimulus_out,losto_stimulus_5760,19,1,2.2915173237753885,2.975413209719755,-0.6838958859443665,,0.0
leave_one_stimulus_out,losto_stimulus_5760,22,1,3.2915173237753885,3.608098424000837,-0.3165811002254486,,0.0
leave_one_stimulus_out,losto_stimulus_5760,23,1,2.2915173237753885,3.1027953093482035,-0.8112779855728149,,0.0
leave_one_stimulus_out,losto_stimulus_5760,24,1,3.2915173237753885,3.8506980603171366,-0.559180736541748,,0.0
leave_one_stimulus_out,losto_stimulus_5760,25,1,3.2915173237753885,2.734849280638792,0.5566680431365967,,1.0
leave_one_stimulus_out,losto_stimulus_5760,26,1,2.2915173237753885,1.7212850516272562,0.5702322721481323,,1.0
leave_one_stimulus_out,losto_stimulus_5760,28,1,2.2915173237753885,2.1240857606364267,0.1674315631389618,,1.0
leave_one_stimulus_out,losto_stimulus_5760,29,1,3.2915173237753885,3.673835582060911,-0.38231825828552246,,0.0
leave_one_stimulus_out,losto_stimulus_5760,31,1,3.2915173237753885,4.139137572569944,-0.8476202487945557,,0.0
leave_one_stimulus_out,losto_stimulus_5760,34,1,3.2915173237753885,3.8311973874999063,-0.5396800637245178,,0.0
leave_one_stimulus_out,losto_stimulus_5760,35,1,2.7084826762246115,2.195712679104708,0.5127699971199036,,1.0
leave_one_stimulus_out,losto_stimulus_5760,36,1,3.2915173237753885,3.7986058657599466,-0.5070885419845581,,0.0
leave_one_stimulus_out,losto_stimulus_5760,37,1,2.2915173237753885,3.2041226690245646,-0.912605345249176,,0.0
leave_one_stimulus_out,losto_stimulus_5760,40,1,3.7084826762246115,3.093143337445162,0.6153393387794495,,1.0
leave_one_stimulus_out,losto_stimulus_5760,41,1,2.2915173237753885,2.2829825123382586,0.008534811437129974,,1.0
leave_one_stimulus_out,losto_stimulus_5760,43,1,3.2915173237753885,3.1361490999890345,0.15536822378635406,,1.0
leave_one_stimulus_out,losto_stimulus_5760,45,1,2.2915173237753885,2.7867347662879007,-0.4952174425125122,,0.0
leave_one_stimulus_out,losto_stimulus_5760,46,1,2.2915173237753885,3.0321691101027506,-0.7406517863273621,,0.0
leave_one_stimulus_out,losto_stimulus_5760,47,1,3.2915173237753885,3.6261550848914164,-0.33463776111602783,,0.0
leave_one_stimulus_out,losto_stimulus_5760,48,1,2.2915173237753885,3.176246411128141,-0.8847290873527527,,0.0
leave_one_stimulus_out,losto_stimulus_5760,49,1,2.2915173237753885,2.0978258465958612,0.19369147717952728,,1.0
leave_one_stimulus_out,losto_stimulus_5760,50,1,3.2915173237753885,3.1325768446160334,0.15894047915935516,,1.0
leave_one_stimulus_out,losto_stimulus_5760,53,1,2.2915173237753885,2.8920225565863626,-0.6005052328109741,,0.0
leave_one_stimulus_out,losto_stimulus_5760,54,1,3.2915173237753885,3.7697787945700663,-0.47826147079467773,,0.0
leave_one_stimulus_out,losto_stimulus_5760,55,1,2.2915173237753885,1.930145806593992,0.3613715171813965,,1.0
leave_one_stimulus_out,losto_stimulus_5760,56,1,2.2915173237753885,2.369829765482046,-0.07831244170665741,,0.0
leave_one_stimulus_out,losto_stimulus_5760,58,1,3.2915173237753885,3.35661164574156,-0.06509432196617126,,0.0
leave_one_stimulus_out,losto_stimulus_5760,60,1,3.2915173237753885,4.041324800772764,-0.7498074769973755,,0.0
leave_one_stimulus_out,losto_stimulus_5760,61,1,3.2915173237753885,3.5675256913138407,-0.27600836753845215,,0.0
leave_one_stimulus_out,losto_stimulus_5760,62,1,3.2915173237753885,2.1560744708014505,1.135442852973938,,1.0
leave_one_stimulus_out,losto_stimulus_5760,63,1,2.2915173237753885,2.3248489116860407,-0.03333158791065216,,0.0
leave_one_stimulus_out,losto_stimulus_5760,64,1,2.2915173237753885,3.170568055434324,-0.8790507316589355,,0.0
leave_one_stimulus_out,losto_stimulus_5760,65,1,3.2915173237753885,3.8659663861228006,-0.5744490623474121,,0.0
leave_one_stimulus_out,losto_stimulus_8080,1,1,3.7813620071684584,4.042175630835222,-0.2608136236667633,,0.0
leave_one_stimulus_out,losto_stimulus_8080,8,1,3.7813620071684584,4.080708752182649,-0.2993467450141907,,0.0
leave_one_stimulus_out,losto_stimulus_8080,9,1,4.781362007168458,4.890159974602388,-0.10879796743392944,,0.0
leave_one_stimulus_out,losto_stimulus_8080,10,1,2.2186379928315416,2.2679105747664705,-0.049272581934928894,,0.0
leave_one_stimulus_out,losto_stimulus_8080,13,1,3.2186379928315416,2.904811223241164,0.3138267695903778,,1.0
leave_one_stimulus_out,losto_stimulus_8080,16,1,3.2186379928315416,2.6946286458695665,0.5240093469619751,,1.0
leave_one_stimulus_out,losto_stimulus_8080,18,1,3.7813620071684584,3.4553595583712324,0.32600244879722595,,1.0
leave_one_stimulus_out,losto_stimulus_8080,22,1,3.2186379928315416,3.3225736368621126,-0.10393564403057098,,0.0
leave_one_stimulus_out,losto_stimulus_8080,24,1,2.7813620071684584,2.6579760562454924,0.123385950922966,,1.0
leave_one_stimulus_out,losto_stimulus_8080,25,1,2.2186379928315416,1.994559665414168,0.22407832741737366,,1.0
leave_one_stimulus_out,losto_stimulus_8080,29,1,2.7813620071684584,2.9004079501902327,-0.11904594302177429,,0.0
leave_one_stimulus_out,losto_stimulus_8080,31,1,4.781362007168458,5.005857432988809,-0.22449542582035065,,0.0
leave_one_stimulus_out,losto_stimulus_8080,32,1,2.7813620071684584,3.0330574016844496,-0.2516953945159912,,0.0
leave_one_stimulus_out,losto_stimulus_8080,33,1,2.2186379928315416,1.72266741582997,0.49597057700157166,,1.0
leave_one_stimulus_out,losto_stimulus_8080,36,1,3.7813620071684584,3.867345432547258,-0.08598342537879944,,0.0
leave_one_stimulus_out,losto_stimulus_8080,38,1,2.7813620071684584,2.6095426779066786,0.17181932926177979,,1.0
leave_one_stimulus_out,losto_stimulus_8080,40,1,3.7813620071684584,4.246700237301515,-0.46533823013305664,,0.0
leave_one_stimulus_out,losto_stimulus_8080,41,1,2.2186379928315416,2.017735113593413,0.20090287923812866,,1.0
leave_one_stimulus_out,losto_stimulus_8080,42,1,2.7813620071684584,2.999780501035379,-0.21841849386692047,,0.0
leave_one_stimulus_out,losto_stimulus_8080,44,1,3.2186379928315416,2.9988245714629427,0.21981342136859894,,1.0
leave_one_stimulus_out,losto_stimulus_8080,45,1,2.7813620071684584,2.965629423764871,-0.18426741659641266,,0.0
leave_one_stimulus_out,losto_stimulus_8080,46,1,2.7813620071684584,2.9041058521544203,-0.12274384498596191,,0.0
leave_one_stimulus_out,losto_stimulus_8080,47,1,2.2186379928315416,2.2440756980503336,-0.02543770521879196,,0.0
leave_one_stimulus_out,losto_stimulus_8080,48,1,3.7813620071684584,3.941915879753755,-0.16055387258529663,,0.0
leave_one_stimulus_out,losto_stimulus_8080,54,1,3.7813620071684584,4.394207845238374,-0.6128458380699158,,0.0
leave_one_stimulus_out,losto_stimulus_8080,55,1,2.2186379928315416,1.802427907677962,0.4162100851535797,,1.0
leave_one_stimulus_out,losto_stimulus_8080,58,1,2.2186379928315416,1.7519830364907518,0.4666549563407898,,1.0
leave_one_stimulus_out,losto_stimulus_8080,59,1,2.7813620071684584,2.9266836445605025,-0.14532163739204407,,0.0
leave_one_stimulus_out,losto_stimulus_8080,60,1,3.7813620071684584,3.7831304961874723,-0.0017684890190139413,,0.0
leave_one_stimulus_out,losto_stimulus_8080,61,1,3.2186379928315416,2.944047679396941,0.27459031343460083,,1.0
leave_one_stimulus_out,losto_stimulus_8080,62,1,2.2186379928315416,1.6218982834542528,0.5967397093772888,,1.0
leave_one_stimulus_out,losto_stimulus_8080,65,1,2.2186379928315416,2.398397703858687,-0.17975971102714539,,0.0
leave_one_stimulus_out,losto_stimulus_8370,1,1,3.8100358422939067,4.2256867762748485,-0.4156509339809418,,0.0
leave_one_stimulus_out,losto_stimulus_8370,2,1,3.8100358422939067,3.87147020065229,-0.06143435835838318,,0.0
leave_one_stimulus_out,losto_stimulus_8370,5,1,2.8100358422939067,2.2814148839656596,0.5286209583282471,,1.0
leave_one_stimulus_out,losto_stimulus_8370,8,1,3.8100358422939067,3.374342161053825,0.4356936812400818,,1.0
leave_one_stimulus_out,losto_stimulus_8370,9,1,3.8100358422939067,3.5894004281703715,0.22063541412353516,,1.0
leave_one_stimulus_out,losto_stimulus_8370,10,1,2.8100358422939067,2.5378963526431804,0.2721394896507263,,1.0
leave_one_stimulus_out,losto_stimulus_8370,11,1,2.8100358422939067,2.4678486164752726,0.34218722581863403,,1.0
leave_one_stimulus_out,losto_stimulus_8370,13,1,3.1899641577060933,3.584482920533013,-0.39451876282691956,,0.0
leave_one_stimulus_out,losto_stimulus_8370,15,1,3.8100358422939067,3.386968451375175,0.4230673909187317,,1.0
leave_one_stimulus_out,losto_stimulus_8370,16,1,2.8100358422939067,2.6117968883458857,0.19823895394802094,,1.0
leave_one_stimulus_out,losto_stimulus_8370,18,1,4.810035842293907,4.322647052640129,0.4873887896537781,,1.0
leave_one_stimulus_out,losto_stimulus_8370,19,1,2.8100358422939067,2.3341922935191874,0.47584354877471924,,1.0
leave_one_stimulus_out,losto_stimulus_8370,21,1,2.8100358422939067,2.357934850091148,0.4521009922027588,,1.0
leave_one_stimulus_out,losto_stimulus_8370,22,1,3.1899641577060933,3.410197195773911,-0.2202330380678177,,0.0
leave_one_stimulus_out,losto_stimulus_8370,23,1,2.8100358422939067,2.579453485840965,0.2305823564529419,,1.0
leave_one_stimulus_out,losto_stimulus_8370,25,1,3.8100358422939067,3.3158435400668864,0.49419230222702026,,1.0
leave_one_stimulus_out,losto_stimulus_8370,26,1,2.8100358422939067,3.495779293412376,-0.6857434511184692,,0.0
leave_one_stimulus_out,losto_stimulus_8370,27,1,2.8100358422939067,2.432978111142326,0.3770577311515808,,1.0
leave_one_stimulus_out,losto_stimulus_8370,28,1,3.1899641577060933,3.66922701633532,-0.4792628586292267,,0.0
leave_one_stimulus_out,losto_stimulus_8370,29,1,3.8100358422939067,3.9834182437602763,-0.17338240146636963,,0.0
leave_one_stimulus_out,losto_stimulus_8370,31,1,4.810035842293907,4.446061986321617,0.36397385597229004,,1.0
leave_one_stimulus_out,losto_stimulus_8370,36,1,3.8100358422939067,3.3521681603137736,0.45786768198013306,,1.0
leave_one_stimulus_out,losto_stimulus_8370,39,1,3.1899641577060933,3.11497500277121,0.07498915493488312,,1.0
leave_one_stimulus_out,losto_stimulus_8370,40,1,2.8100358422939067,2.413897114628959,0.3961387276649475,,1.0
leave_one_stimulus_out,losto_stimulus_8370,43,1,2.8100358422939067,2.267394441003013,0.5426414012908936,,1.0
leave_one_stimulus_out,losto_stimulus_8370,45,1,3.8100358422939067,3.4098703440372233,0.40016549825668335,,1.0
leave_one_stimulus_out,losto_stimulus_8370,52,1,2.8100358422939067,2.7392373409215693,0.07079850137233734,,1.0
leave_one_stimulus_out,losto_stimulus_8370,56,1,3.8100358422939067,3.3928750630561595,0.4171607792377472,,1.0
leave_one_stimulus_out,losto_stimulus_8370,57,1,3.8100358422939067,3.224703269833732,0.5853325724601746,,1.0
leave_one_stimulus_out,losto_stimulus_8370,59,1,3.8100358422939067,3.5211721237842326,0.2888637185096741,,1.0
leave_one_stimulus_out,losto_stimulus_8370,60,1,3.8100358422939067,3.8047726776544337,0.005263164639472961,,1.0
leave_one_stimulus_out,losto_stimulus_8370,62,1,2.8100358422939067,2.6119951333944087,0.19804070889949799,,1.0
leave_one_stimulus_out,losto_stimulus_8370,63,1,4.810035842293907,4.625060501331497,0.18497534096240997,,1.0
leave_one_stimulus_out,losto_stimulus_8492,1,1,2.8178016726403827,2.6518978957563037,0.16590377688407898,,1.0
leave_one_stimulus_out,losto_stimulus_8492,2,1,3.8178016726403827,4.052224252048075,-0.23442257940769196,,0.0
leave_one_stimulus_out,losto_stimulus_8492,6,1,2.8178016726403827,2.5086010281472797,0.309200644493103,,1.0
leave_one_stimulus_out,losto_stimulus_8492,8,1,3.8178016726403827,3.778910126212179,0.03889154642820358,,1.0
leave_one_stimulus_out,losto_stimulus_8492,9,1,4.817801672640383,5.616520184698641,-0.7987185120582581,,0.0
leave_one_stimulus_out,losto_stimulus_8492,10,1,3.8178016726403827,3.9265028868346805,-0.10870121419429779,,0.0
leave_one_stimulus_out,losto_stimulus_8492,11,1,4.817801672640383,4.436646777811586,0.3811548948287964,,1.0
leave_one_stimulus_out,losto_stimulus_8492,15,1,3.8178016726403827,3.5796627138286228,0.23813895881175995,,1.0
leave_one_stimulus_out,losto_stimulus_8492,18,1,4.817801672640383,4.596157733026087,0.22164393961429596,,1.0
leave_one_stimulus_out,losto_stimulus_8492,19,1,2.8178016726403827,2.3715306703477497,0.44627100229263306,,1.0
leave_one_stimulus_out,losto_stimulus_8492,20,1,2.8178016726403827,2.7722863961487407,0.045515276491642,,1.0
leave_one_stimulus_out,losto_stimulus_8492,23,1,2.8178016726403827,2.485071230354845,0.3327304422855377,,1.0
leave_one_stimulus_out,losto_stimulus_8492,25,1,4.817801672640383,4.62820671838814,0.18959495425224304,,1.0
leave_one_stimulus_out,losto_stimulus_8492,26,1,3.8178016726403827,4.488101798716127,-0.6703001260757446,,0.0
leave_one_stimulus_out,losto_stimulus_8492,28,1,2.8178016726403827,3.2815091792970295,-0.46370750665664673,,0.0
leave_one_stimulus_out,losto_stimulus_8492,31,1,4.817801672640383,4.799274731102526,0.018526941537857056,,1.0
leave_one_stimulus_out,losto_stimulus_8492,36,1,3.8178016726403827,4.091908950033724,-0.27410727739334106,,0.0
leave_one_stimulus_out,losto_stimulus_8492,42,1,2.8178016726403827,2.6941769827633495,0.12362468987703323,,1.0
leave_one_stimulus_out,losto_stimulus_8492,44,1,3.8178016726403827,3.718434419158041,0.09936725348234177,,1.0
leave_one_stimulus_out,losto_stimulus_8492,45,1,2.8178016726403827,2.353474814119875,0.4643268585205078,,1.0
leave_one_stimulus_out,losto_stimulus_8492,46,1,3.8178016726403827,3.449200231257021,0.3686014413833618,,1.0
leave_one_stimulus_out,losto_stimulus_8492,47,1,2.8178016726403827,3.082048255625307,-0.2642465829849243,,0.0
leave_one_stimulus_out,losto_stimulus_8492,48,1,2.8178016726403827,2.745538796904623,0.07226287573575974,,1.0
leave_one_stimulus_out,losto_stimulus_8492,50,1,2.8178016726403827,2.465852219286501,0.35194945335388184,,1.0
leave_one_stimulus_out,losto_stimulus_8492,54,1,3.8178016726403827,3.4158125702767963,0.4019891023635864,,1.0
leave_one_stimulus_out,losto_stimulus_8492,56,1,3.8178016726403827,3.8122172538667316,0.005584418773651123,,1.0
leave_one_stimulus_out,losto_stimulus_8492,57,1,3.8178016726403827,3.31601252001816,0.5017891526222229,,1.0
leave_one_stimulus_out,losto_stimulus_8492,59,1,3.8178016726403827,3.8665588234096164,-0.048757150769233704,,0.0
leave_one_stimulus_out,losto_stimulus_8492,60,1,4.817801672640383,5.347988504591524,-0.5301868319511414,,0.0
leave_one_stimulus_out,losto_stimulus_8492,62,1,4.817801672640383,4.899022850814402,-0.08122117817401886,,0.0
leave_one_stimulus_out,losto_stimulus_8492,63,1,2.8178016726403827,2.5504765097528095,0.26732516288757324,,1.0
leave_one_stimulus_out,losto_stimulus_9220,1,1,2.2377538829151735,2.081505522042905,0.15624836087226868,,1.0
leave_one_stimulus_out,losto_stimulus_9220,2,1,4.7622461170848265,4.80790919819435,-0.04566308110952377,,0.0
leave_one_stimulus_out,losto_stimulus_9220,6,1,3.7622461170848265,3.8763938323553457,-0.11414771527051926,,0.0
leave_one_stimulus_out,losto_stimulus_9220,7,1,2.2377538829151735,2.0858433841768846,0.15191049873828888,,1.0
leave_one_stimulus_out,losto_stimulus_9220,10,1,3.2377538829151735,3.108285993248616,0.1294678896665573,,1.0
leave_one_stimulus_out,losto_stimulus_9220,11,1,3.7622461170848265,3.9022467584308043,-0.14000064134597778,,0.0
leave_one_stimulus_out,losto_stimulus_9220,13,1,2.2377538829151735,2.108810320407544,0.1289435625076294,,1.0
leave_one_stimulus_out,losto_stimulus_9220,25,1,4.7622461170848265,4.830302901655044,-0.06805678457021713,,0.0
leave_one_stimulus_out,losto_stimulus_9220,26,1,3.2377538829151735,3.0787275581661806,0.15902632474899292,,1.0
leave_one_stimulus_out,losto_stimulus_9220,29,1,2.2377538829151735,2.10064528873602,0.13710859417915344,,1.0
leave_one_stimulus_out,losto_stimulus_9220,32,1,2.2377538829151735,2.0779979675118074,0.1597559154033661,,1.0
leave_one_stimulus_out,losto_stimulus_9220,40,1,3.7622461170848265,3.8672323749359503,-0.10498625785112381,,0.0
leave_one_stimulus_out,losto_stimulus_9220,42,1,3.7622461170848265,3.895977273672427,-0.1337311565876007,,0.0
leave_one_stimulus_out,losto_stimulus_9220,44,1,2.2377538829151735,2.123321868390237,0.11443201452493668,,1.0
leave_one_stimulus_out,losto_stimulus_9220,46,1,2.7622461170848265,2.853037476628627,-0.09079135954380035,,0.0
leave_one_stimulus_out,losto_stimulus_9220,49,1,2.2377538829151735,2.1095805018250093,0.12817338109016418,,1.0
leave_one_stimulus_out,losto_stimulus_9220,53,1,2.2377538829151735,2.0950432269875154,0.14271065592765808,,1.0
leave_one_stimulus_out,losto_stimulus_9220,55,1,2.2377538829151735,2.054742172271405,0.1830117106437683,,1.0
leave_one_stimulus_out,losto_stimulus_9220,57,1,3.2377538829151735,3.125457748681699,0.11229613423347473,,1.0
leave_one_stimulus_out,losto_stimulus_9220,60,1,3.7622461170848265,3.8418881745036497,-0.07964205741882324,,0.0
leave_one_stimulus_out,losto_stimulus_9220,62,1,3.2377538829151735,3.097260907203351,0.1404929757118225,,1.0
leave_one_stimulus_out,losto_stimulus_9220,63,1,2.7622461170848265,2.86139509090742,-0.09914897382259369,,0.0
leave_one_stimulus_out,losto_stimulus_9331,2,1,3.7520908004778972,3.6939593217510334,0.05813147872686386,,1.0
leave_one_stimulus_out,losto_stimulus_9331,3,1,2.2479091995221028,1.5864809267979512,0.6614282727241516,,1.0
leave_one_stimulus_out,losto_stimulus_9331,6,1,2.7520908004778972,3.2435301429766765,-0.4914393424987793,,0.0
leave_one_stimulus_out,losto_stimulus_9331,10,1,2.2479091995221028,2.4658001773816,-0.21789097785949707,,0.0
leave_one_stimulus_out,losto_stimulus_9331,13,1,2.2479091995221028,2.1074167006474385,0.1404924988746643,,1.0
leave_one_stimulus_out,losto_stimulus_9331,14,1,2.2479091995221028,2.2133054845791706,0.03460371494293213,,1.0
leave_one_stimulus_out,losto_stimulus_9331,19,1,2.7520908004778972,2.768185857607757,-0.016095057129859924,,0.0
leave_one_stimulus_out,losto_stimulus_9331,21,1,2.2479091995221028,1.5756099932652363,0.6722992062568665,,1.0
leave_one_stimulus_out,losto_stimulus_9331,26,1,3.2479091995221028,2.492696177290047,0.7552130222320557,,1.0
leave_one_stimulus_out,losto_stimulus_9331,28,1,3.2479091995221028,3.408022116945351,-0.1601129174232483,,0.0
leave_one_stimulus_out,losto_stimulus_9331,34,1,2.2479091995221028,1.9698864334088215,0.27802276611328125,,1.0
leave_one_stimulus_out,losto_stimulus_9331,40,1,3.7520908004778972,3.9822982139128795,-0.2302074134349823,,0.0
leave_one_stimulus_out,losto_stimulus_9331,41,1,2.2479091995221028,2.0902770572167286,0.15763214230537415,,1.0
leave_one_stimulus_out,losto_stimulus_9331,42,1,2.7520908004778972,2.88572050996009,-0.133629709482193,,0.0
leave_one_stimulus_out,losto_stimulus_9331,44,1,3.2479091995221028,3.171099003480042,0.07681019604206085,,1.0
leave_one_stimulus_out,losto_stimulus_9331,49,1,2.2479091995221028,2.2289525904518017,0.018956609070301056,,1.0
leave_one_stimulus_out,losto_stimulus_9331,50,1,2.2479091995221028,2.2996266522270092,-0.051717452704906464,,0.0
leave_one_stimulus_out,losto_stimulus_9331,52,1,2.7520908004778972,3.1077225989836803,-0.3556317985057831,,0.0
leave_one_stimulus_out,losto_stimulus_9331,55,1,3.2479091995221028,2.6738892310124287,0.5740199685096741,,1.0
leave_one_stimulus_out,losto_stimulus_9331,58,1,2.2479091995221028,2.325331423507298,-0.07742222398519516,,0.0
leave_one_stimulus_out,losto_stimulus_9331,60,1,2.7520908004778972,2.8299220091837993,-0.0778312087059021,,0.0
leave_one_stimulus_out,losto_stimulus_9331,62,1,2.2479091995221028,1.8187446110707173,0.4291645884513855,,1.0
leave_one_stimulus_out,losto_stimulus_9331,63,1,3.2479091995221028,3.1269345694046864,0.12097463011741638,,1.0
leave_one_stimulus_out,losto_stimulus_9331,65,1,3.2479091995221028,3.2992820032697567,-0.05137280374765396,,0.0
leave_one_stimulus_out,losto_stimulus_9360,1,1,3.753285543608124,3.659178385126049,0.09410715848207474,,1.0
leave_one_stimulus_out,losto_stimulus_9360,3,1,3.246714456391876,3.209618309897726,0.03709614649415016,,1.0
leave_one_stimulus_out,losto_stimulus_9360,8,1,3.246714456391876,3.2939516365652732,-0.047237180173397064,,0.0
leave_one_stimulus_out,losto_stimulus_9360,9,1,2.753285543608124,2.6496948018545456,0.10359074175357819,,1.0
leave_one_stimulus_out,losto_stimulus_9360,10,1,2.246714456391876,2.267396571499651,-0.020682115107774734,,0.0
leave_one_stimulus_out,losto_stimulus_9360,13,1,2.246714456391876,2.300842339557951,-0.05412788316607475,,0.0
leave_one_stimulus_out,losto_stimulus_9360,14,1,3.246714456391876,3.1985617153471164,0.04815274104475975,,1.0
leave_one_stimulus_out,losto_stimulus_9360,15,1,2.246714456391876,2.3212229967241935,-0.07450854033231735,,0.0
leave_one_stimulus_out,losto_stimulus_9360,21,1,2.246714456391876,2.2923368759577922,-0.04562241956591606,,0.0
leave_one_stimulus_out,losto_stimulus_9360,22,1,2.246714456391876,2.3946842834478073,-0.1479698270559311,,0.0
leave_one_stimulus_out,losto_stimulus_9360,26,1,3.246714456391876,3.1850603915875606,0.06165406480431557,,1.0
leave_one_stimulus_out,losto_stimulus_9360,29,1,2.246714456391876,2.2192312128966503,0.027483243495225906,,1.0
leave_one_stimulus_out,losto_stimulus_9360,31,1,3.753285543608124,3.850603179621155,-0.097317636013031,,0.0
leave_one_stimulus_out,losto_stimulus_9360,33,1,2.246714456391876,2.3646789923434905,-0.11796453595161438,,0.0
leave_one_stimulus_out,losto_stimulus_9360,36,1,2.753285543608124,2.7688075058037587,-0.015521962195634842,,0.0
leave_one_stimulus_out,losto_stimulus_9360,38,1,2.753285543608124,2.6821972444528885,0.07108829915523529,,1.0
leave_one_stimulus_out,losto_stimulus_9360,39,1,3.246714456391876,3.3502102926498107,-0.10349583625793457,,0.0
leave_one_stimulus_out,losto_stimulus_9360,41,1,2.246714456391876,2.2092490442221813,0.0374654121696949,,1.0
leave_one_stimulus_out,losto_stimulus_9360,44,1,2.246714456391876,2.2070425100749187,0.039671946316957474,,1.0
leave_one_stimulus_out,losto_stimulus_9360,47,1,3.246714456391876,3.229434265208786,0.01728019118309021,,1.0
leave_one_stimulus_out,losto_stimulus_9360,50,1,2.246714456391876,2.312705127907341,-0.06599067151546478,,0.0
leave_one_stimulus_out,losto_stimulus_9360,55,1,2.246714456391876,2.3073154449587516,-0.06060098856687546,,0.0
leave_one_stimulus_out,losto_stimulus_9360,58,1,3.246714456391876,3.2022493280594997,0.04446512833237648,,1.0
leave_one_stimulus_out,losto_stimulus_9360,60,1,4.753285543608124,4.619119898962433,0.13416564464569092,,1.0
leave_one_stimulus_out,losto_stimulus_9360,61,1,2.246714456391876,2.321198625875061,-0.07448416948318481,,0.0
