target,model,test_subject,n,mae,rmse,pearson,spearman,ccc,y_true_std,y_pred_std,dev_mae,dev_rmse,dev_pearson,dev_spearman,dev_sign_acc,true_dev_std,pred_dev_std
arousal,physio_eeg_bandpower_ridge,1,32,1.6647904529570012,1.9606382479852644,0.6301680155134606,0.6347161506642685,0.5600111427931189,2.4348944407304396,1.5943491742980893,1.6647904529570015,1.9606382479852646,0.019065340766864843,0.005315736435120089,0.4375,1.8730758315387523,0.30180719748490586
arousal,physio_eeg_bandpower_ridge,2,32,1.9713856876098554,2.3771665144497702,0.7157646174078597,0.7767995218266468,0.4929938671373464,2.3048861143232218,1.6653204639790833,1.9713856876098554,2.3771665144497702,0.03990350040579295,0.04618768328445748,0.71875,1.5829340702617387,0.36209124131092635
arousal,physio_eeg_bandpower_ridge,3,32,1.047578618792373,1.4988375652179469,0.5980350918653866,0.626344840671564,0.5484972151948921,1.5194057226429023,1.501732950845833,1.1819117850250676,1.5878064832126106,0.029228394298870253,0.11217008797653959,0.8125,1.353914241378173,0.3350526285754923
arousal,physio_eeg_bandpower_ridge,5,32,1.3155363223702183,1.5636728118359902,0.6884026880328383,0.7216890182859989,0.6646771135649059,2.0832291640623697,1.6897781861852599,1.3155363223702183,1.5636728118359902,-0.01830822711949657,-0.00219941348973607,0.6875,1.5102454224184472,0.234063049997807
arousal,physio_eeg_bandpower_ridge,6,32,3.4194767283571945,3.8421877744011956,0.3007741618853518,0.3182818777894184,0.08739089286738655,1.39159025488827,1.6887161234962729,3.4194767283571945,3.8421877744011956,-0.05548842936440065,-0.10887096774193547,0.40625,1.7901679019020869,0.32470946890935376
arousal,physio_eeg_bandpower_ridge,7,32,1.3290311864056834,1.619452906998527,0.6771431899365106,0.6948418003623675,0.4464887689201409,0.909477013178453,1.7175860765209046,1.3290311864056834,1.619452906998527,-0.08072767008537102,-0.09623315960131196,0.65625,1.2461858921407156,0.24415067559066786
arousal,physio_eeg_bandpower_ridge,8,32,1.9924427240330607,2.199540528799434,0.7740148669680003,0.7943896631045605,0.5764160767140681,2.4929588343973914,1.7059494126753192,1.9924427240330604,2.199540528799434,0.21566324721471655,0.1502932551319648,0.28125,1.630470033705313,0.2693907262908239
arousal,physio_eeg_bandpower_ridge,9,32,1.5576707399585377,1.8972775707229361,0.472866374023531,0.4490758744237949,0.4674886339732564,1.96229099205495,1.7028330932583953,1.5576707399585374,1.8972775707229361,0.08519349449630007,0.17431949482066222,0.6875,1.898183074793325,0.276412586045048
arousal,physio_eeg_bandpower_ridge,10,32,1.4606058354180442,1.7542981022740287,0.7423378691359918,0.6242369834278935,0.6645660643835624,2.567069097239106,1.5998113724973955,1.4606058354180442,1.7542981022740287,-0.07847772055337146,-0.07167079124592948,0.5,1.7129972872947774,0.2338708029641629
arousal,physio_eeg_bandpower_ridge,11,32,1.6372912702713052,1.956283835732191,0.45933001153550923,0.46720631537482654,0.44080905493977274,1.8874586088176875,1.7398902540418724,1.6372912702713052,1.956283835732191,0.10769649883854304,0.0350105399692392,0.53125,1.9006477694544375,0.25267952317388165
arousal,physio_eeg_bandpower_ridge,12,32,1.1670789637079446,1.4102572657809627,0.6719767032623472,0.59686761402954,0.5781765802409001,1.1575161985907585,1.7523272308999116,1.1670789637079446,1.4102572657809627,-0.18170519310107938,-0.1948492355356088,0.4375,1.2274284576871455,0.2540990226483881
arousal,physio_eeg_bandpower_ridge,13,32,1.4505332876613084,1.7468550959218103,0.5472721723600187,0.4609576202215563,0.4084518907387788,1.243734296383275,1.5477600431363734,1.4505332876613086,1.7468550959218105,0.289292930258492,0.20307917888563048,0.90625,1.4088788982214433,0.27867378811768156
arousal,physio_eeg_bandpower_ridge,14,32,1.2475045448693902,1.4283236485809487,0.8451415873960709,0.7841593801457681,0.6848810244966902,1.6393596310755,1.6001479023065213,1.24750454486939,1.4283236485809485,-0.1017256200349171,-0.01942815249266862,0.96875,0.8494495885699882,0.2296501132868701
arousal,physio_eeg_bandpower_ridge,15,32,1.4969335337532417,1.7374347370964789,0.6923226087538742,0.6819740300765053,0.6358820367045999,2.214123697989794,1.7195351662957594,1.496933533753242,1.7374347370964789,0.11173619313249047,0.12702777067373178,0.34375,1.6186477056527644,0.192093418879997
arousal,physio_eeg_bandpower_ridge,16,32,1.1033325437802874,1.3384714470722556,0.8579535123207345,0.803261163575352,0.7976053836298865,2.4486922530199666,1.680271198091582,1.1033325437802874,1.3384714470722556,0.2540895161674698,0.20786362473883382,0.59375,1.371204820434612,0.3249968198115196
arousal,physio_eeg_bandpower_ridge,17,32,1.2545108119190806,1.5675194370752061,0.8404940081461434,0.8262483593409162,0.7272050660579951,2.3747943989954163,1.6408006940552728,1.2545108119190809,1.5675194370752061,0.008236728942076735,-0.06415543973420797,0.40625,1.3129056407007988,0.2520466898019956
arousal,physio_eeg_bandpower_ridge,18,32,1.802936642805447,2.0975373565828805,0.7294793447702285,0.7328857582022041,0.6219981154444434,2.9679275176459416,1.6719305246610277,1.802936642805447,2.0975373565828805,0.17918805211597455,0.12573313782991202,0.625,2.1200614760696554,0.26155995350780814
arousal,physio_eeg_bandpower_ridge,19,32,1.589068076653939,1.9529516237537665,0.6399283094824179,0.6820194127800737,0.5147505471277712,1.9354828209002528,1.6332929743793,1.589068076653939,1.9529516237537665,-0.04717203380635016,-0.09073412190980841,0.3125,1.4699453361764527,0.39099902420635163
arousal,physio_eeg_bandpower_ridge,20,32,1.2654492660427206,1.6070584392344602,0.79989996705005,0.8085276455845581,0.7043278315805704,2.1423920626253263,1.7949944821870887,1.2654492660427206,1.6070584392344602,0.03292911404242094,-0.003666025127669027,0.5625,1.2400897101370107,0.39230658166122684
arousal,physio_eeg_bandpower_ridge,21,32,1.3077224876308566,1.662561164547471,0.8363222283149607,0.7135181254788957,0.7331387241980504,2.745557491202834,1.6535665833913336,1.3077224876308564,1.662561164547471,0.05277063746753907,0.04728739002932551,0.53125,1.631799589761145,0.2386598858743295
arousal,physio_eeg_bandpower_ridge,22,32,1.9782173540235728,2.270698545908255,0.7222637568447369,0.6991791485092647,0.5839808317991834,3.0355961111452228,1.6505717536748021,1.9782173540235728,2.270698545908255,-0.02623301274513492,0.012463343108504396,0.4375,2.143575596227557,0.27500161669879625
arousal,physio_eeg_bandpower_ridge,23,32,1.3020697169490671,1.4868187168246878,0.8492169984790029,0.8394673541474408,0.7165316983023368,2.108159371940366,1.5606116020514509,1.3020697169490671,1.4868187168246878,0.19654209777787066,0.2687196418581397,0.40625,1.1590966729438268,0.2467590692771212
arousal,physio_eeg_bandpower_ridge,24,32,1.6763502734457574,1.9334596021373556,0.8517912136736056,0.8518204030310139,0.6626642156453784,2.706870598587971,1.5924678155097964,1.6763502734457572,1.9334596021373556,-0.23097715886256165,-0.23755842827295293,0.40625,1.4823221092336487,0.3206252963617448
arousal,physio_eeg_bandpower_ridge,25,32,1.8411647024284916,2.2469123670977695,0.6861949861417516,0.6884588759162219,0.5835652855815877,3.0413812651491097,1.6949870731622754,1.8411647024284916,2.2469123670977695,-0.09506077192877685,-0.1033724340175953,0.3125,2.18923247648393,0.3384628069833623
arousal,physio_eeg_bandpower_ridge,26,32,1.8276502736651055,2.066665965923322,0.6902626272921552,0.7168445037520975,0.5631484882369928,2.381569860407206,1.674641977801171,1.8276502736651055,2.066665965923322,0.08648707256356562,0.08907624633431084,0.53125,1.7189293581328962,0.34300255123559686
arousal,physio_eeg_bandpower_ridge,27,32,1.184197001509078,1.4806089651188925,0.6390305222724345,0.5833633098966182,0.6177106796355974,1.71277370075559,1.6181624168020687,1.184197001509078,1.4806089651188925,-0.15476537366154447,-0.19118321040793976,0.6875,1.3302540014938895,0.32576931523355557
arousal,physio_eeg_bandpower_ridge,28,32,1.2078489207032608,1.5184277575417895,0.8357176350707627,0.7296313897093767,0.7304222970842973,2.346664854106781,1.5927136093969885,1.2078489207032608,1.5184277575417895,-0.14837025044194893,-0.22800586510263926,0.78125,1.2832399966930983,0.24090544150245724
arousal,physio_eeg_bandpower_ridge,29,32,1.2453145253779003,1.5740280884424969,0.7342198509993602,0.7380626590247251,0.6686028665910625,2.0832291640623697,1.6339970877730225,1.2453145253778999,1.5740280884424969,-0.21742595090572725,-0.18071847507331376,0.3125,1.33879307925565,0.25991175627881746
arousal,physio_eeg_bandpower_ridge,30,32,0.8837516321427892,1.1757427017610793,0.8770267817343002,0.8398750750613931,0.8120395904070988,2.0707694071286644,1.6442233538758708,0.8837516321427892,1.1757427017610793,-0.051721987629528614,-0.017230318100044426,0.5625,0.9561639397658943,0.278475285570672
arousal,physio_eeg_bandpower_ridge,31,32,2.0070271897554517,2.3233792877769717,0.7550076865376457,0.7120928623685606,0.5923470307887394,3.2379584617471546,1.604254222051799,2.0070271897554517,2.3233792877769717,-0.32855017673922776,-0.2756598240469208,0.5625,2.1966185537351026,0.2322061588779488
arousal,physio_eeg_bandpower_ridge,32,32,1.3855118944955385,1.6471109749494448,0.7963938880662621,0.7474064422789334,0.6682271794605773,1.9833289565778038,1.729722308100578,1.3923758074887436,1.664149480483967,0.31434227908619655,0.34680597707748995,0.375,1.2823728733282098,0.5456803663301388
arousal,physio_eeg_bandpower_ridge,33,32,1.4396803550822934,1.645456324069324,0.5333153223729693,0.5471738367738933,0.5310212357292652,1.6366767968966873,1.7561210428247387,1.4396803550822932,1.645456324069324,-0.3226867715188393,-0.335441299181716,0.59375,1.5470529366384678,0.2442922784356395
arousal,physio_eeg_bandpower_ridge,34,32,1.8599300350732881,2.0222590930918245,0.8270305543626045,0.8236948920456976,0.5984257041166217,2.373148949707961,1.5525349262119272,1.8599300350732881,2.022259093091825,-0.024224736416153008,-0.06268902968314036,0.34375,1.287200102975002,0.509254479031841
arousal,physio_eeg_bandpower_ridge,35,32,1.1486927916938114,1.4785323879631342,0.5787965477405046,0.5680308191133611,0.5712524760305737,1.5783570373967988,1.594141899031021,1.1486927916938114,1.4785323879631345,0.2982359859483731,0.26798643683260587,0.5625,1.5253824941246354,0.4511351732328836
arousal,physio_eeg_bandpower_ridge,36,32,1.3292790848289828,1.5246890586396329,0.8272148015830451,0.8101865711105803,0.7445489205801658,2.54644359843292,1.6082949930674395,1.3292790848289826,1.5246890586396327,0.03240633792676257,0.056818181818181816,0.59375,1.5074025758264085,0.2085578014044214
arousal,physio_eeg_bandpower_ridge,37,32,1.3584610381420008,1.6159334819645144,0.47290459707279314,0.495042280632656,0.45287028000431206,1.346291201783626,1.697414604592378,1.3584610381420008,1.6159334819645144,-0.15331076663759033,-0.19319952422815773,0.40625,1.5138866254987768,0.3104498361036937
arousal,physio_eeg_bandpower_ridge,38,32,1.157822076642471,1.3944750175502763,0.7137816159266019,0.7130404707529916,0.6903248888863057,1.984313483298443,1.5302523978269933,1.1578220766424707,1.3944750175502763,0.045104988123088226,0.06488269794721407,0.46875,1.3855566244123854,0.23135792193007432
arousal,physio_eeg_bandpower_ridge,39,32,1.718208934608346,2.049856652332669,0.7341739207566552,0.6010254619676773,0.6384394898134167,2.9379986278928043,1.7199079219001479,1.718208934608346,2.049856652332669,-0.09467281084566537,-0.08945101311512425,0.625,1.9867742000953235,0.32017521178692715
arousal,physio_eeg_bandpower_ridge,40,32,2.639417855331402,3.1012997490782785,0.4555259080170003,0.48017477792149454,0.329169220996225,3.059309562630104,1.6932739407488144,2.639417855331402,3.1012997490782785,-0.07563350332128145,-0.09530791788856303,0.40625,2.710396573079377,0.24539230395458875
arousal,physio_eeg_bandpower_ridge,41,32,2.320593583915209,2.7663293776915028,0.4176699912020481,0.4247224121530004,0.1327053560285836,0.81967981553775,1.7101021586542602,2.320593583915209,2.7663293776915028,0.05270179690076554,-0.16038859933551994,0.125,1.4959771670373034,0.5189159639952869
arousal,physio_eeg_bandpower_ridge,42,32,2.392458616896791,2.818032711187233,0.6540918219832704,0.6700675292578407,0.3854841138620436,2.2584476831443316,1.6861130165552123,2.392458616896791,2.818032711187233,-0.10912964218208088,-0.06195014662756597,0.25,1.660115463055621,0.30754552349872255
arousal,physio_eeg_bandpower_ridge,43,32,1.7382754123866002,2.08162108554046,0.8119558370023483,0.774104752764432,0.6261444436406867,3.0045538354304786,1.4874132783151555,1.7382754123866,2.08162108554046,-0.5090765351587822,-0.46774193548387083,0.5,1.802734417937777,0.3371948191534891
arousal,physio_eeg_bandpower_ridge,44,32,2.080370741429574,2.562133607344139,0.45779275378070955,0.32474064248897533,0.3949834436683796,2.8111107680061274,1.6650922915974247,2.0803707414295736,2.562133607344139,-0.1671204044270959,-0.14224177495355825,0.40625,2.4099202277826843,0.4596513355522265
arousal,physio_eeg_bandpower_ridge,45,32,1.346024276751623,1.6524592919920935,0.630764731614224,0.6620854442988586,0.5679267471760449,1.6665364532466729,1.7071994559147827,1.346024276751623,1.6524592919920935,0.19361450635291452,0.2384749345548702,0.59375,1.4722953086219464,0.41268184614897063
arousal,physio_eeg_bandpower_ridge,46,32,1.6461771047471558,2.088828436922078,0.4019082590668963,0.48681290401863997,0.3710217931435051,1.885128891481959,1.698522829375446,1.6461771047471558,2.088828436922078,-0.18560368691574036,-0.17155425219941348,0.53125,1.9285807571028841,0.1651435254344907
arousal,physio_eeg_bandpower_ridge,47,32,2.005652360351224,2.4495592308014453,0.5379847372726064,0.4980432948649765,0.4466277286252806,2.7780880903059932,1.6201611587250981,2.005652360351224,2.4495592308014458,0.060100401403557026,0.028958944281524925,0.53125,2.3476946080537613,0.23081282900520797
arousal,physio_eeg_bandpower_ridge,48,32,1.1578335922346858,1.3420664695969111,0.782203846370479,0.7947056976721737,0.7472195571525829,2.1485369295173866,1.5840177587395001,1.1578335922346858,1.3420664695969111,0.03351160060207211,-0.002565982404692082,0.4375,1.300879429561996,0.3763938665853084
arousal,physio_eeg_bandpower_ridge,49,32,1.705165943102862,2.0487400106791513,0.4402183881579932,0.39693004315040137,0.33526243976529135,1.3831434985206705,1.7383729910420995,1.705165943102862,2.048740010679152,0.1307016695461261,0.08193566160340275,0.875,1.692520509403907,0.2701839244687082
arousal,physio_eeg_bandpower_ridge,50,32,1.3075589148610494,1.4784663778562759,0.8907292516542641,0.8744269049169794,0.7665030999984243,2.6485181588012567,1.5208172724895,1.3075589148610494,1.4784663778562759,-0.28367219765018586,-0.28958944281524923,0.40625,1.3910614610751582,0.21583431698799369
arousal,physio_eeg_bandpower_ridge,52,32,1.6467225087182848,1.998037877180764,0.48154000150627313,0.47861019355865925,0.46117865082728465,2.1277555663186503,1.6674304671292597,1.646722508718285,1.998037877180764,-0.02710913508491119,0.030794611072419827,0.5625,1.9522573515044046,0.2338925227670264
arousal,physio_eeg_bandpower_ridge,53,32,0.8728879842751598,1.084419564685654,0.8805076469265919,0.8749370540916226,0.8467399312833926,2.1863836437139756,1.687431750233598,0.8728879842751598,1.084419564685654,0.09835740045147996,0.11914581664924338,0.53125,1.0633145558549586,0.20926008799919282
arousal,physio_eeg_bandpower_ridge,54,32,1.4730618333888845,1.7068589279235344,0.6413992373476362,0.6610457048031851,0.6144286525154076,2.1928505991061042,1.6504200241885403,1.4730618333888845,1.7068589279235347,0.04923839146909663,0.0075153515117215046,0.5625,1.6942831997212953,0.2454007353185601
arousal,physio_eeg_bandpower_ridge,55,32,2.1610631376492604,2.396165052403032,0.7998318880106312,0.6946868687724026,0.37022020603651246,1.2338804388999771,1.710027385518749,2.1610631376492604,2.396165052403032,-0.11007990149958857,-0.11363636363636363,0.6875,0.9986088789050975,0.1838031676617537
arousal,physio_eeg_bandpower_ridge,56,32,1.3138607173833072,1.6200451476603568,0.8600574544165677,0.8271190398133171,0.7272103438941719,2.4762544169571914,1.642606970744652,1.3138607173833072,1.6200451476603568,0.053007940432950415,0.07863623898850063,0.46875,1.3444179697621401,0.24739899336546056
arousal,physio_eeg_bandpower_ridge,57,32,1.8310663574271024,2.162909905057337,0.3585517712818231,0.3438708145887377,0.34217006195987815,2.1485369295173866,1.579357845647061,1.8310663574271024,2.162909905057337,0.05796026744769651,0.0784457478005865,0.46875,2.1643328274237774,0.21833460644479016
arousal,physio_eeg_bandpower_ridge,58,32,1.2451876975212206,1.5100007783746305,0.8976616038472234,0.8323017346175267,0.7592752481135536,2.3416657399167797,1.7106662611901806,1.2451876975212206,1.5100007783746305,0.2278267994024991,0.22983870967741934,0.6875,1.1332636003495442,0.23742838476101977
arousal,physio_eeg_bandpower_ridge,59,32,1.810532298855606,2.39249829067616,0.6288831745051158,0.6058220772079617,0.43846332408872346,2.1648379702647493,1.6414703774744874,1.810532298855606,2.3924982906761603,-0.13616447924746766,-0.01979472140762463,0.3125,1.6408958852975946,0.2950624940697128
arousal,physio_eeg_bandpower_ridge,60,32,2.188482981226949,2.466976940239433,0.8369320461897157,0.8580894220357951,0.5639823055713069,3.201409601644251,1.4690281173921396,2.188482981226949,2.466976940239433,-0.0980439048225639,-0.06781524926686217,0.40625,2.0713483906629713,0.33143403745545874
arousal,physio_eeg_bandpower_ridge,61,32,1.4257902015142263,1.671283933692188,0.8826178718988892,0.8761355048244805,0.74994645500786,2.9040650388722358,1.634137762074062,1.4257902015142263,1.671283933692188,-0.006420517858030749,0.01502932551319648,0.71875,1.641778371653087,0.1669339331730281
arousal,physio_eeg_bandpower_ridge,62,32,1.9371692028707632,2.3353278994325986,0.7671214731067967,0.6692045476982021,0.5923665291434889,3.1017887984193897,1.6653673712473251,1.9371692028707632,2.3353278994325986,-0.10303997707282653,-0.273302173267726,0.40625,2.058781133828381,0.31288868519314994
arousal,physio_eeg_bandpower_ridge,63,32,1.6593277774238817,2.10764398833391,0.8009812662602088,0.7712219314120056,0.6606185959266726,3.1867339765816665,1.6937881710382445,1.6593277774238817,2.10764398833391,0.3054320941039183,0.34970674486803516,0.6875,2.1644511428246234,0.3011622465220499
arousal,physio_eeg_bandpower_ridge,64,32,1.1800741697470234,1.44688572663153,0.790888014640807,0.787930028220907,0.7417279860384354,2.3310070248714396,1.6305991408020744,1.1800741697470232,1.44688572663153,0.31030492022682804,0.28958944281524923,0.59375,1.5037030977647274,0.27473880696545805
arousal,physio_eeg_bandpower_ridge,65,32,1.5489453833017337,1.7680079672972715,0.8878613661490962,0.8295951127826973,0.7538795779230196,3.0744346533143294,1.753809192308559,1.5489453833017337,1.7680079672972715,0.17116933496304734,0.09971588347259754,0.71875,1.7398221083540357,0.42050166690005303
arousal,physio_eeg_cov_riemannian_ridge,1,32,1.5667164752714637,1.8665507056705257,0.6863594064499895,0.7004850454353763,0.6346072266776223,2.4348944407304396,1.8103515590348527,1.5667164752714637,1.866550705670526,0.31911612716752297,0.2938319139826725,0.53125,1.8730758315387523,0.5346003115927692
arousal,physio_eeg_cov_riemannian_ridge,2,32,2.3390386430744536,2.82138283394742,0.6453799618280389,0.6912974355501257,0.3913524995735233,2.3048861143232218,1.7204076470488852,2.3390386430744536,2.82138283394742,-0.2608063250823692,-0.21847507331378296,0.59375,1.5829340702617387,0.4920097717554839
arousal,physio_eeg_cov_riemannian_ridge,3,32,1.2516839590051783,1.6980118944878742,0.5049564391648466,0.5337472375420319,0.4365592154805689,1.5194057226429023,1.4558568304833994,1.604808755058762,1.9504765622720501,-0.02360363454793541,-0.08724340175953077,0.8125,1.353914241378173,0.7245029444902813
arousal,physio_eeg_cov_riemannian_ridge,5,32,1.3125107147775152,1.5658684847272604,0.6978487129695811,0.7362422094510217,0.6561321114306777,2.0832291640623697,1.6090958449063337,1.3125107147775152,1.5658684847272606,0.12606012511860362,0.05461876832844574,0.6875,1.5102454224184472,0.2671823141572455
arousal,physio_eeg_cov_riemannian_ridge,6,32,3.602105494704884,3.977628719025684,0.3203798409537057,0.33502354261038003,0.08279219019612945,1.39159025488827,1.6016350232042522,3.602105494704884,3.977628719025684,0.20553420113620735,0.12939882697947214,0.1875,1.7901679019020869,0.30236899136645956
arousal,physio_eeg_cov_riemannian_ridge,7,32,1.6563647520373714,1.9636557928663128,0.5944362619263501,0.6584769790715964,0.32621687754618583,0.909477013178453,1.726593125868804,1.6563647520373717,1.9636557928663128,-0.22420731558182308,-0.235542114452735,0.34375,1.2461858921407156,0.40358715019010133
arousal,physio_eeg_cov_riemannian_ridge,8,32,1.9820889212756643,2.1861371672879053,0.757320446938499,0.7770789688175598,0.5515477938211205,2.4929588343973914,1.5566716542114039,1.9820889212756643,2.1861371672879053,-0.011973145624860203,0.06048387096774193,0.28125,1.630470033705313,0.30004698961072707
arousal,physio_eeg_cov_riemannian_ridge,9,32,1.6126831168076075,2.0415345865989156,0.42581536904490613,0.3954326343433084,0.40583684470386844,1.96229099205495,1.7035092692120646,1.6126831168076072,2.0415345865989156,-0.1194464103595889,-0.2397580433495544,0.625,1.898183074793325,0.36826702943032547
arousal,physio_eeg_cov_riemannian_ridge,10,32,1.4342352121284137,1.7976570481496073,0.7376886243853247,0.605936876421864,0.6655552949406812,2.567069097239106,1.697981136829236,1.4342352121284137,1.7976570481496073,0.03624420412578179,-0.09678306337046232,0.46875,1.7129972872947774,0.3960814857339879
arousal,physio_eeg_cov_riemannian_ridge,11,32,1.6728788780532522,2.022180662291043,0.4141828784088213,0.41676292435228546,0.3929136472939989,1.8874586088176875,1.6927272103973745,1.6728788780532522,2.0221806622910434,-0.0651715929071436,-0.1284941807247994,0.5625,1.9006477694544375,0.3052209361119832
arousal,physio_eeg_cov_riemannian_ridge,12,32,1.0944393509875205,1.352966367972921,0.6286181935789273,0.5281031663296616,0.5717137879314574,1.1575161985907585,1.679092244383633,1.0944393509875205,1.352966367972921,-0.24846954917944583,-0.22271102650589342,0.46875,1.2274284576871455,0.24464925908268936
arousal,physio_eeg_cov_riemannian_ridge,13,32,1.5917085391529304,1.9471545762848461,0.5296384027176952,0.45827985811238536,0.3656774714324937,1.243734296383275,1.6590208931901318,1.5917085391529304,1.9471545762848461,-0.03745727700722571,-0.06011730205278592,0.875,1.4088788982214433,0.309689245917379
arousal,physio_eeg_cov_riemannian_ridge,14,32,1.6578245640975031,1.866348891892994,0.8666250099739512,0.8019897155009256,0.5811464672680847,1.6393596310755,1.7008798472753188,1.6578245640975031,1.8663488918929938,0.09059935250325593,0.1389296187683284,0.40625,0.8494495885699882,0.2556666626573421
arousal,physio_eeg_cov_riemannian_ridge,15,32,1.3890353740335954,1.6633042460238543,0.692695292426129,0.6706356774369123,0.652653096983836,2.214123697989794,1.6946821396499996,1.3890353740335954,1.6633042460238543,0.1454825711925364,0.10521492116410107,0.4375,1.6186477056527644,0.34231124534751173
arousal,physio_eeg_cov_riemannian_ridge,16,32,1.119377437205535,1.419104560000906,0.8325117557355033,0.765310359580665,0.7708713299026013,2.4486922530199666,1.6617920340079513,1.119377437205535,1.419104560000906,-0.09753216087091328,-0.04454220530117868,0.53125,1.371204820434612,0.21265465545564802
arousal,physio_eeg_cov_riemannian_ridge,17,32,1.1637588280799112,1.4754530255132234,0.8059899675869118,0.780852142344928,0.7415511310343139,2.3747943989954163,1.6316672346566143,1.1637588280799112,1.4754530255132232,-0.20691125154007556,-0.0817523603470193,0.625,1.3129056407007988,0.36540243791711907
arousal,physio_eeg_cov_riemannian_ridge,18,32,1.9963107030062228,2.3514955043308166,0.6275870712819026,0.6023109642844499,0.5411701512713837,2.9679275176459416,1.7507059313834958,1.9963107030062228,2.3514955043308166,-0.244505081310839,-0.19904692082111436,0.53125,2.1200614760696554,0.542653699098759
arousal,physio_eeg_cov_riemannian_ridge,19,32,1.4889937214826752,1.883323435139488,0.6491658639448791,0.7183089810958538,0.5279577897874623,1.9354828209002528,1.578676691692617,1.4889937214826752,1.883323435139488,-0.03895154517520424,-0.05755659450440372,0.625,1.4699453361764527,0.28008322393798163
arousal,physio_eeg_cov_riemannian_ridge,20,32,1.1805680423216613,1.4520060136460147,0.7718314985238766,0.7658367919379906,0.7122127975229666,2.1423920626253263,1.5776972958887556,1.1805680423216613,1.4520060136460147,-0.09500697210328891,-0.09091742316619188,0.65625,1.2400897101370107,0.4630259358577935
arousal,physio_eeg_cov_riemannian_ridge,21,32,1.5787671174624864,1.9025361992063425,0.7360096530866262,0.5733827189881268,0.6435925852699058,2.745557491202834,1.6172833326731952,1.5787671174624864,1.9025361992063423,-0.28887274018751385,-0.4175219941348973,0.3125,1.631799589761145,0.6134448306960409
arousal,physio_eeg_cov_riemannian_ridge,22,32,2.002228119242864,2.2565333085259733,0.7536539692451129,0.7466227728065953,0.5856726753535398,3.0355961111452228,1.5730731177979709,2.002228119242864,2.2565333085259733,0.1510400469929977,0.13709677419354838,0.46875,2.143575596227557,0.283868634849384
arousal,physio_eeg_cov_riemannian_ridge,23,32,1.232628634711089,1.5135937620526714,0.8291591072812676,0.8065180291114442,0.7046138352412604,2.108159371940366,1.5631777486962786,1.2326286347110893,1.5135937620526714,0.09788745137929039,0.10723123498431905,0.5625,1.1590966729438268,0.4173704415108403
arousal,physio_eeg_cov_riemannian_ridge,24,32,1.336110568950769,1.5224289336687753,0.8841929544948129,0.8516351038352273,0.7629931567802819,2.706870598587971,1.5587959711594468,1.3361105689507693,1.5224289336687753,-0.02807450455691925,-0.04087618017350965,0.5,1.4823221092336487,0.2743188983902623
arousal,physio_eeg_cov_riemannian_ridge,25,32,1.783106540302361,2.2883827705408764,0.707597042210103,0.7050549864136606,0.5654973869279033,3.0413812651491097,1.5834657621990185,1.7831065403023612,2.2883827705408764,0.06523908275384137,0.010263929618768328,0.46875,2.18923247648393,0.554597309571419
arousal,physio_eeg_cov_riemannian_ridge,26,32,1.8308313362551563,2.093812448098848,0.6372965542491117,0.6458774795775594,0.5724777211085744,2.381569860407206,1.9339288935983878,1.8308313362551565,2.093812448098848,-0.06039952815628855,-0.04912023460410556,0.5,1.7189293581328962,0.6691670464973656
arousal,physio_eeg_cov_riemannian_ridge,27,32,1.4654543640599165,1.843581188685755,0.6235721857155573,0.5562344837468396,0.5166155346522144,1.71277370075559,1.7005233174066376,1.4654543640599165,1.843581188685755,-0.16173003280801734,-0.13069379580140084,0.375,1.3302540014938895,0.47015827745018335
arousal,physio_eeg_cov_riemannian_ridge,28,32,1.2858510134025343,1.6301178729513475,0.8531211202424238,0.713597607877604,0.7111009544046188,2.346664854106781,1.6335461724275184,1.2858510134025343,1.630117872951348,0.11207346061803182,-0.07954545454545453,0.6875,1.2832399966930983,0.23657188040699578
arousal,physio_eeg_cov_riemannian_ridge,29,32,1.0108295989048144,1.3642562606638091,0.7711057897002427,0.7848766006492484,0.7410393598676684,2.0832291640623697,1.65774764813405,1.0108295989048144,1.3642562606638091,0.14202902790816863,0.18585043988269795,0.75,1.33879307925565,0.26618332535437633
arousal,physio_eeg_cov_riemannian_ridge,30,32,0.7087130397576861,0.9807828834693679,0.8903210413541008,0.8995464835915098,0.8606777051351377,2.0707694071286644,1.6116002144647323,0.7087130397576861,0.9807828834693679,0.06925000502413176,0.14645770385037762,0.5625,0.9561639397658943,0.24793928549715596
arousal,physio_eeg_cov_riemannian_ridge,31,32,1.9583327479956911,2.293698263918932,0.7908885154938481,0.775477779066449,0.6016762634242154,3.2379584617471546,1.5516105543372993,1.9583327479956911,2.293698263918932,-0.01884284892770992,-0.01099706744868035,0.53125,2.1966185537351026,0.30721050765024166
arousal,physio_eeg_cov_riemannian_ridge,32,32,1.394952900438201,1.5818304884374197,0.7315928222135708,0.6743711897348114,0.6548436746182552,1.9833289565778038,1.6358651477925006,1.3949529004382009,1.5818304884374197,-0.17909838901007943,-0.09256713447364293,0.375,1.2823728733282098,0.290590227233227
arousal,physio_eeg_cov_riemannian_ridge,33,32,1.429825297242158,1.6003876077590367,0.5519445046664542,0.5687924216055594,0.5412269962916673,1.6366767968966873,1.6724133348800754,1.4298252972421577,1.6003876077590367,-0.01862722321806553,-0.04949133922353186,0.59375,1.5470529366384678,0.21931540900764118
arousal,physio_eeg_cov_riemannian_ridge,34,32,1.8539159035092347,2.1417016020825717,0.6737146393856566,0.6569437207313119,0.4833642875243363,2.373148949707961,1.3420759144104943,1.8539159035092347,2.1417016020825717,-0.2733104610614668,-0.2124461561484201,0.3125,1.287200102975002,0.9164206624792747
arousal,physio_eeg_cov_riemannian_ridge,35,32,1.5209295689010596,1.9270920491303687,0.4874280912230576,0.47693681986021613,0.41807455738225197,1.5783570373967988,1.7339856975200854,1.5209295689010598,1.9270920491303687,-0.3337000105659757,-0.357804052460497,0.40625,1.5253824941246354,0.364016724860035
arousal,physio_eeg_cov_riemannian_ridge,36,32,1.5135073220414932,1.7272834511319526,0.7879260089747199,0.7835259526828099,0.693152282888991,2.54644359843292,1.6795134728879533,1.5135073220414934,1.7272834511319528,-0.16829176246720073,-0.1315982404692082,0.3125,1.5074025758264085,0.34435577231650905
arousal,physio_eeg_cov_riemannian_ridge,37,32,1.3664061532609386,1.5434059693607094,0.4815367280927602,0.533913960867091,0.47164704172880734,1.346291201783626,1.6400417422302835,1.3664061532609386,1.5434059693607094,-0.03216855081461268,-0.033177527405404694,0.5625,1.5138866254987768,0.24509446798147266
arousal,physio_eeg_cov_riemannian_ridge,38,32,1.2199638084998572,1.6272748324905895,0.6870082384677915,0.6742620532699378,0.645168063737531,1.984313483298443,1.7659148207593283,1.2199638084998572,1.6272748324905895,-0.016652964409721683,0.00439882697947214,0.5625,1.3855566244123854,0.5443679736515874
arousal,physio_eeg_cov_riemannian_ridge,39,32,1.752794674310558,2.058887773831441,0.7874789911765513,0.6165321804455502,0.6549192392409127,2.9379986278928043,1.738648501851679,1.752794674310558,2.058887773831441,0.303513727018105,0.3035468805709954,0.46875,1.9867742000953235,0.44185790342118475
arousal,physio_eeg_cov_riemannian_ridge,40,32,2.621638216303305,3.154665311596103,0.4341618258026632,0.457336055540823,0.3041133734139061,3.059309562630104,1.6371880054802224,2.621638216303305,3.154665311596103,-0.07426010163781313,-0.09604105571847506,0.4375,2.710396573079377,0.41911194336439184
arousal,physio_eeg_cov_riemannian_ridge,41,32,1.783895622576913,2.2784054636220095,0.41172557247975505,0.43185204497091656,0.1779797944574377,0.81967981553775,1.6652067258491354,1.783895622576913,2.2784054636220095,0.026557130320353735,0.08981761562789116,0.75,1.4959771670373034,0.33035016806663015
arousal,physio_eeg_cov_riemannian_ridge,42,32,2.4533011702779817,2.9352328511182835,0.6658578663279069,0.6819534277812614,0.40414543003501124,2.2584476831443316,1.9429469886097614,2.4533011702779817,2.935232851118284,0.0044889063386997,0.027492668621700876,0.34375,1.660115463055621,0.5328792856899743
arousal,physio_eeg_cov_riemannian_ridge,43,32,1.6453422047989825,1.9254318986833856,0.8436507376040142,0.7898101290732681,0.6918167890811281,3.0045538354304786,1.6415940537539595,1.6453422047989827,1.9254318986833858,-0.04960927682189933,-0.011730205278592375,0.5,1.802734417937777,0.30820547458749536
arousal,physio_eeg_cov_riemannian_ridge,44,32,2.040995096824356,2.4949828096658755,0.5107922258130058,0.37494479928755825,0.42858857587704047,2.8111107680061274,1.6258278326829738,2.040995096824356,2.4949828096658755,-0.031297516781141455,-0.0009165062819172568,0.4375,2.4099202277826843,0.19770901260629903
arousal,physio_eeg_cov_riemannian_ridge,45,32,1.1618286494656878,1.4967213531349708,0.6317233494301084,0.6899666393142512,0.6214485186188725,1.6665364532466729,1.746587604094768,1.1618286494656878,1.4967213531349708,0.14591583070221653,-0.0049491339223531865,0.46875,1.4722953086219464,0.38462836995060157
arousal,physio_eeg_cov_riemannian_ridge,46,32,1.5793222976974608,2.0209959606178654,0.41504083336724135,0.4907661410582345,0.38521173016059473,1.885128891481959,1.6354713864379535,1.5793222976974608,2.020995960617865,0.11690899782822504,0.08541055718475073,0.53125,1.9285807571028841,0.25166712371067523
arousal,physio_eeg_cov_riemannian_ridge,47,32,2.106872878000364,2.5561203142525395,0.4704770564441698,0.44590090818201883,0.38956206810321115,2.7780880903059932,1.5950829634312955,2.106872878000364,2.5561203142525395,-0.29983499432656174,-0.33687683284457476,0.28125,2.3476946080537613,0.3335113267549983
arousal,physio_eeg_cov_riemannian_ridge,48,32,1.0477274759952304,1.2945830710879618,0.8240083134827966,0.8170787524460994,0.7755107209565604,2.1485369295173866,1.635112490693613,1.0477274759952304,1.294583071087962,0.3464468478438213,0.3079178885630498,0.59375,1.300879429561996,0.34586434582459497
arousal,physio_eeg_cov_riemannian_ridge,49,32,1.7249431442134304,2.0699432861012865,0.39789753570827674,0.3548199576972427,0.30097551545179857,1.3831434985206705,1.6760508365768059,1.7249431442134304,2.0699432861012865,0.04434325730622719,-0.02052974071494655,0.875,1.692520509403907,0.21074396293980588
arousal,physio_eeg_cov_riemannian_ridge,50,32,1.2841041900741166,1.4696062779627819,0.8663817339511297,0.859232370862478,0.7820001275140026,2.6485181588012567,1.6881473191637537,1.2841041900741166,1.4696062779627819,-0.018335774310923265,-0.021627565982404687,0.5,1.3910614610751582,0.4019853317566614
arousal,physio_eeg_cov_riemannian_ridge,52,32,1.7926885799029626,2.0968945577114053,0.4663665190742845,0.4756420683272877,0.4204630584265601,2.1277555663186503,1.607388327036567,1.7926885799029626,2.0968945577114053,0.0027397721512412835,-0.13124369957055118,0.40625,1.9522573515044046,0.336548203252721
arousal,physio_eeg_cov_riemannian_ridge,53,32,1.0458583953525995,1.252254164561818,0.8862473990181248,0.8838422658381023,0.8012663098982835,2.1863836437139756,1.631469715235189,1.0458583953525995,1.252254164561818,0.1516248307797876,0.1213454317258448,0.4375,1.0633145558549586,0.2828817769564978
arousal,physio_eeg_cov_riemannian_ridge,54,32,1.5200200892822193,1.713225931934645,0.6369628443191051,0.6655197874076059,0.6109711790038702,2.1928505991061042,1.6501183230293852,1.5200200892822193,1.713225931934645,0.07098111724727865,0.056823389478869925,0.5,1.6942831997212953,0.37657976069979027
arousal,physio_eeg_cov_riemannian_ridge,55,32,2.54107011956138,2.7636722374307503,0.768526585590964,0.6865663988340668,0.29621061771932083,1.2338804388999771,1.694997306391583,2.54107011956138,2.7636722374307503,0.04065238751852556,-0.026759530791788853,0.21875,0.9986088789050975,0.4710319072877717
arousal,physio_eeg_cov_riemannian_ridge,56,32,1.2994565582093314,1.5022194681119434,0.8305000061884844,0.7877766039954075,0.7506358884738626,2.4762544169571914,1.651570996403577,1.2994565582093314,1.5022194681119434,-0.17643297493105323,-0.23535881319635157,0.5,1.3444179697621401,0.3243325073585617
arousal,physio_eeg_cov_riemannian_ridge,57,32,1.6597829855352366,2.0040066918093156,0.45516092086911103,0.4679325494295283,0.42970871479001216,2.1485369295173866,1.547169785067593,1.6597829855352366,2.0040066918093156,0.5110368053570596,0.5615835777126098,0.6875,2.1643328274237774,0.3829244831219429
arousal,physio_eeg_cov_riemannian_ridge,58,32,1.1585481066764012,1.478601095271334,0.8353191507322238,0.7937570004831394,0.7603547274567957,2.3416657399167797,1.7731361967846686,1.1585481066764012,1.478601095271334,-0.0989667361302668,0.01539589442815249,0.71875,1.1332636003495442,0.535191844383713
arousal,physio_eeg_cov_riemannian_ridge,59,32,1.6426363457185138,2.158419537041337,0.6665009701837918,0.6106671630299877,0.5172024609602244,2.1648379702647493,1.7294622366822416,1.642636345718514,2.1584195370413366,0.13237266006803905,0.1315982404692082,0.5,1.6408958852975946,0.42077108486506204
arousal,physio_eeg_cov_riemannian_ridge,60,32,2.2500844160968736,2.576999123733758,0.7942852855350092,0.837552033779934,0.5573761674040072,3.201409601644251,1.6443504687409802,2.2500844160968736,2.576999123733758,-0.08323435078904164,-0.00439882697947214,0.28125,2.0713483906629713,0.401645167523701
arousal,physio_eeg_cov_riemannian_ridge,61,32,1.4832768881856495,1.7322728989250236,0.8973306127405528,0.8899510449794,0.746924246698808,2.9040650388722358,1.6992990836205315,1.483276888185649,1.7322728989250236,0.3559134621155509,0.3698680351906158,0.625,1.641778371653087,0.2514816163952468
arousal,physio_eeg_cov_riemannian_ridge,62,32,1.6519435166113112,2.086075893303559,0.8123269869887835,0.751900200995383,0.675108001634603,3.1017887984193897,1.7944086262780101,1.6519435166113112,2.086075893303559,0.3529667427504307,0.39941343765954046,0.5625,2.058781133828381,0.43027195702267174
arousal,physio_eeg_cov_riemannian_ridge,63,32,1.748645548298921,2.1621222375439784,0.7738090339546381,0.728916206486514,0.6420443231355162,3.1867339765816665,1.7001476559155397,1.7486455482989207,2.1621222375439784,0.08510977012949955,0.0813782991202346,0.5625,2.1644511428246234,0.2841859346465083
arousal,physio_eeg_cov_riemannian_ridge,64,32,1.2474705206604317,1.520775961880535,0.7629843581182248,0.7522254883893071,0.7291631116669383,2.3310070248714396,1.7504839775765244,1.2474705206604317,1.520775961880535,0.12714223445096315,0.1598240469208211,0.5,1.5037030977647274,0.40721220792850743
arousal,physio_eeg_cov_riemannian_ridge,65,32,1.7316335958918447,1.9659195181108715,0.8828197414338076,0.8387093169026243,0.7187633551012806,3.0744346533143294,1.8196094745007385,1.7381441892639453,1.9662644690181175,0.22122433429278088,0.13326001339076912,0.65625,1.7398221083540357,0.5298784702307949
arousal,physio_eeg_directed_connectivity_experimental_ridge,1,32,1.6379335869597655,1.9672303053671065,0.6039611052877075,0.5767283645703057,0.560626458772578,2.4348944407304396,1.6789238449547585,1.6379335869597655,1.9672303053671065,-0.05498419939515736,-0.11364677895773985,0.5,1.8730758315387523,0.45531247352561977
arousal,physio_eeg_directed_connectivity_experimental_ridge,2,32,2.3494198997925513,2.7535267314346976,0.7113628740023572,0.7446895680284773,0.4189185383365118,2.3048861143232218,1.6668652412258718,2.3494198997925513,2.753526731434698,-0.027043685481432662,-0.12096774193548386,0.5625,1.5829340702617387,0.3051468175201517
arousal,physio_eeg_directed_connectivity_experimental_ridge,3,32,1.7490643324033368,1.9479390850795621,0.6111439508823596,0.5854543268013433,0.45638907175368065,1.5194057226429023,1.7153412456764072,1.7490643324033368,1.9479390850795621,-0.009880920934692458,-0.07111436950146627,0.28125,1.353914241378173,0.4687386908105654
arousal,physio_eeg_directed_connectivity_experimental_ridge,5,32,1.3193862983238263,1.6326915758570502,0.7141006474802587,0.7476235512595651,0.6594088314988995,2.0832291640623697,1.73461545437566,1.3193862983238263,1.6326915758570502,0.21240368705334373,0.23717008797653957,0.6875,1.5102454224184472,0.22156557278348454
arousal,physio_eeg_directed_connectivity_experimental_ridge,6,32,3.1993010117509773,3.5944339289723515,0.3063711637763226,0.3485310221818377,0.0997717643554002,1.39159025488827,1.6792941350943975,3.1993010117509777,3.5944339289723515,-0.07101556736281882,-0.017961876832844573,0.71875,1.7901679019020869,0.2417903569845197
arousal,physio_eeg_directed_connectivity_experimental_ridge,7,32,1.5954812814828774,1.8882539310986506,0.6269877999637036,0.6964058786974545,0.35467927236032865,0.909477013178453,1.7183046927717283,1.5954812814828774,1.8882539310986506,-0.2999239204177309,-0.2962148303156574,0.28125,1.2461858921407156,0.26402917423826094
arousal,physio_eeg_directed_connectivity_experimental_ridge,8,32,1.8990024239641383,2.1104442937708647,0.7548010054545611,0.7607194115792952,0.5785991620500729,2.4929588343973914,1.6249972078672834,1.8990024239641383,2.1104442937708647,-0.021117410129254794,0.02382697947214076,0.40625,1.630470033705313,0.25321032047355474
arousal,physio_eeg_directed_connectivity_experimental_ridge,9,32,1.8895141650390856,2.1680117342795566,0.41537413469831425,0.31853593065820995,0.3938711896718397,1.96229099205495,1.873612128482154,1.8988628032324475,2.181280359403885,-0.021733320282081994,-0.045275410326712485,0.71875,1.898183074793325,0.825462493429923
arousal,physio_eeg_directed_connectivity_experimental_ridge,10,32,1.368896620927198,1.6732603678178746,0.7669477491425505,0.6780282070516769,0.7080257554050943,2.567069097239106,1.724242042369018,1.368896620927198,1.6732603678178746,0.2663393853916727,0.30867931574973206,0.6875,1.7129972872947774,0.2388777157834627
arousal,physio_eeg_directed_connectivity_experimental_ridge,11,32,1.6809335316550125,2.028455385137227,0.44026416529395856,0.4353767217775774,0.404252603057783,1.8874586088176875,1.679967273361932,1.6809335316550122,2.028455385137227,0.08692671205696917,0.037210155045840625,0.5,1.9006477694544375,0.25230929387921675
arousal,physio_eeg_directed_connectivity_experimental_ridge,12,32,1.040612797251661,1.2652844956448541,0.6763786582645614,0.6134256255153465,0.6195194498035814,1.1575161985907585,1.6647609819733709,1.040612797251661,1.265284495644854,0.08315655455749961,0.09696636462684576,0.5625,1.2274284576871455,0.19352052486473076
arousal,physio_eeg_directed_connectivity_experimental_ridge,13,32,2.062899396948133,2.392695595804173,0.532293680477529,0.4735813558790761,0.2763025442815654,1.243734296383275,1.650797576114334,2.062899396948133,2.392695595804173,-0.06645204809564663,-0.09237536656891496,0.625,1.4088788982214433,0.23814781666109144
arousal,physio_eeg_directed_connectivity_experimental_ridge,14,32,1.5100827929482143,1.6712485640383998,0.8704107881682731,0.8284536869227908,0.6256437278831046,1.6393596310755,1.6356695851106646,1.5100827929482143,1.6712485640383996,0.20594626803481372,0.2408357771260997,0.71875,0.8494495885699882,0.23840371112480796
arousal,physio_eeg_directed_connectivity_experimental_ridge,15,32,1.4606580175555424,1.7345970113019051,0.681620157997496,0.694985254417022,0.6236699156901259,2.214123697989794,1.651995056884751,1.4606580175555428,1.7345970113019051,0.028329109357416213,-0.06323893345229072,0.4375,1.6186477056527644,0.21065899483643172
arousal,physio_eeg_directed_connectivity_experimental_ridge,16,32,1.0778793459303375,1.3627308600479773,0.8547461630818672,0.7934494922986769,0.786749239178585,2.4486922530199666,1.6366829618428917,1.0778793459303375,1.3627308600479773,0.17471966409663287,0.14939052395251284,0.59375,1.371204820434612,0.21075871308529545
arousal,physio_eeg_directed_connectivity_experimental_ridge,17,32,1.2848098246235569,1.5872616230362937,0.8240257971038828,0.7899685957580568,0.7118515376533319,2.3747943989954163,1.5902790342783213,1.2848098246235569,1.5872616230362937,-0.348588502716134,-0.3246265250550923,0.34375,1.3129056407007988,0.19835648711349388
arousal,physio_eeg_directed_connectivity_experimental_ridge,18,32,1.8993235614243218,2.257562980452996,0.6530573653988286,0.609719463230138,0.5677293208883343,2.9679275176459416,1.726754823024159,1.899323561424322,2.257562980452996,-0.25112340809338785,-0.26429618768328444,0.5625,2.1200614760696554,0.40854743909785346
arousal,physio_eeg_directed_connectivity_experimental_ridge,19,32,1.3372672030304305,1.7151189892568417,0.6749119619520517,0.7306549167084387,0.5974649174184362,1.9354828209002528,1.6712089032515756,1.3372672030304305,1.7151189892568417,0.041291547510857216,-0.009165062819172566,0.6875,1.4699453361764527,0.18656319095649188
arousal,physio_eeg_directed_connectivity_experimental_ridge,20,32,1.2999674967610368,1.6556259254524988,0.8137222638847708,0.8274601111147751,0.6867529139516189,2.1423920626253263,1.723585226545975,1.2999674967610366,1.6556259254524988,0.11928723449781643,0.05737329324802026,0.40625,1.2400897101370107,0.33542520588227526
arousal,physio_eeg_directed_connectivity_experimental_ridge,21,32,1.2217449818814006,1.5999006374054505,0.8384868719072092,0.7304534800481652,0.7605266720951793,2.745557491202834,1.7655764111112733,1.2217449818814006,1.5999006374054503,0.22663727842757936,0.16202346041055718,0.5,1.631799589761145,0.3546020263059114
arousal,physio_eeg_directed_connectivity_experimental_ridge,22,32,1.9657957062933076,2.224079880444491,0.7190401152749769,0.6861368772880861,0.5913928638282903,3.0355961111452228,1.6399997865270073,1.9657957062933074,2.224079880444491,-0.07643828028097457,-0.06341642228739001,0.5625,2.143575596227557,0.25694376828892806
arousal,physio_eeg_directed_connectivity_experimental_ridge,23,32,1.2067709662818926,1.5141377045068871,0.8122084790927345,0.7885624980525022,0.7165673672852366,2.108159371940366,1.6925323173500986,1.2067709662818926,1.5141377045068871,-0.06063444807567391,-0.017047016843660976,0.59375,1.1590966729438268,0.3472215248765032
arousal,physio_eeg_directed_connectivity_experimental_ridge,24,32,1.3507062086378028,1.5262614819946956,0.8699523139455637,0.8243961220545967,0.7669125244138149,2.706870598587971,1.6273907457815369,1.3507062086378028,1.5262614819946958,-0.08354108128509158,-0.13435982092906984,0.4375,1.4823221092336487,0.23545409201580222
arousal,physio_eeg_directed_connectivity_experimental_ridge,25,32,1.8114244708819078,2.176278309366733,0.74240438283124,0.7455196603231461,0.5941026159635726,3.0413812651491097,1.53508592688831,1.811424470881908,2.1762783093667335,0.15736348368273326,0.13563049853372433,0.4375,2.18923247648393,0.33086630227779396
arousal,physio_eeg_directed_connectivity_experimental_ridge,26,32,1.7045247305385254,1.9424833772428265,0.6968272595436806,0.7050166663896744,0.6067507957505582,2.381569860407206,1.7540366809609285,1.7045247305385254,1.9424833772428267,0.13884700741390577,0.14222873900293254,0.6875,1.7189293581328962,0.40886267827248524
arousal,physio_eeg_directed_connectivity_experimental_ridge,27,32,1.1834561794162872,1.472588125894988,0.6773115433756486,0.6301371480858917,0.6336227954623378,1.71277370075559,1.6163912031573966,1.1834561794162872,1.472588125894988,0.04806279879263609,0.09623315960131196,0.65625,1.3302540014938895,0.23868012983752518
arousal,physio_eeg_directed_connectivity_experimental_ridge,28,32,1.3144149130481555,1.599268132529771,0.8438721712080298,0.7247269387961286,0.7234402899526703,2.346664854106781,1.6892682432539514,1.3144149130481555,1.599268132529771,0.051382729467693074,-0.010263929618768328,0.6875,1.2832399966930983,0.2321896922761693
arousal,physio_eeg_directed_connectivity_experimental_ridge,29,32,1.0359572950780562,1.3740567845714777,0.7555971452324829,0.7659281004678937,0.7266486564742279,2.0832291640623697,1.5942457683451696,1.0359572950780562,1.3740567845714777,-0.0158363478573886,-0.07331378299120234,0.65625,1.33879307925565,0.2445026672671727
arousal,physio_eeg_directed_connectivity_experimental_ridge,30,32,0.7993856945204084,0.9745564175010455,0.8864840830740903,0.8607600680469341,0.8653071747861757,2.0707694071286644,1.6619086013234672,0.7993856945204084,0.9745564175010455,0.03406908573756786,-0.07075428496401223,0.34375,0.9561639397658943,0.22043967394413289
arousal,physio_eeg_directed_connectivity_experimental_ridge,31,32,2.0215270184973386,2.3446792777266077,0.7478759101921103,0.7015600572199501,0.5824535370148642,3.2379584617471546,1.5834069794429768,2.0215270184973386,2.3446792777266077,-0.22304426224786755,-0.21370967741935482,0.46875,2.1966185537351026,0.3689720219218166
arousal,physio_eeg_directed_connectivity_experimental_ridge,32,32,1.4117997206759227,1.6675930282681841,0.7273003708529208,0.6814151988634323,0.6333732339693656,1.9833289565778038,1.6652411055719434,1.4262389817627974,1.6868003155737399,-0.14076099654511512,-0.09128402567895877,0.375,1.2823728733282098,0.3919769488649534
arousal,physio_eeg_directed_connectivity_experimental_ridge,33,32,1.378431359510377,1.5437311499850317,0.5662078487439327,0.5743834349240938,0.5571655735043087,1.6366767968966873,1.6177724185109672,1.378431359510377,1.5437311499850317,0.24020934287767484,0.2102465410718187,0.625,1.5470529366384678,0.16607423002651925
arousal,physio_eeg_directed_connectivity_experimental_ridge,34,32,1.3071209724788293,1.4871143745958686,0.8491241974686293,0.8421399936771214,0.7371065316960718,2.373148949707961,1.5385548959418214,1.3071209724788293,1.4871143745958686,-0.11737107760267511,-0.010998075383007082,0.375,1.287200102975002,0.25419736144529637
arousal,physio_eeg_directed_connectivity_experimental_ridge,35,32,1.3413616784310745,1.7951943210898214,0.5184316740315267,0.4814168526103707,0.4713471250734852,1.5783570373967988,1.7557651386825313,1.3413616784310745,1.7951943210898214,-0.3057575150764928,-0.1435248837482424,0.40625,1.5253824941246354,0.3025474735106439
arousal,physio_eeg_directed_connectivity_experimental_ridge,36,32,1.4063001736803855,1.6464863578940123,0.8369988381872059,0.8366620463548248,0.7243746261026256,2.54644359843292,1.6713653501119006,1.4063001736803855,1.6464863578940123,0.2598720554859825,0.3713343108504399,0.5,1.5074025758264085,0.20617489097932917
arousal,physio_eeg_directed_connectivity_experimental_ridge,37,32,1.4873043148277256,1.6789918833915487,0.4676089984471725,0.5289597271117218,0.4474032350951156,1.346291201783626,1.8127424798284064,1.4873043148277254,1.6789918833915485,-0.16749340355598677,-0.18605077522920313,0.34375,1.5138866254987768,0.5136355108775243
arousal,physio_eeg_directed_connectivity_experimental_ridge,38,32,1.2024106464165625,1.5276825861274521,0.6774542245342584,0.7109995014117781,0.6656300232571534,1.984313483298443,1.7280314788083477,1.2024106464165625,1.5276825861274523,-0.2519106011221437,-0.1997800586510264,0.5625,1.3855566244123854,0.34358930170760527
arousal,physio_eeg_directed_connectivity_experimental_ridge,39,32,1.7196785476751493,2.048367016580043,0.76134074928477,0.5987835267660572,0.6304872762347711,2.9379986278928043,1.600301520241518,1.7196785476751493,2.048367016580043,-0.01627624585865673,-0.04600861535224628,0.5,1.9867742000953235,0.26331143385643047
arousal,physio_eeg_directed_connectivity_experimental_ridge,40,32,2.3871234910732784,2.840453910716217,0.5108121088883679,0.5146200641349662,0.3984864426448838,3.059309562630104,1.7101295843288364,2.387123491073279,2.840453910716217,0.31277225051740243,0.3537390029325513,0.59375,2.710396573079377,0.2897255097499569
arousal,physio_eeg_directed_connectivity_experimental_ridge,41,32,1.9636569211903943,2.45448445627044,0.42902454795055245,0.4713705811616513,0.1635943181171817,0.81967981553775,1.6753881329020495,1.9636569211903943,2.45448445627044,-0.026716962597716106,0.03849326384052478,0.5,1.4959771670373034,0.21322546263429323
arousal,physio_eeg_directed_connectivity_experimental_ridge,42,32,2.255750599226677,2.6909140107581355,0.6641624184251458,0.6696960949289837,0.4134655446965088,2.2584476831443316,1.7014966844937625,2.255750599226677,2.690914010758136,-0.04875969005922909,-0.0813782991202346,0.40625,1.660115463055621,0.2956661993949784
arousal,physio_eeg_directed_connectivity_experimental_ridge,43,32,1.6234212429400712,1.8221028712354665,0.8661190524546688,0.8229238743027413,0.7146680533154575,3.0045538354304786,1.5977623261962803,1.623421242940071,1.8221028712354665,0.06772780140599358,0.01686217008797654,0.46875,1.802734417937777,0.2939266749744058
arousal,physio_eeg_directed_connectivity_experimental_ridge,44,32,1.9962143636457832,2.528466041317981,0.4748834227446722,0.3305262516367674,0.41223985439034777,2.8111107680061274,1.6794579253798965,1.9962143636457834,2.528466041317981,-0.27982387234333744,-0.24507377978467446,0.46875,2.4099202277826843,0.26690925641144936
arousal,physio_eeg_directed_connectivity_experimental_ridge,45,32,1.123381874574322,1.4636737450615804,0.6099947138960964,0.6262116400457199,0.6084766823363238,1.6665364532466729,1.6375855159399537,1.123381874574322,1.4636737450615804,0.13339218624231836,0.19338282548454117,0.59375,1.4722953086219464,0.1745187515012252
arousal,physio_eeg_directed_connectivity_experimental_ridge,46,32,1.5443888160420258,1.9562361281425629,0.38876893866466355,0.4228081138537762,0.3782398120902077,1.885128891481959,1.5882697899718428,1.5443888160420258,1.9562361281425629,0.02050446152452977,0.05865102639296187,0.46875,1.9285807571028841,0.213989258449497
arousal,physio_eeg_directed_connectivity_experimental_ridge,47,32,2.132304222560103,2.5863189765442223,0.5216799219693034,0.46018903549371903,0.43093690013724345,2.7780880903059932,1.747580943184478,2.1323042225601037,2.5863189765442223,-0.1184011343968005,-0.15799120234604103,0.34375,2.3476946080537613,0.243534655057117
arousal,physio_eeg_directed_connectivity_experimental_ridge,48,32,1.0936083090678215,1.363943029477961,0.7873415077590165,0.8270634215187606,0.7453010260393411,2.1485369295173866,1.6090184311677151,1.0936083090678215,1.3639430294779613,-0.010683819639387368,-0.08504398826979472,0.53125,1.300879429561996,0.24939236539028362
arousal,physio_eeg_directed_connectivity_experimental_ridge,49,32,2.072354990879563,2.431552254787175,0.3682607243842366,0.310821527604929,0.22165899623918853,1.3831434985206705,1.6528370062760143,2.072354990879563,2.431552254787175,-0.09080899624331024,-0.11951241916201029,0.5,1.692520509403907,0.19297855887682533
arousal,physio_eeg_directed_connectivity_experimental_ridge,50,32,1.254594512141677,1.437280198820228,0.8918463214292558,0.8714621177843939,0.7863220316904933,2.6485181588012567,1.6091651093811028,1.2545945121416768,1.4372801988202277,-0.029245961914778146,-0.06414956011730204,0.4375,1.3910614610751582,0.2214980198967053
arousal,physio_eeg_directed_connectivity_experimental_ridge,52,32,1.8328342590761504,2.165996650246272,0.4804348079645791,0.49697546842777063,0.42750042494551804,2.1277555663186503,1.7135261931462709,1.8328342590761504,2.165996650246272,-0.08444656057046711,-0.12757767444288215,0.375,1.9522573515044046,0.25476865249336494
arousal,physio_eeg_directed_connectivity_experimental_ridge,53,32,0.9005764113612704,1.1060390816419599,0.8918680074037847,0.8784620337412706,0.8336490008814886,2.1863836437139756,1.5719611749291693,0.9005764113612703,1.1060390816419599,0.11616007608483096,0.13894235233865612,0.59375,1.0633145558549586,0.19708713616834458
arousal,physio_eeg_directed_connectivity_experimental_ridge,54,32,1.4766359358284222,1.738044068189112,0.6407618342517563,0.6670111482757463,0.6084499827582962,2.1928505991061042,1.6704117179856788,1.4766359358284222,1.738044068189112,0.020627987299666774,-0.04692512163416355,0.46875,1.6942831997212953,0.2228878397406053
arousal,physio_eeg_directed_connectivity_experimental_ridge,55,32,2.2873151850966416,2.5092451308431305,0.8017031528556228,0.7070609182022479,0.34960831304064366,1.2338804388999771,1.7107095618338743,2.2873151850966416,2.5092451308431305,0.08431477583411612,0.031524926686217,0.625,0.9986088789050975,0.3569059250254535
arousal,physio_eeg_directed_connectivity_experimental_ridge,56,32,1.2431371862063167,1.4928860781181392,0.8486122643555374,0.8074478219043623,0.7592094512537352,2.4762544169571914,1.6720179775577275,1.2431371862063167,1.4928860781181392,-0.027473160963079814,-0.014480799254292657,0.5625,1.3444179697621401,0.2701391209851403
arousal,physio_eeg_directed_connectivity_experimental_ridge,57,32,1.7719073657522206,2.1608614235704233,0.4122819206620411,0.4414809483073177,0.38796352739758405,2.1485369295173866,1.670707105026604,1.7719073657522206,2.1608614235704233,0.2654355172634912,0.2448680351906158,0.53125,2.1643328274237774,0.26897196649770333
arousal,physio_eeg_directed_connectivity_experimental_ridge,58,32,1.2435006609169772,1.5286783482023647,0.8770025488206423,0.8307901764161781,0.7346370179558299,2.3416657399167797,1.575102950517638,1.2435006609169772,1.5286783482023647,-0.21985587750427243,-0.20821114369501464,0.59375,1.1332636003495442,0.27308001771263685
arousal,physio_eeg_directed_connectivity_experimental_ridge,59,32,1.6038705535525928,2.1577694387608557,0.6694045882583741,0.6619132630706489,0.5144565421404345,2.1648379702647493,1.7021059342543357,1.6038705535525928,2.1577694387608557,0.12556500444552499,0.13196480938416422,0.34375,1.6408958852975946,0.22550226457876346
arousal,physio_eeg_directed_connectivity_experimental_ridge,60,32,2.0874514470975205,2.43319959407801,0.8146288120398374,0.8523016126182341,0.6014873025808978,3.201409601644251,1.7132027622137485,2.0874514470975205,2.43319959407801,0.10482178186749606,0.10740469208211142,0.5625,2.0713483906629713,0.286511685001819
arousal,physio_eeg_directed_connectivity_experimental_ridge,61,32,1.5814987768571085,1.8492137348203948,0.8698788092577172,0.8567553721071629,0.7125863198567532,2.9040650388722358,1.6780665499775567,1.5814987768571085,1.8492137348203948,-0.02894430070576797,0.003665689149560117,0.5625,1.641778371653087,0.23196360560345924
arousal,physio_eeg_directed_connectivity_experimental_ridge,62,32,1.7690417377248586,2.193391753252281,0.7947801098721903,0.6783717332831091,0.6374932072805355,3.1017887984193897,1.7159420476112,1.7690417377248586,2.193391753252281,0.18153662832257095,0.17120337346214357,0.4375,2.058781133828381,0.29476489157913227
arousal,physio_eeg_directed_connectivity_experimental_ridge,63,32,1.730630506761384,2.1879846721270337,0.7757487619429431,0.7388256555681607,0.6256683068688632,3.1867339765816665,1.6183751851058663,1.7306305067613843,2.1879846721270337,-0.045175062578364546,-0.07111436950146627,0.65625,2.1644511428246234,0.2145301383156914
arousal,physio_eeg_directed_connectivity_experimental_ridge,64,32,1.2912132251296544,1.5342457963158171,0.7576643787337318,0.7514777493352423,0.704333094661233,2.3310070248714396,1.5875039551526806,1.2912132251296544,1.534245796315817,-0.04793897172685474,-0.11546920821114366,0.46875,1.5037030977647274,0.2285597053524282
arousal,physio_eeg_directed_connectivity_experimental_ridge,65,32,1.9238357479977892,2.100061275880712,0.8892070949807792,0.8526844298865126,0.6778628696574226,3.0744346533143294,1.6973320517032877,1.923835747997789,2.1000612758807113,0.07532118561912438,0.04545871158309594,0.59375,1.7398221083540357,0.3381995993109961
arousal,physio_eeg_entropy_complexity_ridge,1,32,1.563239257976256,1.948012581147,0.6063851574473448,0.5937726978630999,0.5668518605412405,2.4348944407304396,1.6817364675985933,1.5632392579762557,1.948012581147,-0.09860671042864431,-0.15580606792593363,0.5,1.8730758315387523,0.37791680253478643
arousal,physio_eeg_entropy_complexity_ridge,2,32,2.039446310518417,2.486359738410167,0.7196055465279139,0.78986752627939,0.4837322406393962,2.3048861143232218,1.7461598154508495,2.039446310518417,2.486359738410167,0.028204606739739083,0.06268328445747799,0.78125,1.5829340702617387,0.30056577552152763
arousal,physio_eeg_entropy_complexity_ridge,3,32,1.0427993131474254,1.386529254962887,0.6197886022382325,0.5752472868844986,0.6152457824633573,1.5194057226429023,1.6322098412260855,1.1423319671865475,1.5622036103094439,-0.028564966106084385,0.126099706744868,0.8125,1.353914241378173,0.6991012654193655
arousal,physio_eeg_entropy_complexity_ridge,5,32,1.3860639134371788,1.5881379022946542,0.6633528398544427,0.696500802808075,0.6407704654465838,2.0832291640623697,1.6277782323107082,1.3860639134371786,1.5881379022946545,-0.2748130555844115,-0.33284457478005863,0.6875,1.5102454224184472,0.20303697420569788
arousal,physio_eeg_entropy_complexity_ridge,6,32,3.3028145429393816,3.7035334441957675,0.3104922894073384,0.33274058831661246,0.09441586283229811,1.39159025488827,1.6548418958192406,3.3028145429393816,3.7035334441957675,0.013978022676841529,-0.10117302052785922,0.65625,1.7901679019020869,0.22728143650925714
arousal,physio_eeg_entropy_complexity_ridge,7,32,1.439388692847849,1.7124454890495475,0.6847716220397015,0.6966013884893404,0.412951414034581,0.909477013178453,1.6561167367645115,1.439388692847849,1.7124454890495473,0.17307194665670686,0.18898359533133835,0.40625,1.2461858921407156,0.1911153334377671
arousal,physio_eeg_entropy_complexity_ridge,8,32,2.080250149058024,2.267731051091717,0.7700804762882225,0.7837369281587139,0.562581241172517,2.4929588343973914,1.722620933760162,2.080250149058024,2.267731051091717,0.18430307687446595,0.24926686217008792,0.25,1.630470033705313,0.30615780522959163
arousal,physio_eeg_entropy_complexity_ridge,9,32,1.639136374602827,2.0001144617923097,0.443108665660937,0.39487385059247,0.4307010940686618,1.96229099205495,1.7403703529486727,1.6391363746028267,2.0001144617923097,-0.08597819598863389,0.03482723871285576,0.625,1.898183074793325,0.36260990925306136
arousal,physio_eeg_entropy_complexity_ridge,10,32,1.4389447594765434,1.7411792511258362,0.7449914437946495,0.6231278860335886,0.6697892986916096,2.567069097239106,1.6077376720169865,1.4389447594765434,1.7411792511258362,-0.09470766470177099,-0.10998075383007082,0.5,1.7129972872947774,0.18011986328768684
arousal,physio_eeg_entropy_complexity_ridge,11,32,1.63671443027856,1.9541594561828084,0.44537551709815276,0.4400301711339003,0.4363249782963944,1.8874586088176875,1.7581969034830989,1.63671443027856,1.9541594561828084,-0.0006975215491432753,-0.09128402567895877,0.65625,1.9006477694544375,0.29076599974567274
arousal,physio_eeg_entropy_complexity_ridge,12,32,1.391547388682218,1.6620733723091985,0.6551757426780731,0.5826472041652593,0.4959387680643278,1.1575161985907585,1.7919680549323993,1.391547388682218,1.6620733723091985,-0.4067855626213422,-0.46870131257248515,0.34375,1.2274284576871455,0.259475323158535
arousal,physio_eeg_entropy_complexity_ridge,13,32,1.4577164576430475,1.780388531846952,0.512195310851406,0.42710305641275326,0.3842181514108611,1.243734296383275,1.5523418548982146,1.4577164576430475,1.780388531846952,0.1081938380275398,0.11290322580645161,0.875,1.4088788982214433,0.2833679015811212
arousal,physio_eeg_entropy_complexity_ridge,14,32,1.2609651852360533,1.4507634345980933,0.8623580493308834,0.8018020277603449,0.6856495126270443,1.6393596310755,1.6236386538521197,1.2609651852360533,1.4507634345980933,0.1006516507114309,0.09310850439882698,0.9375,0.8494495885699882,0.2223316698515166
arousal,physio_eeg_entropy_complexity_ridge,15,32,1.2797759703709919,1.6069131184633505,0.6946008509556522,0.6953570036838937,0.6608834548118507,2.214123697989794,1.6360384488055433,1.2797759703709919,1.6069131184633505,0.19130876535825522,0.16845385461639178,0.71875,1.6186477056527644,0.15931867035474043
arousal,physio_eeg_entropy_complexity_ridge,16,32,1.1727462391747512,1.3876937237713707,0.8618802947148864,0.8034462894484968,0.7824049772313428,2.4486922530199666,1.6404339211494643,1.1727462391747512,1.3876937237713707,0.2535001738438953,0.16973696341107594,0.5,1.371204820434612,0.28813549918115056
arousal,physio_eeg_entropy_complexity_ridge,17,32,1.2915166358886712,1.5455388090688749,0.8628555250993043,0.8180621562760659,0.7314289238247644,2.3747943989954163,1.587371667629915,1.2915166358886714,1.5455388090688749,0.2129804307430673,0.188433691562188,0.34375,1.3129056407007988,0.1875123368243504
arousal,physio_eeg_entropy_complexity_ridge,18,32,1.8368722275651939,2.135301176564349,0.7237036533969635,0.7030665499458093,0.5996144843263889,2.9679275176459416,1.5895272756746197,1.8368722275651939,2.135301176564349,0.040665137445010095,0.08907624633431084,0.53125,2.1200614760696554,0.22646745745478894
arousal,physio_eeg_entropy_complexity_ridge,19,32,1.5739917063175053,1.9947826132206097,0.6436514760625949,0.7029700913953694,0.5023321134662755,1.9354828209002528,1.6120272824885922,1.5739917063175053,1.99478261322061,-0.1009264001859522,-0.11914581664924338,0.40625,1.4699453361764527,0.28701136939195093
arousal,physio_eeg_entropy_complexity_ridge,20,32,1.1542084612810521,1.5246431730116219,0.8127887673252782,0.8313579716651138,0.7200189040500043,2.1423920626253263,1.7165046223028222,1.1542084612810521,1.524643173011622,0.07572985854828261,0.05334066560758434,0.53125,1.2400897101370107,0.265048943898417
arousal,physio_eeg_entropy_complexity_ridge,21,32,1.3706254650217478,1.7297138285568792,0.8279920997106149,0.7222649569597271,0.7201210193762317,2.745557491202834,1.6931560560063335,1.3706254650217478,1.729713828556879,0.01029496300414178,0.03005865102639296,0.53125,1.631799589761145,0.22721000310469594
arousal,physio_eeg_entropy_complexity_ridge,22,32,2.201913939505549,2.6048831885795622,0.7273350883844104,0.6791431956187586,0.5425581275290313,3.0355961111452228,1.822545338034706,2.206052048258831,2.6065764155038154,0.1760901668238374,0.20454545454545453,0.4375,2.143575596227557,0.557355477529278
arousal,physio_eeg_entropy_complexity_ridge,23,32,1.1164756279262726,1.3461505540963974,0.8404016557060104,0.8070733548142982,0.7618089648984495,2.108159371940366,1.635639543221688,1.1164756279262726,1.3461505540963974,0.1290090272944218,0.1013655947800486,0.6875,1.1590966729438268,0.2022667103324654
arousal,physio_eeg_entropy_complexity_ridge,24,32,1.3967660597735336,1.5494196264344189,0.8766410634010279,0.8390347585217383,0.7624393289216919,2.706870598587971,1.6234897545002651,1.3967660597735336,1.5494196264344189,-0.002154757065344569,0.08303546914170347,0.4375,1.4823221092336487,0.24311071171225782
arousal,physio_eeg_entropy_complexity_ridge,25,32,1.8964801904603292,2.2565062089727768,0.6965159045612872,0.7156839560580875,0.5809785070310423,3.0413812651491097,1.6663450366041317,1.8964801904603292,2.2565062089727768,-0.04020233642667195,-0.03995601173020528,0.46875,2.18923247648393,0.33841595473712754
arousal,physio_eeg_entropy_complexity_ridge,26,32,1.7081022014410432,2.013703631486297,0.6595132570893575,0.6648795789466979,0.5765147516231839,2.381569860407206,1.7573019583899607,1.7081022014410432,2.013703631486297,-0.0271748279228553,-0.007697947214076245,0.5625,1.7189293581328962,0.48914456504814224
arousal,physio_eeg_entropy_complexity_ridge,27,32,1.2202352086028232,1.5400655341097385,0.6295837687437789,0.5768149725501199,0.6012584068871694,1.71277370075559,1.658305422995981,1.2202352086028232,1.5400655341097382,-0.33772083145533516,-0.4008798477106081,0.59375,1.3302540014938895,0.28518988910156723
arousal,physio_eeg_entropy_complexity_ridge,28,32,1.210597687892009,1.5361787280385342,0.8360926477123254,0.7266132660704547,0.72600334386014,2.346664854106781,1.5934607969190786,1.210597687892009,1.5361787280385342,-0.1930819337537546,-0.2914222873900293,0.8125,1.2832399966930983,0.20808613587590813
arousal,physio_eeg_entropy_complexity_ridge,29,32,1.117640636593814,1.4800691420720244,0.7409468640919368,0.74549344340957,0.6969136536810896,2.0832291640623697,1.631633082085286,1.117640636593814,1.4800691420720244,-0.20229470564964142,-0.16752199413489735,0.53125,1.33879307925565,0.22515173293458238
arousal,physio_eeg_entropy_complexity_ridge,30,32,0.8288949961050064,1.061138369547094,0.8765679214149191,0.8533011419806693,0.8378693989060424,2.0707694071286644,1.6029060346892663,0.8288949961050064,1.061138369547094,-0.19612924049504382,-0.22619375037717898,0.46875,0.9561639397658943,0.21149003284242793
arousal,physio_eeg_entropy_complexity_ridge,31,32,2.036560202005085,2.336441662928347,0.7527895847991418,0.7256350404167742,0.5878093448868082,3.2379584617471546,1.596883956996283,2.036560202005085,2.336441662928347,-0.3677099861183983,-0.38306451612903225,0.53125,2.1966185537351026,0.2300076970583318
arousal,physio_eeg_entropy_complexity_ridge,32,32,1.3317866843386708,1.5815976349559526,0.7504276689270446,0.707366811442562,0.6735913563407473,1.9833289565778038,1.7341764400329542,1.3321035156367564,1.5817989612212797,0.07560805383191371,0.07368710506614745,0.46875,1.2823728733282098,0.4762663046803569
arousal,physio_eeg_entropy_complexity_ridge,33,32,1.468377750068043,1.6462729054626517,0.5275879756660448,0.5335690376987932,0.5204643217323802,1.6366767968966873,1.7032793835250433,1.468377750068043,1.6462729054626515,-0.26285314077914124,-0.22747685917186314,0.59375,1.5470529366384678,0.23392104591671994
arousal,physio_eeg_entropy_complexity_ridge,34,32,1.6865863703221717,1.8491784455201816,0.8414358338468042,0.8590945820453997,0.6514373835654739,2.373148949707961,1.6001972490179608,1.6865863703221717,1.8491784455201818,-0.0037594380802666587,-0.03134451484157018,0.34375,1.287200102975002,0.3758057274426243
arousal,physio_eeg_entropy_complexity_ridge,35,32,1.1960403958359884,1.534732957759339,0.5696563214140634,0.5691508273008998,0.5581067615320875,1.5783570373967988,1.6543119200639074,1.1960403958359884,1.534732957759339,0.1799923168140166,0.22197782148035958,0.625,1.5253824941246354,0.3157316758141808
arousal,physio_eeg_entropy_complexity_ridge,36,32,1.394116599712549,1.5885095671984915,0.8260148036487672,0.8416609123100317,0.7258682674140491,2.54644359843292,1.588277127807692,1.394116599712549,1.5885095671984915,-0.015379623382911631,-0.01063049853372434,0.5625,1.5074025758264085,0.20857004698095086
arousal,physio_eeg_entropy_complexity_ridge,37,32,1.3265988127135295,1.5096662251887767,0.490957204606111,0.531627391441536,0.4824428019458521,1.346291201783626,1.607077109393933,1.3265988127135295,1.5096662251887767,0.10472144764477316,0.0032994226149021238,0.53125,1.5138866254987768,0.22189260723775933
arousal,physio_eeg_entropy_complexity_ridge,38,32,1.1752844644995801,1.4254711194996015,0.701316174658419,0.7202766347809298,0.6779435801476129,1.984313483298443,1.5368245974729056,1.1752844644995801,1.4254711194996015,0.0201090271822831,0.08211143695014662,0.53125,1.3855566244123854,0.3487251702886215
arousal,physio_eeg_entropy_complexity_ridge,39,32,1.754010029184765,2.109584594013494,0.7394246604668056,0.5845846038224627,0.6241782576588154,2.9379986278928043,1.7011597964480356,1.7540100291847651,2.109584594013494,-0.029269979106741544,-0.09403354452471054,0.53125,1.9867742000953235,0.3784180051825572
arousal,physio_eeg_entropy_complexity_ridge,40,32,2.594894891727504,3.0664130273031867,0.4617224020699356,0.5024518923747725,0.3324204778941564,3.059309562630104,1.6573403334149044,2.594894891727504,3.0664130273031867,-0.002914634886191985,-0.16129032258064516,0.46875,2.710396573079377,0.2710388774951495
arousal,physio_eeg_entropy_complexity_ridge,41,32,2.3985264118749274,2.836821745256709,0.4237223884967027,0.4145372224131203,0.12813112832927137,0.81967981553775,1.7025972385419612,2.3985264118749283,2.836821745256709,-0.009688392042806852,-0.3145449559540025,0.0625,1.4959771670373034,0.373183914069828
arousal,physio_eeg_entropy_complexity_ridge,42,32,2.386923742241212,2.8313376817709366,0.6480598452769676,0.6722961352309821,0.38601635914059285,2.2584476831443316,1.7217778052252222,2.386923742241212,2.8313376817709366,-0.17253505163614513,-0.08834310850439882,0.375,1.660115463055621,0.3061447513197049
arousal,physio_eeg_entropy_complexity_ridge,43,32,1.6990492311512997,1.9775024402054275,0.8348622665107732,0.7881071364614665,0.6597889894427503,3.0045538354304786,1.5117011262558204,1.6990492311512997,1.9775024402054278,-0.39180080154117536,-0.4083577712609971,0.40625,1.802734417937777,0.2824958882443095
arousal,physio_eeg_entropy_complexity_ridge,44,32,2.0054039848658274,2.4784985205856698,0.4960004195155445,0.36132062290727374,0.41834802276902494,2.8111107680061274,1.5843890848109297,2.0054039848658274,2.4784985205856698,-0.16794608662044158,-0.1882503903058045,0.5,2.4099202277826843,0.18726246943923233
arousal,physio_eeg_entropy_complexity_ridge,45,32,1.1785026831082213,1.5292245510587594,0.6015466806147017,0.6120851679045877,0.5924093958433134,1.6665364532466729,1.695220320365063,1.1785026831082213,1.5292245510587594,-0.01722979506305198,-0.059206305811854786,0.5625,1.4722953086219464,0.2665072162049485
arousal,physio_eeg_entropy_complexity_ridge,46,32,1.5840302980606586,1.9853025372450892,0.42320716648357914,0.4821066694476941,0.40098592431312896,1.885128891481959,1.6535656316238236,1.5840302980606584,1.9853025372450892,0.1380999321889672,0.13856304985337242,0.53125,1.9285807571028841,0.23359058774738142
arousal,physio_eeg_entropy_complexity_ridge,47,32,1.9409053892848231,2.350111832204377,0.5581143110670966,0.5041667779985624,0.4844073236745941,2.7780880903059932,1.673330980419263,1.940905389284823,2.350111832204377,0.21657130269849717,0.12903225806451613,0.59375,2.3476946080537613,0.23333186919078489
arousal,physio_eeg_entropy_complexity_ridge,48,32,1.1463466635550643,1.3453865403471965,0.7812824064407333,0.816339147329606,0.7446595999796799,2.1485369295173866,1.572358425846464,1.1463466635550643,1.3453865403471963,-0.02070862607401698,-0.08760997067448678,0.40625,1.300879429561996,0.3168546162020015
arousal,physio_eeg_entropy_complexity_ridge,49,32,1.664599748666266,2.001369750169459,0.3626063394858144,0.32026325080070445,0.2956070706286789,1.3831434985206705,1.6757987591090167,1.6645997486662663,2.0013697501694585,-0.1255685619903035,-0.25112272124532836,0.875,1.692520509403907,0.25755858110952357
arousal,physio_eeg_entropy_complexity_ridge,50,32,1.2035917018068214,1.3793827157697152,0.8973406662294753,0.8833212663147365,0.8043698414289382,2.6485181588012567,1.6458840300662771,1.2035917018068214,1.3793827157697152,0.13841493833350385,0.17118768328445746,0.625,1.3910614610751582,0.24062607876909803
arousal,physio_eeg_entropy_complexity_ridge,52,32,1.6425161731164875,2.0049371392191295,0.48826278914583554,0.5216480094135464,0.4633864563017743,2.1277555663186503,1.670620742573737,1.6425161731164875,2.0049371392191295,0.021954234689262008,0.035377142482006116,0.625,1.9522573515044046,0.23681122420395556
arousal,physio_eeg_entropy_complexity_ridge,53,32,0.8290174457346269,1.0362358948350316,0.8937640741648446,0.8851409425511305,0.8587090865716602,2.1863836437139756,1.6698206618235059,0.8290174457346269,1.0362358948350316,0.29570633147148867,0.30153056675077744,0.6875,1.0633145558549586,0.2106416743322122
arousal,physio_eeg_entropy_complexity_ridge,54,32,1.4865258504864403,1.7468712668103392,0.6194758053024914,0.6343876292851773,0.5879429026013133,2.1928505991061042,1.6026406998002998,1.4865258504864403,1.7468712668103392,-0.07181538908592186,-0.037210155045840625,0.5,1.6942831997212953,0.2871626945145455
arousal,physio_eeg_entropy_complexity_ridge,55,32,2.127288307913303,2.3535912024629297,0.803290356090235,0.6884998440574801,0.3754184942434437,1.2338804388999771,1.6796275099336304,2.127288307913303,2.3535912024629297,0.04741203531547382,0.09824046920821113,0.75,0.9986088789050975,0.18539665543988817
arousal,physio_eeg_entropy_complexity_ridge,56,32,1.3291862139885675,1.6418262484871222,0.8683402409970379,0.8497594981613595,0.7269611162059338,2.4762544169571914,1.6688829764680981,1.3291862139885675,1.6418262484871222,0.19422582010797923,0.2084135285079842,0.5,1.3444179697621401,0.28871860325227316
arousal,physio_eeg_entropy_complexity_ridge,57,32,1.7955686279124414,2.1074645443439937,0.3958416976545755,0.4126077217302568,0.37297226004855577,2.1485369295173866,1.5531591955356734,1.7955686279124414,2.1074645443439937,0.32378235869729727,0.3313782991202346,0.53125,2.1643328274237774,0.2610034158444572
arousal,physio_eeg_entropy_complexity_ridge,58,32,1.0485521051374216,1.2579249752470916,0.9085519341149473,0.8372142987719093,0.8174419990467593,2.3416657399167797,1.6651789058415254,1.0485521051374214,1.2579249752470916,0.32003474685723277,0.2382697947214076,0.875,1.1332636003495442,0.2283221574402941
arousal,physio_eeg_entropy_complexity_ridge,59,32,1.5611791918148095,2.12251994068187,0.6309740658649949,0.6634040587081954,0.5054801895451052,2.1648379702647493,1.685610011300011,1.5611791918148095,2.12251994068187,-0.08415140984290785,0.006964809384164223,0.5,1.6408958852975946,0.3613079839230622
arousal,physio_eeg_entropy_complexity_ridge,60,32,2.3068476352478484,2.7195009172013855,0.8217588266710762,0.8465138032006733,0.5189557704167558,3.201409601644251,1.5163803178932262,2.3068476352478484,2.7195009172013855,-0.02486898036408888,-0.028958944281524925,0.40625,2.0713483906629713,0.479577156322241
arousal,physio_eeg_entropy_complexity_ridge,61,32,1.3702301472345528,1.6518576156157272,0.8783872473034791,0.8774786823395421,0.7628478304461627,2.9040650388722358,1.7204168089418308,1.3702301472345526,1.6518576156157274,0.17231542039561581,0.2727272727272727,0.71875,1.641778371653087,0.3116311111607141
arousal,physio_eeg_entropy_complexity_ridge,62,32,1.7262141770952288,2.154151794052129,0.7804283323470235,0.6823823769765058,0.6476422254767464,3.1017887984193897,1.7616866271751734,1.7262141770952288,2.154151794052129,0.10567715212336772,0.02181284950963071,0.5625,2.058781133828381,0.28295024733228386
arousal,physio_eeg_entropy_complexity_ridge,63,32,1.7267680061780677,2.1496566233343057,0.7838035839188764,0.7275822421870615,0.6438242087529172,3.1867339765816665,1.6720838028263376,1.7267680061780677,2.1496566233343057,0.14416055025404043,0.16495601173020527,0.65625,2.1644511428246234,0.2086968093409038
arousal,physio_eeg_entropy_complexity_ridge,64,32,1.2987265930502114,1.553290843081386,0.7541966838976915,0.7582074008218266,0.7016502799432773,2.3310070248714396,1.6137729650829074,1.2987265930502114,1.553290843081386,-0.10748791489662196,-0.10447214076246333,0.53125,1.5037030977647274,0.19713256019311723
arousal,physio_eeg_entropy_complexity_ridge,65,32,1.5770274078093371,1.7723256263506477,0.8987164530895303,0.8289874991747022,0.7532859599499531,3.0744346533143294,1.735541836687426,1.5770274078093371,1.7723256263506477,0.22586570071986994,0.08578498798745522,0.8125,1.7398221083540357,0.3623898353594225
arousal,physio_emg_bsl_stats_22_ridge,1,32,1.51206239368304,1.81977381860053,0.6645845341404701,0.66528479189591,0.6156656185483202,2.4348944407304396,1.6391176439887591,1.5120623936830402,1.81977381860053,0.4297996780126626,0.32041059615827294,0.5625,1.8730758315387523,0.13401251212425278
arousal,physio_emg_bsl_stats_22_ridge,2,32,2.271654323095449,2.7290037951423938,0.7078948100780869,0.7739992351582018,0.43722152735069214,2.3048861143232218,1.7730629068768726,2.271654323095449,2.7290037951423938,-0.12010990296836052,-0.1755865102639296,0.375,1.5829340702617387,0.2579820176710745
arousal,physio_emg_bsl_stats_22_ridge,3,32,1.7104906985984927,1.9191525438908634,0.6370113101248226,0.6473972340935663,0.46564913799987234,1.5194057226429023,1.6580605423135375,1.710490698598493,1.9191525438908634,-0.08543099740654767,-0.06085043988269794,0.1875,1.353914241378173,0.053007069510802175
arousal,physio_emg_bsl_stats_22_ridge,5,32,1.486143567322297,1.8537376822802911,0.6963614417101032,0.7381080031901271,0.580611134244519,2.0832291640623697,1.6396957155787326,1.486143567322297,1.8537376822802911,0.08321063580507951,0.1063049853372434,0.3125,1.5102454224184472,0.047899350664881865
arousal,physio_emg_bsl_stats_22_ridge,6,32,3.407260493608659,3.791971468852228,0.2991145007441037,0.3888632147050635,0.08778120351476035,1.39159025488827,1.6620871583709462,3.407260493608659,3.7919714688522284,-0.22702678398037027,0.027492668621700876,0.21875,1.7901679019020869,0.11880741763508508
arousal,physio_emg_bsl_stats_22_ridge,7,32,1.3499915863218983,1.6192101318397016,0.6732481581196936,0.6987519962000848,0.4342037324313628,0.909477013178453,1.6430205789821182,1.3499915863218983,1.6192101318397016,0.24135896413094504,0.24763999737404274,0.5625,1.2461858921407156,0.07252820361320754
arousal,physio_emg_bsl_stats_22_ridge,8,32,1.717490577071111,1.9450965899739148,0.753256378528704,0.7791714703247795,0.6231865102045019,2.4929588343973914,1.6660423086945304,1.717490577071111,1.9450965899739148,-0.08859492524567657,0.0439882697947214,0.5625,1.630470033705313,0.16516473430745954
arousal,physio_emg_bsl_stats_22_ridge,9,32,1.7307311274473065,2.206291303647421,0.45653115375431186,0.46826078320258,0.3768549905698406,1.96229099205495,1.643035817127689,1.7307311274473065,2.206291303647421,0.016670815033050755,0.10411511362580035,0.3125,1.898183074793325,0.09674179206562161
arousal,physio_emg_bsl_stats_22_ridge,10,32,1.4191403649659902,1.7032072855592835,0.7591221803823344,0.6575099052570378,0.6872395072651449,2.567069097239106,1.6355054892723446,1.4191403649659902,1.7032072855592835,0.14132455428662555,0.1499404277216632,0.65625,1.7129972872947774,0.12089620878669095
arousal,physio_emg_bsl_stats_22_ridge,11,32,1.6434558754227329,1.989849365026142,0.43371934273009205,0.4337014800093011,0.4018905130210087,1.8874586088176875,1.6249920546511871,1.6434558754227329,1.989849365026142,0.23942955504606944,0.2762349933698612,0.625,1.9006477694544375,0.08466426209721037
arousal,physio_emg_bsl_stats_22_ridge,12,32,1.0408634104373262,1.2777624529767777,0.6622320333293971,0.5988156153808114,0.6023980645988128,1.1575161985907585,1.6134966390601453,1.0408634104373262,1.2777624529767777,0.16426975183697354,0.044175602788411775,0.71875,1.2274284576871455,0.141167682728504
arousal,physio_emg_bsl_stats_22_ridge,13,32,2.024781133924624,2.3701123485845645,0.5444523172209531,0.47530277437782875,0.2864040045225242,1.243734296383275,1.6647425933345985,2.024781133924624,2.3701123485845645,-0.2679292719228801,-0.2005131964809384,0.71875,1.4088788982214433,0.09286034917661003
arousal,physio_emg_bsl_stats_22_ridge,14,32,1.6430773983615228,1.8210155844726958,0.8666007551823125,0.8158786083038903,0.5819763602958378,1.6393596310755,1.6248322543844478,1.6430773983615226,1.8210155844726958,0.1323871554021768,0.13526392961876832,0.375,0.8494495885699882,0.06818638837572115
arousal,physio_emg_bsl_stats_22_ridge,15,32,1.3920429364093612,1.6807887731339493,0.6790084134685838,0.6784424120412224,0.634929556059355,2.214123697989794,1.6340604385741622,1.3920429364093612,1.6807887731339493,-0.08700803494800821,0.0018330125638345135,0.6875,1.6186477056527644,0.10204398325833443
arousal,physio_emg_bsl_stats_22_ridge,16,32,1.0732945739037807,1.3833063122662195,0.8485979567688434,0.7871552126117531,0.7791170450713435,2.4486922530199666,1.6240935248910047,1.0732945739037807,1.3833063122662195,0.013249413724093169,0.11218036890667224,0.6875,1.371204820434612,0.08384583454647342
arousal,physio_emg_bsl_stats_22_ridge,17,32,1.1549109010980754,1.4295188004443733,0.8496734610378729,0.8046665512608563,0.7637659570757249,2.3747943989954163,1.6371538431158101,1.1549109010980756,1.4295188004443735,0.08504602417189264,0.2362753194782688,0.71875,1.3129056407007988,0.06958625608074621
arousal,physio_emg_bsl_stats_22_ridge,18,32,1.8519845948061109,2.194341584534885,0.736432443235052,0.7076968617868643,0.5927186556195241,2.9679275176459416,1.6030473368255485,1.8519845948061109,2.194341584534885,0.2541253114063897,0.1759530791788856,0.4375,2.1200614760696554,0.13075807852052693
arousal,physio_emg_bsl_stats_22_ridge,19,32,1.5572614401165614,1.958401277686643,0.6593387839489985,0.7458067467784293,0.5184927459309986,1.9354828209002528,1.6181369632451004,1.5572614401165614,1.958401277686643,-0.3343131589566015,-0.3605535713062488,0.25,1.4699453361764527,0.07007799847253612
arousal,physio_emg_bsl_stats_22_ridge,20,32,1.2328919207833866,1.615645214883108,0.8204750426666039,0.829501847593524,0.6872568080929252,2.1423920626253263,1.6316569768265947,1.2328919207833868,1.615645214883108,0.17372309686414394,0.12867748198118284,0.5,1.2400897101370107,0.05874354763973001
arousal,physio_emg_bsl_stats_22_ridge,21,32,1.2886851016904861,1.6464881248225196,0.8386659652510946,0.7261731157064817,0.7327297703190806,2.745557491202834,1.6138415735309257,1.2886851016904863,1.6464881248225196,-0.14894432473337219,-0.038489736070381225,0.5625,1.631799589761145,0.08374206261785369
arousal,physio_emg_bsl_stats_22_ridge,22,32,2.0258286295295336,2.3057645706294303,0.7134211886456626,0.6910513562989651,0.5770474215101272,3.0355961111452228,1.6746720190295843,2.0258286295295336,2.30576457062943,-0.13953076174783274,-0.22470674486803516,0.375,2.143575596227557,0.21117555780204283
arousal,physio_emg_bsl_stats_22_ridge,23,32,1.1974855062649425,1.3906927272169427,0.8403296402336711,0.8152181317894883,0.7558613253995922,2.108159371940366,1.6899925561524576,1.1974855062649423,1.3906927272169427,0.1539790789114163,0.1717532772312939,0.53125,1.1590966729438268,0.20931490168660682
arousal,physio_emg_bsl_stats_22_ridge,24,32,1.3078693821184397,1.481143580113348,0.8856120329514178,0.8477438207237086,0.7791891511495408,2.706870598587971,1.614640387872531,1.30786938211844,1.481143580113348,0.046240967642822324,-0.09916597970344718,0.5,1.4823221092336487,0.08526361260171092
arousal,physio_emg_bsl_stats_22_ridge,25,32,1.779695859265741,2.191148279137414,0.7165955681868242,0.7188539996362501,0.5971392092450126,3.0413812651491097,1.6326351559323258,1.7796958592657413,2.191148279137414,-0.006684224147588193,0.020161290322580645,0.53125,2.18923247648393,0.0660576051012324
arousal,physio_emg_bsl_stats_22_ridge,26,32,1.8451616322883686,2.090582664989413,0.7065318421538336,0.6912498392957067,0.5543171693580295,2.381569860407206,1.6152585775408854,1.8451616322883686,2.090582664989413,0.22324784291595695,0.22214076246334308,0.65625,1.7189293581328962,0.18975384274653437
arousal,physio_emg_bsl_stats_22_ridge,27,32,1.156924917037076,1.4626746957557402,0.6713266426581401,0.6262081456779928,0.6296033341559482,1.71277370075559,1.581363032842639,1.156924917037076,1.46267469575574,0.017100523135573018,0.13839244856950578,0.75,1.3302540014938895,0.19199723212433914
arousal,physio_emg_bsl_stats_22_ridge,28,32,1.375090593660786,1.7242207243726333,0.853955415365487,0.7439674769942559,0.6875498044636573,2.346664854106781,1.6322730949852973,1.375090593660786,1.7242207243726333,0.14519956405449166,0.1730205278592375,0.46875,1.2832399966930983,0.055231361889688316
arousal,physio_emg_bsl_stats_22_ridge,29,32,1.0734323793104985,1.4027451218410742,0.773913821292394,0.7954654683976524,0.7291761053485406,2.0832291640623697,1.6430218472674964,1.0734323793104985,1.4027451218410742,0.24680647450597673,0.25733137829912023,0.78125,1.33879307925565,0.0889972666236037
arousal,physio_emg_bsl_stats_22_ridge,30,32,0.7661102076687015,0.9436403324794517,0.8984320622593251,0.876237339634433,0.8705876160139294,2.0707694071286644,1.6099139339238848,0.7661102076687015,0.9436403324794517,0.1769479100150132,0.13435982092906984,0.5,0.9561639397658943,0.10618076992272102
arousal,physio_emg_bsl_stats_22_ridge,31,32,2.0343334956280756,2.3828449865517185,0.7857848739326803,0.7632522016618117,0.5923571305062868,3.2379584617471546,1.6214009334735346,2.0343334956280756,2.3828449865517185,-0.11597285076242674,-0.09604105571847506,0.40625,2.1966185537351026,0.06508460242464374
arousal,physio_emg_bsl_stats_22_ridge,32,32,1.0651972286406943,1.3222785757638387,0.7522836472359655,0.7164498758452572,0.7360842280981558,1.9833289565778038,1.6341868832191482,1.0651972286406943,1.3222785757638387,-0.18239118842621527,0.04545871158309594,0.5,1.2823728733282098,0.13743930782467473
arousal,physio_emg_bsl_stats_22_ridge,33,32,1.4845602866971546,1.7440047038974043,0.5632546955666956,0.5850063602293089,0.49927912428123916,1.6366767968966873,1.6449218580565845,1.4845602866971546,1.7440047038974043,0.21002901377315272,0.20053157448349576,0.40625,1.5470529366384678,0.07216471902000145
arousal,physio_emg_bsl_stats_22_ridge,34,32,1.195244210258629,1.3538100710969236,0.8576756933797949,0.8725092014137078,0.7798061126330247,2.373148949707961,1.5944788472497935,1.195244210258629,1.3538100710969236,-0.057736961891417825,-0.08450187919277106,0.59375,1.287200102975002,0.10472962687339606
arousal,physio_emg_bsl_stats_22_ridge,35,32,1.1605665434000916,1.542905887364676,0.5593977026274911,0.5105370654863761,0.5480689823329636,1.5783570373967988,1.6348805302727734,1.1605665434000916,1.542905887364676,0.17829628557429883,0.3891485673020672,0.53125,1.5253824941246354,0.11623505068544242
arousal,physio_emg_bsl_stats_22_ridge,36,32,1.4022714970032437,1.6403974403784503,0.8333255268245963,0.8455489191640815,0.7222225887621249,2.54644359843292,1.6485175113706134,1.4022714970032437,1.6403974403784503,0.3408959029220265,0.3354105571847507,0.4375,1.5074025758264085,0.06954815194215565
arousal,physio_emg_bsl_stats_22_ridge,37,32,1.3141907773008454,1.5755540013476137,0.49387597125693705,0.513334836037096,0.46882523207206767,1.346291201783626,1.647605474758304,1.3141907773008454,1.5755540013476137,-0.05509896582330629,-0.16863715587277525,0.28125,1.5138866254987768,0.1429053665305648
arousal,physio_emg_bsl_stats_22_ridge,38,32,1.1505291201433803,1.444854637863759,0.711660760115571,0.7195344641113977,0.6873925860912012,1.984313483298443,1.625326377044226,1.1505291201433803,1.444854637863759,-0.352818272634204,-0.35227272727272724,0.4375,1.3855566244123854,0.06608928263084901
arousal,physio_emg_bsl_stats_22_ridge,39,32,1.7168087187753334,2.027227721351521,0.7809544835692422,0.6535241112722833,0.6437245579890384,2.9379986278928043,1.6181245833522955,1.7168087187753334,2.027227721351521,0.24615733070815213,0.18348455763983482,0.59375,1.9867742000953235,0.14747416399038815
arousal,physio_emg_bsl_stats_22_ridge,40,32,2.4318080673439626,2.869694486948282,0.48092543244972674,0.5185513196267212,0.37473262928338325,3.059309562630104,1.6772426878880002,2.431808067343963,2.869694486948282,0.15056992371574887,0.13526392961876832,0.59375,2.710396573079377,0.16859655103051585
arousal,physio_emg_bsl_stats_22_ridge,41,32,1.881348251364628,2.336754033391572,0.45783615102200453,0.481759474696329,0.19014220930790315,0.81967981553775,1.7080927724888761,5.11747415190551,18.629359039604733,0.29074707048707193,0.08010264903956824,0.625,1.4959771670373034,18.951735445809913
arousal,physio_emg_bsl_stats_22_ridge,42,32,2.326763217002112,2.7234245174664515,0.6685527066218003,0.7014537300462483,0.4033359282683488,2.2584476831443316,1.6603208674841725,2.326763217002112,2.7234245174664515,-0.14988275482371363,-0.05755131964809384,0.25,1.660115463055621,0.1376648263134868
arousal,physio_emg_bsl_stats_22_ridge,43,32,1.6025846645335182,1.8123349375827151,0.8589426490170488,0.8121382544279985,0.7186056791307998,3.0045538354304786,1.6250925124078195,1.6025846645335182,1.812334937582715,-0.043115154134749034,0.020527859237536656,0.5,1.802734417937777,0.11353014044452418
arousal,physio_emg_bsl_stats_22_ridge,44,32,1.9775082731546,2.4590236939111847,0.5166077577735447,0.39920703119765416,0.4401211559185585,2.8111107680061274,1.6365705674673234,1.9775082731546,2.4590236939111847,-0.07363276390881503,0.003482723871285576,0.59375,2.4099202277826843,0.04857707771175227
arousal,physio_emg_bsl_stats_22_ridge,45,32,1.1308713357799154,1.5188408117911487,0.6025401871549999,0.6022338123324822,0.5847664820651245,1.6665364532466729,1.6176469897493824,1.1308713357799156,1.5188408117911487,0.11361003087652881,0.11547979152157434,0.5,1.4722953086219464,0.09168147035916312
arousal,physio_emg_bsl_stats_22_ridge,46,32,1.4844492658778048,1.943127172333821,0.41662160147225363,0.5013081064971532,0.41212898233675055,1.885128891481959,1.685158392450083,1.4844492658778048,1.943127172333821,-0.03612345855292144,-0.018328445747800584,0.46875,1.9285807571028841,0.10894386688640731
arousal,physio_emg_bsl_stats_22_ridge,47,32,2.0250923879872103,2.452299740318298,0.5418551839847636,0.48060064593900487,0.4505638473944886,2.7780880903059932,1.6380493153682314,2.0250923879872103,2.452299740318298,0.18859205510412252,-0.02602639296187683,0.40625,2.3476946080537613,0.05063297177022293
arousal,physio_emg_bsl_stats_22_ridge,48,32,1.0458056017925081,1.3141189270846507,0.7923684944738237,0.8376027944287917,0.7609269981003568,2.1485369295173866,1.614290837740105,1.045805601792508,1.3141189270846507,-0.03713132997994098,0.01319648093841642,0.53125,1.300879429561996,0.14076770178557674
arousal,physio_emg_bsl_stats_22_ridge,49,32,2.0999997429989024,2.441688066818713,0.37976861666468587,0.33178215309955056,0.22777453558766902,1.3831434985206705,1.67388302315461,2.099999742998902,2.441688066818713,-0.17757563060450612,-0.012647786690458141,0.34375,1.692520509403907,0.1262740003997409
arousal,physio_emg_bsl_stats_22_ridge,50,32,1.2127777600205942,1.3985413602976042,0.8828874457606896,0.8768357944622053,0.8024789276499833,2.6485181588012567,1.6991532077010443,1.2127777600205945,1.3985413602976042,0.019270857131005004,-0.13269794721407624,0.5625,1.3910614610751582,0.17182141950411886
arousal,physio_emg_bsl_stats_22_ridge,52,32,1.760488308413875,2.068001706541146,0.46937890508216185,0.508662461526296,0.4374482917620821,2.1277555663186503,1.6649100091651576,1.760488308413875,2.068001706541146,-0.09092481207416508,0.021446246996863805,0.4375,1.9522573515044046,0.2628320012824285
arousal,physio_emg_bsl_stats_22_ridge,53,32,0.894254187960219,1.0855214945030447,0.8864511312120323,0.8745660036021858,0.8418620323901824,2.1863836437139756,1.6183425813554986,0.894254187960219,1.0855214945030447,0.06263094032606425,-0.0065988452298042476,0.59375,1.0633145558549586,0.06315562545571611
arousal,physio_emg_bsl_stats_22_ridge,54,32,1.5104393913176892,1.7377254056007254,0.6238857896634207,0.6567580423072817,0.5935540047318446,2.1928505991061042,1.6116679096455928,1.5104393913176892,1.7377254056007254,-0.0879565617283585,-0.035743744994773015,0.5,1.6942831997212953,0.23551728555369728
arousal,physio_emg_bsl_stats_22_ridge,55,32,2.3316883031239333,2.5357492601983647,0.7962888628107901,0.7014539270543492,0.33426169087938173,1.2338804388999771,1.6429409540128037,2.3316883031239337,2.5357492601983647,0.06527184901769412,0.01979472140762463,0.1875,0.9986088789050975,0.08199900439234672
arousal,physio_emg_bsl_stats_22_ridge,56,32,1.3540967438487548,1.7064905065922633,0.7957382746264202,0.7861064062484208,0.7165459574031225,2.4762544169571914,1.8679861045184665,1.3540967438487548,1.7064905065922633,0.1782263470902949,0.162038310642971,0.46875,1.3444179697621401,0.953482987686079
arousal,physio_emg_bsl_stats_22_ridge,57,32,1.826045363247485,2.168566014378182,0.37642071976091956,0.39081309263660435,0.3612746639459565,2.1485369295173866,1.6444562261972266,1.826045363247485,2.168566014378182,0.1345692525191069,-0.04765395894428152,0.59375,2.1643328274237774,0.044233957164036115
arousal,physio_emg_bsl_stats_22_ridge,58,32,1.2674351246988729,1.5373364641880725,0.8960172459242403,0.8513851569095515,0.7418071186057075,2.3416657399167797,1.6181296759106094,1.2674351246988727,1.5373364641880722,-0.07839366566820764,-0.07881231671554251,0.75,1.1332636003495442,0.09855391644425762
arousal,physio_emg_bsl_stats_22_ridge,59,32,1.4827511321686226,1.931326871747967,0.6638408236880263,0.655391032156383,0.5610667913438586,2.1648379702647493,1.658854678985262,1.4827511321686226,1.931326871747967,0.09503021797414556,0.044354838709677415,0.65625,1.6408958852975946,0.2027592443134842
arousal,physio_emg_bsl_stats_22_ridge,60,32,2.0934367659389626,2.4367301725293964,0.8232421627115082,0.8498744667334506,0.5905276467979181,3.201409601644251,1.6245447860914655,2.0934367659389626,2.4367301725293964,-0.04203902799161208,-0.005498533724340175,0.5625,2.0713483906629713,0.1182930736672961
arousal,physio_emg_bsl_stats_22_ridge,61,32,1.6237535526276827,1.881570422088373,0.8892576909806217,0.8836189224083952,0.7083539690291422,2.9040650388722358,1.6648352084793414,1.6237535526276827,1.881570422088373,0.31202483255286284,0.3412756598240469,0.4375,1.641778371653087,0.09572764262548054
arousal,physio_emg_bsl_stats_22_ridge,62,32,1.7329045965993197,2.0884233797306733,0.7958154824172994,0.7083560694670754,0.6462408428620123,3.1017887984193897,1.6138724270671556,1.7329045965993197,2.0884233797306733,-0.06329704865302423,0.0903675193970415,0.53125,2.058781133828381,0.06086147930804727
arousal,physio_emg_bsl_stats_22_ridge,63,32,1.8307745580986992,2.178346990671001,0.782724902008828,0.7437803801089841,0.628389693751329,3.1867339765816665,1.6084607442674022,1.8307745580986992,2.178346990671001,-0.08360495486792735,-0.17631964809384162,0.625,2.1644511428246234,0.07639995659100472
arousal,physio_emg_bsl_stats_22_ridge,64,32,1.2900328320377377,1.5336069474032121,0.7556588233513166,0.7643762480178621,0.7081483068868164,2.3310070248714396,1.6199096884094226,1.2900328320377377,1.5336069474032121,-0.1810657765045634,-0.18914956011730205,0.5625,1.5037030977647274,0.1326279508627574
arousal,physio_emg_bsl_stats_22_ridge,65,32,1.8914027446197474,2.0214535070543938,0.9172279735362246,0.8650392399157472,0.6960431086888493,3.0744346533143294,1.6591249888254826,1.8914027446197474,2.0214535070543938,0.3101043409737749,0.40399596906912677,0.5625,1.7398221083540357,0.20541844208066895
arousal,physio_emg_existing_22_ridge,1,32,1.5472491591895206,1.865062041765914,0.6451852985603753,0.6554657738033222,0.6035828269413126,2.4348944407304396,1.685684853883093,1.5472491591895206,1.865062041765914,0.10767858980292305,0.03262762363625434,0.5,1.8730758315387523,0.12276186552586203
arousal,physio_emg_existing_22_ridge,2,32,2.3125277872935137,2.7145788406721714,0.721874031176759,0.7844536387203964,0.42595238329888124,2.3048861143232218,1.6431498352441891,2.3125277872935137,2.7145788406721714,-0.05346741046270645,-0.012463343108504396,0.46875,1.5829340702617387,0.1299709011802839
arousal,physio_emg_existing_22_ridge,3,32,1.7172187054278734,1.938136853336594,0.6267024667654861,0.5946519100053401,0.4530333137201782,1.5194057226429023,1.6337025421383118,1.7172187054278734,1.938136853336594,-0.01483582638578576,0.05278592375366568,0.3125,1.353914241378173,0.16328280433060288
arousal,physio_emg_existing_22_ridge,5,32,1.425348407491099,1.7762537093782926,0.6967445703355576,0.7366153681988428,0.5988141261001965,2.0832291640623697,1.6222424605009316,1.425348407491099,1.7762537093782924,0.12365811461929545,0.08174486803519061,0.34375,1.5102454224184472,0.0592795955815134
arousal,physio_emg_existing_22_ridge,6,32,3.3797686021945346,3.774249089236573,0.30506348594531024,0.3776386894273733,0.08943104004622303,1.39159025488827,1.6478017301044443,3.3797686021945346,3.7742490892365734,-0.07089174272627535,-0.04728739002932551,0.28125,1.7901679019020869,0.12630687112870984
arousal,physio_emg_existing_22_ridge,7,32,1.3758481150746542,1.6460850326339407,0.6607106311511936,0.6860438597275036,0.42309671423659395,0.909477013178453,1.6535150600750428,1.375848115074654,1.6460850326339407,-0.06479018542396452,-0.043075795250111064,0.40625,1.2461858921407156,0.0853982419133588
arousal,physio_emg_existing_22_ridge,8,32,1.6953050193675618,1.912579033531406,0.7629543012025122,0.7894437504511317,0.6280609981405966,2.4929588343973914,1.6237727780679367,1.695305019367562,1.9125790335314061,0.011844331888252575,0.04912023460410556,0.5,1.630470033705313,0.14794375983981733
arousal,physio_emg_existing_22_ridge,9,32,1.7013528071721145,2.1710377429018566,0.4597319860357277,0.4667706932003443,0.3867583564414059,1.96229099205495,1.6475730802690265,1.7013528071721145,2.171037742901857,0.061691651244318815,0.11199706765028879,0.5,1.898183074793325,0.06184360626785646
arousal,physio_emg_existing_22_ridge,10,32,1.4097263552165158,1.7054930891718567,0.7595168643465777,0.6528886661141011,0.6858213659698408,2.567069097239106,1.6282808527157289,1.4097263552165158,1.7054930891718565,0.15612265604683281,0.1303271932886339,0.625,1.7129972872947774,0.09749050466105737
arousal,physio_emg_existing_22_ridge,11,32,1.6727600353354903,2.0275552644095316,0.4317354650563115,0.44300837872194704,0.3927791775057152,1.8874586088176875,1.6316313604759467,1.6727600353354903,2.0275552644095316,0.18660047235873944,0.12354504680244623,0.4375,1.9006477694544375,0.0738287323894863
arousal,physio_emg_existing_22_ridge,12,32,1.1062042082530281,1.3343141200872857,0.6688419074993177,0.6216072311906862,0.5846627830955881,1.1575161985907585,1.6186025305387424,1.1062042082530281,1.3343141200872857,0.20217590901347074,0.15782238174615162,0.5,1.2274284576871455,0.15601617048679092
arousal,physio_emg_existing_22_ridge,13,32,1.998707284083387,2.3245586829699967,0.553684993740786,0.46612187571781444,0.29408844853835536,1.243734296383275,1.6345128794250734,1.998707284083387,2.3245586829699967,0.09538644894872578,0.07148093841642228,0.75,1.4088788982214433,0.11304360049645876
arousal,physio_emg_existing_22_ridge,14,32,1.6308116786667868,1.8183649994976852,0.8695081625568069,0.803678905166151,0.5921115785793032,1.6393596310755,1.6836290382374344,1.6308116786667868,1.8183649994976852,0.0874742444155856,0.0018328445747800585,0.4375,0.8494495885699882,0.15336521397388955
arousal,physio_emg_existing_22_ridge,15,32,1.3955500612988683,1.691748638464228,0.6698466351264178,0.6633865667329102,0.6275353354311666,2.214123697989794,1.6256143435361026,1.3955500612988683,1.6917486384642282,-0.1811503815992557,-0.19759875438136057,0.59375,1.6186477056527644,0.14146454213417278
arousal,physio_emg_existing_22_ridge,16,32,1.1034298612262767,1.3772515868330313,0.8529197534406366,0.7780840448276571,0.7831381006239065,2.4486922530199666,1.6398694811080374,1.1034298612262767,1.3772515868330313,0.22448582301781428,0.1585555867716854,0.65625,1.371204820434612,0.08431147249946144
arousal,physio_emg_existing_22_ridge,17,32,1.1553651068701538,1.436250497831761,0.8492005670921655,0.8033642007732664,0.7615625103173554,2.3747943989954163,1.6335224715642436,1.1553651068701538,1.4362504978317612,0.05101910583833085,0.09751626839599611,0.53125,1.3129056407007988,0.08234754071456346
arousal,physio_emg_existing_22_ridge,18,32,1.8460524183146014,2.188283245626936,0.7412407651730321,0.7047334622085891,0.5944651558196375,2.9679275176459416,1.5953747605730129,1.8460524183146014,2.188283245626936,0.37442052820283206,0.39076246334310843,0.59375,2.1200614760696554,0.10839122753752689
arousal,physio_emg_existing_22_ridge,19,32,1.492289863580019,1.8740047468732857,0.6685450753070015,0.7373890634062124,0.5426659738022469,1.9354828209002528,1.6102393645292237,1.492289863580019,1.8740047468732859,0.026864710102494874,0.08083585406510203,0.5625,1.4699453361764527,0.15183764583487644
arousal,physio_emg_existing_22_ridge,20,32,1.2497845158087486,1.637830789880409,0.809168737913552,0.811497444099102,0.6781106338389181,2.1423920626253263,1.6299112065145152,1.2497845158087486,1.637830789880409,-0.18357171726362032,-0.08523508421830488,0.40625,1.2400897101370107,0.10306188170962716
arousal,physio_emg_existing_22_ridge,21,32,1.2928797426456407,1.6424814877066072,0.8412808692859726,0.7252426017191592,0.733456954406261,2.745557491202834,1.6069660096628313,1.2928797426456409,1.6424814877066074,-0.08501295200716878,-0.11033724340175952,0.4375,1.631799589761145,0.0923780897220336
arousal,physio_emg_existing_22_ridge,22,32,2.001475462436754,2.2706312591274456,0.7160186071633582,0.6838686562061421,0.5872514802654716,3.0355961111452228,1.6874601616115492,2.001475462436754,2.270631259127445,-0.07326433241170967,-0.19574780058651026,0.46875,2.143575596227557,0.2386513861440983
arousal,physio_emg_existing_22_ridge,23,32,1.1511902295130654,1.3725157173388702,0.8450189838080442,0.8335438799836661,0.7593336421302455,2.108159371940366,1.6682149471548813,1.1511902295130652,1.3725157173388702,0.22624950168462496,0.23242599309421633,0.65625,1.1590966729438268,0.16783922627823522
arousal,physio_emg_existing_22_ridge,24,32,1.28840315599435,1.4713585036810233,0.8883539892150145,0.8520057022268005,0.7822592806940677,2.706870598587971,1.6172029717794363,1.28840315599435,1.4713585036810233,0.16383786411286105,0.08431857793638763,0.65625,1.4823221092336487,0.07991277834788645
arousal,physio_emg_existing_22_ridge,25,32,1.7589570058864685,2.1752064066687735,0.7213787443104044,0.6957313288308299,0.6052963232267227,3.0413812651491097,1.6536119715165785,1.7589570058864685,2.1752064066687735,0.12255211497970073,0.1004398826979472,0.4375,2.18923247648393,0.1807337511530317
arousal,physio_emg_existing_22_ridge,26,32,1.9667146877201056,2.200745947945791,0.6725682845481975,0.6759318204165031,0.5196786436618721,2.381569860407206,1.6357355385964505,1.9667146877201056,2.200745947945791,-0.14766771276203758,-0.2107771260997067,0.3125,1.7189293581328962,0.2120866017591214
arousal,physio_emg_existing_22_ridge,27,32,1.2533445199448732,1.575950358993168,0.6627933833391023,0.6241500967976646,0.5880538677149824,1.71277370075559,1.561541757642355,1.2533445199448732,1.5759503589931683,0.01734918606680401,-0.0023829163329848672,0.53125,1.3302540014938895,0.2630618325064831
arousal,physio_emg_existing_22_ridge,28,32,1.3603803373283494,1.7110574084074928,0.8516475881587171,0.745853804268582,0.6906952166325696,2.346664854106781,1.6356410004722668,1.3603803373283492,1.7110574084074928,0.04323143664603328,0.0377565982404692,0.65625,1.2832399966930983,0.08322784350036241
arousal,physio_emg_existing_22_ridge,29,32,1.132993689285616,1.4643506135672837,0.7542072048251299,0.7796750515798568,0.7084051464182379,2.0832291640623697,1.657808188912644,1.132993689285616,1.4643506135672837,-0.1770996198594769,-0.27639296187683277,0.40625,1.33879307925565,0.14048416886144366
arousal,physio_emg_existing_22_ridge,30,32,0.8107755518224036,0.972918872803637,0.8895481530367888,0.8590818096820244,0.8631441724218705,2.0707694071286644,1.6204741416043429,0.8107755518224034,0.972918872803637,0.07133017748498995,0.03556044373838956,0.34375,0.9561639397658943,0.2537800782018589
arousal,physio_emg_existing_22_ridge,31,32,2.053007384431784,2.385294280748941,0.7857883707044935,0.760619000374659,0.5916177236914297,3.2379584617471546,1.6197625679317935,2.053007384431784,2.385294280748941,-0.004683407719303592,0.03225806451612903,0.4375,2.1966185537351026,0.19093963720586182
arousal,physio_emg_existing_22_ridge,32,32,1.059136517590185,1.323129980802618,0.7524386699124807,0.7129278712809468,0.7404240476610271,1.9833289565778038,1.6731128106012454,1.059136517590185,1.323129980802618,-0.1924261371773237,-0.0817523603470193,0.5625,1.2823728733282098,0.14773418843609523
arousal,physio_emg_existing_22_ridge,33,32,1.4550571271610422,1.7083381330884726,0.5601258726551249,0.5605922687383758,0.5076761345427984,1.6366767968966873,1.6413642690565695,1.4550571271610422,1.7083381330884726,0.11434277720582141,0.17505269984619604,0.5,1.5470529366384678,0.1410979639070094
arousal,physio_emg_existing_22_ridge,34,32,1.3066180901795437,1.4934569885675963,0.7978374178660524,0.8238635532766864,0.7515103725940568,2.373148949707961,1.7813233459404354,1.516776726845136,1.9277744946101476,-0.053960594927970666,-0.022179452022397614,0.5,1.287200102975002,1.3528396456272955
arousal,physio_emg_existing_22_ridge,35,32,1.1660091732649551,1.5482081867225077,0.5525673199484746,0.5273371882994562,0.5441857776381634,1.5783570373967988,1.6405806755621508,1.1660091732649551,1.5482081867225077,0.06155955994732685,0.022362753278781063,0.53125,1.5253824941246354,0.1494148405984925
arousal,physio_emg_existing_22_ridge,36,32,1.386618354160706,1.6172841492182424,0.8330410951844981,0.8436974873288198,0.7275038123546512,2.54644359843292,1.645951445611057,1.3866183541607058,1.6172841492182424,0.20388351548713562,0.1726539589442815,0.59375,1.5074025758264085,0.12668198325092725
arousal,physio_emg_existing_22_ridge,37,32,1.3159062547344995,1.6032660779698096,0.5062750347413986,0.5255298729733893,0.4697647583503673,1.346291201783626,1.6705809926897393,1.3159062547344995,1.6032660779698096,-0.07580036134951657,-0.03904316760967514,0.4375,1.5138866254987768,0.10282836084335306
arousal,physio_emg_existing_22_ridge,38,32,1.1477210935832698,1.3942969926093152,0.7197074210460482,0.7217609761199941,0.703781357522914,1.984313483298443,1.6171104839005426,1.1477210935832698,1.3942969926093152,0.04037076389648055,0.06524926686217009,0.40625,1.3855566244123854,0.1864569366627722
arousal,physio_emg_existing_22_ridge,39,32,1.7341764210700248,2.0713339606563137,0.7467997828758391,0.6111141703749681,0.625849423225414,2.9379986278928043,1.6354524488461788,1.734176421070025,2.0713339606563137,-0.13257447732321123,-0.14645770385037762,0.40625,1.9867742000953235,0.23856498492071504
arousal,physio_emg_existing_22_ridge,40,32,2.492171680274315,2.906024009240302,0.4715132458327343,0.49646140781590775,0.3518525956089958,3.059309562630104,1.5890517895418428,2.492171680274315,2.906024009240302,0.08290706865266058,0.10153958944281524,0.4375,2.710396573079377,0.15932135774005102
arousal,physio_emg_existing_22_ridge,41,32,1.9975862845939458,2.4420400031017517,0.44113895740296466,0.45955576106339036,0.16492567416415221,0.81967981553775,1.628617267901653,1.9975862845939458,2.4420400031017517,0.22837983657436098,0.006965447742571152,0.4375,1.4959771670373034,0.1827337050587817
arousal,physio_emg_existing_22_ridge,42,32,2.275648390371914,2.679167528957942,0.6652544962529464,0.6745247412041234,0.40575932178990165,2.2584476831443316,1.6310903617969434,2.275648390371914,2.679167528957942,-0.18368313387661958,-0.05205278592375366,0.53125,1.660115463055621,0.1386918343590805
arousal,physio_emg_existing_22_ridge,43,32,1.5855126282794292,1.7920644533421675,0.8594246111551919,0.8212208816909399,0.7282866927721086,3.0045538354304786,1.6667902247703372,1.5855126282794294,1.7920644533421675,0.1396084501950659,0.21590909090909088,0.59375,1.802734417937777,0.1463512396963913
arousal,physio_emg_existing_22_ridge,44,32,1.9578561502167475,2.445920568002311,0.5256013071367887,0.4154440633221029,0.4488761189490115,2.8111107680061274,1.6489123766668898,1.9578561502167475,2.445920568002311,0.1575609280989484,0.24672349109212552,0.625,2.4099202277826843,0.0879802034550615
arousal,physio_emg_existing_22_ridge,45,32,1.1657685340154664,1.5368601630162293,0.5977476312572131,0.6237952698110526,0.5809335516596162,1.6665364532466729,1.6434238979953628,1.1657685340154664,1.5368601630162293,-0.0878526852342519,-0.11016405508645426,0.4375,1.4722953086219464,0.10089223141028807
arousal,physio_emg_existing_22_ridge,46,32,1.4778199907412706,1.939417360913594,0.4146309927041422,0.4817301706820184,0.409724846807934,1.885128891481959,1.6701195130269721,1.4778199907412706,1.939417360913594,0.026427519317596397,-0.04252199413489736,0.53125,1.9285807571028841,0.17483644792950487
arousal,physio_emg_existing_22_ridge,47,32,2.0260832008367373,2.4561472588388478,0.5377526732513329,0.4818995666037049,0.4479787956879778,2.7780880903059932,1.6385206318561234,2.026083200836737,2.4561472588388478,0.03423362836856959,0.005498533724340175,0.53125,2.3476946080537613,0.12112686053349303
arousal,physio_emg_existing_22_ridge,48,32,1.028382106586724,1.29467212081107,0.8050693724057644,0.8425951289651222,0.7735447525152276,2.1485369295173866,1.655070601159164,1.028382106586724,1.2946721208110699,0.2378341446307805,0.20197947214076245,0.53125,1.300879429561996,0.1269516662142396
arousal,physio_emg_existing_22_ridge,49,32,2.0324974531561004,2.35907023781118,0.39276736151251956,0.349721427171524,0.24492058271404807,1.3831434985206705,1.6614289303269072,2.0324974531561004,2.35907023781118,0.010096954938185248,0.0938502432683271,0.71875,1.692520509403907,0.07988920527059681
arousal,physio_emg_existing_22_ridge,50,32,1.1991012888577495,1.3897399350128643,0.8960126356060024,0.8796152823990043,0.8005561723591744,2.6485181588012567,1.633394918127159,1.1991012888577495,1.389739935012864,0.05014511773270104,0.043621700879765385,0.5,1.3910614610751582,0.06789459688479624
arousal,physio_emg_existing_22_ridge,52,32,1.7027878631316793,2.0265247056714544,0.48775744482077976,0.5069928910836495,0.4532126511578448,2.1277555663186503,1.6399542559086955,1.7027878631316793,2.0265247056714544,0.013528586555321168,0.018330125638345133,0.5,1.9522573515044046,0.07331098483445096
arousal,physio_emg_existing_22_ridge,53,32,0.8581258385939015,1.047274405785218,0.894784735255169,0.8884803969560602,0.8592523878103714,2.1863836437139756,1.7112984618704985,0.8581258385939015,1.047274405785218,0.35823566034325605,0.36843552533073726,0.59375,1.0633145558549586,0.21507574594305284
arousal,physio_emg_existing_22_ridge,54,32,1.4808385429274198,1.7005224184189698,0.644400851210338,0.6834161178252894,0.6187296309013498,2.1928505991061042,1.6604944889053304,1.4808385429274198,1.7005224184189698,0.026492141357513977,0.0813857578342524,0.4375,1.6942831997212953,0.11158605904490883
arousal,physio_emg_existing_22_ridge,55,32,2.4222524267441354,2.6224404892797994,0.7901834458311573,0.7059008510681998,0.3169929790464116,1.2338804388999771,1.636834448148026,2.4222524267441354,2.6224404892797994,-0.027988647074375733,-0.018695014662756596,0.0,0.9986088789050975,0.08801922526801541
arousal,physio_emg_existing_22_ridge,56,32,1.3519377803530075,1.7026811958742158,0.7811550911041494,0.784250630973991,0.7192435333561428,2.4762544169571914,1.9197750841185084,5.13822599922209,22.008365768750213,0.21364365412133543,0.17486939858981257,0.5625,1.3444179697621401,22.040380352976833
arousal,physio_emg_existing_22_ridge,57,32,1.827335471298912,2.1571125358912355,0.3814900704728513,0.4045977298411367,0.3682189866431865,2.1485369295173866,1.6543567081453885,1.827335471298912,2.1571125358912355,0.16207740863273673,0.06598240469208211,0.46875,2.1643328274237774,0.06820914525741045
arousal,physio_emg_existing_22_ridge,58,32,1.3301974326084323,1.605040515634754,0.8937765642176059,0.8453389241041575,0.7234065649204924,2.3416657399167797,1.609639854525985,1.3301974326084323,1.605040515634754,-0.13141207050331896,-0.16348973607038123,0.46875,1.1332636003495442,0.12405341010771406
arousal,physio_emg_existing_22_ridge,59,32,1.7219009946791006,2.2555610346441597,0.653582747504067,0.6579999245220893,0.48028760571982,2.1648379702647493,1.6614661597744034,1.7219009946791006,2.2555610346441597,0.08290053754428217,0.041788856304985335,0.5,1.6408958852975946,0.4031247282727382
arousal,physio_emg_existing_22_ridge,60,32,2.0993975855130036,2.453057551583014,0.8204858805391416,0.8472606173190682,0.5912627244929336,3.201409601644251,1.6569499055141153,2.0993975855130036,2.453057551583014,0.03518346183085783,0.03372434017595308,0.46875,2.0713483906629713,0.14125137050591327
arousal,physio_emg_existing_22_ridge,61,32,1.5992756662873437,1.8636913784620137,0.8807142524757696,0.8682683222362626,0.713479105363904,2.9040650388722358,1.6908364212970803,1.5992756662873437,1.863691378462014,0.1501147560497492,0.13673020527859234,0.53125,1.641778371653087,0.15326201994700017
arousal,physio_emg_existing_22_ridge,62,32,1.7703030914411673,2.106806587728489,0.7951664758008102,0.692886443792545,0.6398591531179252,3.1017887984193897,1.5986782258306225,1.7703030914411673,2.106806587728489,-0.07499231783923822,0.0339107324309385,0.5,2.058781133828381,0.12136118487497123
arousal,physio_emg_existing_22_ridge,63,32,1.8611602175762076,2.184864601749659,0.7850552825620992,0.7479728393358345,0.6265997568629071,3.1867339765816665,1.6009900611814,1.8611602175762076,2.184864601749659,-0.05113246329267901,0.08357771260997067,0.5,2.1644511428246234,0.07707410285117512
arousal,physio_emg_existing_22_ridge,64,32,1.3392784943110627,1.5896847102038725,0.7383756860328183,0.7159601442671587,0.6819714378637166,2.3310070248714396,1.5742405293250887,1.339278494311063,1.5896847102038725,-0.09975726696063272,-0.05461876832844574,0.46875,1.5037030977647274,0.3541467993589917
arousal,physio_emg_existing_22_ridge,65,32,1.922768743326352,2.041377597150244,0.9139271285283252,0.8777991256836449,0.6815863820821009,3.0744346533143294,1.5873369611536714,1.922768743326352,2.041377597150244,-0.015087695507985143,0.042709192737344165,0.5,1.7398221083540357,0.13270622300268084
arousal,physio_emg_expanded_812_ridge,1,32,1.5512400391860204,1.8500464022195116,0.6529363194343526,0.6276760999563751,0.6171254141681132,2.4348944407304396,1.735006770229595,1.5512400391860204,1.8500464022195116,0.16804416137349082,0.11383008021412327,0.53125,1.8730758315387523,0.4282703761579107
arousal,physio_emg_expanded_812_ridge,2,32,2.272790977640983,2.7774420688499712,0.6904131886537722,0.7224739604588135,0.43797318944487207,2.3048861143232218,1.8888260558979129,2.272790977640983,2.7774420688499712,-0.04022435268683895,0.009897360703812315,0.46875,1.5829340702617387,0.5421906702827186
arousal,physio_emg_expanded_812_ridge,3,32,1.7574264448067884,1.9729460582634069,0.6419020517780927,0.6134224879726804,0.4598394775716609,1.5194057226429023,1.6987963456033015,1.7574264448067884,1.9729460582634069,-0.05190100593347265,-0.05168621700879765,0.28125,1.353914241378173,0.15919042798022126
arousal,physio_emg_expanded_812_ridge,5,32,1.4181754886915634,1.805754906199718,0.6464534203309346,0.7076955652427078,0.5833190353523351,2.0832291640623697,1.6947896960479567,1.5002579395527644,2.072963147172803,-0.3234461463591256,-0.04032258064516129,0.59375,1.5102454224184472,0.7388165404896085
arousal,physio_emg_expanded_812_ridge,6,32,3.1857831988772203,3.5654967266690427,0.3091043227701642,0.3810631208680245,0.09850338752468162,1.39159025488827,1.614658555333482,3.1857831988772203,3.5654967266690427,0.126390827286166,0.16532258064516128,0.71875,1.7901679019020869,0.2588009985527934
arousal,physio_emg_expanded_812_ridge,7,32,1.6064421908789288,1.841437785711418,0.6337173919424456,0.6496790384367326,0.3583729301879004,0.909477013178453,1.6430442945781876,1.606442190878929,1.841437785711418,0.010865647295570668,0.07093758622039567,0.34375,1.2461858921407156,0.2963926985213778
arousal,physio_emg_expanded_812_ridge,8,32,1.5913210245586344,1.9921538909920204,0.6787935232890614,0.7380823498193713,0.6036071554497622,2.4929588343973914,1.7856303072601383,1.5913210245586344,1.9921538909920207,-0.22147554667371025,-0.16129032258064516,0.625,1.630470033705313,0.5510223777655738
arousal,physio_emg_expanded_812_ridge,9,32,1.7365113233709604,2.192500604839815,0.45555142079238153,0.4645355581969907,0.38551170713046906,1.96229099205495,1.6868349483839493,1.7365113233709604,2.192500604839815,0.014184084367963931,0.06268902968314036,0.5,1.898183074793325,0.30588275156333733
arousal,physio_emg_expanded_812_ridge,10,32,1.4158917008257332,1.6963798457896653,0.7622739950907005,0.6704493748572607,0.6946521587201654,2.567069097239106,1.6727848457965786,1.4158917008257332,1.6963798457896653,0.18241333386081976,0.15287324782379844,0.5625,1.7129972872947774,0.24400006303369787
arousal,physio_emg_expanded_812_ridge,11,32,1.5537609870343951,1.8609099077823932,0.48594134921005017,0.4941963216414997,0.46654056194491156,1.8874586088176875,1.6510012951036768,1.5537609870343951,1.8609099077823932,0.41628258263641565,0.4368068939617646,0.65625,1.9006477694544375,0.26845079788013543
arousal,physio_emg_expanded_812_ridge,12,32,1.2232449272010515,1.4490567847720153,0.5805830830261733,0.4918703411960147,0.5259608898406322,1.1575161985907585,1.7333594651750581,1.2232449272010515,1.4490567847720153,-0.11371531540096466,-0.08761800055128974,0.5,1.2274284576871455,0.5867323758623405
arousal,physio_emg_expanded_812_ridge,13,32,2.026065766488353,2.386009722187579,0.5741084184052405,0.5227374174545698,0.30562603689400925,1.243734296383275,1.7546472451767952,2.0260657664883532,2.386009722187579,-0.08953434459960963,-0.09934017595307917,0.59375,1.4088788982214433,0.2622684561968995
arousal,physio_emg_expanded_812_ridge,14,32,1.835825211776248,2.0242701843519093,0.8658430294787429,0.8014266522791837,0.5472438977237879,1.6393596310755,1.7446574716378125,1.835825211776248,2.0242701843519093,0.10730326669863466,0.03042521994134897,0.21875,0.8494495885699882,0.3465728047720281
arousal,physio_emg_expanded_812_ridge,15,32,1.4199760041317702,1.734525851586082,0.6567547263086106,0.652605837993625,0.6058858399795731,2.214123697989794,1.5903592355607954,1.4199760041317702,1.734525851586082,-0.17244654379076793,-0.17981853251216576,0.5,1.6186477056527644,0.234953099861526
arousal,physio_emg_expanded_812_ridge,16,32,1.1641874656070197,1.4831235379405767,0.8244771517934374,0.7216206535184887,0.7530935905034728,2.4486922530199666,1.661607387854403,1.1641874656070197,1.4831235379405767,-0.08666173118408438,-0.013930895485142303,0.5,1.371204820434612,0.30748253901736267
arousal,physio_emg_expanded_812_ridge,17,32,1.1081445395805365,1.364678792500548,0.8444302098877396,0.8137830046739851,0.7840855428497374,2.3747943989954163,1.6862533872412235,1.1081445395805365,1.364678792500548,0.1008156117183022,0.13271010962161878,0.6875,1.3129056407007988,0.25003498219144255
arousal,physio_emg_expanded_812_ridge,18,32,1.9054208616648243,2.300973006576683,0.7338082990422241,0.7269589590456537,0.5802884211645699,2.9679275176459416,1.6805448096014466,1.9054208616648243,2.3009730065766836,0.21219901862501417,0.27126099706744866,0.5,2.1200614760696554,0.3068068544833882
arousal,physio_emg_expanded_812_ridge,19,32,1.4406411530801901,1.8578815238186088,0.6548698486934429,0.6605075552732969,0.5534260081482438,1.9354828209002528,1.6874381291766447,1.4406411530801901,1.857881523818609,-0.058319580193868736,-0.05040784550544913,0.59375,1.4699453361764527,0.3174250629696652
arousal,physio_emg_expanded_812_ridge,20,32,1.4027469112463715,1.81274167268307,0.7854432561528927,0.7647231174950367,0.6231661458982317,2.1423920626253263,1.6146634542715803,1.4027469112463715,1.81274167268307,-0.2925932837964097,-0.3585372574860308,0.21875,1.2400897101370107,0.23443249361554405
arousal,physio_emg_expanded_812_ridge,21,32,1.3649278650685739,1.7153570245486287,0.7964889935046292,0.7053296023904576,0.7235142737144977,2.745557491202834,1.7605287514917651,1.4096162012974893,1.7846872508148481,0.12259488722622881,0.07111436950146627,0.5,1.631799589761145,0.941274823371366
arousal,physio_emg_expanded_812_ridge,22,32,2.1271380710764154,2.4658765655975485,0.6899219562093092,0.656082947952327,0.5327286733667251,3.0355961111452228,1.6550291888953554,2.1271380710764154,2.4658765655975485,-0.23926495585458404,-0.2558651026392962,0.40625,2.143575596227557,0.31763626867839656
arousal,physio_emg_expanded_812_ridge,23,32,1.2196519162126505,1.45204985199229,0.7890267205843748,0.7609813214774265,0.7382417649901633,2.108159371940366,1.7874593141450765,1.2196519162126505,1.45204985199229,-0.028148991877783053,0.011731280408540887,0.53125,1.1590966729438268,0.5593250614435695
arousal,physio_emg_expanded_812_ridge,24,32,1.2628990704444787,1.4683674563865554,0.8846298621622377,0.8388494593259517,0.7873658120505693,2.706870598587971,1.6670701513920558,1.2628990704444787,1.4683674563865552,0.1848461111330908,0.23224269183783283,0.59375,1.4823221092336487,0.25956537418015735
arousal,physio_emg_expanded_812_ridge,25,32,1.71915109281457,2.159851002468907,0.7225201879207319,0.7097168152050759,0.6165399228269923,3.0413812651491097,1.7066237487430358,1.71915109281457,2.159851002468907,0.1681460471430325,0.13416422287390029,0.65625,2.18923247648393,0.29840667722566544
arousal,physio_emg_expanded_812_ridge,26,32,1.9973373779240151,2.2385563061121587,0.7098824681177106,0.7071495550943737,0.5350681326442631,2.381569860407206,1.7055955138779886,1.9973373779240153,2.238556306112159,0.22263381447997319,0.2719941348973607,0.40625,1.7189293581328962,0.4574450265918986
arousal,physio_emg_expanded_812_ridge,27,32,2.243335471500982,2.652168051505165,0.46994767792690884,0.40936724581786854,0.2882839491352911,1.71277370075559,1.7698493113940967,2.3623460209728555,2.8184873213518813,-0.23494056706970082,-0.2852167549326503,0.25,1.3302540014938895,1.093023406422283
arousal,physio_emg_expanded_812_ridge,28,32,1.3803127762889078,1.7536495114193973,0.830299583848386,0.7177475278811216,0.686682354236065,2.346664854106781,1.7295803598351305,1.3803127762889078,1.7536495114193973,-0.09713901753689184,-0.11290322580645161,0.46875,1.2832399966930983,0.23195390916258038
arousal,physio_emg_expanded_812_ridge,29,32,1.2702843734228095,1.534080612446165,0.7659754928095601,0.784505061430006,0.702699204615373,2.0832291640623697,1.742961669824435,1.2702843734228095,1.5340806124461652,0.09870727461418843,0.009530791788856303,0.34375,1.33879307925565,0.33304396835287037
arousal,physio_emg_expanded_812_ridge,30,32,0.8108299096660103,0.9847509005266968,0.8853769698290701,0.8600141754403076,0.8628417620712606,2.0707694071286644,1.663688736180016,0.8108299096660102,0.9847509005266968,0.044026233926638125,0.01741361935642788,0.4375,0.9561639397658943,0.24950049570850655
arousal,physio_emg_expanded_812_ridge,31,32,2.0501140417884516,2.386700940916081,0.7885045949014805,0.7628760300493614,0.5933916968013195,3.2379584617471546,1.6280049967232204,2.0501140417884516,2.386700940916081,0.05286586262459877,0.03115835777126099,0.5,2.1966185537351026,0.21643284221551465
arousal,physio_emg_expanded_812_ridge,32,32,1.0853858046253801,1.351562766157799,0.7390034859805842,0.7129278712809468,0.7217115619755367,1.9833289565778038,1.6161054779482467,1.0853858046253801,1.3515627661577991,-0.056503570580450246,-0.0689212724001777,0.34375,1.2823728733282098,0.3383346284459429
arousal,physio_emg_expanded_812_ridge,33,32,1.5230977629333409,1.7277474610505736,0.5452722504660112,0.5371100128005315,0.5056031515419053,1.6366767968966873,1.7103629801320248,1.5230977629333409,1.7277474610505739,0.04453814081827395,0.017230318100044426,0.4375,1.5470529366384678,0.4722062448750146
arousal,physio_emg_expanded_812_ridge,34,32,1.367567067614452,1.6117215881238653,0.7774140011791171,0.8169875823615436,0.6999521154707254,2.373148949707961,1.642292299144622,1.367567067614452,1.6117215881238651,0.016610172250996178,0.08120245657786894,0.625,1.287200102975002,0.8041575329364287
arousal,physio_emg_expanded_812_ridge,35,32,1.139461819974616,1.5417751468052752,0.5360334883446548,0.49317693857952677,0.5287099853927116,1.5783570373967988,1.575956356333777,1.139461819974616,1.5417751468052752,0.1519152204881297,0.22454403906972792,0.5625,1.5253824941246354,0.4190069301241685
arousal,physio_emg_expanded_812_ridge,36,32,1.4179847280271587,1.6101179470739386,0.8203715784245448,0.8436974873288198,0.7195691227591495,2.54644359843292,1.5921625608445493,1.4179847280271587,1.6101179470739384,0.04438112137315947,0.3079178885630498,0.65625,1.5074025758264085,0.3822082729778171
arousal,physio_emg_expanded_812_ridge,37,32,1.3319400558077945,1.678198942537404,0.4633013814034785,0.4889447621645094,0.4178065974314346,1.346291201783626,1.6201763991429452,1.3319400558077945,1.678198942537404,-0.015851554222109907,-0.0203464394585631,0.40625,1.5138866254987768,0.3296431740040334
arousal,physio_emg_expanded_812_ridge,38,32,1.204746248135804,1.4861070161512873,0.6823410446581656,0.6844668999760047,0.6723138415461174,1.984313483298443,1.6732943688043924,1.204746248135804,1.4861070161512873,-0.37038335752677864,-0.34017595307917886,0.53125,1.3855566244123854,0.2282969265005597
arousal,physio_emg_expanded_812_ridge,39,32,1.8106973561310489,2.164733802253416,0.735287710194195,0.5978493870987153,0.5986601380597225,2.9379986278928043,1.6178496173737684,1.8106973561310489,2.164733802253416,-0.08917766425337322,-0.07130418873316258,0.46875,1.9867742000953235,0.4088233040064177
arousal,physio_emg_expanded_812_ridge,40,32,2.4771898260522676,2.9258812733435295,0.4731269461916029,0.5003926633076626,0.36644951153844274,3.059309562630104,1.7104690193560237,2.4771898260522676,2.92588127334353,0.06392282266731973,0.10410557184750732,0.625,2.710396573079377,0.30455247681450404
arousal,physio_emg_expanded_812_ridge,41,32,2.2352461463764053,2.7884003986090375,0.40395793926050966,0.46342613316454484,0.1388791946841067,0.81967981553775,1.8935335091431327,212.65861436961387,1191.5743816283978,-0.2909281285812948,-0.23114288429953217,0.28125,1.4959771670373034,1172.017496602747
arousal,physio_emg_expanded_812_ridge,42,32,2.373233156619621,2.813286641721952,0.6140115870430505,0.6370098739895769,0.3766145832884086,2.2584476831443316,1.7240579739455006,2.373233156619621,2.813286641721952,-0.35149931629270603,-0.29398826979472137,0.34375,1.660115463055621,0.35238600212024773
arousal,physio_emg_expanded_812_ridge,43,32,1.6305621444188536,1.8037067972860048,0.8474748891127777,0.8060831695860378,0.7296447509840576,3.0045538354304786,1.724136777567602,1.6305621444188536,1.8037067972860048,0.11077691178251577,0.17815249266862168,0.5,1.802734417937777,0.2983780530100241
arousal,physio_emg_expanded_812_ridge,44,32,1.9150350034739694,2.3893562355969666,0.5387160255614223,0.4329875233186338,0.4693052453922622,2.8111107680061274,1.6668809116778314,1.9150350034739694,2.3893562355969666,0.18526710082541142,0.24195765842615577,0.625,2.4099202277826843,0.2920552026226412
arousal,physio_emg_expanded_812_ridge,45,32,1.274832570603675,1.683744071440587,0.5656872739980346,0.5715644978155502,0.5262785381847688,1.6665364532466729,1.670411748888255,1.2748325706036752,1.683744071440587,-0.0721547364045897,-0.03977637263520894,0.40625,1.4722953086219464,0.4053608430452363
arousal,physio_emg_expanded_812_ridge,46,32,1.4943830899465853,1.9544501645172796,0.4249234546516321,0.4870011534014778,0.41626070435289714,1.885128891481959,1.700254521128207,1.494383089946585,1.9544501645172796,0.06563072020358238,0.19318181818181815,0.375,1.9285807571028841,0.25789533418435734
arousal,physio_emg_expanded_812_ridge,47,32,2.0947496232376714,2.5182534900740694,0.5487833335076892,0.4954454535355765,0.4436168435651556,2.7780880903059932,1.6582729660177822,2.0947496232376714,2.5182534900740694,0.1463560479991582,0.06158357771260996,0.46875,2.3476946080537613,0.21043808967427147
arousal,physio_emg_expanded_812_ridge,48,32,1.0232829877593732,1.305154989735117,0.7952063720588803,0.8390820046617785,0.7710293128014902,2.1485369295173866,1.6786590952792357,1.0232829877593732,1.3051549897351171,0.08979482600345676,0.3016862170087976,0.65625,1.300879429561996,0.25604368422478563
arousal,physio_emg_expanded_812_ridge,49,32,1.9614966008576247,2.3065360507805894,0.3673662211614695,0.3096885208214359,0.25166149588072,1.3831434985206705,1.7605271211252354,1.9614966008576247,2.3065360507805894,-0.31783870258875696,-0.18000183376854922,0.75,1.692520509403907,0.2671513672970819
arousal,physio_emg_expanded_812_ridge,50,32,1.3158155176993453,1.508757793488216,0.85734741953551,0.8295844995366215,0.777799947961707,2.6485181588012567,1.7545793378962333,1.3158155176993453,1.508757793488216,0.001859424057304865,0.014296187683284457,0.53125,1.3910614610751582,0.4383668545536262
arousal,physio_emg_expanded_812_ridge,52,32,1.7314814604989033,2.07655087843135,0.4621227344788751,0.4583898404199407,0.4291197364146364,2.1277555663186503,1.6481986263596722,1.7314814604989035,2.07655087843135,-0.049421309424397195,0.02291265704793142,0.5,1.9522573515044046,0.3514089296940266
arousal,physio_emg_expanded_812_ridge,53,32,0.9178464372822666,1.1268436096193732,0.8598713149498887,0.866588418079298,0.8363711194778263,2.1863836437139756,1.7261420577451454,0.9178464372822666,1.1268436096193732,0.11816281017414372,0.05718999199163682,0.46875,1.0633145558549586,0.5189185895161998
arousal,physio_emg_expanded_812_ridge,54,32,1.566559762578216,1.7839569959103438,0.6045711909727151,0.6412851733003262,0.5828346678663207,2.1928505991061042,1.6769474009301462,1.566559762578216,1.7839569959103438,-0.032606123108269304,-0.04729172414693045,0.53125,1.6942831997212953,0.4986777415713152
arousal,physio_emg_expanded_812_ridge,55,32,2.2186261254638966,2.4412791232099935,0.7917885753075372,0.6805727186414855,0.35273392236041023,1.2338804388999771,1.6622140518547017,2.2186261254638966,2.4412791232099935,-0.09926104084488667,-0.04912023460410556,0.65625,0.9986088789050975,0.12481350826853801
arousal,physio_emg_expanded_812_ridge,56,32,2.3058891823980696,3.1812940972377515,0.3489666803499532,0.2930158821976333,0.3035244300192668,2.4762544169571914,2.552032396128453,2137891.5980116995,3856610.472803524,-0.07669767602582668,-0.12226193800776206,0.5,1.3444179697621401,3209807.9660358415
arousal,physio_emg_expanded_812_ridge,57,32,1.9197946240367854,2.3225866865374583,0.34210663491681975,0.37050869459209057,0.3243392955190556,2.1485369295173866,1.7614911124852761,1.9197946240367854,2.3225866865374583,-0.3949534032503775,-0.4109237536656892,0.5,2.1643328274237774,0.22959396536104268
arousal,physio_emg_expanded_812_ridge,58,32,1.1769019434189638,1.4198269152685468,0.8821403679283701,0.8185087660302215,0.7777185612242821,2.3416657399167797,1.7072514105520753,1.1769019434189636,1.4198269152685468,0.051789795872005745,0.04288856304985337,0.84375,1.1332636003495442,0.3116760349697178
arousal,physio_emg_expanded_812_ridge,59,32,1.9189295997108173,2.4415569742429852,0.6219189380667898,0.6386195812339848,0.4276376555551207,2.1648379702647493,1.6540530641663596,1.9733402317200293,2.482893123457699,0.09400328884210758,-0.06048387096774193,0.3125,1.6408958852975946,0.712936844473451
arousal,physio_emg_expanded_812_ridge,60,32,2.196514814312236,2.568161834142054,0.805826257984719,0.8082395796329324,0.557210925889762,3.201409601644251,1.6086251300295968,2.196514814312236,2.568161834142054,-0.10324588480410225,-0.056818181818181816,0.34375,2.0713483906629713,0.3266524893311847
arousal,physio_emg_expanded_812_ridge,61,32,1.4601638372864039,1.712632437675066,0.9108149192513922,0.8696114997513241,0.7533807859887548,2.9040650388722358,1.6937507145232207,1.4601638372864039,1.712632437675066,0.44290419626242283,0.4142228739002932,0.71875,1.641778371653087,0.3081841236915514
arousal,physio_emg_expanded_812_ridge,62,32,1.7448361157279209,2.1410071637350327,0.7702588057211825,0.6842922073066947,0.6355924112958669,3.1017887984193897,1.6732030239034208,1.7448361157279209,2.1410071637350327,-0.12715513017611463,-0.1367427372620547,0.46875,2.058781133828381,0.24367230479061355
arousal,physio_emg_expanded_812_ridge,63,32,1.8374325449872586,2.1819558234358443,0.7831548939099784,0.7209124206897993,0.6262997707783231,3.1867339765816665,1.5985540416052058,1.8374325449872586,2.1819558234358443,0.041696391924368637,0.16972140762463342,0.65625,2.1644511428246234,0.32456139865545464
arousal,physio_emg_expanded_812_ridge,64,32,1.4115016593851604,1.6402410674059817,0.7109183037463904,0.7322234686930705,0.678284442842765,2.3310070248714396,1.7114408043876708,1.4115016593851604,1.6402410674059817,-0.10529348690243373,-0.19281524926686217,0.40625,1.5037030977647274,0.5157036215659238
arousal,physio_emg_expanded_812_ridge,65,32,1.882410472901931,1.9962109192546218,0.9132302811889487,0.8672671564783959,0.6938848759935758,3.0744346533143294,1.6085698434516325,1.882410472901931,1.9962109192546218,0.1372895157849893,0.2855833574454172,0.5625,1.7398221083540357,0.4313738230340319
arousal,physio_emg_lagged_interaction_experimental_ridge,1,32,1.5738639796887433,1.8785723041935265,0.6367220131111873,0.6304550673410699,0.5804847108500468,2.4348944407304396,1.5748486561947825,1.5738639796887433,1.8785723041935265,-0.03297764006210601,-0.13087709705778428,0.4375,1.8730758315387523,0.0835769005646865
arousal,physio_emg_lagged_interaction_experimental_ridge,2,32,2.297266592964771,2.7031212955519495,0.7279808470099687,0.7874406111667378,0.42937601930996383,2.3048861143232218,1.6383980173994452,2.297266592964771,2.7031212955519495,0.05982177569673915,0.12976539589442815,0.75,1.5829340702617387,0.05046446851915802
arousal,physio_emg_lagged_interaction_experimental_ridge,3,32,1.795477712157151,2.0414233451768657,0.62154898571051,0.6081667261418251,0.4356253411328974,1.5194057226429023,1.7030706663686321,1.795477712157151,2.0414233451768657,-0.23105509735293622,-0.2346041055718475,0.15625,1.353914241378173,0.19423378008447434
arousal,physio_emg_lagged_interaction_experimental_ridge,5,32,1.3945227390797568,1.7384700143159415,0.6931677406999477,0.7295253519902419,0.6074244005285708,2.0832291640623697,1.619190526823506,1.3945227390797568,1.7384700143159415,-0.005159719426405608,0.018328445747800584,0.59375,1.5102454224184472,0.059518041479959115
arousal,physio_emg_lagged_interaction_experimental_ridge,6,32,3.3195280160207896,3.7179825994272844,0.3239146821132894,0.3660336717673885,0.09702485992702865,1.39159025488827,1.6475929621020406,3.31952801602079,3.7179825994272844,0.1680334333713851,0.1851173020527859,0.5625,1.7901679019020869,0.07377534331578363
arousal,physio_emg_lagged_interaction_experimental_ridge,7,32,1.5733373742518575,1.8354817066460292,0.6643551605929505,0.6858483499356177,0.36901843872080453,0.909477013178453,1.6304575052858503,1.5733373742518575,1.8354817066460292,0.16315839832574358,0.197782055637744,0.21875,1.2461858921407156,0.14327592570310183
arousal,physio_emg_lagged_interaction_experimental_ridge,8,32,1.732028400746222,1.922876413736711,0.7740004077225462,0.7941994356948132,0.6319634164993572,2.4929588343973914,1.6451950730525764,1.732028400746222,1.922876413736711,0.3636064273709458,0.3900293255131964,0.40625,1.630470033705313,0.07751227559641696
arousal,physio_emg_lagged_interaction_experimental_ridge,9,32,1.667918081564167,2.128774009110048,0.474483588653213,0.4863281244796883,0.40372155871913956,1.96229099205495,1.6476969981478327,1.6679180815641668,2.128774009110048,0.2720942922988925,0.32114380118380675,0.625,1.898183074793325,0.11537340531699762
arousal,physio_emg_lagged_interaction_experimental_ridge,10,32,1.4362175177519494,1.7150614249775102,0.7553753317975163,0.6510401704569264,0.68231569937908,2.567069097239106,1.6289907426668015,1.4362175177519494,1.7150614249775102,0.0801911336763933,0.08450187919277106,0.59375,1.7129972872947774,0.0353351163146514
arousal,physio_emg_lagged_interaction_experimental_ridge,11,32,1.658874840562549,2.0237812340287245,0.42619868440260406,0.436121273674589,0.39420375108509614,1.8874586088176875,1.6565393804691957,1.658874840562549,2.0237812340287245,-0.05718471158157884,-0.1259279631354311,0.59375,1.9006477694544375,0.09336654346606724
arousal,physio_emg_lagged_interaction_experimental_ridge,12,32,1.0807721058475628,1.3298759938429128,0.6582045481609499,0.6153736268666179,0.5898215934682761,1.1575161985907585,1.6689841621826438,1.0807721058475628,1.3298759938429128,-0.336301343703825,-0.15397305536209913,0.625,1.2274284576871455,0.08322223267127934
arousal,physio_emg_lagged_interaction_experimental_ridge,13,32,2.1025009998965585,2.437607629420016,0.5689809204573483,0.4775979990428324,0.28559506529880435,1.243734296383275,1.6783345883282959,2.1025009998965585,2.437607629420016,0.019889020986498272,-0.059017595307917885,0.4375,1.4088788982214433,0.09238952684025158
arousal,physio_emg_lagged_interaction_experimental_ridge,14,32,1.8256195035963403,2.014362207698193,0.8547245445623705,0.8063065335342794,0.5281623778214205,1.6393596310755,1.6207633881130854,1.8256195035963403,2.014362207698193,-0.17750241323017976,-0.11620234604105568,0.09375,0.8494495885699882,0.12035435669957441
arousal,physio_emg_lagged_interaction_experimental_ridge,15,32,1.4615358478506169,1.713759521393848,0.6861985981903852,0.6825316539768133,0.6277974061447644,2.214123697989794,1.6302649089032348,1.4615358478506169,1.713759521393848,0.0727097571204977,0.05645678696610302,0.4375,1.6186477056527644,0.10663787967227142
arousal,physio_emg_lagged_interaction_experimental_ridge,16,32,1.1041004417431801,1.3866712577387192,0.8491520302698153,0.7908577300746495,0.7787895742684672,2.4486922530199666,1.6278407263367307,1.1041004417431801,1.3866712577387192,0.05136556880676707,0.013014389203225044,0.65625,1.371204820434612,0.036672066366299716
arousal,physio_emg_lagged_interaction_experimental_ridge,17,32,1.1848591430227127,1.4547980351179508,0.8477173625060118,0.8033642007732664,0.7548650702923895,2.3747943989954163,1.618685411160823,1.1848591430227127,1.4547980351179508,-0.18689174281938625,-0.1953991393047591,0.28125,1.3129056407007988,0.035607876420448194
arousal,physio_emg_lagged_interaction_experimental_ridge,18,32,1.8330479270898703,2.2151930856577158,0.7254362519072839,0.7034369748930936,0.5918922782084818,2.9679275176459416,1.6527550610500907,1.8330479270898703,2.2151930856577158,0.19228389404961876,0.19684750733137826,0.65625,2.1200614760696554,0.09973961927587695
arousal,physio_emg_lagged_interaction_experimental_ridge,19,32,1.4369940055357604,1.8068568980627329,0.6804514663526784,0.7598362190654578,0.5685642837488681,1.9354828209002528,1.6334074220090018,1.4369940055357602,1.8068568980627329,0.36599373493862064,0.34057373436045263,0.75,1.4699453361764527,0.04767837170483109
arousal,physio_emg_lagged_interaction_experimental_ridge,20,32,1.2299521624198464,1.6194882490868796,0.8160113296382183,0.8261608242646621,0.6853523942776589,2.1423920626253263,1.633879298766977,1.2299521624198464,1.6194882490868796,-0.0622521248147718,-0.02584547715006664,0.4375,1.2400897101370107,0.0444318969897675
arousal,physio_emg_lagged_interaction_experimental_ridge,21,32,1.286081353215621,1.6395530495961428,0.8427310971495456,0.7295229660608429,0.7342408058708384,2.745557491202834,1.6049134171610897,1.286081353215621,1.639553049596143,-0.07551206877852405,-0.11950146627565982,0.4375,1.631799589761145,0.07541491318225621
arousal,physio_emg_lagged_interaction_experimental_ridge,22,32,2.020930252987355,2.2448809959218043,0.7288243181042522,0.6895392089110023,0.5846020466913414,3.0355961111452228,1.602823818329282,2.020930252987355,2.2448809959218043,-0.1473783369484941,-0.11033724340175952,0.34375,2.143575596227557,0.1274206630064996
arousal,physio_emg_lagged_interaction_experimental_ridge,23,32,1.211891614759113,1.4327963782263653,0.8369743587068673,0.8185500860066116,0.7364338170446306,2.108159371940366,1.625426731356857,1.211891614759113,1.4327963782263653,-0.02565147318874645,-0.07936944401403444,0.5625,1.1590966729438268,0.057881156900791854
arousal,physio_emg_lagged_interaction_experimental_ridge,24,32,1.320930697215008,1.5007728811174197,0.8841915116813365,0.8332904834523537,0.7715780545024195,2.706870598587971,1.5893815072069937,1.320930697215008,1.5007728811174197,-0.17590790855996177,-0.13747594228758853,0.5625,1.4823221092336487,0.07978986916308617
arousal,physio_emg_lagged_interaction_experimental_ridge,25,32,1.7594717920372887,2.210715713129971,0.7061512756037179,0.7151245366031178,0.5926937573075479,3.0413812651491097,1.6556802667240766,1.7594717920372887,2.210715713129971,-0.13749439528512014,0.03665689149560117,0.53125,2.18923247648393,0.12020124067348141
arousal,physio_emg_lagged_interaction_experimental_ridge,26,32,1.8196828782401164,2.059692949267252,0.6962991937499666,0.700750888980276,0.5593387017375027,2.381569860407206,1.6236249318480418,1.8196828782401164,2.059692949267252,0.14458800852518072,-0.011730205278592375,0.71875,1.7189293581328962,0.07470071651403275
arousal,physio_emg_lagged_interaction_experimental_ridge,27,32,1.1527399617677738,1.4712532613129832,0.6772373696169813,0.644730585600945,0.6364851300588691,1.71277370075559,1.633691548707474,1.1527399617677738,1.4712532613129832,-0.29539837357695164,-0.13600953223652087,0.75,1.3302540014938895,0.05130225348416302
arousal,physio_emg_lagged_interaction_experimental_ridge,28,32,1.3654521712705625,1.719593679481575,0.8515563759013098,0.7411379860827666,0.6862429917293233,2.346664854106781,1.618235400811701,1.3654521712705625,1.719593679481575,0.0074324073717001735,0.06011730205278592,0.6875,1.2832399966930983,0.11636381476025137
arousal,physio_emg_lagged_interaction_experimental_ridge,29,32,1.1337412490586818,1.4748799332153466,0.7619931645275121,0.7911927673763665,0.7052198181179418,2.0832291640623697,1.6391603544125197,1.1337412490586818,1.4748799332153466,-0.16219578049309652,-0.04765395894428152,0.375,1.33879307925565,0.06114989025817132
arousal,physio_emg_lagged_interaction_experimental_ridge,30,32,0.7684428582501902,0.9546164783038721,0.8932820499972435,0.8678460478098854,0.8694176424607637,2.0707694071286644,1.6400287225323675,0.7684428582501901,0.9546164783038721,0.06593720863975723,0.023645862073465224,0.4375,0.9561639397658943,0.07387090374744204
arousal,physio_emg_lagged_interaction_experimental_ridge,31,32,2.0562566452319064,2.417690802824012,0.7894484810505696,0.7732207493917466,0.5865433898054636,3.2379584617471546,1.621984350482767,2.0562566452319064,2.417690802824012,0.02260346016003638,-0.028958944281524925,0.375,2.1966185537351026,0.0670610023357479
arousal,physio_emg_lagged_interaction_experimental_ridge,32,32,1.0681091349379908,1.3115836002717973,0.7636282436986311,0.7253475715866732,0.7444791499279567,1.9833289565778038,1.6546701025587354,1.0681091349379908,1.3115836002717973,-0.018283082925158286,-0.009531665331939469,0.4375,1.2823728733282098,0.1011119077572497
arousal,physio_emg_lagged_interaction_experimental_ridge,33,32,1.485356246152624,1.7495949348954567,0.5629980710092806,0.5874291326673405,0.49468983840613645,1.6366767968966873,1.6261108782602953,1.485356246152624,1.7495949348954567,0.26029136362357214,0.3002474579560933,0.40625,1.5470529366384678,0.09449103747964535
arousal,physio_emg_lagged_interaction_experimental_ridge,34,32,1.1951447939258404,1.365683487587698,0.862195906511579,0.8838743650451912,0.7807266467444521,2.373148949707961,1.6227525916982846,1.1951447939258404,1.365683487587698,0.2319619058515868,0.32572633259339306,0.65625,1.287200102975002,0.060384357649236366
arousal,physio_emg_lagged_interaction_experimental_ridge,35,32,1.1703002994836362,1.5372420613241982,0.5567853061375942,0.5250971719243788,0.5488144123966754,1.5783570373967988,1.6354293790046333,1.1703002994836362,1.5372420613241982,0.2630225552449948,0.199798369457962,0.59375,1.5253824941246354,0.04685483934472568
arousal,physio_emg_lagged_interaction_experimental_ridge,36,32,1.427008342648313,1.621531470556328,0.8259724429383917,0.8314780372160916,0.7181179257844298,2.54644359843292,1.5923900592409326,1.427008342648313,1.621531470556328,-0.1417837502612002,-0.18071847507331376,0.3125,1.5074025758264085,0.09445288069097153
arousal,physio_emg_lagged_interaction_experimental_ridge,37,32,1.2654250732474033,1.5524501488686853,0.5093667630232852,0.5369627201011643,0.48248829782987446,1.346291201783626,1.6383335695413184,1.2654250732474033,1.5524501488686853,0.1659400491814633,0.15012372897804666,0.59375,1.5138866254987768,0.10665048132667695
arousal,physio_emg_lagged_interaction_experimental_ridge,38,32,1.1437701784315313,1.4212547954380421,0.7180341394885859,0.715266982761588,0.6978590562811757,1.984313483298443,1.6372562270375268,1.1437701784315313,1.4212547954380421,-0.10563398053405548,-0.11473607038123164,0.4375,1.3855566244123854,0.0864931271013114
arousal,physio_emg_lagged_interaction_experimental_ridge,39,32,1.7105731202751406,2.0426760093358727,0.7634429698525285,0.6219501905161324,0.6362198710047922,2.9379986278928043,1.6267059253688059,1.7105731202751404,2.0426760093358727,-0.16985754733698794,-0.09714966588322922,0.625,1.9867742000953235,0.04624598710001531
arousal,physio_emg_lagged_interaction_experimental_ridge,40,32,2.512528715948199,2.930079422481673,0.45687574188757457,0.4758691171448105,0.34966367639624313,3.059309562630104,1.6512763977419749,2.512528715948199,2.930079422481673,-0.11853897715894456,-0.06011730205278592,0.5,2.710396573079377,0.1551643789233303
arousal,physio_emg_lagged_interaction_experimental_ridge,41,32,1.9301850983895346,2.41348401966921,0.41964942277963263,0.4420372347107966,0.16395081056805705,0.81967981553775,1.660388537696026,1.9301850983895346,2.41348401966921,-0.19948224684287358,-0.19136651166432322,0.78125,1.4959771670373034,0.07252067806268765
arousal,physio_emg_lagged_interaction_experimental_ridge,42,32,2.2535261736152523,2.6572256993565295,0.6811975188986289,0.6994108412375355,0.4154935120335495,2.2584476831443316,1.6312431871768107,2.2535261736152528,2.6572256993565295,0.07558984841928375,0.03115835777126099,0.46875,1.660115463055621,0.07927786158333129
arousal,physio_emg_lagged_interaction_experimental_ridge,43,32,1.594746562164101,1.7884966825688517,0.8690435625404958,0.826708302328967,0.7254838358408783,3.0045538354304786,1.6187678261735103,1.5947465621641008,1.7884966825688517,0.17407060423353257,0.14332844574780057,0.5625,1.802734417937777,0.1067210294135255
arousal,physio_emg_lagged_interaction_experimental_ridge,44,32,1.9517178387524452,2.436472436444286,0.5301295921698725,0.407792128642765,0.4529525449245242,2.8111107680061274,1.6491520746372834,1.9517178387524454,2.436472436444286,0.38780663408779087,0.3565209436658129,0.71875,2.4099202277826843,0.05568111078802278
arousal,physio_emg_lagged_interaction_experimental_ridge,45,32,1.1512760983205943,1.529754509938505,0.6000054649142388,0.6065089289015091,0.5856068692586596,1.6665364532466729,1.653625191941788,1.1512760983205943,1.529754509938505,-0.20243075752594364,-0.1473742101322949,0.46875,1.4722953086219464,0.056886076460664785
arousal,physio_emg_lagged_interaction_experimental_ridge,46,32,1.4944460615291142,1.9392267405181902,0.40865008968302263,0.47382369660282936,0.40304065827049634,1.885128891481959,1.647929564528888,1.4944460615291142,1.93922674051819,-0.06287245012669326,0.006964809384164223,0.4375,1.9285807571028841,0.03896394841702974
arousal,physio_emg_lagged_interaction_experimental_ridge,47,32,2.085325820452923,2.523874338768919,0.5373474632506989,0.4904353309717336,0.43215388390338644,2.7780880903059932,1.6237232357746951,2.085325820452923,2.523874338768919,0.030760115017412708,0.009164222873900292,0.40625,2.3476946080537613,0.07570269042556174
arousal,physio_emg_lagged_interaction_experimental_ridge,48,32,1.043438810783213,1.2862375387642884,0.8056220397271217,0.8407461161738888,0.774383196047187,2.1485369295173866,1.6402977180582408,1.043438810783213,1.2862375387642884,0.35181545739053205,0.2448680351906158,0.5,1.300879429561996,0.07615878229075411
arousal,physio_emg_lagged_interaction_experimental_ridge,49,32,2.03721739788468,2.3639292381536317,0.3928642450431481,0.35198744073851007,0.24268121682545093,1.3831434985206705,1.6477322408185968,2.0372173978846804,2.3639292381536317,0.1437173711157703,0.16607093828340694,0.78125,1.692520509403907,0.06454061841912048
arousal,physio_emg_lagged_interaction_experimental_ridge,50,32,1.233961547026693,1.4100025499934987,0.892734878288602,0.8710915193928205,0.7933340874100263,2.6485181588012567,1.6138813689872336,1.2339615470266931,1.4100025499934987,-0.2259252042502495,-0.2287390029325513,0.3125,1.3910614610751582,0.07453955394199989
arousal,physio_emg_lagged_interaction_experimental_ridge,52,32,1.7145114481005312,2.045531751631187,0.481854972841329,0.47805367007777705,0.45315235160525175,2.1277555663186503,1.690916894225393,1.7145114481005312,2.045531751631187,-0.17173719812279575,-0.21519567499417186,0.53125,1.9522573515044046,0.13414253158566525
arousal,physio_emg_lagged_interaction_experimental_ridge,53,32,0.8972953362423541,1.1120612265446221,0.8825175785527306,0.8751225793363407,0.8368947277748447,2.1863836437139756,1.6442978916161457,0.8972953362423544,1.1120612265446221,-0.03728414779762226,0.01888002940749549,0.53125,1.0633145558549586,0.057848544964593934
arousal,physio_emg_lagged_interaction_experimental_ridge,54,32,1.4768493951537542,1.7004969033096342,0.6419738720569487,0.6774506743527282,0.6154140775517065,2.1928505991061042,1.6434986126222138,1.4768493951537542,1.7004969033096342,-0.03502135932125961,0.05150765304374983,0.5625,1.6942831997212953,0.06446671541602073
arousal,physio_emg_lagged_interaction_experimental_ridge,55,32,2.1901092435342404,2.4105716083058963,0.7976265730710758,0.7039674058447866,0.36029630395590634,1.2338804388999771,1.6627169812264742,2.1901092435342404,2.4105716083058963,-0.13441082877266275,-0.17412023460410556,0.9375,0.9986088789050975,0.05305489773146736
arousal,physio_emg_lagged_interaction_experimental_ridge,56,32,1.249135435651112,1.4601473688206004,0.8543517417672803,0.8321296330542773,0.7628424923253766,2.4762544169571914,1.620799936894201,1.2491354356511122,1.4601473688206004,-0.2845263364784,-0.2641371104485534,0.375,1.3444179697621401,0.10715958889993928
arousal,physio_emg_lagged_interaction_experimental_ridge,57,32,1.8263358866451003,2.1779474952954647,0.37308024819508095,0.3885777460628964,0.3570541303183497,2.1485369295173866,1.6431582310641086,1.8263358866451,2.1779474952954647,0.023099233720048323,-0.004765395894428152,0.53125,2.1643328274237774,0.03959779899726648
arousal,physio_emg_lagged_interaction_experimental_ridge,58,32,1.2405725786877102,1.5082609623492214,0.9049524373662893,0.8513851569095515,0.7512224931942602,2.3416657399167797,1.6208013934902088,1.2405725786877102,1.5082609623492214,0.21544146784256424,0.22690615835777125,0.6875,1.1332636003495442,0.11588854053905104
arousal,physio_emg_lagged_interaction_experimental_ridge,59,32,1.5877859794405378,2.0824157107028562,0.6673471289814784,0.686884089999553,0.5198552012061747,2.1648379702647493,1.6249419074635838,1.5877859794405378,2.0824157107028562,0.173182166197965,0.18585043988269795,0.40625,1.6408958852975946,0.1424940526241827
arousal,physio_emg_lagged_interaction_experimental_ridge,60,32,2.112648539777239,2.4562001838617857,0.827878423359647,0.868731523222923,0.5887620296027856,3.201409601644251,1.6294322324869854,2.112648539777239,2.4562001838617857,0.15309994695455417,0.20931085043988265,0.34375,2.0713483906629713,0.039754582232595995
arousal,physio_emg_lagged_interaction_experimental_ridge,61,32,1.654846732780293,1.9036612321246493,0.8859403048225531,0.8763273873266323,0.6977477858294825,2.9040650388722358,1.6258014750423004,1.654846732780293,1.9036612321246493,-0.02201492819015597,-0.00659824046920821,0.28125,1.641778371653087,0.09377306269594282
arousal,physio_emg_lagged_interaction_experimental_ridge,62,32,1.730266483751399,2.0876620057176676,0.7950757249464644,0.7016716633114141,0.6475867488803314,3.1017887984193897,1.6237358723828432,1.7302664837513992,2.0876620057176676,-0.03220427487792467,0.07185409250231292,0.5,2.058781133828381,0.0547478973361705
arousal,physio_emg_lagged_interaction_experimental_ridge,63,32,1.826112279066865,2.172324183689476,0.7848979583815007,0.7489256709783005,0.6305418083488517,3.1867339765816665,1.6099369052246983,1.826112279066865,2.172324183689476,-0.022823226891295494,-0.0157624633431085,0.6875,2.1644511428246234,0.05556262055483649
arousal,physio_emg_lagged_interaction_experimental_ridge,64,32,1.2427243229710754,1.4950375479106184,0.7707961831125579,0.7729752471396085,0.7266748680779094,2.3310070248714396,1.6536806355235012,1.2427243229710756,1.4950375479106184,0.18871828170425922,0.21187683284457476,0.5,1.5037030977647274,0.07112682957163977
arousal,physio_emg_lagged_interaction_experimental_ridge,65,32,1.9231107354287338,2.043034006028025,0.9140186120404722,0.8628113233530983,0.6829129815053466,3.0744346533143294,1.5995130776574078,1.9231107354287338,2.043034006028025,0.047306353334446084,0.09110072442257532,0.4375,1.7398221083540357,0.05348421403312811
arousal,stimulus_only,1,32,1.5544354838709675,1.8757326005488382,0.6396747039031425,0.6336280762871853,0.591079851242668,2.4348944407304396,1.6326014875239936,1.5544354838709675,1.8757326005488382,,,0.0,1.8730758315387523,0.0
arousal,stimulus_only,2,32,2.326108870967742,2.7325131631493744,0.7271361956690022,0.7829385631311458,0.422662170104567,2.3048861143232218,1.6307697904686218,2.326108870967742,2.7325131631493744,,,0.0,1.5829340702617387,0.0
arousal,stimulus_only,3,32,1.645665322580645,1.8533457350509737,0.6357247908214482,0.6344455352961016,0.4801594393110361,1.5194057226429023,1.64231059042618,1.645665322580645,1.8533457350509737,,,0.0,1.353914241378173,0.0
arousal,stimulus_only,5,32,1.4047379032258063,1.7548362080449438,0.6946450633141558,0.7385488473019087,0.6057032951047436,2.0832291640623697,1.634481336683944,1.4047379032258063,1.7548362080449438,,,0.0,1.5102454224184472,0.0
arousal,stimulus_only,6,32,3.337701612903226,3.732512119493306,0.3170827001100329,0.38138344258506085,0.09466720235279265,1.39159025488827,1.6507443513068545,3.337701612903226,3.732512119493306,,,0.0,1.7901679019020869,0.0
arousal,stimulus_only,7,32,1.3487903225806452,1.6252851346734931,0.664034725547573,0.6860438597275036,0.42976028247690273,0.909477013178453,1.648220935299899,1.3487903225806452,1.6252851346734931,,,0.0,1.2461858921407156,0.0
arousal,stimulus_only,8,32,1.7182459677419355,1.9187893074403857,0.7647247061481834,0.7852355977697068,0.6275582319326557,2.4929588343973914,1.6270466548631377,1.7182459677419355,1.9187893074403857,,,0.0,1.630470033705313,0.0
arousal,stimulus_only,9,32,1.6965725806451613,2.170411362822948,0.4570923493746098,0.46956461195453625,0.3849140732331335,1.96229099205495,1.643292035292091,1.6965725806451613,2.170411362822948,,,0.0,1.898183074793325,0.0
arousal,stimulus_only,10,32,1.4380040322580645,1.7173703785641625,0.7545455569743079,0.6583096352466759,0.681165922336731,2.567069097239106,1.6265338073463327,1.4380040322580645,1.7173703785641625,,,0.0,1.7129972872947774,0.0
arousal,stimulus_only,11,32,1.671875,2.026535642212376,0.4276580639736074,0.4359750912602661,0.3926659461331032,1.8874586088176875,1.6447504002176132,1.671875,2.026535642212376,,,0.0,1.9006477694544375,0.0
arousal,stimulus_only,12,32,1.0922379032258065,1.3301654805004859,0.667013077311061,0.6063847547898518,0.5895021197479596,1.1575161985907585,1.6454867017620436,1.0922379032258065,1.3301654805004859,,,0.0,1.2274284576871455,0.0
arousal,stimulus_only,13,32,2.081149193548387,2.417245384138399,0.5550886728936512,0.4724337435465743,0.2801338084065933,1.243734296383275,1.6467787568605616,2.081149193548387,2.417245384138399,,,0.0,1.4088788982214433,0.0
arousal,stimulus_only,14,32,1.610383064516129,1.7966571854818605,0.8654060605055739,0.8158786083038903,0.5896991565968756,1.6393596310755,1.6350625440259345,1.610383064516129,1.7966571854818605,,,0.0,0.8494495885699882,0.0
arousal,stimulus_only,15,32,1.4349798387096775,1.6951581251313257,0.6843964811202882,0.6838954529864433,0.6327118970324376,2.214123697989794,1.6333525202781025,1.4349798387096775,1.6951581251313257,,,0.0,1.6186477056527644,0.0
arousal,stimulus_only,16,32,1.115423387096774,1.3937183709424947,0.8490714537900498,0.7851188280071603,0.7766475824489384,2.4486922530199666,1.6243325360925709,1.115423387096774,1.3937183709424947,,,0.0,1.371204820434612,0.0
arousal,stimulus_only,17,32,1.1703629032258065,1.443007647866153,0.8494711265706563,0.8058567055675556,0.7589941655334352,2.3747943989954163,1.6253373414156536,1.1703629032258065,1.443007647866153,,,0.0,1.3129056407007988,0.0
arousal,stimulus_only,18,32,1.862399193548387,2.2144458644257763,0.7211949002894917,0.6891756144226439,0.5862598768217001,2.9679275176459416,1.623142821183585,1.862399193548387,2.2144458644257763,,,0.0,2.1200614760696554,0.0
arousal,stimulus_only,19,32,1.4783266129032258,1.8649160854374132,0.67305688302963,0.7573562085836922,0.5508004770128474,1.9354828209002528,1.6368260362049833,1.4783266129032258,1.8649160854374132,,,0.0,1.4699453361764527,0.0
arousal,stimulus_only,20,32,1.2222782258064515,1.6061071539303806,0.8174181670963803,0.8295778754427827,0.6887310952788871,2.1423920626253263,1.6296327910122985,1.2222782258064515,1.6061071539303806,,,0.0,1.2400897101370107,0.0
arousal,stimulus_only,21,32,1.277217741935484,1.632203078252718,0.8430035229501301,0.7285661711621355,0.7379262719707491,2.745557491202834,1.620495926660126,1.277217741935484,1.632203078252718,,,0.0,1.631799589761145,0.0
arousal,stimulus_only,22,32,1.9672379032258063,2.2019212090640568,0.7363599371429027,0.6965022133087162,0.5992353607517777,3.0355961111452228,1.621613874668233,1.9672379032258063,2.2019212090640568,,,0.0,2.143575596227557,0.0
arousal,stimulus_only,23,32,1.2278225806451613,1.4444266565960073,0.8378042177970356,0.8186251100740446,0.7339550447883118,2.108159371940366,1.6294064964572808,1.2278225806451613,1.4444266565960073,,,0.0,1.1590966729438268,0.0
arousal,stimulus_only,24,32,1.310483870967742,1.48257196823593,0.8842846261953842,0.8455977263856485,0.7790914999650712,2.706870598587971,1.619265425738052,1.310483870967742,1.48257196823593,,,0.0,1.4823221092336487,0.0
arousal,stimulus_only,25,32,1.7767137096774195,2.1900265994374353,0.7183776736175677,0.7140056976931781,0.5964710806999017,3.0413812651491097,1.6224070271970634,1.7767137096774195,2.1900265994374353,,,0.0,2.18923247648393,0.0
arousal,stimulus_only,26,32,1.861391129032258,2.0975708009095437,0.6921782162668518,0.7032390754941981,0.5500166079740724,2.381569860407206,1.631177894570375,1.861391129032258,2.0975708009095437,,,0.0,1.7189293581328962,0.0
arousal,stimulus_only,27,32,1.2263104838709677,1.535350762562059,0.6857768600850157,0.6533032970651478,0.6202442042179301,1.71277370075559,1.6389311656529597,1.2263104838709677,1.535350762562059,,,0.0,1.3302540014938895,0.0
arousal,stimulus_only,28,32,1.3870967741935485,1.736794234893714,0.8523115608810488,0.7439674769942559,0.6831198156012985,2.346664854106781,1.625620229030218,1.3870967741935485,1.736794234893714,,,0.0,1.2832399966930983,0.0
arousal,stimulus_only,29,32,1.0892137096774195,1.4303522584477635,0.7663483928825855,0.7911927673763665,0.7180842706934527,2.0832291640623697,1.6321077413038991,1.0892137096774195,1.4303522584477635,,,0.0,1.33879307925565,0.0
arousal,stimulus_only,30,32,0.7550403225806452,0.956852374832003,0.8934739322809537,0.8682985705758665,0.8680754224554206,2.0707694071286644,1.628088483700141,0.7550403225806452,0.956852374832003,,,0.0,0.9561639397658943,0.0
arousal,stimulus_only,31,32,2.011592741935484,2.3482477221801465,0.7902383180113698,0.7692709474610178,0.6000188698437783,3.2379584617471546,1.6164187210941403,2.011592741935484,2.3482477221801465,,,0.0,2.1966185537351026,0.0
arousal,stimulus_only,32,32,1.0398185483870968,1.2891028761453294,0.7650874662357704,0.7299560016483684,0.7489324319303492,1.9833289565778038,1.6333954482244362,1.0398185483870968,1.2891028761453294,,,0.0,1.2823728733282098,0.0
arousal,stimulus_only,33,32,1.466733870967742,1.7088498453534824,0.5550418725169378,0.5846336260080733,0.5055267984077093,1.6366767968966873,1.643200511139798,1.466733870967742,1.7088498453534824,,,0.0,1.5470529366384678,0.0
arousal,stimulus_only,34,32,1.1975806451612903,1.370932162726182,0.8577420069249223,0.8685966040979513,0.7787625418460267,2.373148949707961,1.625049714580117,1.1975806451612903,1.370932162726182,,,0.0,1.287200102975002,0.0
arousal,stimulus_only,35,32,1.180443548387097,1.552764938493383,0.5524171309417634,0.5261720678869681,0.5431462971770319,1.5783570373967988,1.6437990362349817,1.180443548387097,1.552764938493383,,,0.0,1.5253824941246354,0.0
arousal,stimulus_only,36,32,1.3986895161290325,1.6137422213029615,0.8281688496029957,0.8377729054559818,0.7245168899845158,2.54644359843292,1.6238238378140812,1.3986895161290325,1.6137422213029615,,,0.0,1.5074025758264085,0.0
arousal,stimulus_only,37,32,1.298891129032258,1.579093729239403,0.5035699282557259,0.5396798441611068,0.47245173851424793,1.346291201783626,1.6469570832960136,1.298891129032258,1.579093729239403,,,0.0,1.5138866254987768,0.0
arousal,stimulus_only,38,32,1.113407258064516,1.3992196939083654,0.7229243531153059,0.719878752428922,0.7054957767595204,1.984313483298443,1.6347132227835457,1.113407258064516,1.3992196939083654,,,0.0,1.3855566244123854,0.0
arousal,stimulus_only,39,32,1.719758064516129,2.042019248651355,0.7676405249461905,0.6309757579971604,0.6368732990294125,2.9379986278928043,1.621343528399755,1.719758064516129,2.042019248651355,,,0.0,1.9867742000953235,0.0
arousal,stimulus_only,40,32,2.499495967741935,2.919191928710636,0.4684225945889068,0.5149480612492227,0.3547005955677008,3.059309562630104,1.6343109757994334,2.499495967741935,2.919191928710636,,,0.0,2.710396573079377,0.0
arousal,stimulus_only,41,32,2.0055443548387095,2.469024743007183,0.4297075601558555,0.44572460955923554,0.16032139639803566,0.81967981553775,1.6522739410377567,2.0055443548387095,2.469024743007183,,,0.0,1.4959771670373034,0.0
arousal,stimulus_only,42,32,2.253024193548387,2.6523340250498326,0.6793976578000546,0.7004036165494839,0.41601257264235547,2.2584476831443316,1.633034336140881,2.253024193548387,2.6523340250498326,,,0.0,1.660115463055621,0.0
arousal,stimulus_only,43,32,1.5972782258064515,1.8068903377094594,0.8638948839185945,0.8256486416701168,0.7198429220667221,3.0045538354304786,1.6159534382778398,1.5972782258064515,1.8068903377094594,,,0.0,1.802734417937777,0.0
arousal,stimulus_only,44,32,1.982358870967742,2.461961855606203,0.5186399224228903,0.4016332543886638,0.4401171305273597,2.8111107680061274,1.6340292818038096,1.982358870967742,2.461961855606203,,,0.0,2.4099202277826843,0.0
arousal,stimulus_only,45,32,1.142641129032258,1.5219490856302587,0.6039531069248716,0.6180331561745381,0.5879117283252022,1.6665364532466729,1.6416254815754825,1.142641129032258,1.5219490856302587,,,0.0,1.4722953086219464,0.0
arousal,stimulus_only,46,32,1.4858870967741935,1.9311611674675553,0.40967788010441514,0.47740043487674816,0.4052697355797902,1.885128891481959,1.645309528425829,1.4858870967741935,1.9311611674675553,,,0.0,1.9285807571028841,0.0
arousal,stimulus_only,47,32,2.0151209677419355,2.4418044452845615,0.5370668726263563,0.48073748385981624,0.4498019813307133,2.7780880903059932,1.6335022188213828,2.0151209677419355,2.4418044452845615,,,0.0,2.3476946080537613,0.0
arousal,stimulus_only,48,32,1.0493951612903225,1.3047018848475163,0.7967730533808148,0.8373097283165034,0.7663000654033917,2.1485369295173866,1.6302544520914506,1.0493951612903225,1.3047018848475163,,,0.0,1.300879429561996,0.0
arousal,stimulus_only,49,32,2.065524193548387,2.3836409706151227,0.38761730890815094,0.3433325205976194,0.23736424177812304,1.3831434985206705,1.6492231245869118,2.065524193548387,2.3836409706151227,,,0.0,1.692520509403907,0.0
arousal,stimulus_only,50,32,1.2056451612903225,1.3913277090479512,0.8978581496271998,0.8873978486220416,0.7991559451798751,2.6485181588012567,1.6195365110629563,1.2056451612903225,1.3913277090479512,,,0.0,1.3910614610751582,0.0
arousal,stimulus_only,52,32,1.702116935483871,2.018432152260223,0.48814867280672447,0.5170577002309656,0.4555496496712094,2.1277555663186503,1.6409747657491789,1.702116935483871,2.018432152260223,,,0.0,1.9522573515044046,0.0
arousal,stimulus_only,53,32,0.8991935483870968,1.1178085559441455,0.8850872703819914,0.8781714645299696,0.8344007548493222,2.1863836437139756,1.6267047484545685,0.8991935483870968,1.1178085559441455,,,0.0,1.0633145558549586,0.0
arousal,stimulus_only,54,32,1.4773185483870965,1.6993827114266937,0.6430736368541091,0.6790974821338142,0.614906902997159,2.1928505991061042,1.6350320901614837,1.4773185483870965,1.6993827114266937,,,0.0,1.6942831997212953,0.0
arousal,stimulus_only,55,32,2.25,2.4616497908979853,0.7950465863012913,0.699520481830936,0.34712249631746184,1.2338804388999771,1.6421315273475328,2.25,2.4616497908979853,,,0.0,0.9986088789050975,0.0
arousal,stimulus_only,56,32,1.2288306451612905,1.4504419560416728,0.8656702754372579,0.8419496149200265,0.7678782819017453,2.4762544169571914,1.6233028513427246,1.2288306451612905,1.4504419560416728,,,0.0,1.3444179697621401,0.0
arousal,stimulus_only,57,32,1.836693548387097,2.166632480586249,0.37312277577680203,0.39690353106472104,0.35969927479984914,2.1485369295173866,1.6447560380061697,1.836693548387097,2.166632480586249,,,0.0,2.1643328274237774,0.0
arousal,stimulus_only,58,32,1.3074596774193548,1.5841130079171235,0.8988644335320038,0.8513851569095515,0.731492646727828,2.3416657399167797,1.6239662800079986,1.3074596774193548,1.5841130079171235,,,0.0,1.1332636003495442,0.0
arousal,stimulus_only,59,32,1.5524193548387097,2.058506247467732,0.6592880734724357,0.6739317607458565,0.5240910421031151,2.1648379702647493,1.6347698682421274,1.5524193548387097,2.058506247467732,,,0.0,1.6408958852975946,0.0
arousal,stimulus_only,60,32,2.089717741935484,2.4156557743145415,0.8284694603679769,0.8607821590605765,0.5948220996377501,3.201409601644251,1.6149671774160343,2.089717741935484,2.4156557743145415,,,0.0,2.0713483906629713,0.0
arousal,stimulus_only,61,32,1.611391129032258,1.8649160854374132,0.8895476149988313,0.882083862391182,0.7059631820797484,2.9040650388722358,1.6161936415387983,1.611391129032258,1.8649160854374132,,,0.0,1.641778371653087,0.0
arousal,stimulus_only,62,32,1.742439516129032,2.092926447829683,0.797090054462654,0.7038059936815464,0.6461839486641453,3.1017887984193897,1.6178451727453453,1.742439516129032,2.092926447829683,,,0.0,2.058781133828381,0.0
arousal,stimulus_only,63,32,1.8578629032258063,2.1826475464845028,0.7844496410078389,0.7571117581327045,0.6292722366340426,3.1867339765816665,1.6173715826514221,1.8578629032258063,2.1826475464845028,,,0.0,2.1644511428246234,0.0
arousal,stimulus_only,64,32,1.2545362903225807,1.5094466023232982,0.7671576636270419,0.7722275080855436,0.7188677773762615,2.3310070248714396,1.6289797798507877,1.2545362903225807,1.5094466023232982,,,0.0,1.5037030977647274,0.0
arousal,stimulus_only,65,32,1.908266129032258,2.0286826907965585,0.9102085544158178,0.8628904041766321,0.6868309922540706,3.0744346533143294,1.6127356263728783,1.908266129032258,2.0286826907965585,,,0.0,1.7398221083540357,0.0
valence,physio_eeg_bandpower_ridge,1,32,0.9976297084607639,1.2082554428682437,0.8833719060993752,0.8759730302689388,0.8671855392191016,2.4746764308692963,2.1801791559156642,0.9976297084607637,1.2082554428682437,-0.1495831908089072,-0.14025117406307566,0.5,1.1175376128242858,0.18533346291516456
valence,physio_eeg_bandpower_ridge,2,32,1.191613006559579,1.5649395913073398,0.8453970169813966,0.810203977752578,0.8110699574563685,2.839282204624965,2.1900457197264456,1.191613006559579,1.5649395913073398,-0.16826898045399866,-0.06874427246581728,0.5625,1.499820800408392,0.1456585571225817
valence,physio_eeg_bandpower_ridge,3,32,1.1673911544400355,1.3542177315085373,0.8903018143408193,0.871285915066597,0.8487820106886621,2.6485181588012567,2.1827273498529682,1.1673911544400355,1.354217731508537,-0.15932941702678727,-0.15857012182115188,0.4375,1.1803897435466537,0.1687774102615492
valence,physio_eeg_bandpower_ridge,5,32,1.2446657542349597,1.530113127350357,0.8608766446767733,0.840258343392552,0.8251510927197159,2.8870332414954976,2.222772080289968,1.24466575423496,1.530113127350357,0.02915025911836374,0.038316987423768385,0.53125,1.4829722032698982,0.21491062645918108
valence,physio_eeg_bandpower_ridge,6,32,1.0864655349018242,1.1869129936353997,0.9543849750254232,0.9482225721405537,0.9002813276653184,3.0458732327528013,2.1876312071822115,1.0864655349018242,1.1869129936353997,0.018840681633241794,0.05096709331965364,0.40625,1.1527374217875292,0.14874546359557378
valence,physio_eeg_bandpower_ridge,7,32,0.6667461577011531,0.8454711005457883,0.9345475793483423,0.9386891379109306,0.9140556232669643,1.8874586088176875,2.1549829775102314,0.666746157701153,0.8454711005457882,-0.03070152332231913,-0.06857352862965577,0.5,0.7539040491205143,0.16706822184624193
valence,physio_eeg_bandpower_ridge,8,32,0.907160808496597,1.1109915470904714,0.9420536372431988,0.9302955947212869,0.8994999390553414,2.692582403567252,2.177617975272261,0.907160808496597,1.1109915470904714,0.06479132501054059,0.08505178296192142,0.46875,0.9651393883815917,0.19342154275477563
valence,physio_eeg_bandpower_ridge,9,32,1.3416934968593295,1.6569419770011171,0.8991417012900176,0.8343566743554333,0.7870056654699373,2.5600216673887743,2.203548587605601,1.358523597512898,1.661102874621081,-0.13742625914147408,-0.22476854823703366,0.34375,1.061751339195067,0.21675045407651475
valence,physio_eeg_bandpower_ridge,10,32,0.7959125660996688,1.023991317325195,0.9073720975250974,0.8994266138514627,0.8984708731713111,2.4206145913796355,2.1123449317623755,0.7959125660996687,1.023991317325195,-0.024447435812117866,0.05627864439201575,0.53125,0.9997417263296527,0.18385915525101418
valence,physio_eeg_bandpower_ridge,11,32,1.1801544302702816,1.449461586313291,0.9145979653867553,0.8870590281077189,0.8555742204956324,3.136852522832401,2.169062483024514,1.1801544302702818,1.449461586313291,0.024384141739713382,0.043621700879765385,0.59375,1.44564034744527,0.13594836525718418
valence,physio_eeg_bandpower_ridge,12,32,0.9750785406256728,1.2094430786953247,0.8458609793363231,0.8473470036132897,0.8307671906608908,1.88926862502398,2.2466889064990205,0.9750785406256728,1.2094430786953247,-0.20423543650292544,-0.2080659979965403,0.53125,1.156639274123462,0.1565257865098401
valence,physio_eeg_bandpower_ridge,13,32,1.0059852328149677,1.212052782856019,0.918281135300656,0.929912391658539,0.835499689439219,1.818954026356906,2.2335478247128595,1.0059852328149677,1.2120527828560188,0.21384788295950388,0.08249312695898074,0.3125,0.933579727266912,0.13501804227885786
valence,physio_eeg_bandpower_ridge,14,32,0.7689043505559012,0.939985509039334,0.9277255948193444,0.9147379836096405,0.9123003993909634,2.234101818964391,2.217328658479687,0.7689043505559012,0.9399855090393341,0.05360161365098442,-0.04326306213848768,0.46875,0.8364190183117242,0.1817696440896243
valence,physio_eeg_bandpower_ridge,15,32,0.8412514551985177,1.0546728098082296,0.8735063623514024,0.8583359170753979,0.8552807265648539,1.75,2.1502239482759915,0.8412514551985177,1.0546728098082296,0.34772649336379524,0.348455688384941,0.5625,1.1002827935536357,0.1637331720632015
valence,physio_eeg_bandpower_ridge,16,32,0.8052998521432839,1.0559564386842375,0.9060845326007454,0.869478337341318,0.8777727904414175,1.9997558444720196,2.2096858539704454,0.8052998521432839,1.0559564386842375,0.11730962426880724,0.09752520787150612,0.46875,0.9396886306748992,0.16681118259290778
valence,physio_eeg_bandpower_ridge,17,32,1.017549479211403,1.2687341931785228,0.898555856683552,0.8964458211087146,0.8628926663934557,2.623325358681229,2.148870034423911,1.0175494792114033,1.2687341931785228,0.06643631927280981,0.048395967815935366,0.4375,1.1698479042515253,0.15723800992588563
valence,physio_eeg_bandpower_ridge,18,32,1.5897230285704258,1.9429559829812504,0.7826991752331763,0.7692035361342475,0.7251753180267918,2.857111467461499,2.2272098964615044,1.589723028570426,1.9429559829812502,-0.12878905458350956,-0.12101210934645135,0.375,1.7488893829746277,0.1677411272153512
valence,physio_eeg_bandpower_ridge,19,32,1.0569836936385417,1.3992916619614426,0.8093327866322413,0.8100507172786694,0.7855282940231303,2.005607373715005,2.2090486026817397,1.0569836936385417,1.3992916619614428,-0.012757450299533197,0.0007332050255338054,0.46875,1.3051566660738005,0.14986616032761396
valence,physio_eeg_bandpower_ridge,20,32,0.7577804730972341,1.0534682948547731,0.9248198676115591,0.916044480086671,0.8947633723927961,2.358288243090738,2.163217472530601,0.7577804730972342,1.0534682948547731,0.21669198889466534,0.1983683272369253,0.625,0.9188484563256268,0.17730815254844284
valence,physio_eeg_bandpower_ridge,21,32,0.8756005933611298,1.029294037330565,0.9510308659309751,0.9428207528731662,0.9195310904000956,2.850438562747845,2.232959892177467,0.8756005933611299,1.029294037330565,0.2868303233536522,0.3875699110710352,0.5625,1.0394869532102124,0.1840828958003151
valence,physio_eeg_bandpower_ridge,22,32,1.0690375002823853,1.297742133620345,0.8460428226609374,0.8570639235556894,0.8143379999916799,1.9324531042175384,2.259056963019118,1.0690375002823853,1.297742133620345,-0.22130045405912058,-0.24140775465700542,0.5,1.1568399012334067,0.16605597786071452
valence,physio_eeg_bandpower_ridge,23,32,0.8056359862685794,1.0107978684142864,0.9190821054757516,0.9199975727710384,0.9069108558385756,2.521780125229002,2.147349196289757,0.8056359862685794,1.0107978684142862,0.17012259037467614,0.0806747395643009,0.53125,1.0231610268410265,0.17273732695499358
valence,physio_eeg_bandpower_ridge,24,32,0.9226111713406635,1.146992412686348,0.8813662070362125,0.8478667429806387,0.8593965808697483,2.1028254801575903,2.1693479135446148,0.9226111713406635,1.146992412686348,0.10540324475616192,-0.14537122150771495,0.46875,1.0480127617606025,0.13604846271426088
valence,physio_eeg_bandpower_ridge,25,32,1.3039141032010226,1.5900146178674968,0.8228752879492379,0.8539313027417222,0.7986270644276833,2.785109681412924,2.187453541672444,1.3039141032010226,1.5900146178674968,-0.2574794281590523,-0.27678489713901155,0.40625,1.5408977561477415,0.14953816338452763
valence,physio_eeg_bandpower_ridge,26,32,1.3054977164636166,1.5506447686966007,0.848539595089823,0.8311474583614245,0.810400532835501,2.80554696093293,2.158577229213426,1.3054977164636168,1.5506447686966007,0.07979877658338033,0.10539822242048452,0.5,1.502704617996618,0.21641974055850696
valence,physio_eeg_bandpower_ridge,27,32,0.9990997531830121,1.2993006875199797,0.8611730003149407,0.8471105490985674,0.8493171109791102,2.5262295892297675,2.1869157555822962,0.999099753183012,1.2993006875199797,0.04672600680897376,-0.008798460306405666,0.5,1.2826189990847692,0.1468552586735489
valence,physio_eeg_bandpower_ridge,28,32,1.008864804879006,1.2705286828286229,0.8136020926465329,0.7994048972288775,0.7750129297618296,1.5832990676116752,2.1583174738865356,1.008864804879006,1.2705286828286229,0.10209503342587829,0.08508298317682338,0.53125,1.2733766266500448,0.1307359490770584
valence,physio_eeg_bandpower_ridge,29,32,0.725091020858968,0.9534320674357856,0.9298164456257634,0.9432103441479662,0.9094062121350244,2.2603926650031405,2.170840419507988,0.7250910208589679,0.9534320674357856,0.2360479417232255,0.2762856461608562,0.625,0.8583382261787255,0.16944089953918823
valence,physio_eeg_bandpower_ridge,30,32,0.9001802361481186,1.119795338708408,0.9294064134950328,0.8675940886840474,0.8950986523001945,2.6734735714983233,2.1530573110339777,0.9001802361481185,1.119795338708408,-0.31210459689949127,-0.23540197058429957,0.53125,0.9804975673828061,0.15852271483004976
valence,physio_eeg_bandpower_ridge,31,32,1.431341914806096,1.636703967385907,0.9590468663478192,0.9088044871750287,0.8459632077895453,3.4998604882909263,2.1915264700230503,1.431341914806096,1.636703967385907,-0.02865294188887173,-0.06306719461136998,0.46875,1.5157854873086032,0.16690769377131665
valence,physio_eeg_bandpower_ridge,32,32,0.8520684027875916,1.0480046791740287,0.8939634673781401,0.8859163221986204,0.8815774553508944,2.091650066335189,2.186320033253548,0.8520684027875916,1.0480046791740287,0.0074749133000388155,-0.03208066048404806,0.625,0.982104106391065,0.1269297445783098
valence,physio_eeg_bandpower_ridge,33,32,0.6707192624565139,0.8194717699032162,0.9338316012496799,0.9297876139658867,0.9225344004207373,1.9483065563457924,2.197788127033797,0.6707192624565139,0.8194717699032162,0.07375720633304517,0.1550870786828838,0.53125,0.7908206698619183,0.14144009199561314
valence,physio_eeg_bandpower_ridge,34,32,1.2840270727240801,1.512453689292886,0.87179100387794,0.8819416472965671,0.7812404217873142,2.060605190229317,2.2737600490856327,1.2840270727240801,1.512453689292886,-0.20223062440387532,-0.23576864032041217,0.34375,1.0638972447601782,0.18640572020779617
valence,physio_eeg_bandpower_ridge,35,32,0.7589472471858398,0.9296362662962204,0.9220030126987495,0.9198341633134572,0.9121121221203996,2.1999644883497553,2.210891136346069,0.75894724718584,0.9296362662962204,0.04447694006296313,0.059384164222873896,0.40625,0.8615394651342102,0.17275726082641202
valence,physio_eeg_bandpower_ridge,36,32,0.76736815866288,0.969443655542354,0.9550195906385303,0.9453478861918323,0.9263579697800749,2.813020785116953,2.2003056681979216,0.76736815866288,0.969443655542354,0.2146453127028528,0.2434687047787771,0.6875,0.9870053317530504,0.15766868502709006
valence,physio_eeg_bandpower_ridge,37,32,1.160787651924944,1.3203155071106778,0.9315170960041016,0.9273033622515718,0.7328189528204927,1.1520192869479227,2.227747258474822,1.1607876519249443,1.3203155071106778,-0.0006485019590489705,-0.05627864439201575,0.46875,1.2103811796934416,0.20820981125116575
valence,physio_eeg_bandpower_ridge,38,32,1.359187496117494,1.6008511971798896,0.7109970982898537,0.7488610790873346,0.6992603580333018,1.911110606427582,2.1926358638287304,1.3591874961174941,1.6008511971798896,0.13369345713183958,0.0865340577225774,0.5,1.5946821551965669,0.15190498056573842
valence,physio_eeg_bandpower_ridge,39,32,0.967352849693941,1.1497784761675838,0.9347827821996456,0.9175597741233157,0.8962021832521117,2.822205476218909,2.1633002336112663,0.967352849693941,1.149778476167584,0.32421326392715827,0.24853372434017595,0.5625,1.1533481731760573,0.1736639667509848
valence,physio_eeg_bandpower_ridge,40,32,1.2748402603591336,1.462103058178938,0.9324612235819779,0.9176716526821017,0.8548298674244474,3.1991209730174317,2.1099246501482853,1.2748402603591336,1.462103058178938,-0.10475123809049824,-0.0410594814298931,0.4375,1.4100396784327782,0.2152202416379571
valence,physio_eeg_bandpower_ridge,41,32,1.2590025921770343,1.5129597318226569,0.7321820413799771,0.7606374804446989,0.6449479576203111,1.325456878778031,2.1422626869726664,1.2590025921770343,1.5129597318226566,0.2518154722543177,0.2111824050149907,0.53125,1.5120641797562275,0.1645703365311613
valence,physio_eeg_bandpower_ridge,42,32,0.8880137224297482,1.0659160613539895,0.951554822714452,0.8868117641968337,0.9162591330553482,2.912795049432761,2.242606818478598,0.8880137224297482,1.0659160613539895,0.1425430310301925,0.1726539589442815,0.53125,1.0508190184970703,0.1665257755690856
valence,physio_eeg_bandpower_ridge,43,32,0.9599084595269112,1.0829078269270125,0.9454553149790942,0.9278799900748304,0.910200570882376,2.855230945125105,2.2015789695935704,0.9599084595269112,1.0829078269270125,-0.18762372616273787,-0.026402642039225748,0.4375,1.0277185606429846,0.11372785830594895
valence,physio_eeg_bandpower_ridge,44,32,1.32802083100041,1.5496258062630008,0.8236908408232112,0.8147837989300907,0.770637495541551,2.2878756522153907,2.1406947557254727,1.3280208310004102,1.5496258062630013,0.33366121117338315,0.3295756589774455,0.46875,1.3715575366482071,0.1802888004961839
valence,physio_eeg_bandpower_ridge,45,32,0.8857284236764291,1.1234406523725078,0.8918639150628315,0.8726128856878222,0.8675780567540012,2.098176291449315,2.209420141105865,0.8857284236764292,1.1234406523725078,-0.23548572803887127,-0.21558203845280302,0.4375,0.9359767748222355,0.21258877867321238
valence,physio_eeg_bandpower_ridge,46,32,1.195679652498486,1.3984783946199577,0.8969767038560772,0.8865043216586149,0.8517379880568563,2.8502672572058922,2.197307851036001,1.195679652498486,1.3984783946199577,-0.07305552059857955,-0.0755131964809384,0.375,1.28779955889462,0.16520991050458242
valence,physio_eeg_bandpower_ridge,47,32,1.5448331837618183,1.8083607982350467,0.8315894166663792,0.8480378037361705,0.7791334327016749,3.1598061649411346,2.195091536133192,1.5448331837618183,1.8083607982350467,0.08186988281637401,0.027683565076502516,0.53125,1.813517800521661,0.1392706944558611
valence,physio_eeg_bandpower_ridge,48,32,0.8027441587628974,1.0567355257315043,0.9053986253708474,0.9069022213788225,0.892827964878826,2.39057393736316,2.149051959504305,0.8027441587628974,1.0567355257315043,-0.2994049237562225,-0.15799120234604103,0.5,0.9610845807699395,0.14753304841783346
valence,physio_eeg_bandpower_ridge,49,32,1.0891795698121651,1.294505205200097,0.8375743695711756,0.8520349749192004,0.7391604719326447,1.310638560969423,2.162900864631392,1.0891795698121651,1.294505205200097,0.37918576496140544,0.34760290983476005,0.5,1.3316696325086343,0.1459738897492595
valence,physio_eeg_bandpower_ridge,50,32,1.1541053768262872,1.2983484855146232,0.9652348745596107,0.9533028410646408,0.8924175857200525,3.266783586342995,2.2173079780487415,1.1541053768262872,1.2983484855146232,0.18836301220197618,0.1891668965877218,0.46875,1.2860895432780775,0.14377030341010583
valence,physio_eeg_bandpower_ridge,52,32,1.2021105454138015,1.4627036264094828,0.7942447379699203,0.783854066976217,0.7672367829406416,1.9938871426186588,2.2266031857791075,1.2021105454138015,1.4627036264094828,0.2342387061518025,0.1722873900293255,0.5625,1.3983624472285212,0.1459772609530975
valence,physio_eeg_bandpower_ridge,53,32,0.9481618440692564,1.142145340539481,0.9392530646826976,0.9047280882447065,0.892688233627315,2.5860201081971503,2.2338329758739754,0.9481618440692563,1.142145340539481,-0.05607741136166886,0.04583792020698915,0.46875,0.8934942463418373,0.1232515526404662
valence,physio_eeg_bandpower_ridge,54,32,1.1212525761624192,1.4782163315829961,0.8026989499402261,0.8112125742234613,0.7941168979576997,2.3774658252012792,2.208222105725207,1.1212525761624192,1.4782163315829961,-0.16135721756806118,-0.26542021924323755,0.40625,1.415160932864053,0.1586358338137794
valence,physio_eeg_bandpower_ridge,55,32,0.9965568809939338,1.3084344686745224,0.8404033521794627,0.871509677022985,0.8058720253079735,1.899835519196333,2.225605237462115,0.9965568809939339,1.3084344686745224,0.12112771318252168,0.09734188981159728,0.5625,1.2154548484692485,0.1367101889609552
valence,physio_eeg_bandpower_ridge,56,32,0.9022820937154263,1.1174822604032733,0.9193018778589751,0.8841452831330169,0.8967292156848525,2.704163456597992,2.1809416016699363,0.9022820937154263,1.1174822604032733,0.028474886343363186,0.13528872821272842,0.53125,1.0862285750031417,0.24698440992805684
valence,physio_eeg_bandpower_ridge,57,32,1.1990475552430944,1.3458684499207905,0.9314257761630291,0.9222466427340128,0.860493038661849,2.779493827570049,2.157807731734053,1.1990475552430944,1.3458684499207905,-0.20477410838232415,-0.11145738042457842,0.46875,1.0644010927273946,0.1336269026406644
valence,physio_eeg_bandpower_ridge,58,32,0.8527390385158276,0.9994886600373791,0.908147029854882,0.8948207500847569,0.8997199301834502,2.2463077343721185,2.196812749434671,0.8527390385158274,0.9994886600373791,0.15592193672748017,0.1547204425630661,0.53125,0.9650647612965453,0.13376164806715252
valence,physio_eeg_bandpower_ridge,59,32,1.038480204156028,1.3798681324178417,0.8104905204477947,0.8444108540086219,0.8085136727055935,2.2878756522153907,2.167776066158803,1.038480204156028,1.3798681324178417,0.02046943946835231,-0.009348364075556018,0.6875,1.370997297920261,0.15200345376819827
valence,physio_eeg_bandpower_ridge,60,32,1.0661741854849658,1.2291488508175181,0.9348200771372344,0.9126511307491032,0.8926154434861749,3.020114857087392,2.2240781364998976,1.0661741854849658,1.2291488508175181,0.13808471897612673,0.17726856393185417,0.53125,1.2403764851994616,0.16128614962564145
valence,physio_eeg_bandpower_ridge,61,32,1.405123285377197,1.6960507258738484,0.9254672774704182,0.8844372925989089,0.8157410556769289,3.1622776601683795,2.1757568166917594,1.405123285377197,1.6960507258738482,0.054986466227656884,0.05242896513392998,0.65625,1.4155227972469693,0.1124586251078747
valence,physio_eeg_bandpower_ridge,62,32,1.193146103943807,1.3854961107608594,0.8934450916420106,0.8740737063475273,0.8448767744733882,2.622022120425379,2.231479764005587,1.193146103943807,1.3854961107608594,-0.11968051235970407,-0.07955274527041788,0.3125,1.1466678482673742,0.1843444226163234
valence,physio_eeg_bandpower_ridge,63,32,1.018574547292526,1.1980197939663293,0.9159376605393872,0.9118624746290541,0.8811656604735136,2.747157621979489,2.114774691400598,1.018574547292526,1.1980197939663293,-0.1527879525480783,-0.22566453174778953,0.375,1.1368553448155883,0.16450246575770036
valence,physio_eeg_bandpower_ridge,64,32,0.9485821309507334,1.1677455875465295,0.8754548677770899,0.8534744128174833,0.8560407528979352,2.1594179626695706,2.1446225905513665,0.9485821309507333,1.1677455875465292,0.10752568473436358,0.1862853077212039,0.625,1.076333478297336,0.20895588936491213
valence,physio_eeg_bandpower_ridge,65,32,0.8587168090822968,1.0322033378726645,0.9368978396714999,0.9368081525171945,0.9133572394563827,2.704163456597992,2.2165816824158417,0.8587168090822968,1.0322033378726645,-0.013644358545287947,0.023650197979263737,0.46875,0.955941659589858,0.27077054926804617
valence,physio_eeg_cov_riemannian_ridge,1,32,0.9109850000829413,1.113505247731706,0.8955449125006784,0.8764795744884503,0.8909385812110633,2.4746764308692963,2.2852060771785663,0.9245896632865309,1.1187743162516814,0.1646026096299005,0.019800165750081273,0.59375,1.1175376128242858,0.3178487611975775
valence,physio_eeg_cov_riemannian_ridge,2,32,1.3560266072182179,1.6304708821347471,0.8581803565709023,0.8105746108622545,0.7982357742511319,2.839282204624965,2.158221384481708,1.3560266072182179,1.6304708821347471,0.14946331782283878,-0.021264894949426145,0.34375,1.499820800408392,0.27629770812418236
valence,physio_eeg_cov_riemannian_ridge,3,32,1.4915293093359736,1.7055739479233887,0.8411139781922438,0.854846558178548,0.7651036004711423,2.6485181588012567,2.1266557374086306,1.4915293093359736,1.7055739479233887,-0.2955518523001286,-0.33382218709400874,0.40625,1.1803897435466537,0.5402764042665402
valence,physio_eeg_cov_riemannian_ridge,5,32,1.2579865271713582,1.5508744908417562,0.8536664650963142,0.8502570103258262,0.8184713017900869,2.8870332414954976,2.2000951673835676,1.2579865271713582,1.5508744908417562,-0.23679542515160185,-0.10596755373654607,0.4375,1.4829722032698982,0.15375368649429774
valence,physio_eeg_cov_riemannian_ridge,6,32,1.0628726134090112,1.1876599339414664,0.956288967244821,0.9467310698642809,0.9006716296063205,3.0458732327528013,2.195565605164309,1.0628726134090112,1.1876599339414664,0.1262618432195267,0.11788432016020609,0.46875,1.1527374217875292,0.13998401620000175
valence,physio_eeg_cov_riemannian_ridge,7,32,0.6759758561832349,0.812802586231487,0.9398366740094933,0.9429796486764218,0.9233925590238014,1.8874586088176875,2.2445317280202453,0.6759758561832349,0.812802586231487,-0.22557831134160838,-0.2713604876253758,0.34375,0.7539040491205143,0.14268299470139603
valence,physio_eeg_cov_riemannian_ridge,8,32,0.8858626389766746,1.0890043997741974,0.9361653833972231,0.9264162842587876,0.9041130215672486,2.692582403567252,2.2180471936355497,0.8858626389766745,1.0890043997741974,-0.16955776589252944,-0.13857574982588922,0.3125,0.9651393883815917,0.12435603315005389
valence,physio_eeg_cov_riemannian_ridge,9,32,1.9978366866646171,2.411186890439003,0.8096359432612349,0.7633713927330608,0.5987322834506519,2.5600216673887743,2.092650905977355,2.292138758783331,2.58086977408168,0.06075582737212618,0.10981758596572852,0.4375,1.061751339195067,0.9507757164755486
valence,physio_eeg_cov_riemannian_ridge,10,32,0.8396806137236068,1.087089049581351,0.8943613292702955,0.8922134454491992,0.8899076006336916,2.4206145913796355,2.2062217714081354,0.8396806137236068,1.087089049581351,-0.4746246292194318,-0.34225481784981565,0.40625,0.9997417263296527,0.1579069453876918
valence,physio_eeg_cov_riemannian_ridge,11,32,1.2142596799281522,1.520615956978929,0.9049687382582915,0.8820146739040735,0.8407598544980098,3.136852522832401,2.150308709767081,1.2142596799281524,1.520615956978929,-0.33196697757700816,-0.3350439882697947,0.59375,1.44564034744527,0.14915104946392815
valence,physio_eeg_cov_riemannian_ridge,12,32,0.9671441237668413,1.222272518502824,0.850053477490717,0.8488470646951455,0.8254849357602344,1.88926862502398,2.200099735810683,0.9671441237668414,1.222272518502824,0.03282802866307498,0.05261228319383883,0.46875,1.156639274123462,0.12026574041475814
valence,physio_eeg_cov_riemannian_ridge,13,32,1.0040734113585512,1.214289802795974,0.9042441602542814,0.9156522339172052,0.8302458506890454,1.818954026356906,2.192267675363567,1.0040734113585512,1.214289802795974,-0.030388090811570432,-0.1312557308947338,0.375,0.933579727266912,0.15128362762713501
valence,physio_eeg_cov_riemannian_ridge,14,32,0.6988954881851459,0.8412803722362321,0.9392526126854063,0.9237409410041992,0.9301249615574078,2.234101818964391,2.2448399536332437,0.6988954881851459,0.8412803722362321,0.3999879168025986,0.4108157722557241,0.625,0.8364190183117242,0.18701776803633535
valence,physio_eeg_cov_riemannian_ridge,15,32,0.8574544472090191,1.1099053433859807,0.8711976451523049,0.8514364104641032,0.8451157565805247,1.75,2.2044289582976138,0.8574544472090189,1.1099053433859807,0.09430965511350675,0.11254697141943912,0.53125,1.1002827935536357,0.12440333250464464
valence,physio_eeg_cov_riemannian_ridge,16,32,0.827628014767724,1.079212960704008,0.9062469091534175,0.8590229396837886,0.8741196876757638,1.9997558444720196,2.2313817973898322,0.827628014767724,1.079212960704008,0.04062876587237275,0.08377635337834267,0.34375,0.9396886306748992,0.13191768828386996
valence,physio_eeg_cov_riemannian_ridge,17,32,1.0164774288264404,1.1989074171322338,0.8988509368507798,0.8984827771161914,0.8797960005860315,2.623325358681229,2.2308200091393107,1.0164774288264404,1.1989074171322338,0.15177742261176266,0.09532539115259996,0.53125,1.1698479042515253,0.14714269917190753
valence,physio_eeg_cov_riemannian_ridge,18,32,1.4548172047125048,1.818034298709511,0.7764562193099005,0.7536923861101603,0.7474025092710843,2.857111467461499,2.204222906116727,1.454817204712505,1.8180342987095115,-0.16986683786279172,-0.1255959013671503,0.53125,1.7488893829746277,0.22400994616995393
valence,physio_eeg_cov_riemannian_ridge,19,32,1.0712045287811318,1.4313532171946353,0.81042452042573,0.8096775939634789,0.7789264215201139,2.005607373715005,2.2205714172912856,1.0730941584880238,1.4327126558388987,-0.0796908594476042,-0.09055082065342497,0.46875,1.3051566660738005,0.10563441120647661
valence,physio_eeg_cov_riemannian_ridge,20,32,0.7844210745037968,1.0495493291658329,0.920424353809316,0.9049431533233506,0.8981397218411261,2.358288243090738,2.2373286004273996,0.784421074503797,1.0495493291658329,0.12107695638573747,0.2559354758066061,0.65625,0.9188484563256268,0.2610850434096369
valence,physio_eeg_cov_riemannian_ridge,21,32,1.0133355283581746,1.1696079237785308,0.9496129486969279,0.9435647424197225,0.8978466424630305,2.850438562747845,2.220965502183884,1.0133355283581746,1.1696079237785308,0.20899745798101096,0.20313503380638934,0.40625,1.0394869532102124,0.1876861308446628
valence,physio_eeg_cov_riemannian_ridge,22,32,0.9888576887236735,1.1833523748103643,0.8518408525639805,0.8570639235556894,0.8405514721671,1.9324531042175384,2.2422010386313764,0.9888576887236735,1.1833523748103643,-0.04449045182730877,-0.2791678134719964,0.625,1.1568399012334067,0.15887920110444917
valence,physio_eeg_cov_riemannian_ridge,23,32,0.8460937950153136,1.0629930277537374,0.9195175642012464,0.9227775815525785,0.8996221279282023,2.521780125229002,2.1836635946443788,0.8460937950153136,1.0629930277537374,0.21475679998755492,0.21232124639877373,0.5,1.0231610268410265,0.17353219166328554
valence,physio_eeg_cov_riemannian_ridge,24,32,0.9874357618451548,1.2336238990797719,0.8830068202419702,0.8457895638775679,0.8458708735434387,2.1028254801575903,2.248990485840747,0.9874357618451548,1.2336238990797717,-0.026159969776432288,-0.02254812136878807,0.34375,1.0480127617606025,0.14682941861829613
valence,physio_eeg_cov_riemannian_ridge,25,32,1.2363617422753232,1.5426889604274678,0.8364003072014962,0.8731789957380679,0.8130587881104624,2.785109681412924,2.2217089045732274,1.236361742275323,1.5426889604274678,0.11752748616758414,0.1024654023183493,0.5,1.5408977561477415,0.15956690585178634
valence,physio_eeg_cov_riemannian_ridge,26,32,1.5106323178361212,1.7950736194223835,0.8181786045590033,0.7884815162038887,0.759487705872623,2.80554696093293,2.2164214251988223,1.5106323178361212,1.7950736194223835,-0.18777031205508707,-0.15268994656741497,0.375,1.502704617996618,0.3734238410404708
valence,physio_eeg_cov_riemannian_ridge,27,32,1.0047044228856439,1.3367081336516318,0.8486157930541122,0.8359570198148469,0.8387105633315043,2.5262295892297675,2.167032606154636,1.0047044228856439,1.3367081336516318,-0.16502347855584695,-0.11914581664924338,0.5625,1.2826189990847692,0.2198396818137145
valence,physio_eeg_cov_riemannian_ridge,28,32,0.9849401848399078,1.2850863115339846,0.8253888425988856,0.8226848895389716,0.7787076935228682,1.5832990676116752,2.2234184224536073,0.9849401848399078,1.2850863115339846,-0.003368503827283847,-0.05519391796599964,0.59375,1.2733766266500448,0.1286134127785937
valence,physio_eeg_cov_riemannian_ridge,29,32,0.7062801840161956,0.912880716456307,0.9292722949730174,0.9309656779965568,0.9164865391123493,2.2603926650031405,2.176911636971925,0.7062801840161956,0.912880716456307,0.22567035108535394,0.10981758596572852,0.59375,0.8583382261787255,0.13204962892263444
valence,physio_eeg_cov_riemannian_ridge,30,32,0.8471527564059869,1.0253654929480063,0.9325710462101252,0.8901701929272238,0.9122724147560437,2.6734735714983233,2.1925926034484617,0.847152756405987,1.0253654929480063,-0.09625869504535968,-0.06728389657666506,0.4375,0.9804975673828061,0.16885637696009698
valence,physio_eeg_cov_riemannian_ridge,31,32,1.4003830340779584,1.6262378837130973,0.9611470470853498,0.9184994358327526,0.848429757488083,3.4998604882909263,2.200389329137365,1.4003830340779584,1.6262378837130973,0.07672016988113933,0.015400128916729877,0.625,1.5157854873086032,0.17070481007112595
valence,physio_eeg_cov_riemannian_ridge,32,32,0.8749163319375676,1.0376934832257307,0.8913611320495517,0.88647373599195,0.8859200455093491,2.091650066335189,2.242593974282591,0.8749163319375677,1.0376934832257307,-0.04738977058256545,-0.05297891931365652,0.5625,0.982104106391065,0.235612766521961
valence,physio_eeg_cov_riemannian_ridge,33,32,0.7152478587568564,0.8305708288997666,0.9296892353068092,0.9225439629581622,0.9201793316992917,1.9483065563457924,2.195257008580238,0.7152478587568564,0.8305708288997666,-0.1564633293202694,-0.14408799508835304,0.46875,0.7908206698619183,0.10504583875998906
valence,physio_eeg_cov_riemannian_ridge,34,32,0.8089917702031328,1.0612830543771017,0.8854664549329807,0.8936983810628989,0.874326536866036,2.060605190229317,2.1473144107572524,0.8112755458724876,1.0613616827970775,0.31053486965757715,0.20350170354250194,0.90625,1.0638972447601782,0.33185221126299425
valence,physio_eeg_cov_riemannian_ridge,35,32,0.7183154047321366,0.8942607887036685,0.9274066291369436,0.919092062334584,0.9193060939398076,2.1999644883497553,2.2327079315634117,0.7183154047321367,0.8942607887036687,0.19435818769481913,0.26832844574780057,0.53125,0.8615394651342102,0.1672226368273067
valence,physio_eeg_cov_riemannian_ridge,36,32,0.8605572841366116,1.0202394097475924,0.9536608549840072,0.9514696444815361,0.9187042102361871,2.813020785116953,2.192375548654103,0.8605572841366114,1.0202394097475924,0.13413272553147707,0.11550096687547406,0.5625,0.9870053317530504,0.14303795829460336
valence,physio_eeg_cov_riemannian_ridge,37,32,1.1835067709446658,1.3160396820750186,0.9230077367569791,0.9250231080821008,0.7336119652826055,1.1520192869479227,2.242820796386628,1.1835067709446658,1.3160396820750186,-0.3519803831595724,-0.3536205375641641,0.40625,1.2103811796934416,0.1255022464366244
valence,physio_eeg_cov_riemannian_ridge,38,32,1.3560505515004322,1.587672376906459,0.7130454231922851,0.7312875034236651,0.7039473689760387,1.911110606427582,2.199176203711917,1.3560505515004322,1.587672376906459,0.13814420839134364,0.02695022560427729,0.46875,1.5946821551965669,0.24408597622484826
valence,physio_eeg_cov_riemannian_ridge,39,32,0.9905309326886607,1.1974144039416135,0.917657168183483,0.8907152784967901,0.8875379040342043,2.822205476218909,2.1845933388828915,0.9905309326886607,1.1974144039416132,-0.1651063905233956,-0.1063049853372434,0.59375,1.1533481731760573,0.16727196637214917
valence,physio_eeg_cov_riemannian_ridge,40,32,1.1981612303452156,1.4253572564284223,0.9290940705978198,0.909471499814918,0.8674447549049475,3.1991209730174317,2.236516071137162,1.1981612303452156,1.4253572564284223,0.15734324019365042,0.1717532772312939,0.6875,1.4100396784327782,0.17425912003951555
valence,physio_eeg_cov_riemannian_ridge,41,32,1.2518199561822307,1.514946886291204,0.7476875790674763,0.7851068657258375,0.6543325606203486,1.325456878778031,2.1918917809370817,1.2518199561822307,1.514946886291204,0.19987714269608628,0.04161319959930806,0.5,1.5120641797562275,0.15465357834083537
valence,physio_eeg_cov_riemannian_ridge,42,32,0.8375431011445764,1.053933746872151,0.9495015015123168,0.8828935973447122,0.9177979971211857,2.912795049432761,2.2421039743746642,0.8375431011445764,1.053933746872151,0.05334441551926908,0.12170087976539588,0.5625,1.0508190184970703,0.14736918655116146
valence,physio_eeg_cov_riemannian_ridge,43,32,1.0304162184064323,1.1678743607089799,0.9399454684325664,0.9165756802297004,0.8956820576513875,2.855230945125105,2.1817913452539317,1.0304162184064323,1.1678743607089799,-0.2952548939516362,-0.22313899556762318,0.40625,1.0277185606429846,0.18401591700753195
valence,physio_eeg_cov_riemannian_ridge,44,32,1.3128159759696258,1.553505810021422,0.8153063130375777,0.81422213730399,0.77349814106282,2.2878756522153907,2.2091746440741082,1.3128159759696258,1.553505810021422,0.06557241518435773,-0.008798460306405666,0.40625,1.3715575366482071,0.10057385907872632
valence,physio_eeg_cov_riemannian_ridge,45,32,0.7496702147200512,0.9438325414235711,0.9054957398875685,0.890869944355074,0.9038187980892571,2.098176291449315,2.203041514641591,0.7496702147200514,0.9438325414235712,0.0445175489471863,0.0938588466733292,0.5,0.9359767748222355,0.14339043743825494
valence,physio_eeg_cov_riemannian_ridge,46,32,1.1169937527039475,1.3511052404089499,0.901365674840955,0.890205801080989,0.8607976558372751,2.8502672572058922,2.196930350349893,1.1169937527039477,1.3511052404089499,0.022898332610626057,-0.10373900293255131,0.46875,1.28779955889462,0.09698244165615391
valence,physio_eeg_cov_riemannian_ridge,47,32,1.5940147185067568,1.859308536917133,0.8197730412008235,0.8269965467537934,0.7642574367568867,3.1598061649411346,2.163318821873549,1.594014718506757,1.8593085369171327,-0.26004435525341746,-0.2434687047787771,0.34375,1.813517800521661,0.1532933097132422
valence,physio_eeg_cov_riemannian_ridge,48,32,0.8321395648158927,1.093069966950154,0.9148456491561909,0.9104288571148433,0.8951469282865123,2.39057393736316,2.3320029126969226,0.8321395648158927,1.0930699669501538,0.11826168346216231,0.1818181818181818,0.5625,0.9610845807699395,0.31885876040056194
valence,physio_eeg_cov_riemannian_ridge,49,32,1.1255238372152467,1.334522375222522,0.8349280700714578,0.8405082209892667,0.731170495714843,1.310638560969423,2.2132549665428294,1.1255238372152465,1.334522375222522,0.060984088306628687,0.06105051106275059,0.5,1.3316696325086343,0.1563195951886694
valence,physio_eeg_cov_riemannian_ridge,50,32,1.1976428357864097,1.3205959849904367,0.967355985661255,0.9628265325228771,0.8853816177458891,3.266783586342995,2.13147129270181,1.19764283578641,1.3205959849904367,-0.14090670188440438,-0.2947484202645898,0.375,1.2860895432780775,0.1685699396895387
valence,physio_eeg_cov_riemannian_ridge,52,32,1.3367113550924996,1.6823469482073887,0.7913735745956265,0.7593991539909037,0.7157712128381135,1.9938871426186588,2.2585264573452175,1.3367113550924994,1.6823469482073887,0.1304695165451088,0.17778592375366567,0.46875,1.3983624472285212,0.34643976639304375
valence,physio_eeg_cov_riemannian_ridge,53,32,0.884783177591864,1.1012720401926996,0.9386173594712949,0.9112990538161041,0.8987797899469185,2.5860201081971503,2.2183231691043988,0.8847831775918639,1.1012720401926996,-0.03153255639986212,0.050055008866032154,0.59375,0.8934942463418373,0.17657359485037022
valence,physio_eeg_cov_riemannian_ridge,54,32,1.1947066869014757,1.5224623423813475,0.804325635216922,0.8149269175120301,0.7844147927284324,2.3774658252012792,2.205178486155986,1.1947066869014755,1.5224623423813475,-0.04870458309362464,-0.06140592088845621,0.34375,1.415160932864053,0.22002388689123176
valence,physio_eeg_cov_riemannian_ridge,55,32,1.0168227908351972,1.312792450952375,0.828934035317636,0.860750298294306,0.8018958456494557,1.899835519196333,2.2148817849300655,1.0168227908351974,1.312792450952375,-0.07411624201170894,-0.11219065266421381,0.40625,1.2154548484692485,0.17392205556429288
valence,physio_eeg_cov_riemannian_ridge,56,32,0.8943773656805221,1.1203267991126105,0.9185199422810443,0.8835893334685023,0.8959437108210705,2.704163456597992,2.175456058647199,0.8943773656805222,1.1203267991126105,-0.09512791445068111,-0.0890925771156992,0.5,1.0862285750031417,0.15930246630174943
valence,physio_eeg_cov_riemannian_ridge,57,32,1.0913556258916715,1.2315651515457464,0.9369899250494885,0.912057095656799,0.8816839549346047,2.779493827570049,2.1699685809741407,1.0913556258916717,1.2315651515457466,0.10402112972739963,0.048579285875844216,0.6875,1.0644010927273946,0.21517131676877954
valence,physio_eeg_cov_riemannian_ridge,58,32,0.8013354679784064,0.9917189471298049,0.9066638840454702,0.9062856987322575,0.901879465388412,2.2463077343721185,2.219321649312121,0.8013354679784064,0.9917189471298049,0.07786103802621162,0.07076077112481459,0.625,0.9650647612965453,0.1502252062444189
valence,physio_eeg_cov_riemannian_ridge,59,32,1.1170010856846562,1.4555672334048417,0.7908283314366144,0.8021903113081909,0.790310096632952,2.2878756522153907,2.206682851737717,1.1170010856846564,1.455567233404842,-0.3443105938781078,-0.38639904845631545,0.59375,1.370997297920261,0.20754193181365366
valence,physio_eeg_cov_riemannian_ridge,60,32,1.0341923940142113,1.2313700460817825,0.9376878799737263,0.9249994240310714,0.8928871221933254,3.020114857087392,2.231620197294574,1.0341923940142113,1.2313700460817825,0.23965424671257027,0.27424381762363376,0.65625,1.2403764851994616,0.1900675812880689
valence,physio_eeg_cov_riemannian_ridge,61,32,1.4640443958154825,1.7534692504837277,0.9241911896785397,0.8808427880942287,0.805000963265891,3.1622776601683795,2.1715429472266226,1.4640443958154825,1.7534692504837277,-0.011408750795663593,-0.08927589517560805,0.5625,1.4155227972469693,0.12267709862490951
valence,physio_eeg_cov_riemannian_ridge,62,32,1.0160332306212974,1.2188480651986004,0.9098762949696965,0.8909470002121064,0.8810976393915761,2.622022120425379,2.3071934384050974,1.0160332306212974,1.2188480651986004,0.3114272737675311,0.3202272949018895,0.65625,1.1466678482673742,0.3101795786909023
valence,physio_eeg_cov_riemannian_ridge,63,32,0.9758963051736641,1.1559760614496102,0.9195089763264355,0.9165176843218713,0.8910061358274538,2.747157621979489,2.1622543462021033,0.9758963051736641,1.1559760614496102,0.06349151442386444,-0.02254812136878807,0.40625,1.1368553448155883,0.17765005068717843
valence,physio_eeg_cov_riemannian_ridge,64,32,1.0273752106676122,1.2611869746751918,0.8681947995925124,0.8547906324450936,0.8381186024355971,2.1594179626695706,2.1962592475686167,1.0273752106676122,1.2611869746751916,-0.15981366945851574,-0.2682435090513005,0.375,1.076333478297336,0.17821797774447914
valence,physio_eeg_cov_riemannian_ridge,65,32,0.8451738370349556,1.0591569679595665,0.9385468214634185,0.9303025403469364,0.9092968770154427,2.704163456597992,2.215568775955868,0.8467756520203781,1.0607069428961364,0.016815695469282545,0.0819506860211697,0.53125,0.955941659589858,0.2682229771305565
valence,physio_eeg_directed_connectivity_experimental_ridge,1,32,1.0327876817884358,1.2488337428898582,0.8864589253769737,0.8830104457341016,0.8614938266710725,2.4746764308692963,2.21098223703522,1.032787681788436,1.2488337428898582,-0.129630896107993,-0.1312677655283166,0.5,1.1175376128242858,0.14513785816055821
valence,physio_eeg_directed_connectivity_experimental_ridge,2,32,1.261200731330682,1.5890949683831272,0.8472232623860144,0.8089067618687107,0.8038059157262515,2.839282204624965,2.150446126889097,1.2612007313306814,1.5890949683831272,-0.1165483704097361,-0.011365719714348457,0.5,1.499820800408392,0.17335539542714562
valence,physio_eeg_directed_connectivity_experimental_ridge,3,32,1.030890953871535,1.1931412872387017,0.8957876228127449,0.8845851700771536,0.8793190406922822,2.6485181588012567,2.186016642882606,1.030890953871535,1.1931412872387017,-0.032934962684870686,-0.07937671994053035,0.59375,1.1803897435466537,0.1308791774058663
valence,physio_eeg_directed_connectivity_experimental_ridge,5,32,1.2030715902351004,1.485128418674457,0.868452396827841,0.8493312078320046,0.8336125370236804,2.8870332414954976,2.2036562866610994,1.2030715902351004,1.485128418674457,0.18386294299014103,0.19855166210498165,0.5625,1.4829722032698982,0.1463217013663736
valence,physio_eeg_directed_connectivity_experimental_ridge,6,32,1.0414787318309477,1.1496585681264062,0.9573994799636463,0.947103945433349,0.905763487041814,3.0458732327528013,2.178203018200447,1.041478731830948,1.1496585681264062,0.09059486436025464,0.09845082414623742,0.5625,1.1527374217875292,0.11936455208260095
valence,physio_eeg_directed_connectivity_experimental_ridge,7,32,0.6192622337477685,0.767579137606136,0.9437048759992167,0.9426065607837704,0.9302836546926492,1.8874586088176875,2.206904151027679,0.6192622337477685,0.767579137606136,0.041988156110249336,-0.044004403398709584,0.46875,0.7539040491205143,0.09218710086202957
valence,physio_eeg_directed_connectivity_experimental_ridge,8,32,0.8213143191556154,1.0582533773249283,0.9339125304137386,0.9147783528712894,0.9072237892454379,2.692582403567252,2.177468715297581,0.8213143191556154,1.0582533773249283,-0.32146867238429905,-0.2875996712656352,0.53125,0.9651393883815917,0.1425669645254682
valence,physio_eeg_directed_connectivity_experimental_ridge,9,32,1.227959955755495,1.5443777271304273,0.9014667582369726,0.8297950798510013,0.8096275063034284,2.5600216673887743,2.1976815468027957,1.2339673668281603,1.5446949783046604,-0.04813230312014077,-0.029700248625121904,0.34375,1.061751339195067,0.27044061764219685
valence,physio_eeg_directed_connectivity_experimental_ridge,10,32,0.792906114948859,1.0332986142223992,0.9043730073648996,0.895172694024487,0.8997666729351137,2.4206145913796355,2.1891031029915493,0.7929061149488591,1.0332986142223992,-0.16627365849005138,0.1781851542313984,0.53125,0.9997417263296527,0.1423090241915883
valence,physio_eeg_directed_connectivity_experimental_ridge,11,32,1.194287451547781,1.4589214470022884,0.9108914669975564,0.8814541901036684,0.8543944277988179,3.136852522832401,2.1855135271325015,1.194287451547781,1.4589214470022884,-0.095756227481035,-0.07404692082111436,0.53125,1.44564034744527,0.09847468341139876
valence,physio_eeg_directed_connectivity_experimental_ridge,12,32,0.980900680417623,1.2012051663606365,0.8477442409753441,0.8552223242930327,0.8298494844792634,1.88926862502398,2.19690807919239,0.980900680417623,1.2012051663606365,-0.04661804463010784,-0.0350137494425896,0.5,1.156639274123462,0.09978448400622389
valence,physio_eeg_directed_connectivity_experimental_ridge,13,32,0.8865184848255158,1.0480296554137738,0.9061849538415161,0.9147140656447491,0.8678638594524997,1.818954026356906,2.1883085846489085,0.8865184848255158,1.0480296554137738,-0.014718149400790496,0.060678277829828056,0.46875,0.933579727266912,0.09529815537156966
valence,physio_eeg_directed_connectivity_experimental_ridge,14,32,0.6965321507691538,0.8585279820331125,0.9302791266738343,0.906672834277015,0.9253232662484191,2.234101818964391,2.197206337235247,0.6965321507691538,0.8585279820331125,0.14385374249326405,0.17690192781203648,0.625,0.8364190183117242,0.09328281940773853
valence,physio_eeg_directed_connectivity_experimental_ridge,15,32,0.8933486516112494,1.143219521379713,0.8660910034602253,0.8547929271939223,0.8384564116439531,1.75,2.237785504398688,0.8933486516112494,1.1432195213797132,-0.29640235336173465,-0.22252772524950995,0.3125,1.1002827935536357,0.10104983900740588
valence,physio_eeg_directed_connectivity_experimental_ridge,16,32,0.8119659193397771,1.053797129816216,0.9040349732268537,0.8528617232070302,0.8802283388814918,1.9997558444720196,2.2571638921210724,0.8119659193397771,1.0537971298162163,-0.174845583407281,-0.20531622709790762,0.375,0.9396886306748992,0.11240919716125469
valence,physio_eeg_directed_connectivity_experimental_ridge,17,32,1.007639965702738,1.2228843859626048,0.8966959500322467,0.8916311978183145,0.8715074057668227,2.623325358681229,2.1559387719148626,1.007639965702738,1.2228843859626046,-0.04006197543134652,0.008615948815715766,0.46875,1.1698479042515253,0.09673704794884341
valence,physio_eeg_directed_connectivity_experimental_ridge,18,32,1.4433180409323105,1.8390323914328515,0.7842769633446947,0.7806032969953236,0.7462082272573234,2.857111467461499,2.218884071051183,1.4433180409323105,1.8390323914328515,-0.12413182764402103,-0.11257793202836536,0.5625,1.7488893829746277,0.14490797037961994
valence,physio_eeg_directed_connectivity_experimental_ridge,19,32,1.053041756749487,1.3528429296369768,0.8034138557622501,0.8031479359476444,0.7963212453023004,2.005607373715005,2.2203533458102482,1.053041756749487,1.3528429296369768,-0.33193185738104514,-0.28100082603583093,0.375,1.3051566660738005,0.09708069395663887
valence,physio_eeg_directed_connectivity_experimental_ridge,20,32,0.7849856402766386,1.0550465143901089,0.9127225130178801,0.8881061410656476,0.8925147796896248,2.358288243090738,2.147060267962312,0.7849856402766385,1.0550465143901089,-0.18767047620113864,-0.20991842392447274,0.375,0.9188484563256268,0.16506476881811616
valence,physio_eeg_directed_connectivity_experimental_ridge,21,32,0.8783531186872002,1.0584397549279723,0.9452417188973624,0.9309169201282695,0.9133267404562257,2.850438562747845,2.1907295634544326,0.8783531186872005,1.0584397549279725,-0.019272351352705847,0.15235127535479198,0.65625,1.0394869532102124,0.17736149959833467
valence,physio_eeg_directed_connectivity_experimental_ridge,22,32,0.9745343405394375,1.167873540852522,0.8565294711721324,0.8529144063201646,0.8425255053426094,1.9324531042175384,2.204363454111134,0.9745343405394375,1.1678735408525218,0.21383135460567002,0.12977728951948356,0.59375,1.1568399012334067,0.1089209435726814
valence,physio_eeg_directed_connectivity_experimental_ridge,23,32,0.8469193305703993,1.067853720812761,0.912181347582526,0.9159202265581127,0.8980345098569837,2.521780125229002,2.1829558118722066,0.8469193305703993,1.067853720812761,-0.03345971210494378,-0.02970297229412897,0.40625,1.0231610268410265,0.15546855370655419
valence,physio_eeg_directed_connectivity_experimental_ridge,24,32,0.9579593932516474,1.2046879816049034,0.8798944050313681,0.8444677226301593,0.849465997921088,2.1028254801575903,2.213078222981068,0.9579593932516474,1.2046879816049032,-0.1529652898587129,-0.10779101922640151,0.53125,1.0480127617606025,0.07927139856037774
valence,physio_eeg_directed_connectivity_experimental_ridge,25,32,1.2588020848311219,1.55932885452049,0.8292831026391352,0.8389403110811068,0.8116296070982314,2.785109681412924,2.26801307121951,1.2588020848311219,1.55932885452049,0.020359144718128844,-0.06048941460653894,0.46875,1.5408977561477415,0.2566048569261393
valence,physio_eeg_directed_connectivity_experimental_ridge,26,32,1.2759302638286198,1.538949272633094,0.8450823258209345,0.8154970690983983,0.8150586477970212,2.80554696093293,2.201186716265027,1.2759302638286198,1.538949272633094,0.005356082256809574,0.0007332050255338054,0.5,1.502704617996618,0.15155206805405705
valence,physio_eeg_directed_connectivity_experimental_ridge,27,32,1.0562839075876138,1.3881559906865089,0.8368641745300699,0.8101180103075613,0.8306174291314806,2.5262295892297675,2.234863862710452,1.0562839075876138,1.3881559906865089,-0.3599859368058823,-0.30336357931461194,0.5625,1.2826189990847692,0.24185887379290477
valence,physio_eeg_directed_connectivity_experimental_ridge,28,32,1.038778088848467,1.3038921303097581,0.8181837038595902,0.8035352184451846,0.7717976419649398,1.5832990676116752,2.2193350449077855,1.038778088848467,1.3038921303097581,-0.17434490003220754,-0.17254975683058363,0.375,1.2733766266500448,0.10980463361606596
valence,physio_eeg_directed_connectivity_experimental_ridge,29,32,0.7266018369862637,0.9768913441258537,0.9212258418713352,0.927069647857472,0.9055330770862201,2.2603926650031405,2.196529677167051,0.7266018369862638,0.9768913441258535,-0.23719045394051985,-0.2207351811397949,0.625,0.8583382261787255,0.09809427909269978
valence,physio_eeg_directed_connectivity_experimental_ridge,30,32,0.9432377273050823,1.074690244104329,0.9259861686947974,0.854533532510309,0.9003959729826769,2.6734735714983233,2.1086906322969985,0.9432377273050822,1.074690244104329,-0.24433672116984334,-0.2533687876538177,0.34375,0.9804975673828061,0.2599372122406586
valence,physio_eeg_directed_connectivity_experimental_ridge,31,32,1.422542874595068,1.612941227283857,0.9643369658702924,0.921601819403224,0.8508026135446157,3.4998604882909263,2.197835287674125,1.422542874595068,1.612941227283857,0.16771144810344293,0.13456779315333012,0.5625,1.5157854873086032,0.1496321446590475
valence,physio_eeg_directed_connectivity_experimental_ridge,32,32,1.2465550630104398,1.4858435511288461,0.8870339790190844,0.878484138287558,0.7917811173001562,2.091650066335189,2.2624131438372865,1.2465550630104398,1.4858435511288461,-0.16266526488174265,-0.19120073648492647,0.3125,0.982104106391065,0.2393739350461685
valence,physio_eeg_directed_connectivity_experimental_ridge,33,32,0.6683260142766876,0.8016491850609114,0.9377852268878468,0.9388886113858486,0.9257222496534228,1.9483065563457924,2.1917953264018393,0.6683260142766876,0.8016491850609114,0.27208500993467477,0.3068744322874084,0.53125,0.7908206698619183,0.10775574080886192
valence,physio_eeg_directed_connectivity_experimental_ridge,34,32,1.126956927744503,1.3653537483957572,0.868917329071402,0.8767164322893086,0.8049608277245633,2.060605190229317,2.1485231211943847,1.126956927744503,1.3653537483957572,0.01819539771508353,0.01301677563199787,0.53125,1.0638972447601782,0.2114531352920654
valence,physio_eeg_directed_connectivity_experimental_ridge,35,32,0.7328419999417213,0.877799074881006,0.9257592216202154,0.920205213802894,0.9198213007849081,2.1999644883497553,2.1701561353024936,0.7328419999417213,0.8777990748810058,0.2376420796251176,0.28702346041055715,0.59375,0.8615394651342102,0.10754512348002171
valence,physio_eeg_directed_connectivity_experimental_ridge,36,32,0.8565506573678912,1.0151856933331787,0.9564906671887262,0.9535102305781041,0.9206196624235662,2.813020785116953,2.221133225414103,0.8565506573678912,1.0151856933331787,0.31373628977942813,0.1655513858548462,0.4375,0.9870053317530504,0.18419587752799968
valence,physio_eeg_directed_connectivity_experimental_ridge,37,32,1.1164392880774832,1.2152294940325217,0.9352079350176076,0.9387046330989272,0.7635120587940563,1.1520192869479227,2.2127154808126814,1.116439288077483,1.2152294940325217,0.08242834941614126,0.1098075178853988,0.53125,1.2103811796934416,0.0816164602766731
valence,physio_eeg_directed_connectivity_experimental_ridge,38,32,1.4031258769709627,1.6208033633919514,0.7042833677489034,0.7420584046368819,0.6937441323895717,1.911110606427582,2.2106109275502486,1.4031258769709627,1.6208033633919516,-0.055088354091299745,-0.01870015654174342,0.40625,1.5946821551965669,0.1424725101366673
valence,physio_eeg_directed_connectivity_experimental_ridge,39,32,0.9780170854011336,1.171472960603018,0.9334432881616879,0.9145770523870349,0.8920838951017511,2.822205476218909,2.1531654973230268,0.9780170854011336,1.171472960603018,0.2720088398994912,0.22763929618768325,0.5625,1.1533481731760573,0.1565256004536621
valence,physio_eeg_directed_connectivity_experimental_ridge,40,32,1.2347099714008882,1.43211157862279,0.9309224340446252,0.9131988420272742,0.8626690136921209,3.1991209730174317,2.162993511688966,1.2347099714008882,1.43211157862279,-0.011902611163183295,0.047108422890547,0.53125,1.4100396784327782,0.18722397759188197
valence,physio_eeg_directed_connectivity_experimental_ridge,41,32,1.256943765831386,1.5351989241242194,0.7437230923974036,0.7830203289964383,0.6494523082082156,1.325456878778031,2.21473924891821,1.256943765831386,1.5351989241242192,0.013752414158231993,0.004399633437812306,0.5,1.5120641797562275,0.11846946686876357
valence,physio_eeg_directed_connectivity_experimental_ridge,42,32,0.8861461470363968,1.0972482986507686,0.9463314585288288,0.887931240440297,0.9105374758670343,2.912795049432761,2.2227125884316776,0.8861461470363969,1.0972482986507686,-0.03807057948084855,-0.03042521994134897,0.5,1.0508190184970703,0.22177087618442717
valence,physio_eeg_directed_connectivity_experimental_ridge,43,32,0.9583785322756382,1.0788076578240116,0.9471186351412569,0.9249149251974194,0.9110139620471243,2.855230945125105,2.2030055150572196,0.9583785322756381,1.0788076578240116,-0.06792360590910766,-0.018151816401967703,0.5,1.0277185606429846,0.128492756888203
valence,physio_eeg_directed_connectivity_experimental_ridge,44,32,1.2907025105686065,1.543638881254115,0.8141828384307975,0.8149710194721242,0.7754895900015614,2.2878756522153907,2.209258585106901,1.2907025105686065,1.543638881254115,0.021958057427037724,0.055723581940569214,0.65625,1.3715575366482071,0.09604540142805741
valence,physio_eeg_directed_connectivity_experimental_ridge,45,32,0.754552934568409,0.9314893334288874,0.9076645745120663,0.8731717752388606,0.9061239485093937,2.098176291449315,2.198827753182157,0.754552934568409,0.9314893334288875,0.1363528744129743,0.0700274988851792,0.46875,0.9359767748222355,0.07914585747764238
valence,physio_eeg_directed_connectivity_experimental_ridge,46,32,1.1518322331669513,1.358128481650407,0.9017395429396484,0.8970535380123813,0.8591881551224843,2.8502672572058922,2.1894453654113795,1.1518322331669513,1.358128481650407,0.017544980692591552,0.012096774193548385,0.34375,1.28779955889462,0.094413726096112
valence,physio_eeg_directed_connectivity_experimental_ridge,47,32,1.5452940133338127,1.8211659698668965,0.8277290684459312,0.8343234130244426,0.7763778337260455,3.1598061649411346,2.2012972208637707,1.5452940133338127,1.8211659698668965,-0.03666953448380975,0.017416812465349266,0.5625,1.813517800521661,0.10909902979140745
valence,physio_eeg_directed_connectivity_experimental_ridge,48,32,0.8588955084968214,1.0597738217471713,0.9111969623440699,0.9052317097143917,0.8959953152870308,2.39057393736316,2.2209295002146936,0.8588955084968213,1.0597738217471713,-0.0911446152668826,-0.14626099706744866,0.375,0.9610845807699395,0.14847915727278985
valence,physio_eeg_directed_connectivity_experimental_ridge,49,32,1.123256231258524,1.3349281690037045,0.8412888739306255,0.8378627364807574,0.7338974248312644,1.310638560969423,2.2286609256640024,1.123256231258524,1.3349281690037045,0.04900758237461102,0.032450271645966526,0.53125,1.3316696325086343,0.09459978214269424
valence,physio_eeg_directed_connectivity_experimental_ridge,50,32,1.1694534754178731,1.303901723065079,0.9655196660114308,0.9628265325228771,0.8898849502765329,3.266783586342995,2.1780378201509367,1.169453475417873,1.303901723065079,-0.02536079715148062,-0.025295573380916283,0.53125,1.2860895432780775,0.11927940476584752
valence,physio_eeg_directed_connectivity_experimental_ridge,52,32,1.2616308355665184,1.5739764716464235,0.7862680744117986,0.7699592300527436,0.7328034943424824,1.9938871426186588,2.1669656098411467,1.2616308355665184,1.5739764716464235,0.23707824278326414,0.2774926686217008,0.40625,1.3983624472285212,0.15437279913133875
valence,physio_eeg_directed_connectivity_experimental_ridge,53,32,0.9895657877084928,1.1999012676235787,0.9401937023304341,0.8938390595835335,0.8803161416821326,2.5860201081971503,2.177784373116175,0.9895657877084928,1.199901267623579,-0.09079454261026816,-0.018151816401967703,0.34375,0.8934942463418373,0.13919158521175348
valence,physio_eeg_directed_connectivity_experimental_ridge,54,32,1.1160868904730301,1.4509730182024863,0.8065679303885332,0.8165983719918862,0.7994746024899041,2.3774658252012792,2.1886117680508304,1.1160868904730301,1.4509730182024863,-0.07545773731654243,-0.11859591288009304,0.46875,1.415160932864053,0.13275176846585904
valence,physio_eeg_directed_connectivity_experimental_ridge,55,32,0.9880647992767496,1.3301269128203979,0.8199403483256729,0.8705658718713465,0.793102856485138,1.899835519196333,2.176872154730594,0.9880647992767495,1.3301269128203979,-0.12775013681960637,0.06177818618928114,0.6875,1.2154548484692485,0.18069280195866208
valence,physio_eeg_directed_connectivity_experimental_ridge,56,32,0.8978834331056577,1.1210505477310682,0.9186150064093273,0.8852571824620461,0.8960520548738958,2.704163456597992,2.180576116881004,0.8978834331056575,1.1210505477310682,-0.20876461857671333,-0.30852429482658794,0.34375,1.0862285750031417,0.09799401398449707
valence,physio_eeg_directed_connectivity_experimental_ridge,57,32,1.0460121351566853,1.2066906283193233,0.9380355761793397,0.9187266173800664,0.8879691128322748,2.779493827570049,2.213282981194398,1.0460121351566853,1.2066906283193233,0.23541648062192141,0.14903758270589187,0.78125,1.0644010927273946,0.13735024038107782
valence,physio_eeg_directed_connectivity_experimental_ridge,58,32,0.8479880277513249,1.0442781411097497,0.9046518092166536,0.8911223795533051,0.8913390747659641,2.2463077343721185,2.201005955320554,0.847988027751325,1.0442781411097497,0.0021414977838493487,-0.022364803308879227,0.4375,0.9650647612965453,0.11840888487031295
valence,physio_eeg_directed_connectivity_experimental_ridge,59,32,1.1368200594234077,1.4278584782631867,0.8020819303237955,0.8179304259114216,0.7998546439640585,2.2878756522153907,2.220009012787656,1.1368200594234077,1.4278584782631867,-0.3208777931574197,-0.2859499599581841,0.375,1.370997297920261,0.1336602892085551
valence,physio_eeg_directed_connectivity_experimental_ridge,60,32,1.0689003073983643,1.2300071195648925,0.9324191607702988,0.9047931259333053,0.8936221778355443,3.020114857087392,2.256594104304153,1.0689003073983643,1.2300071195648925,0.15712875089410736,0.09605866339223536,0.59375,1.2403764851994616,0.13518337169263345
valence,physio_eeg_directed_connectivity_experimental_ridge,61,32,1.5208590913243367,1.8132254102939949,0.9232370147672141,0.8717619346087212,0.7952955013965666,3.1622776601683795,2.1875678317094156,1.5208590913243367,1.8132254102939949,0.04641670422707125,0.05041246647493268,0.5625,1.4155227972469693,0.17847619832069525
valence,physio_eeg_directed_connectivity_experimental_ridge,62,32,1.1537256650369137,1.3268993067866974,0.8932108244495932,0.8750008104060207,0.8498017576855478,2.622022120425379,2.126710545916416,1.1537256650369139,1.3268993067866974,-0.256309733940675,-0.1955824405611426,0.3125,1.1466678482673742,0.16199039944520044
valence,physio_eeg_directed_connectivity_experimental_ridge,63,32,0.8832901450897994,1.0880021285062957,0.9263365340421642,0.9083245152625127,0.9050778473707601,2.747157621979489,2.217662639301356,0.8832901450897994,1.0880021285062955,0.31870749946268095,0.28799267211679724,0.65625,1.1368553448155883,0.2328675685600323
valence,physio_eeg_directed_connectivity_experimental_ridge,64,32,0.9796671208235264,1.1991361973045294,0.8757452043329694,0.8421925302951108,0.8521279453702628,2.1594179626695706,2.1908429859109333,0.9796671208235265,1.1991361973045294,-0.02613595193447576,-0.06343968156647299,0.59375,1.076333478297336,0.10960247653067723
valence,physio_eeg_directed_connectivity_experimental_ridge,65,32,0.7826426683644582,0.9417763594391498,0.9475739639744417,0.9583696099957649,0.9277720192489559,2.704163456597992,2.2230811252908795,0.7826426683644583,0.94177635943915,0.25863571800403234,0.18516821673687112,0.5,0.955941659589858,0.1520053517421246
valence,physio_eeg_entropy_complexity_ridge,1,32,0.9909884320096757,1.2079375278932574,0.8845764588462077,0.8856031777475826,0.8700515743061404,2.4746764308692963,2.2314087292571916,0.9909884320096758,1.2079375278932574,-0.144207123155303,-0.020533505222306504,0.5625,1.1175376128242858,0.1720117764709985
valence,physio_eeg_entropy_complexity_ridge,2,32,1.1917813662317354,1.5629551149380656,0.8463056848074852,0.8050151142171087,0.8112428088400745,2.839282204624965,2.18461319215871,1.1917813662317354,1.5629551149380654,-0.17386259840292337,-0.17488542915303917,0.53125,1.499820800408392,0.13138009245737745
valence,physio_eeg_entropy_complexity_ridge,3,32,1.121864948225684,1.2772564615482072,0.8799922807842833,0.8539229988028151,0.8631699270425529,2.6485181588012567,2.207797037463618,1.1218649482256837,1.2772564615482072,-0.24576321031798568,-0.1906507823051999,0.375,1.1803897435466537,0.24705823333612892
valence,physio_eeg_entropy_complexity_ridge,5,32,1.2162763538200232,1.473760823138235,0.8690609076916613,0.8439615533678388,0.834279648920442,2.8870332414954976,2.17900298501386,1.2162763538200232,1.4737608231382349,0.2555114963600463,0.13566780236166795,0.5,1.4829722032698982,0.07376828500985548
valence,physio_eeg_entropy_complexity_ridge,6,32,1.038295289954364,1.1618054810217049,0.9533642307729229,0.9407650607591889,0.9052594126907463,3.0458732327528013,2.220767765186486,1.0382952899543638,1.1618054810217049,0.1138638566812579,0.0935007827087171,0.5,1.1527374217875292,0.1199157476992888
valence,physio_eeg_entropy_complexity_ridge,7,32,0.6188784128328908,0.7880324579474413,0.9452964238161483,0.9390622258035818,0.9261858976864414,1.8874586088176875,2.1835924608192556,0.6188784128328908,0.7880324579474411,0.26291342601993284,0.18940228629527917,0.53125,0.7539040491205143,0.10060618468642916
valence,physio_eeg_entropy_complexity_ridge,8,32,0.8498539029133748,1.0477274543372828,0.9433062656862482,0.9411946098302139,0.9097012822043528,2.692582403567252,2.177018670053276,0.8498539029133748,1.0477274543372828,0.04883235966223745,0.061039318375689294,0.46875,0.9651393883815917,0.08159847252522676
valence,physio_eeg_entropy_complexity_ridge,9,32,1.1127200110933946,1.4121106409752633,0.9047323541192739,0.8416070054368576,0.837184887353403,2.5600216673887743,2.2134532774248172,1.1127200110933946,1.4121106409752633,-0.1277081434523088,-0.27903566918170086,0.40625,1.061751339195067,0.16581168931687543
valence,physio_eeg_entropy_complexity_ridge,10,32,0.7892215987803748,0.9830082167649439,0.916132517755937,0.9188466826267873,0.9081988805496524,2.4206145913796355,2.155427105915065,0.7892215987803748,0.983008216764944,0.26127108344043626,0.055362054092471524,0.5625,0.9997417263296527,0.1419627174058334
valence,physio_eeg_entropy_complexity_ridge,11,32,1.2180315379100828,1.463837003525465,0.9133236254923499,0.8943453175129844,0.8518419121326974,3.136852522832401,2.1501576010667662,1.2180315379100828,1.463837003525465,-0.1478388637421454,-0.11950146627565982,0.40625,1.44564034744527,0.10026048453801101
valence,physio_eeg_entropy_complexity_ridge,12,32,0.9222957971304686,1.1513148804587074,0.8533343217882314,0.8644101984193994,0.8427878598018407,1.88926862502398,2.203827028584714,0.9222957971304686,1.1513148804587074,0.11849112850712615,0.06251145842891652,0.625,1.156639274123462,0.10188954813408588
valence,physio_eeg_entropy_complexity_ridge,13,32,1.0657034231291993,1.2637923822136754,0.9063909850062359,0.9239081147148195,0.8195925421942716,1.818954026356906,2.2005319679651514,1.0657034231291993,1.2637923822136754,-0.05455569993296096,-0.09789184399132382,0.3125,0.933579727266912,0.11030074982212604
valence,physio_eeg_entropy_complexity_ridge,14,32,0.7640281144695256,0.938821066848223,0.9308049767371142,0.9092986968504279,0.9127700940527057,2.234101818964391,2.2175325160285175,0.7640281144695256,0.938821066848223,0.1425349129249028,0.22658112204733374,0.40625,0.8364190183117242,0.09681410164571937
valence,physio_eeg_entropy_complexity_ridge,15,32,0.8628182388046468,1.0798768850301041,0.8739686669105705,0.8667272088999456,0.8519956251140911,1.75,2.194559675284031,0.8628182388046467,1.0798768850301041,0.26514697885712,0.3112455333391004,0.46875,1.1002827935536357,0.09132996699357879
valence,physio_eeg_entropy_complexity_ridge,16,32,0.7785474893923685,1.018286192976194,0.9091896566380143,0.8732124079332928,0.8875146512039512,1.9997558444720196,2.249872075542342,0.7785474893923685,1.018286192976194,0.07297373379043288,0.02291475748860576,0.4375,0.9396886306748992,0.10588828721536613
valence,physio_eeg_entropy_complexity_ridge,17,32,1.0554372699562848,1.3346220519243168,0.9002401971964223,0.8927422647314838,0.8515377210606924,2.623325358681229,2.1630362951338467,1.0554372699562848,1.3346220519243166,0.14207354506380596,0.0911090757746965,0.46875,1.1698479042515253,0.11062128976034757
valence,physio_eeg_entropy_complexity_ridge,18,32,1.4617885174916807,1.811404633692599,0.7907893042562759,0.7789213650650009,0.7502091672651371,2.857111467461499,2.1808151374624307,1.4617885174916807,1.811404633692599,0.029701619958421147,-0.015951596232032222,0.4375,1.7488893829746277,0.14454230338923948
valence,physio_eeg_entropy_complexity_ridge,19,32,1.0971671352729255,1.4868711458794617,0.8108503112700278,0.8249756498862912,0.763173219885442,2.005607373715005,2.1903946911649004,1.1054632194694491,1.4876115772824468,0.10342375982385814,0.0681880673746439,0.46875,1.3051566660738005,0.1675249016398536
valence,physio_eeg_entropy_complexity_ridge,20,32,0.7712915391412127,1.02795080840248,0.9217788856159914,0.9127140820576749,0.8990222778021235,2.358288243090738,2.1638936436426914,0.7712915391412127,1.02795080840248,0.10672775747264907,-0.0014666789444504646,0.5,0.9188484563256268,0.13630040309922
valence,physio_eeg_entropy_complexity_ridge,21,32,0.8919905639130408,1.044529879041861,0.9515369569111366,0.9467266979925858,0.9154644245688713,2.850438562747845,2.1780926672693477,0.8919905639130409,1.044529879041861,0.1573503837735492,0.08378403470173279,0.53125,1.0394869532102124,0.16959952722954846
valence,physio_eeg_entropy_complexity_ridge,22,32,0.9587525311290457,1.1757096964640754,0.8520784651591415,0.8382024815760307,0.8414929174969448,1.9324531042175384,2.228350199887012,0.9587525311290457,1.1757096964640754,-0.0006987931284489819,-0.016680414330894074,0.625,1.1568399012334067,0.15161000067539795
valence,physio_eeg_entropy_complexity_ridge,23,32,0.8434017639473277,1.0481847974366953,0.9120882691547701,0.9205535745273464,0.9010655899511434,2.521780125229002,2.175257458361249,0.8434017639473279,1.0481847974366953,-0.08990764748127768,-0.1356802438126879,0.53125,1.0231610268410265,0.1228702513371155
valence,physio_eeg_entropy_complexity_ridge,24,32,0.9246987459918319,1.175329221444137,0.8755678083782865,0.8422017090631734,0.8546752813242128,2.1028254801575903,2.206265167064861,0.9246987459918318,1.1753292214441369,-0.16115169796254658,-0.19853345888128035,0.53125,1.0480127617606025,0.14009576797726672
valence,physio_eeg_entropy_complexity_ridge,25,32,1.3257632506744035,1.639920877196497,0.8186284867938907,0.8424567165323623,0.7877549250182012,2.785109681412924,2.188971681491747,1.3257632506744035,1.639920877196497,-0.32282727708745623,-0.32719274264446063,0.5,1.5408977561477415,0.16583390792236632
valence,physio_eeg_entropy_complexity_ridge,26,32,1.3131351854213913,1.6105873127763917,0.8525005063105991,0.8464252193086641,0.8047865875336313,2.80554696093293,2.2356171887510388,1.3131351854213913,1.6105873127763917,0.19255003745763064,0.24379067098999027,0.4375,1.502704617996618,0.26304958621761265
valence,physio_eeg_entropy_complexity_ridge,27,32,0.9610580657549732,1.2486298982076525,0.8696074080660027,0.8569628332991872,0.8613803967544106,2.5262295892297675,2.205016014309947,0.9610580657549732,1.2486298982076525,0.2886928181798829,0.3101457258007997,0.6875,1.2826189990847692,0.15154150038828607
valence,physio_eeg_entropy_complexity_ridge,28,32,1.0078143811978695,1.2778780721647653,0.8227339968582043,0.8181790845757275,0.7787443011871763,1.5832990676116752,2.2061084425991475,1.0078143811978695,1.2778780721647653,0.013315341813978013,0.10928762494264382,0.59375,1.2733766266500448,0.0879924328546649
valence,physio_eeg_entropy_complexity_ridge,29,32,0.7228350409715099,0.9518268642083831,0.9256728219436263,0.9222459914947955,0.9097149725714127,2.2603926650031405,2.1813940619624144,0.7228350409715099,0.951826864208383,0.03621007797207908,0.0071500598541960145,0.625,0.8583382261787255,0.08980209117859221
valence,physio_eeg_entropy_complexity_ridge,30,32,0.8592675147414996,1.0681852892187989,0.9367781478126872,0.8821472798490699,0.9048689296185821,2.6734735714983233,2.166775098607345,0.8592675147414995,1.0681852892187989,-0.058507913858012565,-0.012466771027828947,0.53125,0.9804975673828061,0.11905288557661567
valence,physio_eeg_entropy_complexity_ridge,31,32,1.4484939631368046,1.648276537382412,0.9610915268454199,0.9128763656112727,0.8434457070108181,3.4998604882909263,2.1757391538975552,1.4484939631368046,1.648276537382412,-0.08689643225804103,-0.02456687231954528,0.5,1.5157854873086032,0.12440873638320488
valence,physio_eeg_entropy_complexity_ridge,32,32,0.8417782816681114,1.0437608299086991,0.8916904869424361,0.8753254601253566,0.8834180131008703,2.091650066335189,2.2131132042693946,0.8417782816681115,1.043760829908699,-0.05525985563206939,-0.09220898413414959,0.59375,0.982104106391065,0.18218682464960795
valence,physio_eeg_entropy_complexity_ridge,33,32,0.7141445569176575,0.8554946028456974,0.9330316666612463,0.9255157172177416,0.916459762548046,1.9483065563457924,2.208353394458393,0.7141445569176574,0.8554946028456973,-0.1041621498278477,-0.182218151549393,0.4375,0.7908206698619183,0.076628171923052
valence,physio_eeg_entropy_complexity_ridge,34,32,1.162365911994322,1.3680238143716181,0.8805555267667444,0.8894062401640793,0.8120153049381874,2.060605190229317,2.227652813107786,1.162365911994322,1.3680238143716181,0.08890659606992696,0.08231735575728233,0.4375,1.0638972447601782,0.13394960953226095
valence,physio_eeg_entropy_complexity_ridge,35,32,0.7335888666634938,0.8920631781625833,0.9239319997988443,0.911114476811696,0.9188112795469379,2.1999644883497553,2.2153184917144895,0.7335888666634939,0.8920631781625833,0.08577630790835801,0.07954545454545453,0.53125,0.8615394651342102,0.143899801004682
valence,physio_eeg_entropy_complexity_ridge,36,32,0.8075287575445665,0.9845929800468846,0.9551694299838388,0.9462754253266359,0.9236013043148129,2.813020785116953,2.180864645681923,0.8075287575445665,0.9845929800468847,0.15947437889762506,0.12155101752133225,0.65625,0.9870053317530504,0.1409094325154641
valence,physio_eeg_entropy_complexity_ridge,37,32,1.114990827998261,1.233807815296272,0.9343736087826284,0.9225528327318404,0.7571539578401326,1.1520192869479227,2.204641060266012,1.114990827998261,1.233807815296272,0.1341826560661218,0.13143904895464265,0.5,1.2103811796934416,0.11023856967372349
valence,physio_eeg_entropy_complexity_ridge,38,32,1.3668040997380468,1.5929605209949251,0.7091028698340809,0.7367674356198631,0.7010659333908701,1.911110606427582,2.1956768237430784,1.3668040997380466,1.5929605209949251,0.09027103901963339,0.13511779775749905,0.53125,1.5946821551965669,0.14206280141046612
valence,physio_eeg_entropy_complexity_ridge,39,32,0.9781808713912757,1.1778221251115382,0.9207566991148298,0.8970535621863865,0.8915704699571607,2.822205476218909,2.1948457456022665,0.9781808713912759,1.177822125111538,-0.07537799877210388,0.0,0.5625,1.1533481731760573,0.14249861401903624
valence,physio_eeg_entropy_complexity_ridge,40,32,1.2489371943480845,1.4418924746351012,0.9343838071499186,0.9174852855714839,0.8599165171332334,3.1991209730174317,2.1347604498330113,1.2489371943480847,1.4418924746351012,-0.029138141200730275,-0.11163046513752187,0.46875,1.4100396784327782,0.1652445884705335
valence,physio_eeg_entropy_complexity_ridge,41,32,1.2590341737914112,1.5449465376447367,0.7301482965492043,0.7687939422050786,0.6402049306873321,1.325456878778031,2.194239570096264,1.2590341737914112,1.5449465376447367,-0.040120028160523416,-0.1145737874430288,0.53125,1.5120641797562275,0.1437437938011321
valence,physio_eeg_entropy_complexity_ridge,42,32,0.8516899417010019,1.040498003723434,0.9542144367660055,0.8903567723011343,0.920563113209658,2.912795049432761,2.2569812422157494,0.851689941701002,1.040498003723434,0.31826041267134947,0.3244134897360703,0.59375,1.0508190184970703,0.135142286954164
valence,physio_eeg_entropy_complexity_ridge,43,32,0.9432995048351605,1.064197970543995,0.9513860907157256,0.9365898681522254,0.9122682625252545,2.855230945125105,2.167617523432307,0.9432995048351607,1.064197970543995,0.0022630794443479763,-0.04767143701526872,0.5,1.0277185606429846,0.1378244600618564
valence,physio_eeg_entropy_complexity_ridge,44,32,1.357937677421445,1.6002113958538515,0.8120690603327078,0.8099160648372179,0.7583014194476165,2.2878756522153907,2.162056855447635,1.3579376774214453,1.6002113958538515,0.060435336383228795,0.04050957766074275,0.4375,1.3715575366482071,0.1100640655119704
valence,physio_eeg_entropy_complexity_ridge,45,32,0.8888205675917228,1.124340320123846,0.8901419976773064,0.8621802807351072,0.8672223139399321,2.098176291449315,2.210393809294393,0.8888205675917227,1.124340320123846,-0.337151382275715,-0.43189734914524147,0.4375,0.9359767748222355,0.1895282315482241
valence,physio_eeg_entropy_complexity_ridge,46,32,1.1182158802042461,1.391758116286463,0.8909755692844022,0.8802118066405787,0.8550117927186421,2.8502672572058922,2.248979904088489,1.1182158802042461,1.391758116286463,-0.23696603438467007,-0.23753665689149558,0.4375,1.28779955889462,0.13526657997058228
valence,physio_eeg_entropy_complexity_ridge,47,32,1.563124968089973,1.8244538637820993,0.8279715218172311,0.8390201221722947,0.7746055912443409,3.1598061649411346,2.186237920194091,1.5631249680899728,1.8244538637820993,-0.04903611744159839,-0.05591713475717396,0.5625,1.813517800521661,0.12005115195889217
valence,physio_eeg_entropy_complexity_ridge,48,32,0.810900912413006,1.0450831169183121,0.9058746607088597,0.9117281439649563,0.8962792420240738,2.39057393736316,2.179109391098051,0.810900912413006,1.0450831169183121,-0.34208338104290026,-0.22910557184750727,0.625,0.9610845807699395,0.1292491530596982
valence,physio_eeg_entropy_complexity_ridge,49,32,1.1052375335025504,1.3107294229919644,0.8325591049372835,0.8365399942265028,0.7346795328001964,1.310638560969423,2.179843289741458,1.1052375335025504,1.3107294229919644,0.22001240174367664,0.24200202583432662,0.625,1.3316696325086343,0.13561424155242646
valence,physio_eeg_entropy_complexity_ridge,50,32,1.1647572257652363,1.2861417318185595,0.9659718380383999,0.9639469668120813,0.8930937859091599,3.266783586342995,2.1895605123800426,1.164757225765236,1.2861417318185595,0.06995301896531103,0.099899184728981,0.5,1.2860895432780775,0.1256274428020387
valence,physio_eeg_entropy_complexity_ridge,52,32,1.2329148504936378,1.5033802824161304,0.7873613510814668,0.7792224546683927,0.7498559083610514,1.9938871426186588,2.1578467944599438,1.2329148504936378,1.5033802824161304,0.28947055678638856,0.2774926686217008,0.46875,1.3983624472285212,0.14969110007013237
valence,physio_eeg_entropy_complexity_ridge,53,32,0.9967245459581933,1.2129988555509241,0.9399617548986768,0.9090461513344822,0.878410104285036,2.5860201081971503,2.186495271365616,0.9967245459581933,1.2129988555509241,-0.12739421438485907,-0.01411807942375266,0.3125,0.8934942463418373,0.11681544157028917
valence,physio_eeg_entropy_complexity_ridge,54,32,1.0773815138379526,1.440881867647218,0.8150224754340135,0.8253270787200232,0.8056236450059705,2.3774658252012792,2.2204022508869783,1.0773815138379526,1.440881867647218,0.11187060021259371,0.05004124299268222,0.59375,1.415160932864053,0.16268414157708197
valence,physio_eeg_entropy_complexity_ridge,55,32,1.0288166552741864,1.3271299409604407,0.8394994221571266,0.8737748093869172,0.8024586717842396,1.899835519196333,2.2429789585372695,1.0288166552741866,1.3271299409604407,0.022043900979657322,0.09477543697287343,0.4375,1.2154548484692485,0.12173641103317669
valence,physio_eeg_entropy_complexity_ridge,56,32,0.8505921740911129,1.0625251475875395,0.9294003975190769,0.8943376936491175,0.9067350511022201,2.704163456597992,2.1836075831652115,0.8505921740911129,1.0625251475875395,0.3109010180896587,0.2967919389924218,0.53125,1.0862285750031417,0.1405010162803189
valence,physio_eeg_entropy_complexity_ridge,57,32,1.2834715910782135,1.4173435004270352,0.9293627694122215,0.9179855594108144,0.8477964547018461,2.779493827570049,2.165888425051772,1.2834715910782135,1.4173435004270352,-0.1378235367533025,-0.033363886903409995,0.34375,1.0644010927273946,0.1932494363613248
valence,physio_eeg_entropy_complexity_ridge,58,32,0.8185077425188554,0.9994414466440067,0.9099559015656098,0.8994437132490717,0.9004270966368589,2.2463077343721185,2.209543226528074,0.8185077425188553,0.9994414466440067,0.2264467542329076,0.33822182053182104,0.59375,0.9650647612965453,0.1108612745889983
valence,physio_eeg_entropy_complexity_ridge,59,32,1.1130547957579404,1.4155380474444603,0.8005801342381516,0.8136713360776063,0.7987967977093412,2.2878756522153907,2.171587330510601,1.1130547957579404,1.4155380474444603,-0.13258426696485232,-0.1849509676909024,0.53125,1.370997297920261,0.2035775740853459
valence,physio_eeg_entropy_complexity_ridge,60,32,1.0254585588897083,1.1988694218124119,0.9385787285962346,0.9201349448593868,0.8986923118073826,3.020114857087392,2.248993628626403,1.0254585588897083,1.1988694218124119,0.3368888020302222,0.34537122486826605,0.625,1.2403764851994616,0.16275712207004675
valence,physio_eeg_entropy_complexity_ridge,61,32,1.3782113141908694,1.6940136767812464,0.9224358058814971,0.8836805548084499,0.8141648505244174,3.1622776601683795,2.1550242626378138,1.3782113141908694,1.6940136767812464,-0.08767235821810276,-0.1149404235628465,0.71875,1.4155227972469693,0.1647274942441595
valence,physio_eeg_entropy_complexity_ridge,62,32,1.066574967646774,1.2415292578682497,0.9017661775178428,0.8907615794004076,0.8712563714946359,2.622022120425379,2.205839198701395,1.0665749676467737,1.2415292578682497,0.07265805367937263,0.11804600911094268,0.65625,1.1466678482673742,0.12361286056658852
valence,physio_eeg_entropy_complexity_ridge,63,32,0.9974352300635636,1.195256235577963,0.9120927594114128,0.9073934733239493,0.8832661470223097,2.747157621979489,2.1570699025088653,0.9974352300635636,1.195256235577963,-0.36798960566907896,-0.2916590333149741,0.375,1.1368553448155883,0.1037834672705162
valence,physio_eeg_entropy_complexity_ridge,64,32,0.997382633921808,1.2233192854506416,0.8679683965731075,0.8433207185473481,0.8427043571570494,2.1594179626695706,2.138787187496627,0.997382633921808,1.2233192854506416,-0.07341903416681433,-0.058855889545774066,0.5,1.076333478297336,0.1812877032429718
valence,physio_eeg_entropy_complexity_ridge,65,32,0.8103772876772466,0.9927399398127665,0.9434480630600259,0.9529792456261224,0.9189522953630198,2.704163456597992,2.189990869991036,0.8103772876772465,0.9927399398127665,0.03805893051676069,0.06673389197249614,0.46875,0.955941659589858,0.18363816047312093
valence,physio_emg_bsl_stats_22_ridge,1,32,0.9899975062863143,1.1956026280617156,0.8933462773275964,0.8904182514869045,0.872005410009195,2.4746764308692963,2.202586830024434,0.9899975062863142,1.1956026280617156,0.19672777904996,0.22605189231342787,0.625,1.1175376128242858,0.02972057830014352
valence,physio_emg_bsl_stats_22_ridge,2,32,1.205404787244681,1.5465357364721062,0.8534731809004464,0.8055710638816233,0.8165991399734847,2.839282204624965,2.197348974211779,1.2054047872446807,1.546535736472106,0.08456209638407565,0.17891842647103381,0.40625,1.499820800408392,0.042972660939414535
valence,physio_emg_bsl_stats_22_ridge,3,32,1.055449957257243,1.1974846821793987,0.8979835043645579,0.8956678825859506,0.8788196136323325,2.6485181588012567,2.1862812602595034,1.0554499572572433,1.1974846821793987,-0.0344239171423879,-0.002199816718906153,0.53125,1.1803897435466537,0.017914420342724353
valence,physio_emg_bsl_stats_22_ridge,5,32,1.2316203716785235,1.5017527910084392,0.8658610600716115,0.8413693063851381,0.8289503970665897,2.8870332414954976,2.18611689289924,1.231620371678524,1.501752791008439,0.11693899402949669,0.06600055250027091,0.5,1.4829722032698982,0.04949138689843589
valence,physio_emg_bsl_stats_22_ridge,6,32,1.0526306422964757,1.1619801019003773,0.9564195525264673,0.9487818854941561,0.903699269615974,3.0458732327528013,2.1747105759785192,1.0526306422964757,1.1619801019003773,-0.10089344293434219,-0.1406178437991883,0.4375,1.1527374217875292,0.028581714039687317
valence,physio_emg_bsl_stats_22_ridge,7,32,0.6224897549853434,0.7738718358485946,0.9436575878828231,0.94521817603233,0.928964452217155,1.8874586088176875,2.1985663459868805,0.6224897549853434,0.7738718358485948,0.14255414975671474,0.07260726560787081,0.5625,0.7539040491205143,0.020434672637501986
valence,physio_emg_bsl_stats_22_ridge,8,32,0.8226824888672525,1.0235876489599613,0.9424440848608222,0.9302955947212869,0.9136371430263459,2.692582403567252,2.18394767061833,0.8226824888672525,1.0235876489599611,-0.04283134703840217,-0.07203739375869639,0.53125,0.9651393883815917,0.0350457259761569
valence,physio_emg_bsl_stats_22_ridge,9,32,0.9415650787441932,1.1829374287157988,0.9099729291338814,0.8628568833149974,0.8788206899837927,2.5600216673887743,2.1781773354907528,0.9415650787441934,1.1829374287157988,-0.15369907970144095,-0.10450087479209559,0.34375,1.061751339195067,0.05847338279985455
valence,physio_emg_bsl_stats_22_ridge,10,32,0.7877658949391169,0.9988864552376998,0.9112185038175007,0.9029407215346167,0.9068010291899117,2.4206145913796355,2.2006702046678925,0.7877658949391166,0.9988864552376998,0.1537703995205531,0.1730522485539507,0.5625,0.9997417263296527,0.018089048479586624
valence,physio_emg_bsl_stats_22_ridge,11,32,1.2628919419448996,1.4839300258694257,0.9106886576043609,0.889861447109744,0.8479436915994498,3.136852522832401,2.1492918483201415,1.2628919419448994,1.4839300258694257,-0.22739333301367057,-0.2313049853372434,0.28125,1.44564034744527,0.11594957787577634
valence,physio_emg_bsl_stats_22_ridge,12,32,0.9868453236824375,1.2055818272190328,0.8463785899274746,0.8469719883428258,0.8260189817286372,1.88926862502398,2.157710465038189,0.9868453236824375,1.2055818272190328,0.10287012195968107,-0.09495875503278228,0.375,1.156639274123462,0.14860517738616705
valence,physio_emg_bsl_stats_22_ridge,13,32,0.874557310141526,1.05192057461729,0.9094992267567277,0.9224070454788896,0.8678978126081855,1.818954026356906,2.1972042570880754,0.874557310141526,1.05192057461729,0.157239024131117,0.20219982007945722,0.5,0.933579727266912,0.018560302230909948
valence,physio_emg_bsl_stats_22_ridge,14,32,0.7679376379445783,0.915540995033143,0.9284897349221756,0.9104240665247477,0.9154976125071154,2.234101818964391,2.1889395231494038,0.7679376379445783,0.915540995033143,-0.04664287534666503,-0.13070577671500727,0.375,0.8364190183117242,0.019125983901249633
valence,physio_emg_bsl_stats_22_ridge,15,32,0.8580739546335069,1.1169653474430363,0.8713809413646008,0.8648624773833795,0.8440556885937117,1.75,2.214138902531166,0.8580739546335069,1.1169653474430363,0.0044188312801699626,-0.041609385199043454,0.5,1.1002827935536357,0.044332819188645324
valence,physio_emg_bsl_stats_22_ridge,16,32,0.7751510562484477,1.021144163227728,0.9031332265394852,0.8528617232070302,0.8839551645687738,1.9997558444720196,2.1989722479416782,0.7751510562484477,1.0211441632277278,-0.1665464861893078,-0.1829514237890284,0.40625,0.9396886306748992,0.025406519469494175
valence,physio_emg_bsl_stats_22_ridge,17,32,0.9854543912721166,1.1697783460399427,0.9019067621685609,0.9012604443991147,0.8834601636098138,2.623325358681229,2.192178563939777,0.9854543912721166,1.1697783460399427,0.37277716259567883,0.2934922139140626,0.53125,1.1698479042515253,0.06765141098142012
valence,physio_emg_bsl_stats_22_ridge,18,32,1.452975526679655,1.8112695084815833,0.789515241629241,0.7832196355536033,0.7503149946030481,2.857111467461499,2.185242394824565,1.452975526679655,1.8112695084815833,-0.19904686642842473,-0.14393106944994594,0.40625,1.7488893829746277,0.029103092756534808
valence,physio_emg_bsl_stats_22_ridge,19,32,1.021723162691841,1.312830487494034,0.8125703241855166,0.8180728685552661,0.8063238467239968,2.005607373715005,2.2014751619534745,1.021723162691841,1.312830487494034,0.16222350433317262,0.19686554935582673,0.6875,1.3051566660738005,0.024983467106058015
valence,physio_emg_bsl_stats_22_ridge,20,32,0.7619049660047879,1.025035481770334,0.9220602695145917,0.9058682638869605,0.9005718716750709,2.358288243090738,2.188269065077516,0.7619049660047879,1.025035481770334,0.20824897775924067,0.25666881527883123,0.5625,0.9188484563256268,0.031145263254384124
valence,physio_emg_bsl_stats_22_ridge,21,32,0.8957790097134357,1.0524418664474078,0.9483678637833394,0.9329628913812987,0.9145408445858818,2.850438562747845,2.1924123136439078,0.8957790097134357,1.0524418664474078,0.04696608646053023,0.11110093004212268,0.5625,1.0394869532102124,0.035327281662166504
valence,physio_emg_bsl_stats_22_ridge,22,32,1.0265434402951035,1.2106677757571482,0.8501055380568844,0.8548005505181304,0.8323882084145956,1.9324531042175384,2.215437550759331,1.0265434402951035,1.2106677757571482,-0.2676590802595845,-0.26102098909003474,0.28125,1.1568399012334067,0.038417115301297496
valence,physio_emg_bsl_stats_22_ridge,23,32,0.846503861103464,1.0478861644284787,0.9141417710900143,0.9116575464264177,0.9023750958077549,2.521780125229002,2.2014251580630737,0.846503861103464,1.0478861644284785,-0.07815107080892651,-0.15511552198045128,0.46875,1.0231610268410265,0.04432993730568948
valence,physio_emg_bsl_stats_22_ridge,24,32,0.9526988611393479,1.1889996277795678,0.88117349773752,0.8469225706610611,0.8519170577117523,2.1028254801575903,2.1946287452116615,0.9526988611393478,1.1889996277795676,-0.13889130987484063,-0.006966086276536151,0.4375,1.0480127617606025,0.021875688124834168
valence,physio_emg_bsl_stats_22_ridge,25,32,1.2706172397906084,1.5421595210484544,0.8343314369076309,0.857262634221859,0.8101461866460316,2.785109681412924,2.1836938954608707,1.2706172397906084,1.5421595210484544,0.0018027666589376992,-0.014297497997909204,0.5625,1.5408977561477415,0.05255591221398133
valence,physio_emg_bsl_stats_22_ridge,26,32,1.295703914391344,1.5548317313604372,0.8450086461032256,0.8274211752035611,0.811595820965477,2.80554696093293,2.196379441206116,1.2957039143913442,1.5548317313604372,-0.210685580814189,-0.10668133121516868,0.59375,1.502704617996618,0.03457970350684609
valence,physio_emg_bsl_stats_22_ridge,27,32,1.0671685517809193,1.321638154030522,0.8619698912346268,0.8586358626917452,0.8450969543793637,2.5262295892297675,2.188148568128394,1.0671685517809193,1.321638154030522,0.06556565729640569,-0.07607002139913231,0.3125,1.2826189990847692,0.036602951839359146
valence,physio_emg_bsl_stats_22_ridge,28,32,1.0209549642748197,1.2740008303959989,0.8242233584846637,0.8223094057920346,0.7802026939291308,1.5832990676116752,2.207428434475941,1.0209549642748197,1.2740008303959987,0.06298390941676794,-0.07078024031520219,0.46875,1.2733766266500448,0.02392284291614784
valence,physio_emg_bsl_stats_22_ridge,29,32,0.7043478383318814,0.9464629096700933,0.9221707421815655,0.9218749410053588,0.9108130070265527,2.2603926650031405,2.1943690892410856,0.7043478383318815,0.9464629096700933,-0.4525977642685217,-0.45668715632826345,0.71875,0.8583382261787255,0.048118784466407334
valence,physio_emg_bsl_stats_22_ridge,30,32,0.8414476526897923,0.9842152907715574,0.9378663427557419,0.8739377873970061,0.9186131984145667,2.6734735714983233,2.1802790103812635,0.8414476526897923,0.9842152907715574,-0.10180319060879532,-0.07535063077114261,0.5,0.9804975673828061,0.027355368633147054
valence,physio_emg_bsl_stats_22_ridge,31,32,1.4449224031174084,1.6487232245186743,0.9639635913804141,0.9121007697186548,0.8431307797847939,3.4998604882909263,2.1652665071391577,1.4449224031174084,1.6487232245186743,-0.5556119389077787,-0.5987716790719021,0.40625,1.5157854873086032,0.017459188673457877
valence,physio_emg_bsl_stats_22_ridge,32,32,0.879257095312038,1.065665846176985,0.8970379937584103,0.8818286210475361,0.8801128651407564,2.091650066335189,2.22166217137308,0.879257095312038,1.065665846176985,-0.020155165109862226,-0.1363886365721815,0.46875,0.982104106391065,0.0786077038511003
valence,physio_emg_bsl_stats_22_ridge,33,32,0.6831022005099181,0.8037472918626166,0.9332131410416871,0.9284874714773208,0.9251156191971165,1.9483065563457924,2.194702620807465,0.683102200509918,0.8037472918626165,-0.14973690086686336,-0.11750687640157034,0.59375,0.7908206698619183,0.024731101873359335
valence,physio_emg_bsl_stats_22_ridge,34,32,1.259106861175869,1.5373393816348113,0.8175580860566903,0.8259572007902257,0.7725816770295703,2.060605190229317,2.382950675815715,1.272508490750992,1.5736494935451444,0.13194634222818608,-0.04675039135435855,0.28125,1.0638972447601782,1.0966957485269433
valence,physio_emg_bsl_stats_22_ridge,35,32,0.7439682124015157,0.9160737533164341,0.9217342219982622,0.9207617895370489,0.91428231340393,2.1999644883497553,2.207086625640443,0.7439682124015157,0.9160737533164343,-0.01840798927966835,0.06634897360703812,0.5,0.8615394651342102,0.11865052682473555
valence,physio_emg_bsl_stats_22_ridge,36,32,0.8708529072351587,1.020887335301914,0.9532340056897435,0.9498000740388897,0.9182752746107509,2.813020785116953,2.183597504634519,0.8708529072351587,1.020887335301914,0.07690285152762805,0.11275094385462947,0.5625,0.9870053317530504,0.028193887069165497
valence,physio_emg_bsl_stats_22_ridge,37,32,1.1108434713526576,1.2053134474602107,0.9345045162524133,0.94060484490682,0.7656434095596065,1.1520192869479227,2.2043382221432273,1.1108434713526576,1.2053134474602107,0.20729939199472755,0.06306141260864305,0.5625,1.2103811796934416,0.05609666639245575
valence,physio_emg_bsl_stats_22_ridge,38,32,1.390399744902222,1.6145703816649148,0.7065974179142663,0.7467824841163629,0.6955136474235506,1.911110606427582,2.204773206545402,1.390399744902222,1.6145703816649148,-0.3150956900376842,-0.23393529163984905,0.3125,1.5946821551965669,0.015453148635346017
valence,physio_emg_bsl_stats_22_ridge,39,32,0.9902354103229307,1.1759676052554144,0.9247161058924952,0.8966807219693513,0.8916952092339571,2.822205476218909,2.1813855624668173,0.9902354103229308,1.1759676052554144,-0.09000362321118621,-0.09860703812316715,0.53125,1.1533481731760573,0.030942268884362238
valence,physio_emg_bsl_stats_22_ridge,40,32,1.1958226325629207,1.4032540060956376,0.9350292597629609,0.9197216908988977,0.8700387093776467,3.1991209730174317,2.203491001491481,1.1958226325629207,1.4032540060956376,0.3635525293343833,0.2791678134719964,0.53125,1.4100396784327782,0.08619890541267856
valence,physio_emg_bsl_stats_22_ridge,41,32,1.2698431999267625,1.5439264239136543,0.7480859198401728,0.7909871055995996,0.6500398438691124,1.325456878778031,2.2326852136962576,3.0846760800604773,10.725615533527925,-0.14404453754839872,0.17763520005167188,0.53125,1.5120641797562275,10.197507390004235
valence,physio_emg_bsl_stats_22_ridge,42,32,0.8664299242279264,1.060162091673246,0.9555627634116117,0.8903567723011343,0.9156051406669827,2.912795049432761,2.1904716141945806,0.8664299242279265,1.060162091673246,0.2318213117567732,0.25329912023460405,0.625,1.0508190184970703,0.034014978745855254
valence,physio_emg_bsl_stats_22_ridge,43,32,0.9485308930180546,1.0740335503416918,0.9510173563847304,0.9278799900748304,0.91129616712723,2.855230945125105,2.182193073539837,0.9485308930180545,1.0740335503416918,-0.10391129761263487,0.031169785740752624,0.46875,1.0277185606429846,0.029472443297761487
valence,physio_emg_bsl_stats_22_ridge,44,32,1.3340822189371009,1.5730485773955611,0.8125994066466928,0.8174048865185608,0.7670724668678461,2.2878756522153907,2.1915981384407957,1.3340822189371009,1.5730485773955611,-0.14859670925822843,-0.294015215239056,0.375,1.3715575366482071,0.01739120596783566
valence,physio_emg_bsl_stats_22_ridge,45,32,0.7516264393848232,0.9413368919029396,0.9061085587080581,0.8787606707492438,0.9040087130707561,2.098176291449315,2.1947181612000026,0.7516264393848231,0.9413368919029396,0.08252212720190566,0.08175985471934535,0.5,0.9359767748222355,0.014341331300068866
valence,physio_emg_bsl_stats_22_ridge,46,32,1.1201499297307351,1.3443241493142444,0.9032132728230138,0.8916863928499387,0.8615752745355274,2.8502672572058922,2.1846489804620894,1.1201499297307351,1.3443241493142444,0.13690645774515853,0.1730205278592375,0.5,1.28779955889462,0.031207468980406834
valence,physio_emg_bsl_stats_22_ridge,47,32,1.5496677552349896,1.8117591663329564,0.831080001235403,0.8363899650494975,0.7776291114641932,3.1598061649411346,2.185557536601722,1.5496677552349896,1.8117591663329564,0.13505149653578136,0.10505087939626452,0.59375,1.813517800521661,0.013832412329608159
valence,physio_emg_bsl_stats_22_ridge,48,32,0.8487481735308982,1.0614627730832866,0.916181500319408,0.9122849811864333,0.8947838594317071,2.39057393736316,2.187417159986355,0.8487481735308982,1.0614627730832866,0.09648658298286569,0.0971407624633431,0.40625,0.9610845807699395,0.03988537711332144
valence,physio_emg_bsl_stats_22_ridge,49,32,1.1267420027444668,1.3301629295408612,0.8331170715139432,0.8450433372895685,0.7303340701211775,1.310638560969423,2.1942504211260463,1.1267420027444666,1.330162929540861,0.2155260419238021,0.13053442605609136,0.5,1.3316696325086343,0.06414785389873943
valence,physio_emg_bsl_stats_22_ridge,50,32,1.1440780829130044,1.2772828092648645,0.9669619967267999,0.9587182734624612,0.8945958845332417,3.266783586342995,2.191713060784705,1.1440780829130044,1.2772828092648645,0.14850683531435777,-0.02621207966283354,0.4375,1.2860895432780775,0.0845829118131119
valence,physio_emg_bsl_stats_22_ridge,52,32,1.2748146830830593,1.5518478999805294,0.7735264127042565,0.7547675416830792,0.7412318339251193,1.9938871426186588,2.2363295603215994,1.2748146830830593,1.5518478999805294,-0.25166780311895065,-0.013929618768328446,0.3125,1.3983624472285212,0.14496431674469454
valence,physio_emg_bsl_stats_22_ridge,53,32,0.9321297597319783,1.128150688641008,0.9442831532289933,0.9118622794365098,0.893544152136461,2.5860201081971503,2.187341458459337,0.9321297597319782,1.128150688641008,0.24417825863408094,0.20407042076151566,0.25,0.8934942463418373,0.021862542131865687
valence,physio_emg_bsl_stats_22_ridge,54,32,1.0901679368116812,1.4536312444298298,0.8040131494766869,0.8279271190220217,0.7972322302770873,2.3774658252012792,2.1731364272367237,1.0901679368116812,1.4536312444298298,-0.1566781482155818,-0.26230409788471887,0.53125,1.415160932864053,0.11500450541408658
valence,physio_emg_bsl_stats_22_ridge,55,32,0.9970035686274347,1.3044758520493744,0.8356275143147065,0.8779275520541266,0.8040119692948381,1.899835519196333,2.1986005033645655,0.9970035686274346,1.3044758520493744,0.20261304464974456,0.24289642937922107,0.625,1.2154548484692485,0.03240159200155218
valence,physio_emg_bsl_stats_22_ridge,56,32,0.9057538419456499,1.0904543932493966,0.9276255788323918,0.8839599665781788,0.905490132614056,2.704163456597992,2.2708368363916156,0.9057538419456498,1.0904543932493969,0.32296244815122005,0.09055912159496997,0.5,1.0862285750031417,0.49155573528106294
valence,physio_emg_bsl_stats_22_ridge,57,32,1.171854371794712,1.3144312014450268,0.9362601310509313,0.921135055780135,0.8680870232724163,2.779493827570049,2.184536085614286,1.171854371794712,1.3144312014450268,0.13801353071062447,0.2080659979965403,0.3125,1.0644010927273946,0.017867043833501982
valence,physio_emg_bsl_stats_22_ridge,58,32,0.8360105538296694,1.0164369886718774,0.9078600340572417,0.9014778170413701,0.8964076564216428,2.2463077343721185,2.1918996873048586,0.8360105538296694,1.0164369886718774,0.20484978723125224,0.14262145060908227,0.5,0.9650647612965453,0.06342295963226328
valence,physio_emg_bsl_stats_22_ridge,59,32,1.1167114291116564,1.3868446173102411,0.81589812992283,0.8342260739712372,0.8097467003946849,2.2878756522153907,2.192674924505499,1.1167114291116564,1.3868446173102413,0.21510906983114136,0.14425808877377622,0.3125,1.370997297920261,0.042876712728149406
valence,physio_emg_bsl_stats_22_ridge,60,32,1.0630952677625007,1.2125376394860086,0.9409392269179929,0.9178898006263018,0.8944729898062601,3.020114857087392,2.192699032113983,1.063095267762501,1.2125376394860086,0.3735960549367626,0.5420715031504579,0.59375,1.2403764851994616,0.08518380502033329
valence,physio_emg_bsl_stats_22_ridge,61,32,1.4854903293689448,1.795795529212385,0.9252531950616035,0.8815995258846877,0.7973222976803674,3.1622776601683795,2.167959277748709,1.4854903293689445,1.795795529212385,-0.07190097802346257,0.01173235583416615,0.46875,1.4155227972469693,0.04036553805212024
valence,physio_emg_bsl_stats_22_ridge,62,32,1.1039298766248082,1.2746245372402325,0.8995700083836974,0.8740737063475273,0.8645287847946002,2.622022120425379,2.197837939641243,1.1039298766248082,1.2746245372402323,-0.18469838396188293,-0.11126386262475498,0.625,1.1466678482673742,0.04792546460967306
valence,physio_emg_bsl_stats_22_ridge,63,32,0.9145597092693036,1.1369102333127918,0.9184676734723907,0.9055313894468224,0.8952716291173403,2.747157621979489,2.1896029821395895,0.9145597092693037,1.1369102333127918,0.027026937810931264,0.04326306213848768,0.59375,1.1368553448155883,0.04606026211580968
valence,physio_emg_bsl_stats_22_ridge,64,32,0.9972418798958651,1.2201885593318302,0.8788329738267485,0.8500898480607716,0.8486098614738506,2.1594179626695706,2.198828394864724,0.9972418798958651,1.2201885593318305,0.10036657277959835,0.04767143701526872,0.4375,1.076333478297336,0.034696707631386006
valence,physio_emg_bsl_stats_22_ridge,65,32,0.817825961030028,0.9592497340111872,0.9454062232412369,0.950748750024891,0.924093513500265,2.704163456597992,2.190882140471173,0.817825961030028,0.9592497340111872,0.06324119493494873,-0.1114675997782353,0.3125,0.955941659589858,0.04741336434368174
valence,physio_emg_existing_22_ridge,1,32,0.9989067484689096,1.211797486389817,0.8933749465816369,0.8915294223498249,0.8682821102611651,2.4746764308692963,2.189243135373882,0.9989067484689097,1.211797486389817,0.23182723374335268,0.30433588097347136,0.34375,1.1175376128242858,0.024511361682391916
valence,physio_emg_existing_22_ridge,2,32,1.2093765799216665,1.5533930522937192,0.8517505119060316,0.8040885314429177,0.8138325278396578,2.839282204624965,2.1809363934149704,1.2093765799216665,1.5533930522937192,-0.23831630965682377,-0.13620531851227266,0.59375,1.499820800408392,0.026915785792067153
valence,physio_emg_existing_22_ridge,3,32,1.0495969729479186,1.1873071150758145,0.8986053281072233,0.8932666282090447,0.8808819331710653,2.6485181588012567,2.190101622654429,1.0495969729479186,1.1873071150758145,0.16197694691444672,0.158386803761243,0.5625,1.1803897435466537,0.018957443428120137
valence,physio_emg_existing_22_ridge,5,32,1.2295654997090066,1.5021607267663386,0.8630395539514488,0.8400731828937877,0.8286501996346223,2.8870332414954976,2.189817705701127,1.2295654997090066,1.5021607267663386,-0.1766409843935721,-0.21248511207726103,0.375,1.4829722032698982,0.033463848471750345
valence,physio_emg_existing_22_ridge,6,32,1.0559036624152818,1.1653543586917183,0.9565576254962165,0.9519513278312363,0.903212850836355,3.0458732327528013,2.1748808115431597,1.0559036624152818,1.1653543586917183,-0.02115440622675969,0.027133560472333597,0.375,1.1527374217875292,0.05293977420685589
valence,physio_emg_existing_22_ridge,7,32,0.6204047574538412,0.7761817685889563,0.9425055209493879,0.94521817603233,0.928338723606009,1.8874586088176875,2.1936001503958615,0.6204047574538412,0.7761817685889563,-0.021694181822430728,-0.08709204839327939,0.46875,0.7539040491205143,0.02500889347013766
valence,physio_emg_existing_22_ridge,8,32,0.8427826221434602,1.03919037139856,0.9419370185306671,0.9302955947212869,0.9111469949919386,2.692582403567252,2.183160631001057,0.8427826221434602,1.03919037139856,-0.1199925136631475,-0.12867748198118284,0.34375,0.9651393883815917,0.039291192538231656
valence,physio_emg_existing_22_ridge,9,32,0.9341597176932182,1.1799879731541378,0.9098356671648623,0.8615520662523047,0.8806498220629516,2.5600216673887743,2.2054577777270263,0.9341597176932182,1.1799879731541378,-0.11557036149800708,-0.09881749388235005,0.4375,1.061751339195067,0.055045224589709715
valence,physio_emg_existing_22_ridge,10,32,0.7925927582031538,1.0029945267295037,0.910487368594504,0.9033106276065275,0.9057182682712529,2.4206145913796355,2.192467353113322,0.7925927582031539,1.0029945267295037,-0.05396694744005314,-0.012465628073801534,0.5,0.9997417263296527,0.020792213543197057
valence,physio_emg_existing_22_ridge,11,32,1.2037064880766033,1.451320896962415,0.9126407291917447,0.8932243499121744,0.856038436962158,3.136852522832401,2.1875080801747178,1.2037064880766033,1.451320896962415,-0.061085531073417305,0.05095307917888562,0.5625,1.44564034744527,0.04614140270516947
valence,physio_emg_existing_22_ridge,12,32,0.9527998243982929,1.1860012433477785,0.849280992395742,0.8569098930101202,0.833985798926847,1.88926862502398,2.2019557747874283,0.9527998243982929,1.1860012433477785,-0.13069713901666866,-0.11310724296375804,0.46875,1.156639274123462,0.040713589533647586
valence,physio_emg_existing_22_ridge,13,32,0.8691854928672027,1.0466971244181476,0.9093597098153215,0.9224070454788896,0.8691920573125077,1.818954026356906,2.2005754791083194,0.8691854928672026,1.0466971244181476,0.01923839470127222,0.06232814036900766,0.5625,0.933579727266912,0.015419154378864866
valence,physio_emg_existing_22_ridge,14,32,0.7545390915356605,0.9134717267400849,0.9311833561628735,0.9126748058733876,0.917022915774215,2.234101818964391,2.2163792505599815,0.7545390915356605,0.9134717267400847,0.18661319337897875,0.18625114886738764,0.4375,0.8364190183117242,0.07492200892353705
valence,physio_emg_existing_22_ridge,15,32,0.8572371273573292,1.109108777023454,0.8698699946505918,0.8585223902270546,0.8447880761409113,1.75,2.199118250007769,0.8572371273573292,1.109108777023454,0.19326839803685364,0.13655943600567128,0.46875,1.1002827935536357,0.01795937597283253
valence,physio_emg_existing_22_ridge,16,32,0.7846704106976999,1.0255788644384887,0.9040342748974298,0.8528617232070302,0.8828750485066007,1.9997558444720196,2.1927851260583853,0.7846704106976999,1.0255788644384887,0.08993940268952257,0.1646196177981438,0.375,0.9396886306748992,0.029610808299531957
valence,physio_emg_existing_22_ridge,17,32,1.0083740070208753,1.1954708057959056,0.8968595412603768,0.8923719090937606,0.8788413316139013,2.623325358681229,2.2030651766458957,1.0083740070208753,1.1954708057959056,0.012338895816258997,0.08817598681615497,0.53125,1.1698479042515253,0.03573889971485774
valence,physio_emg_existing_22_ridge,18,32,1.4394381622585215,1.7989604711691358,0.792086248380833,0.787144143391023,0.7538383636365672,2.857111467461499,2.1896336216295595,1.4394381622585215,1.798960471169136,0.08422639170020409,0.21342135648374147,0.59375,1.7488893829746277,0.04710836104051467
valence,physio_emg_existing_22_ridge,19,32,1.0425569004880133,1.317603573905279,0.8104631905239156,0.8128491421425984,0.8053003837830353,2.005607373715005,2.20878340482415,1.0425569004880133,1.317603573905279,-0.05942462000496842,-0.1948492355356088,0.5625,1.3051566660738005,0.07455971258478972
valence,physio_emg_existing_22_ridge,20,32,0.7618798833930414,1.023855135604215,0.9207089325800805,0.9032779543088524,0.9004714818192585,2.358288243090738,2.183987824266123,0.7618798833930414,1.023855135604215,-0.023783072174678503,-0.06215052027108843,0.46875,0.9188484563256268,0.036014733566580505
valence,physio_emg_existing_22_ridge,21,32,0.8950416551640146,1.0723704108036143,0.9459773520955364,0.9311029175149085,0.9110757685067277,2.850438562747845,2.184749258240452,0.8950416551640146,1.0723704108036143,-0.10643569900771742,-0.02071684009036281,0.5625,1.0394869532102124,0.10776795300719673
valence,physio_emg_existing_22_ridge,22,32,1.0361550797160448,1.2245552571914458,0.8490134659418684,0.8514054909617917,0.8290854679738324,1.9324531042175384,2.2167848738042766,1.0361550797160448,1.2245552571914458,-0.2611250190092026,-0.09971588347259754,0.3125,1.1568399012334067,0.05488005253317136
valence,physio_emg_existing_22_ridge,23,32,0.8355904057421548,1.008094307797465,0.9193727152060531,0.9237042511464254,0.9082761196826376,2.521780125229002,2.170246067107954,0.8355904057421549,1.008094307797465,0.23322615666499863,-0.03703703952724723,0.5625,1.0231610268410265,0.11139409227085452
valence,physio_emg_existing_22_ridge,24,32,0.931636044323509,1.1697375083427206,0.8831385673819442,0.8493774186919627,0.8565163754770835,2.1028254801575903,2.1991157360472537,0.931636044323509,1.1697375083427206,0.17645234606319174,0.032997250783592294,0.71875,1.0480127617606025,0.023815836352441624
valence,physio_emg_existing_22_ridge,25,32,1.2678295135427153,1.5422909230555573,0.8341278185326382,0.8683670724889815,0.8108937032295963,2.785109681412924,2.195258357817712,1.2678295135427156,1.5422909230555573,-0.0016630067759718559,0.02822839348305151,0.46875,1.5408977561477415,0.040588409092078975
valence,physio_emg_existing_22_ridge,26,32,1.3068354267481699,1.5566209302800451,0.8444880033081238,0.8145654983089324,0.8104259199008157,2.80554696093293,2.1860448808373594,1.3068354267481699,1.5566209302800451,-0.21083709625751534,-0.1895334991004887,0.5625,1.502704617996618,0.04864161271007486
valence,physio_emg_existing_22_ridge,27,32,1.0258142623957192,1.309389285328172,0.8594983315858474,0.8554756960613576,0.846440449229974,2.5262295892297675,2.176252536701158,1.0258142623957192,1.309389285328172,-0.12969623973399663,-0.2038309970983979,0.5,1.2826189990847692,0.05707899916446581
valence,physio_emg_existing_22_ridge,28,32,1.024041304646765,1.2923050703986687,0.8216803818505015,0.8181790845757275,0.7760899679754567,1.5832990676116752,2.224706606180408,1.024041304646765,1.2923050703986687,-0.35265320020863067,-0.27450264184419093,0.5,1.2733766266500448,0.04872298154091899
valence,physio_emg_existing_22_ridge,29,32,0.7201796770916523,0.9560940466049069,0.9276407030763956,0.925956496389162,0.9099408826971966,2.2603926650031405,2.202383974956879,0.7201796770916522,0.956094046604907,0.14897093609595466,0.07388395182669216,0.5625,0.8583382261787255,0.0694183627951088
valence,physio_emg_existing_22_ridge,30,32,0.8589321447306522,1.006976980286227,0.9344897895961206,0.8728183111535428,0.9144566618609598,2.6734735714983233,2.169379681416531,0.8589321447306522,1.0069769802862267,-0.29373106249722203,-0.2645522146052525,0.40625,0.9804975673828061,0.08019596935152448
valence,physio_emg_existing_22_ridge,31,32,1.4396410140628189,1.6483563909922456,0.9641389028738362,0.9128763656112727,0.8439180832631122,3.4998604882909263,2.1768554946364778,1.4396410140628189,1.6483563909922456,0.020069378713975905,-0.05500046041689242,0.46875,1.5157854873086032,0.020870916483731797
valence,physio_emg_existing_22_ridge,32,32,0.872167375779904,1.0597153955222718,0.8973823295845668,0.8797847704719941,0.8801756250136556,2.091650066335189,2.197384793143241,0.872167375779904,1.0597153955222718,0.1604401722308559,0.1857011946876611,0.6875,0.982104106391065,0.03602140850175257
valence,physio_emg_existing_22_ridge,33,32,0.6712269552296609,0.7850179446214298,0.935984922499212,0.9301590832483342,0.928335661203055,1.9483065563457924,2.1887943737896385,0.6712269552296608,0.7850179446214298,0.35857327942963213,0.31439047274367105,0.625,0.7908206698619183,0.04102929090180544
valence,physio_emg_existing_22_ridge,34,32,1.1879723693171835,1.4001509782085426,0.8729531819753413,0.8806353435447526,0.8010360536686482,2.060605190229317,2.193873974316306,1.1879723693171835,1.4001509782085426,-0.18576431647759256,-0.059950501854412745,0.40625,1.0638972447601782,0.07370629602645529
valence,physio_emg_existing_22_ridge,35,32,0.7408977395761251,0.8871706237692694,0.924914508984619,0.9168657593979641,0.9186497943477165,2.1999644883497553,2.1840288675593382,0.740897739576125,0.8871706237692694,0.23204595770504408,0.19611436950146627,0.46875,0.8615394651342102,0.06023917279165855
valence,physio_emg_existing_22_ridge,36,32,0.856080362315883,1.0073148409134678,0.9540263025709785,0.9449768705379109,0.9204163242738996,2.813020785116953,2.186389325946729,0.856080362315883,1.0073148409134678,0.2565157323353774,0.2123017772092047,0.65625,0.9870053317530504,0.0338692894302325
valence,physio_emg_existing_22_ridge,37,32,1.1084054622092825,1.2091849898967875,0.9325506518142447,0.926733298709204,0.764071926186219,1.1520192869479227,2.2038292364283545,1.1084054622092827,1.2091849898967872,0.32561789333585595,0.31879010618148335,0.5625,1.2103811796934416,0.0211584940669757
valence,physio_emg_existing_22_ridge,38,32,1.3961541663758426,1.6228948749769931,0.7073848406799009,0.7573644221504003,0.6938539164001285,1.911110606427582,2.20774315235347,1.3961541663758426,1.6228948749769934,-0.09932059330376894,-0.19671831342441853,0.46875,1.5946821551965669,0.03984082975091755
valence,physio_emg_existing_22_ridge,39,32,0.9850552594848502,1.1757455928693445,0.9257862703897859,0.8948165208841761,0.8914112101019402,2.822205476218909,2.1716531150900127,0.9850552594848503,1.1757455928693445,-0.007891511763359085,-0.02346041055718475,0.46875,1.1533481731760573,0.04361488970594876
valence,physio_emg_existing_22_ridge,40,32,1.235493551442431,1.4331008849548066,0.9340765688719679,0.911521538031714,0.8625424966599136,3.1991209730174317,2.1563658320015247,1.2354935514424308,1.4331008849548066,-0.04805854218584513,-0.02474566961176593,0.40625,1.4100396784327782,0.04739072328477128
valence,physio_emg_existing_22_ridge,41,32,1.2702575399612415,1.547737994032827,0.7464226213075668,0.7875727727696734,0.6485726791423736,1.325456878778031,2.2342801362148266,1.2821400061207129,1.564461868782885,-0.12664709908168773,0.1360220004523638,0.59375,1.5120641797562275,0.16053779929911005
valence,physio_emg_existing_22_ridge,42,32,0.8697213085868993,1.0415729882091946,0.955925852061903,0.8761767398839324,0.9188242979375075,2.912795049432761,2.205066568120761,0.8697213085868993,1.0415729882091949,0.19527403290007475,0.05791788856304985,0.5625,1.0508190184970703,0.13495963260959132
valence,physio_emg_existing_22_ridge,43,32,0.9523924970214033,1.0766153015014952,0.9514506581785461,0.9297331556232123,0.9111726841760587,2.855230945125105,2.188354822248223,0.9523924970214034,1.0766153015014952,0.07813977946280304,0.1263293080904621,0.46875,1.0277185606429846,0.039501345118769376
valence,physio_emg_existing_22_ridge,44,32,1.314532699882287,1.552678360546057,0.8137310002737863,0.8159071221822921,0.7724592111586174,2.2878756522153907,2.1980421891839406,1.314532699882287,1.5526783605460572,-0.0004450747214755592,-0.05187425555651674,0.34375,1.3715575366482071,0.017747808709378508
valence,physio_emg_existing_22_ridge,45,32,0.7623687281648714,0.9543221623462251,0.9030583236240246,0.8763388160280778,0.9013867981388654,2.098176291449315,2.196738599558861,0.7623687281648714,0.9543221623462251,-0.3730183772635784,-0.3653528933983302,0.34375,0.9359767748222355,0.037120868702150964
valence,physio_emg_existing_22_ridge,46,32,1.1375643656304126,1.3537989793500402,0.9021414167006869,0.8907610229943452,0.8595217293182545,2.8502672572058922,2.1805491080351596,1.1375643656304126,1.3537989793500402,-0.029775131059508124,-0.0755131964809384,0.4375,1.28779955889462,0.050964564751230276
valence,physio_emg_existing_22_ridge,47,32,1.548289321490754,1.8119271727890958,0.8311238465145244,0.8450319098815454,0.7774791012754723,3.1598061649411346,2.1839526269699796,1.548289321490754,1.8119271727890958,0.06825124927320939,-0.0227335236389822,0.53125,1.813517800521661,0.02606472092775798
valence,physio_emg_existing_22_ridge,48,32,0.8417157519746031,1.0599337670096736,0.914379597260633,0.9163684541439312,0.8955577050209894,2.39057393736316,2.2035145439102224,0.8417157519746031,1.0599337670096738,-0.07471222111958585,-0.09787390029325513,0.3125,0.9610845807699395,0.06421975962678082
valence,physio_emg_existing_22_ridge,49,32,1.1198266712000002,1.3268613337818311,0.8373538034636119,0.8393744419141912,0.7326265414150659,1.310638560969423,2.197826961663046,1.1198266712000002,1.3268613337818311,0.2852542552615106,0.24200202583432662,0.5,1.3316696325086343,0.07151489271325295
valence,physio_emg_existing_22_ridge,50,32,1.1567645188144131,1.2920501770824415,0.9658675438961061,0.954983492498447,0.8917350012326579,3.266783586342995,2.1789063507131803,1.1567645188144131,1.2920501770824415,-0.16384313668861827,-0.07588672014274885,0.40625,1.2860895432780775,0.033747573444793316
valence,physio_emg_existing_22_ridge,52,32,1.2334578235276583,1.5087732858404934,0.7820135967575842,0.7586580960216518,0.7507820276175788,1.9938871426186588,2.199062681953579,1.2334578235276583,1.5087732858404934,0.034577934403834346,0.1000733137829912,0.65625,1.3983624472285212,0.023454693988190594
valence,physio_emg_existing_22_ridge,53,32,0.9237603783017329,1.1211466303631692,0.9436165734329773,0.9118622794365098,0.894666578871207,2.5860201081971503,2.1875722366822012,0.9237603783017327,1.121146630363169,0.07047113865177924,0.1343967820468922,0.4375,0.8934942463418373,0.014722241744544234
valence,physio_emg_existing_22_ridge,54,32,1.0748621430626688,1.4310007282533437,0.8137212987929153,0.8364701085857301,0.8056870255487487,2.3774658252012792,2.1944430652928157,1.0748621430626688,1.4310007282533437,0.2937972817252382,0.33690770923278357,0.71875,1.415160932864053,0.03185196846657727
valence,physio_emg_existing_22_ridge,55,32,1.0117333817461849,1.3138288158699256,0.8351046564631168,0.8756624196901942,0.801626068961453,1.899835519196333,2.1982541132028954,1.0117333817461849,1.3138288158699256,0.3187330790235728,0.21778185517170917,0.34375,1.2154548484692485,0.014420181970617424
valence,physio_emg_existing_22_ridge,56,32,0.7828000497834816,1.0013431979882548,0.933607004379572,0.9030475717265124,0.9210138629917932,2.704163456597992,2.315549985728576,5.03133912807765,24.054217630044057,0.4521956532797677,0.33107241619537603,0.625,1.0862285750031417,24.121432324960896
valence,physio_emg_existing_22_ridge,57,32,1.1781621021450326,1.3268417621313833,0.9337358435599941,0.9135392115953029,0.8648160432351383,2.779493827570049,2.169787028147313,1.1781621021450326,1.3268417621313833,-0.27305411781709654,-0.2845096289785291,0.40625,1.0644010927273946,0.05940384399851755
valence,physio_emg_existing_22_ridge,58,32,0.8284860427094469,1.015152667024507,0.9077713995683415,0.8994437132490717,0.8970746667493708,2.2463077343721185,2.2023852344422403,0.8284860427094467,1.0151526670245068,0.14072047585965639,0.10834097340612803,0.59375,0.9650647612965453,0.09611636864739458
valence,physio_emg_existing_22_ridge,59,32,1.106328602468166,1.3854855216932769,0.8127341891108026,0.8329298292392064,0.8085255142047185,2.2878756522153907,2.179595282242229,1.106328602468166,1.3854855216932769,0.01685476671960635,0.09110072442257532,0.5625,1.370997297920261,0.03985602226270704
valence,physio_emg_existing_22_ridge,60,32,1.094811834482514,1.252517661161081,0.9364432112397695,0.9156446563932168,0.8871755746546258,3.020114857087392,2.18091762382659,1.0948118344825137,1.252517661161081,-0.03623018085684373,-0.034647113322771914,0.5,1.2403764851994616,0.02567779697412316
valence,physio_emg_existing_22_ridge,61,32,1.4688783738036595,1.7865330505513282,0.922199753302587,0.8815995258846877,0.8000573311767573,3.1622776601683795,2.189690514189746,1.4688783738036593,1.7865330505513282,-0.15786781121670104,-0.1690192512359561,0.65625,1.4155227972469693,0.040351323342255
valence,physio_emg_existing_22_ridge,62,32,1.1041978785312128,1.2658154534723838,0.9054769046311792,0.8777821225815009,0.8676872338444551,2.622022120425379,2.2128833499131666,1.1041978785312128,1.2658154534723838,0.3531520322740426,0.3845660358924809,0.5625,1.1466678482673742,0.06816976299359015
valence,physio_emg_existing_22_ridge,63,32,0.9377990008314199,1.1428504405044562,0.9173304389468177,0.9109314326904907,0.8941763790662692,2.747157621979489,2.1896766996428516,0.9377990008314199,1.1428504405044562,-0.05649487354806608,-0.15215398972434227,0.34375,1.1368553448155883,0.06634439525610974
valence,physio_emg_existing_22_ridge,64,32,1.0212261202046684,1.2676368577609307,0.8746008419980577,0.8433207185473481,0.8354432777440014,2.1594179626695706,2.159804594561796,1.0212261202046684,1.2676368577609307,0.008508996401064789,0.1360469471743438,0.40625,1.076333478297336,0.1154306373223396
valence,physio_emg_existing_22_ridge,65,32,0.807901229312288,0.950070478251465,0.949578941084115,0.9594848577963806,0.9242313047836848,2.704163456597992,2.1439196404892322,0.807901229312288,0.950070478251465,0.1295000889964144,-0.08066734194477555,0.53125,0.955941659589858,0.12641426385530363
valence,physio_emg_expanded_812_ridge,1,32,1.0118060736880112,1.189554005931064,0.8830861549249833,0.8770842011318595,0.8685039579045273,2.4746764308692963,2.1383360355605823,1.0118060736880112,1.189554005931064,-0.1811043567020951,-0.18773490488965947,0.4375,1.1175376128242858,0.17515407931024032
valence,physio_emg_expanded_812_ridge,2,32,1.2339373455409883,1.6044171965087066,0.8344195496688971,0.7931548547074643,0.802095860343439,2.839282204624965,2.2018259501036663,1.2339373455409883,1.6044171965087066,-0.4160418906553678,-0.37213566161495754,0.53125,1.499820800408392,0.1612101900314477
valence,physio_emg_expanded_812_ridge,3,32,1.049345032784288,1.198404980073664,0.9010477224046431,0.9028716457166688,0.8794493581080962,2.6485181588012567,2.1951680623271996,1.049345032784288,1.198404980073664,0.24890406870358706,0.23153070966487263,0.5,1.1803897435466537,0.07214474430027182
valence,physio_emg_expanded_812_ridge,5,32,1.2231808941931779,1.4545916511015848,0.8800587048287172,0.8545157017974059,0.8424498144364245,2.8870332414954976,2.226454775111463,1.2231808941931779,1.4545916511015848,0.3491958943301135,0.09570080112539282,0.46875,1.4829722032698982,0.30047080714635876
valence,physio_emg_expanded_812_ridge,6,32,1.0651499893742347,1.1909699728423895,0.9519850279332939,0.9387142451293135,0.8982962586839478,3.0458732327528013,2.1602914531085546,1.0651499893742347,1.1909699728423895,-0.2713353569889146,-0.20111835025776992,0.4375,1.1527374217875292,0.11751960702991845
valence,physio_emg_expanded_812_ridge,7,32,0.6340628754551588,0.7882559692187004,0.9401866179058517,0.9396218576425589,0.9262202999380375,1.8874586088176875,2.1978115364293553,0.6340628754551588,0.7882559692187004,-0.12759651041338615,-0.11129447026256965,0.4375,0.7539040491205143,0.08668780900693011
valence,physio_emg_expanded_812_ridge,8,32,0.825652588164217,1.0254077181733041,0.9440204329281243,0.9332512598355722,0.9147393629164822,2.692582403567252,2.2190217809314845,0.825652588164217,1.0254077181733043,0.2062602895756745,0.15287324782379844,0.4375,0.9651393883815917,0.23566200423255362
valence,physio_emg_expanded_812_ridge,9,32,0.9756295182682445,1.227130516994643,0.9041139953232364,0.853723163876148,0.8706856110016603,2.5600216673887743,2.1902777909507147,0.9756295182682444,1.227130516994643,-0.28331019512282035,-0.28746907311229103,0.3125,1.061751339195067,0.1177333528241935
valence,physio_emg_expanded_812_ridge,10,32,0.7923385560368341,1.0239944620759112,0.9077632281678926,0.9062698761818151,0.901418585842952,2.4206145913796355,2.1817171797336736,0.7923385560368341,1.023994462075911,-0.11077715416051834,-0.04711274139657345,0.5625,0.9997417263296527,0.09919494527257865
valence,physio_emg_expanded_812_ridge,11,32,1.1999732019401153,1.4757991165916386,0.9082072212162208,0.8922902102448327,0.8505154346478246,3.136852522832401,2.1748599257455883,1.1999732019401153,1.4757991165916386,-0.2185435866640002,-0.20417888563049855,0.46875,1.44564034744527,0.11745706597752838
valence,physio_emg_expanded_812_ridge,12,32,1.029941116382859,1.2322528397600987,0.845012231295709,0.8563473701044244,0.8236752736344907,1.88926862502398,2.2215483125275615,1.029941116382859,1.2322528397600987,-0.13070071263585306,-0.1721356582544065,0.34375,1.156639274123462,0.15938661293048578
valence,physio_emg_expanded_812_ridge,13,32,0.8579433876869715,1.036704414438822,0.9094196059895606,0.9257844512597317,0.8710778036363604,1.818954026356906,2.1949423416402842,0.8579433876869715,1.036704414438822,0.08913815241803363,0.2071494076969961,0.59375,0.933579727266912,0.08557837829410496
valence,physio_emg_expanded_812_ridge,14,32,0.8017691688192059,0.9858136292268188,0.9298993352510206,0.9122996826486142,0.904650697902601,2.234101818964391,2.2191371564884017,0.8017691688192061,0.9858136292268189,0.1144139891135292,0.06746104604645536,0.375,0.8364190183117242,0.16550060257295623
valence,physio_emg_expanded_812_ridge,15,32,0.8796635425358884,1.107945010497584,0.8710577733553807,0.8536740882839827,0.8462045964107888,1.75,2.2154065267640837,0.8796635425358885,1.107945010497584,0.00806680366661886,0.013930895485142303,0.4375,1.1002827935536357,0.08547775785543905
valence,physio_emg_expanded_812_ridge,16,32,0.7288228048878066,0.972004213031811,0.9029623574907667,0.8599564573317824,0.8926951758063711,1.9997558444720196,2.1764245636758375,0.7288228048878065,0.972004213031811,0.09808849912499869,0.14775435628652994,0.625,0.9396886306748992,0.12918908682798477
valence,physio_emg_expanded_812_ridge,17,32,1.0187790751746224,1.196962315390689,0.8957328874975886,0.8871869301656375,0.8774079151654535,2.623325358681229,2.181922893064782,1.0187790751746224,1.196962315390689,-0.0558526169064057,-0.028964253465597684,0.5625,1.1698479042515253,0.09018886892830387
valence,physio_emg_expanded_812_ridge,18,32,1.4374200489665094,1.8082952420792466,0.7915726313855308,0.7781738397626351,0.7525928191093818,2.857111467461499,2.1990671885357598,1.4374200489665094,1.8082952420792466,0.05282118541396813,0.14374771776911796,0.59375,1.7488893829746277,0.13745591006546048
valence,physio_emg_expanded_812_ridge,19,32,1.0200045317160162,1.3254379228128308,0.8167369158298463,0.828333759723006,0.806337736434011,2.005607373715005,2.2327117962013356,1.0200045317160162,1.325437922812831,0.0810304114971423,-0.05535697942780231,0.4375,1.3051566660738005,0.13046563908405046
valence,physio_emg_expanded_812_ridge,20,32,0.8062119889641441,1.0658110367581302,0.9138017586051023,0.8960620919126939,0.889966225151439,2.358288243090738,2.131714641843303,0.8062119889641441,1.0658110367581304,-0.21658769095154157,-0.24236869557043922,0.375,0.9188484563256268,0.1376336149548252
valence,physio_emg_expanded_812_ridge,21,32,0.9289402483525018,1.1496562955584142,0.9289633850849556,0.9255229959157381,0.899826016573922,2.850438562747845,2.2418129233620196,0.9289402483525017,1.1496562955584144,-0.04978577411440969,0.12466771027828948,0.65625,1.0394869532102124,0.3959530706696536
valence,physio_emg_expanded_812_ridge,22,32,1.0516738992611296,1.2467989237615948,0.8479538116243641,0.858195610074469,0.8278330621265987,1.9324531042175384,2.280734298345612,1.0516738992611296,1.2467989237615948,-0.1982516842941191,-0.16222161189935444,0.40625,1.1568399012334067,0.1900362118390059
valence,physio_emg_expanded_812_ridge,23,32,0.9152115019891036,1.13594384122011,0.8964525636236587,0.8947921598184072,0.8833874669217021,2.521780125229002,2.1619975617693594,0.9152115019891036,1.13594384122011,-0.29107034488742484,-0.24239092205455862,0.4375,1.0231610268410265,0.25025314661385
valence,physio_emg_expanded_812_ridge,24,32,0.9528100429652183,1.1960415374760465,0.8747165037817621,0.8397468610322716,0.850117252450668,2.1028254801575903,2.2055614497495646,0.9528100429652182,1.1960415374760465,-0.2793450082327268,-0.289459216596068,0.53125,1.0480127617606025,0.1072904059704228
valence,physio_emg_expanded_812_ridge,25,32,1.3035822265858856,1.5834239210418526,0.8233177611049862,0.8431970124168371,0.8012630871798064,2.785109681412924,2.204201111335629,1.3035822265858859,1.5834239210418526,-0.2327522389634001,-0.32865915269552826,0.5,1.5408977561477415,0.15223498503338995
valence,physio_emg_expanded_812_ridge,26,32,1.3122524988531954,1.6001909140767219,0.8386031998196035,0.8328242857824629,0.8052325808486026,2.80554696093293,2.249803438016742,1.340057691412892,1.607902696359053,-0.032508307178177195,-0.21116304735373592,0.46875,1.502704617996618,0.32568592437472144
valence,physio_emg_expanded_812_ridge,27,32,1.019913852887315,1.349960072900784,0.8623065804587423,0.8534308823593423,0.8392054070750782,2.5262295892297675,2.183102700074059,1.019913852887315,1.349960072900784,0.08091370137300949,0.023829163329848673,0.6875,1.2826189990847692,0.15024331401502256
valence,physio_emg_expanded_812_ridge,28,32,1.0031391696929652,1.3086278169024643,0.8195888598504447,0.8264397270083417,0.7724512401123036,1.5832990676116752,2.2399581210166097,1.0031391696929652,1.3086278169024643,-0.20996901417506833,-0.030439170705501468,0.5,1.2733766266500448,0.13370932849243267
valence,physio_emg_expanded_812_ridge,29,32,0.7051566792842695,0.9362643457225808,0.927476256125482,0.9287393750599368,0.9146347130381758,2.2603926650031405,2.239992996802753,0.7051566792842694,0.9362643457225807,0.10709523316327048,-0.010083417743096944,0.65625,0.8583382261787255,0.17276532376540107
valence,physio_emg_expanded_812_ridge,30,32,0.8590856659753868,0.9998409016642626,0.9354295165089074,0.8692733030492423,0.9158316079274829,2.6734735714983233,2.1747604936327565,0.8590856659753868,0.9998409016642625,-0.09906197019790675,-0.05353378147244196,0.46875,0.9804975673828061,0.12109084760653312
valence,physio_emg_expanded_812_ridge,31,32,1.455598916211312,1.6663165319147257,0.9609881145485802,0.9070593964166385,0.8398947019682489,3.4998604882909263,2.165386374512537,1.4555989162113119,1.6663165319147257,-0.1375139024015746,-0.09111742942398511,0.3125,1.5157854873086032,0.13502672336443772
valence,physio_emg_expanded_812_ridge,32,32,0.8637458064157997,1.0541750922133717,0.8983318645939978,0.881457011851983,0.8834309212995486,2.091650066335189,2.241087968984977,0.8637458064157997,1.0541750922133717,0.050011428423825215,0.06012832365010152,0.5625,0.982104106391065,0.16474083558919156
valence,physio_emg_expanded_812_ridge,33,32,0.6703593014972,0.783842295075312,0.93554401656927,0.9292304100422156,0.9281651635299425,1.9483065563457924,2.1776898704798273,0.6703593014972,0.7838422950753119,0.20343134941152213,0.22474794144824528,0.5625,0.7908206698619183,0.1679251359483362
valence,physio_emg_expanded_812_ridge,34,32,1.1937168221662569,1.407358172356691,0.8541196727933636,0.87149121728205,0.8016089991576261,2.060605190229317,2.2735598142751288,1.1937168221662569,1.407358172356691,0.11591272817509124,-0.02255018877092589,0.46875,1.0638972447601782,0.6669662849472905
valence,physio_emg_expanded_812_ridge,35,32,0.7585289495305991,0.91408540297605,0.9215665611543877,0.9246578196761338,0.9142405185271171,2.1999644883497553,2.1967442169022537,0.7585289495305991,0.91408540297605,0.05027605450802458,-0.07368035190615835,0.5,0.8615394651342102,0.17649194046303798
valence,physio_emg_expanded_812_ridge,36,32,0.81178077609005,1.0160253535634736,0.9484347475742841,0.9384840965942858,0.9187886690337912,2.813020785116953,2.188757763657018,0.81178077609005,1.0160253535634736,-0.115253082270336,-0.17691814767433728,0.6875,0.9870053317530504,0.13812111116457285
valence,physio_emg_expanded_812_ridge,37,32,1.0840200881279247,1.217484187999014,0.9324861359584034,0.9297736376018322,0.7623117384866368,1.1520192869479227,2.21268403855855,1.0840200881279247,1.2174841879990141,0.05641225248249104,-0.012648946133710379,0.5625,1.2103811796934416,0.16231426815781821
valence,physio_emg_expanded_812_ridge,38,32,1.4055475643540567,1.6157467640033407,0.7002387790077669,0.7341219511113536,0.6903644353194998,1.911110606427582,2.1747642507279954,1.4055475643540567,1.6157467640033407,-0.006376617176477865,-0.16298469770205787,0.34375,1.5946821551965669,0.12529220928876914
valence,physio_emg_expanded_812_ridge,39,32,0.9955895546134661,1.18703829762198,0.9241466237874649,0.8853090953497817,0.8871518792784586,2.822205476218909,2.12360432141812,0.9955895546134661,1.18703829762198,-0.0010072327339648124,0.0007331378299120235,0.53125,1.1533481731760573,0.25777665465796845
valence,physio_emg_expanded_812_ridge,40,32,1.2022872236054587,1.3918280103142424,0.9325957558341604,0.9187898553458086,0.8720494623502492,3.1991209730174317,2.212666980154559,1.2022872236054587,1.3918280103142424,0.17681190339668276,0.14334158249185897,0.5,1.4100396784327782,0.213396797113145
valence,physio_emg_expanded_812_ridge,41,32,1.3987191170612845,1.852875391631555,0.5746979368346372,0.6130624281289943,0.49916096720509734,1.325456878778031,2.2459477014035576,1083.3327722850875,6121.404095036711,0.14476189394961556,-0.08047662829998342,0.5625,1.5120641797562275,6025.208780295344
valence,physio_emg_expanded_812_ridge,42,32,0.8659593668019012,1.0663509573421577,0.9487214723217385,0.8698330411709739,0.9164859071037416,2.912795049432761,2.257811577765391,0.8659593668019012,1.0663509573421577,0.12333169318942172,0.12683284457478003,0.5625,1.0508190184970703,0.25628605107590047
valence,physio_emg_expanded_812_ridge,43,32,0.970839554965268,1.1024269038816057,0.9491720858265443,0.9302891052877269,0.9081161948612705,2.855230945125105,2.2160821729427704,0.9708395549652679,1.1024269038816057,0.07838626691879533,0.22387240229093497,0.375,1.0277185606429846,0.12545045407934594
valence,physio_emg_expanded_812_ridge,44,32,1.248353491414023,1.502088501680153,0.8046519476438009,0.7986828323152038,0.7832861385539628,2.2878756522153907,2.2149009777829285,1.2483534914140235,1.5020885016801533,-0.31174700569696534,-0.3339748891306484,0.6875,1.3715575366482071,0.1079576642111682
valence,physio_emg_expanded_812_ridge,45,32,0.8225645417891192,1.0156691992017681,0.8942913512589171,0.8595721294969283,0.8892161820779884,2.098176291449315,2.206401745767303,0.8225645417891192,1.0156691992017681,-0.3348590407492269,-0.3968835997026518,0.25,0.9359767748222355,0.14770001479533085
valence,physio_emg_expanded_812_ridge,46,32,1.1702604493961801,1.3821665644112635,0.8992344240765312,0.8911311709365827,0.8526877058100133,2.8502672572058922,2.1571645290190586,1.1702604493961801,1.3821665644112637,-0.03190661892083545,-0.09347507331378298,0.4375,1.28779955889462,0.20944088032715913
valence,physio_emg_expanded_812_ridge,47,32,1.5246959036636558,1.7860617230737001,0.836426804832371,0.84202601602692,0.7852526607174041,3.1598061649411346,2.20676542837227,1.5246959036636558,1.7860617230737001,0.18767665111055618,0.13750115104223104,0.59375,1.813517800521661,0.21206981831065766
valence,physio_emg_expanded_812_ridge,48,32,0.8919255000165258,1.0981106155400875,0.9148569809626544,0.9072734461931407,0.8890847222731744,2.39057393736316,2.209828518413996,0.8919255000165259,1.0981106155400875,0.023994844990181237,-0.10887096774193547,0.40625,0.9610845807699395,0.11844009267243001
valence,physio_emg_expanded_812_ridge,49,32,1.1290494484906797,1.3288441423971848,0.8377480236234375,0.8355951783306065,0.7328769574788476,1.310638560969423,2.2061826161654774,1.1290494484906797,1.3288441423971848,0.14486229551809712,0.11311761359074207,0.5,1.3316696325086343,0.1282968225474014
valence,physio_emg_expanded_812_ridge,50,32,1.1466577115305827,1.2901052406487885,0.963201292359779,0.9579713172696583,0.8928096017539228,3.266783586342995,2.202854585413481,1.1466577115305827,1.2901052406487885,0.02243307190629546,0.08945101311512425,0.4375,1.2860895432780775,0.12037319560654004
valence,physio_emg_expanded_812_ridge,52,32,1.2819104173846925,1.5865142346160728,0.7651612169797499,0.7451337880828044,0.7303571126706513,1.9938871426186588,2.234347521653919,1.2819104173846922,1.5865142346160728,-0.4176934974019445,-0.36950146627565983,0.46875,1.3983624472285212,0.14802784867045035
valence,physio_emg_expanded_812_ridge,53,32,0.9596590555974023,1.1741361396171994,0.9454925008241422,0.9118622794365098,0.8865188080107791,2.5860201081971503,2.2023228998812883,0.9596590555974023,1.1741361396171994,0.2283298727279363,0.21433811488788126,0.3125,0.8934942463418373,0.0973340939932575
valence,physio_emg_expanded_812_ridge,54,32,1.0905739414031208,1.444078382370443,0.8081229392795551,0.7909694033007603,0.7994002061162189,2.3774658252012792,2.162686620824266,1.090573941403121,1.4440783823704433,0.05502649780414197,0.2045642021239317,0.625,1.415160932864053,0.22842813959842467
valence,physio_emg_expanded_812_ridge,55,32,1.0470045200398135,1.3404716089836195,0.8310854519144153,0.8860442763582176,0.7934474796456026,1.899835519196333,2.1858041585259818,1.0470045200398135,1.3404716089836195,0.04909417583369749,0.03281393272368345,0.4375,1.2154548484692485,0.1640772003089924
valence,physio_emg_expanded_812_ridge,56,32,1.9251537121179965,2.989699441604268,0.55404928729372,0.41068742300450956,0.4831936647531445,2.704163456597992,2.7889268769518316,176444.44869393046,311290.3543060693,-0.05055504703196582,0.08047662829998342,0.53125,1.0862285750031417,256797.71571577675
valence,physio_emg_expanded_812_ridge,57,32,1.0608400361746468,1.2335661489533998,0.9294290560852622,0.9126128891337381,0.8811613513599709,2.779493827570049,2.183788964080047,1.060840036174647,1.2335661489533998,-0.2192182229029324,-0.14537122150771495,0.75,1.0644010927273946,0.13144781507016431
valence,physio_emg_expanded_812_ridge,58,32,0.7969631377833585,0.9711726873759375,0.9126272779211545,0.9007381429350797,0.9070860572723984,2.2463077343721185,2.2457832001026885,0.7969631377833585,0.9711726873759376,0.2495825012687422,0.29624198481269526,0.65625,0.9650647612965453,0.15026930933383792
valence,physio_emg_expanded_812_ridge,59,32,1.1520522023700068,1.3847056729978966,0.8160371657768739,0.829041095043114,0.811039369302267,2.2878756522153907,2.204008160886383,1.152052202370007,1.3847056729978966,0.10321797329242381,-0.1213454317258448,0.4375,1.370997297920261,0.19337313651367397
valence,physio_emg_expanded_812_ridge,60,32,1.080193221198173,1.236978885057015,0.9373110187138397,0.9130253214546173,0.8898200261403544,3.020114857087392,2.1826641009948298,1.080193221198173,1.236978885057015,0.0843074533075804,0.03098075212459499,0.5625,1.2403764851994616,0.11885505322657867
valence,physio_emg_expanded_812_ridge,61,32,1.6602241922025296,2.059257298840192,0.9172669504135088,0.8666539545231232,0.7497123867022952,3.1622776601683795,2.1895295744236654,1.6602241922025296,2.059257298840192,-0.10873376654070543,-0.0911090757746965,0.28125,1.4155227972469693,0.18059154826151014
valence,physio_emg_expanded_812_ridge,62,32,1.0445879008726981,1.2072513536319174,0.9020491725101323,0.8803780139452821,0.8788177667924514,2.622022120425379,2.23438866426428,1.0445879008726981,1.2072513536319174,0.11689540438017518,0.08945101311512425,0.65625,1.1466678482673742,0.16708542357039718
valence,physio_emg_expanded_812_ridge,63,32,0.9295770997285949,1.1593047748829768,0.9139531416000769,0.9092555572010761,0.8914647339960542,2.747157621979489,2.1983206400494812,0.9295770997285948,1.1593047748829768,-0.10590480647464179,-0.011915673894074994,0.53125,1.1368553448155883,0.12975078916111543
valence,physio_emg_expanded_812_ridge,64,32,1.0606091527031034,1.28561200164809,0.8753124720173309,0.8436967812980938,0.8304449048153522,2.1594179626695706,2.141361519293701,1.0606091527031034,1.28561200164809,0.08338359530213958,0.04198753490960206,0.40625,1.076333478297336,0.14471139569422536
valence,physio_emg_expanded_812_ridge,65,32,0.8238941263864928,0.9465065073751147,0.9472816748459824,0.9498193768577113,0.9258339584176789,2.704163456597992,2.1828964919831066,0.8238941263864927,0.9465065073751145,0.15429680554804268,0.05353378147244196,0.46875,0.955941659589858,0.19259436920502784
valence,physio_emg_lagged_interaction_experimental_ridge,1,32,0.998569529156984,1.2090014175129842,0.893021383271753,0.8904182514869045,0.869061818382999,2.4746764308692963,2.194965551817807,0.998569529156984,1.2090014175129842,0.16270945372180795,0.19580163908413703,0.5,1.1175376128242858,0.025019854383478195
valence,physio_emg_lagged_interaction_experimental_ridge,2,32,1.2284332769340662,1.5639716326323276,0.8522387794516346,0.8040885314429177,0.8120780941399212,2.839282204624965,2.1841289841964757,1.2284332769340662,1.5639716326323276,-0.11035955836222124,-0.06526122932754921,0.34375,1.499820800408392,0.0339814489533323
valence,physio_emg_lagged_interaction_experimental_ridge,3,32,1.0378008488585881,1.176334949042035,0.9004993952899965,0.8893876788309656,0.8826581355741858,2.6485181588012567,2.1821528533710817,1.0378008488585881,1.176334949042035,0.1541920259915459,-0.04032997317994614,0.4375,1.1803897435466537,0.09583885541072742
valence,physio_emg_lagged_interaction_experimental_ridge,5,32,1.2367061634074563,1.5096008145564463,0.8620900346022061,0.8404435038913164,0.825506897498967,2.8870332414954976,2.165869471800141,1.2367061634074563,1.5096008145564463,-0.30039666672514725,-0.35951967625842013,0.375,1.4829722032698982,0.04849141794044833
valence,physio_emg_lagged_interaction_experimental_ridge,6,32,1.0446344259959637,1.1556454771643594,0.9566183677226778,0.948595447709622,0.9051077197145868,3.0458732327528013,2.185939302362636,1.0446344259959637,1.1556454771643592,0.19245633364087592,0.04345036372934501,0.5,1.1527374217875292,0.027998804188662105
valence,physio_emg_lagged_interaction_experimental_ridge,7,32,0.6449111811238679,0.7945815309685877,0.9430102454291416,0.9457778078713072,0.9261630794206501,1.8874586088176875,2.2246770648502987,0.6449111811238679,0.7945815309685877,-0.1297589459312235,-0.036670336165591316,0.375,0.7539040491205143,0.08524033314557154
valence,physio_emg_lagged_interaction_experimental_ridge,8,32,0.844493340405917,1.0343116754565622,0.9434175190193766,0.9330665307659294,0.9122005862306111,2.692582403567252,2.187754820067978,0.844493340405917,1.0343116754565622,0.14275928278985936,0.1574557792333847,0.40625,0.9651393883815917,0.04311009340145893
valence,physio_emg_lagged_interaction_experimental_ridge,9,32,0.9511936001160919,1.2014184307789064,0.9114525203244819,0.8652801150028556,0.876175774739106,2.5600216673887743,2.1886006061537486,0.9511936001160921,1.2014184307789064,-0.01994615270771727,-0.03336694598624807,0.34375,1.061751339195067,0.03648794666399553
valence,physio_emg_lagged_interaction_experimental_ridge,10,32,0.7961366629749387,1.0065317377049996,0.9099981398065753,0.9029407215346167,0.9050851094285034,2.4206145913796355,2.19287495989032,0.7961366629749388,1.0065317377049998,-0.12233624020327658,-0.18093492513003107,0.40625,0.9997417263296527,0.028754672273326343
valence,physio_emg_lagged_interaction_experimental_ridge,11,32,1.1977029557632979,1.4531988145618493,0.9118169783038064,0.8896746191762757,0.8556742330216041,3.136852522832401,2.1886830701184543,1.1977029557632979,1.453198814561849,-0.14031694451624913,-0.06671554252199413,0.5,1.44564034744527,0.04443948263139137
valence,physio_emg_lagged_interaction_experimental_ridge,12,32,0.9469867836068071,1.1831802308252048,0.8503677528108388,0.8640351831489353,0.8345837711951498,1.88926862502398,2.1981794248144477,0.946986783606807,1.1831802308252048,0.014056593266269247,0.06012832365010152,0.625,1.156639274123462,0.04284250711261062
valence,physio_emg_lagged_interaction_experimental_ridge,13,32,0.8843926851730227,1.0597936564904793,0.9108895860839115,0.9252215502962581,0.8663378471141561,1.818954026356906,2.196868247258451,0.8843926851730227,1.0597936564904793,0.25730209684911626,0.2714940467250011,0.3125,0.933579727266912,0.037429595782559597
valence,physio_emg_lagged_interaction_experimental_ridge,14,32,0.7692465264751172,0.9149100157074104,0.9303579288268459,0.9177389694078268,0.9160618124475152,2.234101818964391,2.1975508576140066,0.7692465264751172,0.9149100157074104,0.3313653796427399,0.35820348906188526,0.34375,0.8364190183117242,0.02740077225452099
valence,physio_emg_lagged_interaction_experimental_ridge,15,32,0.846291795270836,1.103246282522926,0.8728474580850217,0.8648624773833795,0.8467869101149907,1.75,2.2019974635574284,0.846291795270836,1.103246282522926,0.3688706500695062,0.35615434115304595,0.53125,1.1002827935536357,0.03388490656698207
valence,physio_emg_lagged_interaction_experimental_ridge,16,32,0.7611887201817784,1.0039971570839183,0.9042534413384495,0.8562223867398077,0.887679660432273,1.9997558444720196,2.202752418103082,0.7611887201817783,1.0039971570839183,-0.012053353782012673,0.047846013636208835,0.625,0.9396886306748992,0.03159259821159788
valence,physio_emg_lagged_interaction_experimental_ridge,17,32,1.0081650381929905,1.1863638253690179,0.8977070559565437,0.8923719090937606,0.8798571616679713,2.623325358681229,2.1884331519180082,1.0081650381929905,1.1863638253690179,0.10746766049790098,0.11989001118038536,0.5,1.1698479042515253,0.02124723732791761
valence,physio_emg_lagged_interaction_experimental_ridge,18,32,1.451141442389262,1.7998179533610204,0.7928613924771135,0.7923768205075825,0.7544706210143607,2.857111467461499,2.1970582739377797,1.451141442389262,1.7998179533610204,0.18702744367066373,0.2755775762844188,0.59375,1.7488893829746277,0.03629505225758075
valence,physio_emg_lagged_interaction_experimental_ridge,19,32,1.009928743591573,1.3070816167312853,0.8138485313608056,0.8274009514350297,0.807377958146502,2.005607373715005,2.1935968933062515,1.009928743591573,1.3070816167312853,0.169051103924471,0.036660251276690266,0.59375,1.3051566660738005,0.08450618646641433
valence,physio_emg_lagged_interaction_experimental_ridge,20,32,0.7614095059355841,1.0207203697393292,0.9215886910148123,0.9025378658579644,0.9016650440376961,2.358288243090738,2.1977933282014175,0.761409505935584,1.0207203697393292,0.11444906541652715,0.12191768725744484,0.46875,0.9188484563256268,0.03200807862656041
valence,physio_emg_lagged_interaction_experimental_ridge,21,32,0.8861956803195674,1.0488979072249438,0.9495953474364545,0.9409607790067762,0.9148588554853824,2.850438562747845,2.183739307602916,0.8861956803195674,1.0488979072249438,0.12717842732435536,0.1912182673827293,0.625,1.0394869532102124,0.03769750959780807
valence,physio_emg_lagged_interaction_experimental_ridge,22,32,1.0376554833844542,1.224221120887198,0.8397018374949383,0.8491421179242328,0.8263854283680862,1.9324531042175384,2.1981238106550784,1.0376554833844542,1.224221120887198,-0.30861127636197855,-0.16038859933551994,0.40625,1.1568399012334067,0.11371015524559612
valence,physio_emg_lagged_interaction_experimental_ridge,23,32,0.8451196161627609,1.0493149265951989,0.912705129232016,0.9103602089950322,0.9013832587741426,2.521780125229002,2.1862651781463165,0.8451196161627609,1.049314926595199,-0.37036324750141963,-0.3476347868498057,0.5625,1.0231610268410265,0.03563131029810611
valence,physio_emg_lagged_interaction_experimental_ridge,24,32,0.9493498700230216,1.184939346944111,0.8823082544333167,0.8437123847744973,0.853074774348005,2.1028254801575903,2.1969967097484684,0.9493498700230216,1.184939346944111,0.045947099860603656,0.07442713232299152,0.40625,1.0480127617606025,0.03070197135199205
valence,physio_emg_lagged_interaction_experimental_ridge,25,32,1.2740297089553567,1.5378355559417451,0.8353223726486241,0.8594835218752835,0.8122149978592973,2.785109681412924,2.1983836479616636,1.2740297089553565,1.5378355559417451,0.134765745102292,0.1031986073438831,0.53125,1.5408977561477415,0.0357277747613099
valence,physio_emg_lagged_interaction_experimental_ridge,26,32,1.297201352114325,1.5485270262530453,0.8467064181542514,0.8255580336246294,0.8119779186643804,2.80554696093293,2.1796790599554514,1.2972013521143249,1.5485270262530455,-0.04088248573337988,-0.12757767444288215,0.4375,1.502704617996618,0.04903285771425012
valence,physio_emg_lagged_interaction_experimental_ridge,27,32,1.028908532924707,1.3094811463804452,0.8586119300566327,0.8567769411444585,0.8470366281463251,2.5262295892297675,2.188837448620147,1.028908532924707,1.309481146380445,-0.2688991209952825,-0.18421776266536863,0.5625,1.2826189990847692,0.04406110557031499
valence,physio_emg_lagged_interaction_experimental_ridge,28,32,1.011014227192205,1.2724958557248762,0.8238920131610951,0.8204319870573497,0.7803154624732421,1.5832990676116752,2.204551411597721,1.011014227192205,1.2724958557248762,0.10214330093778204,0.0766480322584314,0.6875,1.2733766266500448,0.026234898611095608
valence,physio_emg_lagged_interaction_experimental_ridge,29,32,0.7436291452006164,0.9771384741974941,0.9248982873925128,0.9224315167395137,0.9062794137286627,2.2603926650031405,2.2081648146553103,0.7436291452006165,0.9771384741974941,-0.16582781338998898,-0.0658172176322146,0.46875,0.8583382261787255,0.04728476440379269
valence,physio_emg_lagged_interaction_experimental_ridge,30,32,0.8349475404088973,0.9825519237075776,0.9376955542185514,0.8728183111535428,0.919072029482585,2.6734735714983233,2.186725011935181,0.8349475404088973,0.9825519237075776,-0.0818825036187383,-0.19946833644526316,0.5,0.9804975673828061,0.02207122737487506
valence,physio_emg_lagged_interaction_experimental_ridge,31,32,1.4426059806253044,1.6534710924887193,0.9634878077655804,0.9128763656112727,0.8427552020110518,3.4998604882909263,2.1726582367527207,1.4426059806253044,1.653471092488719,-0.15451360447576085,-0.10981758596572852,0.40625,1.5157854873086032,0.03780472076427355
valence,physio_emg_lagged_interaction_experimental_ridge,32,32,0.8798339313226693,1.060813993808749,0.8968484309970662,0.8771835061031221,0.8796925417835476,2.091650066335189,2.1932026491179037,0.8798339313226693,1.0608139938087493,0.09299481364666604,0.2714940467250011,0.59375,0.982104106391065,0.0684545131222279
valence,physio_emg_lagged_interaction_experimental_ridge,33,32,0.6790510428736026,0.793538041410237,0.933913370434343,0.9383314074621775,0.9269393391697094,1.9483065563457924,2.195378160828127,0.6790510428736026,0.7935380414102369,0.016803506794850757,0.06159486812937228,0.5625,0.7908206698619183,0.04741045124431876
valence,physio_emg_lagged_interaction_experimental_ridge,34,32,1.1532997694261238,1.3493406225972597,0.8824799660604029,0.8910857735592697,0.8143323793378672,2.060605190229317,2.1957307401869954,1.1532997694261238,1.3493406225972597,0.3912365040378525,0.3569529881056318,0.46875,1.0638972447601782,0.06540738500334654
valence,physio_emg_lagged_interaction_experimental_ridge,35,32,0.7408505494626848,0.8818113334769664,0.9245973461541336,0.9150105069507808,0.9198289206946774,2.1999644883497553,2.193018896019269,0.7408505494626847,0.8818113334769664,0.281952614578196,0.32404692082111436,0.5625,0.8615394651342102,0.032260326669711105
valence,physio_emg_lagged_interaction_experimental_ridge,36,32,0.8703947082233937,1.0228665337747576,0.9533290020890856,0.9472029644614396,0.9179590721193502,2.813020785116953,2.182654281805775,0.8703947082233937,1.0228665337747576,0.06578881278582706,0.029150244020952985,0.5,0.9870053317530504,0.04246519914612376
valence,physio_emg_lagged_interaction_experimental_ridge,37,32,1.1191855588793143,1.2168981314570582,0.9323676957225283,0.9303437011441998,0.7622094135897619,1.1520192869479227,2.209587148163274,1.1191855588793143,1.2168981314570582,0.04022388556688451,-0.06929422664554383,0.59375,1.2103811796934416,0.03811105488044725
valence,physio_emg_lagged_interaction_experimental_ridge,38,32,1.3901104429384241,1.6184989730157917,0.7076963584278335,0.7509396740583062,0.6949640018766656,1.911110606427582,2.206344333964858,1.3901104429384241,1.6184989730157917,-0.12611782458019657,-0.14446787602837077,0.46875,1.5946821551965669,0.021674798511784412
valence,physio_emg_lagged_interaction_experimental_ridge,39,32,0.9911999395284774,1.170324126650979,0.9263991482392145,0.8981720828374916,0.8931336402063833,2.822205476218909,2.1891270878324485,0.9911999395284774,1.170324126650979,0.31249879898937954,0.3804985337243401,0.5625,1.1533481731760573,0.028885030701282257
valence,physio_emg_lagged_interaction_experimental_ridge,40,32,1.2142418584790884,1.4287970992600119,0.9320662268278997,0.911521538031714,0.8649209302838843,3.1991209730174317,2.1919065530717967,1.2142418584790882,1.4287970992600119,0.10980188859254054,0.10356520985665002,0.53125,1.4100396784327782,0.10035772512454039
valence,physio_emg_lagged_interaction_experimental_ridge,41,32,1.2533286559926649,1.5324272336854114,0.7443713611075065,0.7894696243418546,0.6506372084107399,1.325456878778031,2.2163416860868175,1.2533286559926649,1.5324272336854114,-0.09581338316698607,-0.005316223737356536,0.5625,1.5120641797562275,0.028990310512433365
valence,physio_emg_lagged_interaction_experimental_ridge,42,32,0.8899777872808767,1.0819062627359766,0.9536207435462795,0.8897970341794026,0.91189848777705,2.912795049432761,2.180854989298673,0.8899777872808767,1.0819062627359766,-0.24676482367346533,-0.15615835777126097,0.46875,1.0508190184970703,0.03733007886269522
valence,physio_emg_lagged_interaction_experimental_ridge,43,32,0.9523900720086922,1.078401434145479,0.95003777279057,0.9278799900748304,0.9108045712716931,2.855230945125105,2.1889276511768085,0.9523900720086922,1.078401434145479,-0.16531463620985115,-0.1784011854456018,0.4375,1.0277185606429846,0.03292528741181497
valence,physio_emg_lagged_interaction_experimental_ridge,44,32,1.3211959250079945,1.5549214369610593,0.8137969858337686,0.8157199016402585,0.7716274708890565,2.2878756522153907,2.1938262668470143,1.3211959250079945,1.5549214369610593,0.050245369197494845,-0.0016497113074510619,0.40625,1.3715575366482071,0.028847245833096696
valence,physio_emg_lagged_interaction_experimental_ridge,45,32,0.7548132352130514,0.9276027154436154,0.9094100040375664,0.8787606707492438,0.9074719717783369,2.098176291449315,2.2113232750253773,0.7548132352130514,0.9276027154436154,0.19212584905489688,-0.18606783080747877,0.375,0.9359767748222355,0.08125544709894626
valence,physio_emg_lagged_interaction_experimental_ridge,46,32,1.1393791448870205,1.360383894422465,0.9012016772427802,0.8907610229943452,0.8586855609317114,2.8502672572058922,2.1889357472901816,1.1393791448870205,1.3603838944224653,-0.12563342448406753,-0.09567448680351906,0.28125,1.28779955889462,0.032949175668296686
valence,physio_emg_lagged_interaction_experimental_ridge,47,32,1.549300370573918,1.8131538352953833,0.8306503362513238,0.8450319098815454,0.777484062764334,3.1598061649411346,2.188220067555015,1.549300370573918,1.8131538352953833,0.0428824755716833,0.029883583493178212,0.46875,1.813517800521661,0.022390013953228965
valence,physio_emg_lagged_interaction_experimental_ridge,48,32,0.840765634171702,1.0514857306412115,0.9152676555304691,0.9087583454504126,0.8965827639965182,2.39057393736316,2.1904025423966615,0.840765634171702,1.0514857306412115,-0.03114666047890734,-0.0344574780058651,0.46875,0.9610845807699395,0.0382732271125647
valence,physio_emg_lagged_interaction_experimental_ridge,49,32,1.1334810108158295,1.3336100828691309,0.8336569447294248,0.8321938411053802,0.7307764143433816,1.310638560969423,2.209168536527371,1.1334810108158295,1.3336100828691309,0.05209658114018593,0.01301677563199787,0.5,1.3316696325086343,0.02364179752739938
valence,physio_emg_lagged_interaction_experimental_ridge,50,32,1.1594379953096023,1.293017288604742,0.9667007696312842,0.9594652296552644,0.8913698149105606,3.266783586342995,2.1720691249121655,1.1594379953096023,1.293017288604742,-0.16988591561521013,-0.13197690459608497,0.40625,1.2860895432780775,0.035818428090643145
valence,physio_emg_lagged_interaction_experimental_ridge,52,32,1.243961250389093,1.5217848036567505,0.7807015141400268,0.7623633858679115,0.7472197575506323,1.9938871426186588,2.1988525950293165,1.243961250389093,1.5217848036567505,-0.07030435846215066,-0.014296187683284457,0.40625,1.3983624472285212,0.040192556476497866
valence,physio_emg_lagged_interaction_experimental_ridge,53,32,0.9351797697447445,1.1289249452875176,0.9434447254538485,0.9096093769548876,0.8935698705095253,2.5860201081971503,2.1928842650599045,0.9351797697447443,1.1289249452875176,0.060059961971569965,0.0748074857778063,0.3125,0.8934942463418373,0.030517849978492446
valence,physio_emg_lagged_interaction_experimental_ridge,54,32,1.0955884140684788,1.441984965617031,0.8114909957268462,0.8359129570924448,0.8037407975338855,2.3774658252012792,2.2068837900990013,1.0955884140684788,1.441984965617031,-0.023748999056671813,-0.022546054535164516,0.46875,1.415160932864053,0.0417698682652726
valence,physio_emg_lagged_interaction_experimental_ridge,55,32,1.0034124194206862,1.305548004098361,0.833243819492956,0.8730197652656065,0.8038875054280205,1.899835519196333,2.206772713497461,1.0034124194206862,1.305548004098361,-0.17004571402043384,-0.16406966361841727,0.59375,1.2154548484692485,0.03383752952043926
valence,physio_emg_lagged_interaction_experimental_ridge,56,32,0.8491642403407937,1.0597782653341044,0.9266575609846803,0.8921138949910592,0.908138125212417,2.704163456597992,2.215462543789449,0.849164240340794,1.0597782653341044,0.2334547046759442,0.11879010282093226,0.59375,1.0862285750031417,0.20856710908629658
valence,physio_emg_lagged_interaction_experimental_ridge,57,32,1.171582057163652,1.3116065379051307,0.9366501080144505,0.9240992876571427,0.8684492025436749,2.779493827570049,2.1811472406863532,1.1715820571636524,1.3116065379051307,0.1273897412732688,0.11127406236466957,0.34375,1.0644010927273946,0.028028907066452897
valence,physio_emg_lagged_interaction_experimental_ridge,58,32,0.8313266430338391,1.012262494422214,0.9058381760931742,0.8931564833456037,0.8972046370697166,2.2463077343721185,2.1976291614820256,0.8313266430338391,1.012262494422214,0.0013635536326136674,0.01833180599088461,0.53125,0.9650647612965453,0.027597196342921387
valence,physio_emg_lagged_interaction_experimental_ridge,59,32,1.1018949012890156,1.3866958965262712,0.8126223473274687,0.8342260739712372,0.8093462777631669,2.2878756522153907,2.1953328310646527,1.1018949012890153,1.3866958965262712,-0.11793762950271768,-0.10503161990771763,0.625,1.370997297920261,0.03154117367627624
valence,physio_emg_lagged_interaction_experimental_ridge,60,32,1.0919586062094804,1.2452167266695726,0.936420456547092,0.9137737028656456,0.888646189868305,3.020114857087392,2.187707950944252,1.0919586062094804,1.2452167266695726,0.07442740467869582,0.051329056774476904,0.40625,1.2403764851994616,0.03712223290806773
valence,physio_emg_lagged_interaction_experimental_ridge,61,32,1.492722970089945,1.8024381973384744,0.925179634203997,0.8815995258846877,0.7972936352863311,3.1622776601683795,2.183813854793824,1.492722970089945,1.8024381973384747,0.25782575100023114,0.24161320295985916,0.34375,1.4155227972469693,0.01815286887998875
valence,physio_emg_lagged_interaction_experimental_ridge,62,32,1.1245717303828497,1.2922220296225697,0.9014145087794437,0.8803780139452821,0.8604438054053574,2.622022120425379,2.1779945258868603,1.1245717303828497,1.2922220296225697,-0.1025440697557803,-0.11694620157264195,0.5,1.1466678482673742,0.03118932340184387
valence,physio_emg_lagged_interaction_experimental_ridge,63,32,0.9306188174664,1.1409253107672592,0.918552649008884,0.9152142256078823,0.8940653377362012,2.747157621979489,2.1768473385201275,0.9306188174663999,1.1409253107672592,-0.07942011482259739,-0.2263978039874249,0.46875,1.1368553448155883,0.03259065006395439
valence,physio_emg_lagged_interaction_experimental_ridge,64,32,0.982293137533932,1.2071293704521717,0.8774845714944222,0.8474574088055512,0.8513312123053786,2.1594179626695706,2.2018118021314055,0.982293137533932,1.2071293704521717,-0.11037206076542937,-0.08250825637258047,0.625,1.076333478297336,0.03102870649170723
valence,physio_emg_lagged_interaction_experimental_ridge,65,32,0.8114773469854903,0.9554517727862087,0.9457521058565493,0.9514922485586348,0.9244479073211058,2.704163456597992,2.1838018747095855,0.8114773469854903,0.9554517727862087,0.06020778232747128,0.050233753847428404,0.53125,0.955941659589858,0.02639907808750651
valence,stimulus_only,1,32,0.9949596774193548,1.2045860597907678,0.8922484634653424,0.8852213172599906,0.8696574444021503,2.4746764308692963,2.1923173783574246,0.9949596774193548,1.2045860597907678,,,0.0,1.1175376128242858,0.0
valence,stimulus_only,2,32,1.2086693548387097,1.5487178326209212,0.8530610427473126,0.8036062294190673,0.8155188676443323,2.839282204624965,2.1888096272968434,1.2086693548387097,1.5487178326209212,,,0.0,1.499820800408392,0.0
valence,stimulus_only,3,32,1.055443548387097,1.1964804330363776,0.8980289713149182,0.8938103224205145,0.8791629847348005,2.6485181588012567,2.1895623082963573,1.055443548387097,1.1964804330363776,,,0.0,1.1803897435466537,0.0
valence,stimulus_only,5,32,1.2268145161290323,1.4945269559497258,0.8646215886593649,0.8429278417012366,0.830208801485253,2.8870332414954976,2.187619617288474,1.2268145161290323,1.4945269559497258,,,0.0,1.4829722032698982,0.0
valence,stimulus_only,6,32,1.045866935483871,1.1570929690036984,0.9562877492680015,0.9488688459347856,0.9046669303375001,3.0458732327528013,2.1809777501510363,1.045866935483871,1.1570929690036984,,,0.0,1.1527374217875292,0.0
valence,stimulus_only,7,32,0.6224798387096775,0.7714954244234683,0.9432491857811657,0.9453048098417813,0.9293617423621147,1.8874586088176875,2.199265443892497,0.6224798387096775,0.7714954244234683,,,0.0,0.7539040491205143,0.0
valence,stimulus_only,8,32,0.830141129032258,1.0246974566824736,0.942610671188011,0.9277093877462874,0.9135909924133961,2.692582403567252,2.1870200133985045,0.830141129032258,1.0246974566824736,,,0.0,0.9651393883815917,0.0
valence,stimulus_only,9,32,0.9334677419354838,1.1748826518327367,0.9116655521799994,0.8672483250928812,0.8810468249308884,2.5600216673887743,2.190295708657432,0.9334677419354838,1.1748826518327367,,,0.0,1.061751339195067,0.0
valence,stimulus_only,10,32,0.7928427419354838,1.0004185843498665,0.9107396566122344,0.9024685704478604,0.9061770169472153,2.4206145913796355,2.1923880068524366,0.7928427419354838,1.0004185843498665,,,0.0,0.9997417263296527,0.0
valence,stimulus_only,11,32,1.206149193548387,1.4491157957492955,0.9139705338771952,0.8917297264444277,0.8562630044965632,3.136852522832401,2.1816672251049574,1.206149193548387,1.4491157957492955,,,0.0,1.44564034744527,0.0
valence,stimulus_only,12,32,0.9526209677419355,1.1831362535147223,0.850968182375451,0.8642873619265344,0.8349318830868164,1.88926862502398,2.2020153537398732,0.9526209677419355,1.1831362535147223,,,0.0,1.156639274123462,0.0
valence,stimulus_only,13,32,0.8724798387096775,1.0503664627335452,0.9094177817342244,0.9217409851300047,0.8684386106711679,1.818954026356906,2.201289724208446,0.8724798387096775,1.0503664627335452,,,0.0,0.933579727266912,0.0
valence,stimulus_only,14,32,0.752016129032258,0.896468095821721,0.9288122352606667,0.9113516159009858,0.9189134487437577,2.234101818964391,2.1944948648136653,0.752016129032258,0.896468095821721,,,0.0,0.8364190183117242,0.0
valence,stimulus_only,15,32,0.856350806451613,1.112410041493798,0.8696775924710719,0.8593470389204451,0.8442346656842881,1.75,2.203412686658057,0.856350806451613,1.112410041493798,,,0.0,1.1002827935536357,0.0
valence,stimulus_only,16,32,0.7721774193548387,1.0159129954676442,0.9040955298049769,0.8539668556320058,0.885105083227183,1.9997558444720196,2.198800157334418,0.7721774193548387,1.0159129954676442,,,0.0,0.9396886306748992,0.0
valence,stimulus_only,17,32,1.0090725806451613,1.196052299449188,0.8972372737605021,0.8924429060909542,0.8781456770203969,2.623325358681229,2.189961637085058,1.0090725806451613,1.196052299449188,,,0.0,1.1698479042515253,0.0
valence,stimulus_only,18,32,1.4475806451612905,1.8032716105902833,0.7911350468931309,0.792449445668865,0.7528726906301207,2.857111467461499,2.1913678733938453,1.4475806451612905,1.8032716105902833,,,0.0,1.7488893829746277,0.0
valence,stimulus_only,19,32,1.028225806451613,1.3182709089508333,0.811468773708633,0.8097518048241787,0.804830082943654,2.005607373715005,2.201673598581413,1.028225806451613,1.3182709089508333,,,0.0,1.3051566660738005,0.0
valence,stimulus_only,20,32,0.7580645161290323,1.0229465993184748,0.9210161615627014,0.9032779543088524,0.9010250015330523,2.358288243090738,2.192921731749468,0.7580645161290323,1.0229465993184748,,,0.0,0.9188484563256268,0.0
valence,stimulus_only,21,32,0.8966733870967742,1.0523150671354522,0.9488592363701719,0.9378847772238772,0.9143113263926023,2.850438562747845,2.184332698004512,0.8966733870967742,1.0523150671354522,,,0.0,1.0394869532102124,0.0
valence,stimulus_only,22,32,1.0065524193548387,1.1928363994523645,0.8512104180693018,0.8460132068763729,0.8357956834950845,1.9324531042175384,2.2014125158975166,1.0065524193548387,1.1928363994523645,,,0.0,1.1568399012334067,0.0
valence,stimulus_only,23,32,0.8432459677419355,1.045968830053902,0.915172848252118,0.9103602089950322,0.9023676269428701,2.521780125229002,2.1907196625931378,0.8432459677419355,1.045968830053902,,,0.0,1.0231610268410265,0.0
valence,stimulus_only,24,32,0.9450604838709677,1.181186665216522,0.882166588040064,0.8493774186919627,0.8539065635681936,2.1028254801575903,2.1980263101481308,0.9450604838709677,1.181186665216522,,,0.0,1.0480127617606025,0.0
valence,stimulus_only,25,32,1.2711693548387095,1.5424217245211225,0.8343840045554153,0.8657760368933196,0.8105737486987401,2.785109681412924,2.190384553837857,1.2711693548387095,1.5424217245211225,,,0.0,1.5408977561477415,0.0
valence,stimulus_only,26,32,1.295866935483871,1.5439152284274675,0.8470860181155218,0.8255580336246294,0.8136406790864479,2.80554696093293,2.1895425255901553,1.295866935483871,1.5439152284274675,,,0.0,1.502704617996618,0.0
valence,stimulus_only,27,32,1.0403225806451613,1.3065636152706914,0.8615460240890017,0.8546099402867805,0.8482869534496099,2.5262295892297675,2.1928033305360493,1.0403225806451613,1.3065636152706914,,,0.0,1.2826189990847692,0.0
valence,stimulus_only,28,32,1.0181451612903227,1.275220339655942,0.8236257915520525,0.8248647334839991,0.7797105503189111,1.5832990676116752,2.2069235307999793,1.0181451612903227,1.275220339655942,,,0.0,1.2733766266500448,0.0
valence,stimulus_only,29,32,0.7414314516129032,0.9792037966849637,0.9261693100661721,0.9241859422826492,0.9054954009684826,2.2603926650031405,2.194194951759322,0.7414314516129032,0.9792037966849637,,,0.0,0.8583382261787255,0.0
valence,stimulus_only,30,32,0.8356854838709677,0.9805105223786827,0.9379974670758718,0.8751374668635553,0.9194312085863741,2.6734735714983233,2.1875065036323718,0.8356854838709677,0.9805105223786827,,,0.0,0.9804975673828061,0.0
valence,stimulus_only,31,32,1.438508064516129,1.6415104177594801,0.9646127020985071,0.9161207331651278,0.8448737386560656,3.4998604882909263,2.173502114079107,1.438508064516129,1.6415104177594801,,,0.0,1.5157854873086032,0.0
valence,stimulus_only,32,32,0.888608870967742,1.067296131717133,0.8963117720951916,0.87827351773193,0.8785526266750681,2.091650066335189,2.1977151459838846,0.888608870967742,1.067296131717133,,,0.0,0.982104106391065,0.0
valence,stimulus_only,33,32,0.686491935483871,0.8017706893454289,0.9343139008328092,0.9289440751663227,0.9256600078689042,1.9483065563457924,2.1986152861833097,0.686491935483871,0.8017706893454289,,,0.0,0.7908206698619183,0.0
valence,stimulus_only,34,32,1.1648185483870968,1.3695290126321555,0.8771992587645562,0.8860229676758531,0.8090887933843265,2.060605190229317,2.198792242856748,1.1648185483870968,1.3695290126321555,,,0.0,1.0638972447601782,0.0
valence,stimulus_only,35,32,0.7444556451612903,0.8910241143900415,0.9231548791961844,0.913888347462997,0.9182401955356901,2.1999644883497553,2.1952052654004373,0.7444556451612903,0.8910241143900415,,,0.0,0.8615394651342102,0.0
valence,stimulus_only,36,32,0.8719758064516129,1.0204401633369262,0.952858933387899,0.9472029644614396,0.91835033093206,2.813020785116953,2.1847286220318254,0.8719758064516129,1.0204401633369262,,,0.0,0.9870053317530504,0.0
valence,stimulus_only,37,32,1.122983870967742,1.2260783336006187,0.9324066298630629,0.9250128716174963,0.7595713178206381,1.1520192869479227,2.2106684758770894,1.122983870967742,1.2260783336006187,,,0.0,1.2103811796934416,0.0
valence,stimulus_only,38,32,1.385584677419355,1.6108025634891399,0.7087267234242454,0.7482941895497968,0.6972603353672201,1.911110606427582,2.206051425015302,1.385584677419355,1.6108025634891399,,,0.0,1.5946821551965669,0.0
valence,stimulus_only,39,32,0.9924395161290323,1.1755363588632064,0.9250073263216803,0.8975086558660758,0.8919926973407372,2.822205476218909,2.1858306562408023,0.9924395161290323,1.1755363588632064,,,0.0,1.1533481731760573,0.0
valence,stimulus_only,40,32,1.2253024193548387,1.426675927235319,0.9319376503137341,0.911521538031714,0.8646066174691215,3.1991209730174317,2.179838241167917,1.2253024193548387,1.426675927235319,,,0.0,1.4100396784327782,0.0
valence,stimulus_only,41,32,1.2570564516129032,1.5324278343980433,0.744149958586994,0.787929511430954,0.6501285686428165,1.325456878778031,2.21204914511306,1.2570564516129032,1.5324278343980433,,,0.0,1.5120641797562275,0.0
valence,stimulus_only,42,32,0.8825604838709676,1.0730391028443886,0.9550430392765971,0.8914646584095169,0.9134110394153917,2.912795049432761,2.1830916051346403,0.8825604838709676,1.0730391028443886,,,0.0,1.0508190184970703,0.0
valence,stimulus_only,43,32,0.9420362903225806,1.0653749285080085,0.9514252587630222,0.9288917024558039,0.9127015229259562,2.855230945125105,2.184143345478901,0.9420362903225806,1.0653749285080085,,,0.0,1.0277185606429846,0.0
valence,stimulus_only,44,32,1.3150201612903225,1.5515262407895267,0.8137530874760046,0.8164499982635804,0.7727112057799141,2.2878756522153907,2.197871889457056,1.3150201612903225,1.5515262407895267,,,0.0,1.3715575366482071,0.0
valence,stimulus_only,45,32,0.7525201612903227,0.9413358052974867,0.9060554036542897,0.8772193258743899,0.9041056149976675,2.098176291449315,2.1972952588257786,0.7525201612903227,0.9413358052974867,,,0.0,0.9359767748222355,0.0
valence,stimulus_only,46,32,1.1199596774193548,1.3444300634951423,0.9022970737641542,0.8907610229943452,0.8615328996064322,2.8502672572058922,2.186435001638324,1.1199596774193548,1.3444300634951423,,,0.0,1.28779955889462,0.0
valence,stimulus_only,47,32,1.551915322580645,1.8138910213562776,0.8306075032362701,0.8385162839805926,0.7771184011511924,3.1598061649411346,2.1854912524240007,1.551915322580645,1.8138910213562776,,,0.0,1.813517800521661,0.0
valence,stimulus_only,48,32,0.8351814516129032,1.0440083806940523,0.9156274603870707,0.911793242320702,0.8980285155540683,2.39057393736316,2.1926452398887135,0.8351814516129032,1.0440083806940523,,,0.0,0.9610845807699395,0.0
valence,stimulus_only,49,32,1.1310483870967742,1.3329525449140025,0.833642985778651,0.835676878120201,0.731072294408383,1.310638560969423,2.210350356311343,1.1310483870967742,1.3329525449140025,,,0.0,1.3316696325086343,0.0
valence,stimulus_only,50,32,1.1547379032258065,1.2866157693255633,0.9672093563941468,0.9572243610768556,0.8925953988897438,3.266783586342995,2.177001096234596,1.1547379032258065,1.2866157693255633,,,0.0,1.2860895432780775,0.0
valence,stimulus_only,52,32,1.2358870967741935,1.5125805677667,0.7823572050296049,0.7589824829572485,0.7502344630380421,1.9938871426186588,2.2027533731518476,1.2358870967741935,1.5125805677667,,,0.0,1.3983624472285212,0.0
valence,stimulus_only,53,32,0.920866935483871,1.117921278029436,0.9434256898467936,0.9099429949294116,0.8952338699454937,2.5860201081971503,2.188610389262535,0.920866935483871,1.117921278029436,,,0.0,0.8934942463418373,0.0
valence,stimulus_only,54,32,1.0932459677419355,1.442740019652887,0.8113994042385747,0.8344108319672651,0.8028321779493479,2.3774658252012792,2.1967767632047344,1.0932459677419355,1.442740019652887,,,0.0,1.415160932864053,0.0
valence,stimulus_only,55,32,1.0015120967741935,1.303620364059265,0.8343983189289956,0.8756624196901942,0.8042566818781314,1.899835519196333,2.2023715326210658,1.0015120967741935,1.303620364059265,,,0.0,1.2154548484692485,0.0
valence,stimulus_only,56,32,0.8644153225806451,1.0985109884654758,0.922822170905749,0.8854194809660154,0.90047884294595,2.704163456597992,2.187690861953749,0.8644153225806451,1.0985109884654758,,,0.0,1.0862285750031417,0.0
valence,stimulus_only,57,32,1.1633064516129032,1.306171564966866,0.9357541313678462,0.9189961045829611,0.8695385403450053,2.779493827570049,2.1859971424418165,1.1633064516129032,1.306171564966866,,,0.0,1.0644010927273946,0.0
valence,stimulus_only,58,32,0.8346774193548387,1.0143994496727402,0.9058262036219727,0.8974096094567731,0.896708509964194,2.2463077343721185,2.195131949968054,0.8346774193548387,1.0143994496727402,,,0.0,0.9650647612965453,0.0
valence,stimulus_only,59,32,1.1154233870967742,1.3881015443772842,0.8139054960134011,0.8320801973230201,0.8094550155380809,2.2878756522153907,2.1978663412063715,1.1154233870967742,1.3881015443772842,,,0.0,1.370997297920261,0.0
valence,stimulus_only,60,32,1.0912298387096773,1.2498666682272446,0.9365309095696596,0.9159804879307853,0.8876724127978474,3.020114857087392,2.182318299358091,1.0912298387096773,1.2498666682272446,,,0.0,1.2403764851994616,0.0
valence,stimulus_only,61,32,1.486391129032258,1.796584786883719,0.9245718728211332,0.878894809310882,0.7980118384135405,3.1622776601683795,2.180761545551953,1.486391129032258,1.796584786883719,,,0.0,1.4155227972469693,0.0
valence,stimulus_only,62,32,1.1244959677419355,1.2933652382208536,0.9017688423353318,0.8759279144645141,0.8609266151963054,2.622022120425379,2.1897922038827367,1.1244959677419355,1.2933652382208536,,,0.0,1.1466678482673742,0.0
valence,stimulus_only,63,32,0.9259072580645161,1.1374506141295835,0.9185405998609216,0.9126073081799048,0.8950883756190415,2.747157621979489,2.1872351347564782,0.9259072580645161,1.1374506141295835,,,0.0,1.1368553448155883,0.0
valence,stimulus_only,64,32,0.9959677419354839,1.2210553618366922,0.8780768654201263,0.8475350823686865,0.8482305166291902,2.1594179626695706,2.1973584435607023,0.9959677419354839,1.2210553618366922,,,0.0,1.076333478297336,0.0
valence,stimulus_only,65,32,0.8140120967741935,0.960189785968401,0.9453700665497251,0.9474030066230439,0.9238197533003784,2.704163456597992,2.186725406841588,0.8140120967741935,0.960189785968401,,,0.0,0.955941659589858,0.0
