path,extension,size_kb,csv_columns,csv_rows_sampled,metric_summary_sample,unique_target_sample,unique_model_sample,unique_arch_config_sample,unique_arch_description_sample,unique_test_subject_sample,unique_fold_sample,unique_task_sample,unique_policy_sample,unique_subject_id_sample,unique_recipe_sample
docs/roca/eeg_oracle_arch_ablation_valence_current_predictions.csv,.csv,10946.77,"test_subject, stimulus_id, target, augmentation_config, model, y_true_score, train_stimulus_mean, true_deviation_from_train_stimulus_mean, y_pred_deviation_raw, y_pred_score_raw, y_pred_score_clipped, y_pred_deviation_clipped, arch_config, arch_description",5000,"y_true_score: min=1, mean=4.9028, max=9 || y_pred_score_raw: min=0.338493, mean=4.91037, max=8.73736 || y_pred_score_clipped: min=1, mean=4.91069, max=8.73736",valence,"stimulus_only, eeg_oracle_arch_A0_current","A0_current, A1_low_dropout","Current model config: lite + GN + concat stem + learnable channel position + MHA mixer., Same as current, but lower regularization. Tests underfitting.","1, 2, 3, 5, 6, 7, 8, 9, 10, 11, 12, 13, 14, 15, 16, 17, 18, 19, 20, 21",,,,,
docs/roca/eeg_oracle_arch_ablation_arousal_current_predictions.csv,.csv,10911.93,"test_subject, stimulus_id, target, augmentation_config, model, y_true_score, train_stimulus_mean, true_deviation_from_train_stimulus_mean, y_pred_deviation_raw, y_pred_score_raw, y_pred_score_clipped, y_pred_deviation_clipped, arch_config, arch_description",5000,"y_true_score: min=1, mean=4.3234, max=9 || y_pred_score_raw: min=-0.340153, mean=4.2757, max=8.81516 || y_pred_score_clipped: min=1, mean=4.27659, max=8.81516",arousal,"stimulus_only, eeg_oracle_arch_A0_current","A0_current, A1_low_dropout","Current model config: lite + GN + concat stem + learnable channel position + MHA mixer., Same as current, but lower regularization. Tests underfitting.","1, 2, 3, 5, 6, 7, 8, 9, 10, 11, 12, 13, 14, 15, 16, 17, 18, 19, 20, 21",,,,,
docs/idare_label_semantics_alternative_pairwise_feature_representation_patch_first_pass_predictions.csv,.csv,40587.58,"objective_run_id, feature_set_id, model, fold, subject, left_index, right_index, y_true, y_pred, score",5000,,,random_balanced_no_training,,,,"1, 2",,,,
docs/roca/idare_representation_learning_feasibility_gate_current_experiment_backlog.csv,.csv,1.38,"priority, experiment_id, title, input_representation, model_family, target, evaluation_gate, success_condition",4,,"arousal deviation on high-disagreement trials, rating minus stimulus mean / residual correction, pretrained representation for downstream residual/deviation prediction, detect trials where locked personalization is likely wrong",,,,,,,,,
docs/roca/eeg_oracle_arch_ablation_valence_current_fold_summary.csv,.csv,382.97,"augmentation_config, target, model, test_subject, n, mae, rmse, pearson, spearman, balanced_accuracy, macro_f1, auroc, dev_mae, dev_rmse, dev_pearson, dev_spearman, dev_sign_acc, true_dev_mean, true_dev_std, pred_dev_mean, pred_dev_std, best_epoch, best_val_rmse_scaled, fit_subjects, val_subjects, outer_train_subjects, y_outer_mean, y_outer_std, final_train_last_loss, oracle_test_checkpoint_selection, arch_config, arch_description",756,"mae: min=0.57745, mean=0.975646, max=1.56482 || rmse: min=0.719992, mean=1.19394, max=1.82842 || pearson: min=0.703227, mean=0.891883, max=0.968661 || balanced_accuracy: min=0.777328, mean=0.885486, max=1 || macro_f1: min=0.740891, mean=0.863919, max=1 || dev_mae: min=0.57745, mean=0.975646, max=1.56482 || dev_rmse: min=0.719992, mean=1.19394, max=1.82842 || dev_pearson: min=-0.509747, mean=0.0861901, max=0.598184 || dev_sign_acc: min=0.34375, mean=0.592138, max=0.90625 || best_val_rmse_scaled: min=0.580846, mean=0.949985, max=1.46655 || final_train_last_loss: min=0.0293808, mean=0.136138, max=0.315236",valence,"eeg_oracle_arch_A0_current, eeg_oracle_arch_A1_low_dropout, eeg_oracle_arch_A2_high_dropout, eeg_oracle_arch_A3_batchnorm, eeg_oracle_arch_A4_stem_sum, eeg_oracle_arch_A5_stem_attn, eeg_oracle_arch_A6_stem_moe, eeg_oracle_arch_A7_no_channel_mha, eeg_oracle_arch_A8_no_channel_pos, eeg_oracle_arch_A9_base_capacity, eeg_oracle_arch_A10_lr_low, eeg_oracle_arch_A11_lr_high","A0_current, A1_low_dropout, A2_high_dropout, A3_batchnorm, A4_stem_sum, A5_stem_attn, A6_stem_moe, A7_no_channel_mha, A8_no_channel_pos, A9_base_capacity, A10_lr_low, A11_lr_high","Current model config: lite + GN + concat stem + learnable channel position + MHA mixer., Same as current, but lower regularization. Tests underfitting., Same as current, but higher regularization. Tests overfitting/noisy checkpointing., Swap GroupNorm to BatchNorm inside temporal blocks/stem., Use sum fusion for temporal branches instead of concat projection., Use learned attention over temporal branches., Use lightweight MoE-style gate over temporal branches., Disable channel self-attention mixer. Tests whether MHA is noisy/overfitting., Disable learned channel identity embedding., Use base encoder capacity instead of lite. Tests undercapacity vs overfitting., Current architecture with lower LR=3e-5., Current architecture with higher LR=3e-4.","1, 2, 3, 5, 6, 7, 8, 9, 10, 11, 12, 13, 14, 15, 16, 17, 18, 19, 20, 21",,,,,
docs/roca/eeg_oracle_arch_ablation_arousal_current_fold_summary.csv,.csv,381.06,"augmentation_config, target, model, test_subject, n, mae, rmse, pearson, spearman, balanced_accuracy, macro_f1, auroc, dev_mae, dev_rmse, dev_pearson, dev_spearman, dev_sign_acc, true_dev_mean, true_dev_std, pred_dev_mean, pred_dev_std, best_epoch, best_val_rmse_scaled, fit_subjects, val_subjects, outer_train_subjects, y_outer_mean, y_outer_std, final_train_last_loss, oracle_test_checkpoint_selection, arch_config, arch_description",756,"mae: min=0.717855, mean=1.47428, max=3.30745 || rmse: min=0.904248, mean=1.77723, max=3.7171 || pearson: min=0.124572, mean=0.697084, max=0.927676 || balanced_accuracy: min=0.316667, mean=0.806484, max=0.979167 || macro_f1: min=0.287381, mean=0.760606, max=0.964563 || dev_mae: min=0.717855, mean=1.47428, max=3.30745 || dev_rmse: min=0.904248, mean=1.77723, max=3.7171 || dev_pearson: min=-0.590126, mean=0.0744371, max=0.558786 || dev_sign_acc: min=0.09375, mean=0.624504, max=1 || best_val_rmse_scaled: min=0.462177, mean=0.915677, max=1.95516 || final_train_last_loss: min=0.0484999, mean=0.254036, max=0.408537",arousal,"eeg_oracle_arch_A0_current, eeg_oracle_arch_A1_low_dropout, eeg_oracle_arch_A2_high_dropout, eeg_oracle_arch_A3_batchnorm, eeg_oracle_arch_A4_stem_sum, eeg_oracle_arch_A5_stem_attn, eeg_oracle_arch_A6_stem_moe, eeg_oracle_arch_A7_no_channel_mha, eeg_oracle_arch_A8_no_channel_pos, eeg_oracle_arch_A9_base_capacity, eeg_oracle_arch_A10_lr_low, eeg_oracle_arch_A11_lr_high","A0_current, A1_low_dropout, A2_high_dropout, A3_batchnorm, A4_stem_sum, A5_stem_attn, A6_stem_moe, A7_no_channel_mha, A8_no_channel_pos, A9_base_capacity, A10_lr_low, A11_lr_high","Current model config: lite + GN + concat stem + learnable channel position + MHA mixer., Same as current, but lower regularization. Tests underfitting., Same as current, but higher regularization. Tests overfitting/noisy checkpointing., Swap GroupNorm to BatchNorm inside temporal blocks/stem., Use sum fusion for temporal branches instead of concat projection., Use learned attention over temporal branches., Use lightweight MoE-style gate over temporal branches., Disable channel self-attention mixer. Tests whether MHA is noisy/overfitting., Disable learned channel identity embedding., Use base encoder capacity instead of lite. Tests undercapacity vs overfitting., Current architecture with lower LR=3e-5., Current architecture with higher LR=3e-4.","1, 2, 3, 5, 6, 7, 8, 9, 10, 11, 12, 13, 14, 15, 16, 17, 18, 19, 20, 21",,,,,
docs/roca/eeg_oracle_arch_ablation_arousal_smoke_current_fold_summary.csv,.csv,4.99,"augmentation_config, target, model, test_subject, n, mae, rmse, pearson, spearman, balanced_accuracy, macro_f1, auroc, dev_mae, dev_rmse, dev_pearson, dev_spearman, dev_sign_acc, true_dev_mean, true_dev_std, pred_dev_mean, pred_dev_std, best_epoch, best_val_rmse_scaled, fit_subjects, val_subjects, outer_train_subjects, y_outer_mean, y_outer_std, final_train_last_loss, oracle_test_checkpoint_selection, arch_config, arch_description",9,"mae: min=1.05731, mean=1.59806, max=2.29844 || rmse: min=1.36086, mean=1.93855, max=2.70714 || pearson: min=0.615356, mean=0.676036, max=0.738844 || balanced_accuracy: min=0.716667, mean=0.784083, max=0.903226 || macro_f1: min=0.506003, mean=0.645723, max=0.722944 || dev_mae: min=1.05731, mean=1.59806, max=2.29844 || dev_rmse: min=1.36086, mean=1.93855, max=2.70714 || dev_pearson: min=-0.287181, mean=0.179725, max=0.427018 || dev_sign_acc: min=0.53125, mean=0.732639, max=0.8125 || best_val_rmse_scaled: min=0.699342, mean=1.00164, max=1.4035 || final_train_last_loss: min=0.196244, mean=0.329024, max=0.426561",arousal,"eeg_oracle_arch_A0_current, eeg_oracle_arch_A7_no_channel_mha, eeg_oracle_arch_A5_stem_attn","A0_current, A7_no_channel_mha, A5_stem_attn","Current model config: lite + GN + concat stem + learnable channel position + MHA mixer., Disable channel self-attention mixer. Tests whether MHA is noisy/overfitting., Use learned attention over temporal branches.","1, 2, 3",,,,,
docs/roca/idare_subject_calibration_model_family_confirmatory_stats_current_model_family_curve.csv,.csv,38.68,"target, k_calibration, model, locked_reference_model, subjects, candidate_rmse_pooled, locked_reference_rmse_pooled, pooled_lift_vs_locked_reference_rmse, lift_vs_stimulus_rmse, mean_subject_improvement_locked_minus_model, median_subject_improvement_locked_minus_model, ci95_low_mean_subject_improvement, ci95_high_mean_subject_improvement, signflip_p_one_sided_mean_gt_zero, wins, losses, ties, win_margin, sign_test_p_one_sided_wins_gt_losses, passes_confirmatory_metric, pearson, spearman, ccc",132,"candidate_rmse_pooled: min=1.15919, mean=1.62686, max=2.39441 || locked_reference_rmse_pooled: min=1.24612, mean=1.5354, max=1.9442 || pooled_lift_vs_locked_reference_rmse: min=-0.589862, mean=-0.091455, max=0.0869293 || lift_vs_stimulus_rmse: min=-0.600478, mean=-0.0258465, max=0.288276 || losses: min=0, mean=39.7045, max=63 || sign_test_p_one_sided_wins_gt_losses: min=3.05414e-09, mean=0.719342, max=1 || pearson: min=0.548423, mean=0.758792, max=0.887973 || ccc: min=0.548383, mean=0.742536, max=0.881367","arousal, valence","kernel_residual_shrink4, affine_residual_ridge4, affine_residual_ridge1, bias_shrink4, stimulus_only, bias_empirical_bayes, bias_shrink2, bias_shrink1, bias_mean, bias_shrink8, bias_huber, bias_trimmed_mean, bias_median",,,,,,,,
docs/roca/idare_subject_calibration_model_family_confirmatory_stats_current_paired_subject_stats.csv,.csv,38.68,"target, k_calibration, model, locked_reference_model, subjects, candidate_rmse_pooled, locked_reference_rmse_pooled, pooled_lift_vs_locked_reference_rmse, lift_vs_stimulus_rmse, mean_subject_improvement_locked_minus_model, median_subject_improvement_locked_minus_model, ci95_low_mean_subject_improvement, ci95_high_mean_subject_improvement, signflip_p_one_sided_mean_gt_zero, wins, losses, ties, win_margin, sign_test_p_one_sided_wins_gt_losses, passes_confirmatory_metric, pearson, spearman, ccc",132,"candidate_rmse_pooled: min=1.15919, mean=1.62686, max=2.39441 || locked_reference_rmse_pooled: min=1.24612, mean=1.5354, max=1.9442 || pooled_lift_vs_locked_reference_rmse: min=-0.589862, mean=-0.091455, max=0.0869293 || lift_vs_stimulus_rmse: min=-0.600478, mean=-0.0258465, max=0.288276 || losses: min=0, mean=39.7045, max=63 || sign_test_p_one_sided_wins_gt_losses: min=3.05414e-09, mean=0.719342, max=1 || pearson: min=0.548423, mean=0.758792, max=0.887973 || ccc: min=0.548383, mean=0.742536, max=0.881367","arousal, valence","kernel_residual_shrink4, affine_residual_ridge4, affine_residual_ridge1, bias_shrink4, stimulus_only, bias_empirical_bayes, bias_shrink2, bias_shrink1, bias_mean, bias_shrink8, bias_huber, bias_trimmed_mean, bias_median",,,,,,,,
docs/roca/idare_subject_calibration_model_family_confirmatory_stats_smoke_current_model_family_curve.csv,.csv,37.29,"target, k_calibration, model, locked_reference_model, subjects, candidate_rmse_pooled, locked_reference_rmse_pooled, pooled_lift_vs_locked_reference_rmse, lift_vs_stimulus_rmse, mean_subject_improvement_locked_minus_model, median_subject_improvement_locked_minus_model, ci95_low_mean_subject_improvement, ci95_high_mean_subject_improvement, signflip_p_one_sided_mean_gt_zero, wins, losses, ties, win_margin, sign_test_p_one_sided_wins_gt_losses, passes_confirmatory_metric, pearson, spearman, ccc",132,"candidate_rmse_pooled: min=1.25156, mean=1.70538, max=2.44009 || locked_reference_rmse_pooled: min=1.27548, mean=1.63524, max=2.41144 || pooled_lift_vs_locked_reference_rmse: min=-0.654507, mean=-0.0701389, max=0.128032 || lift_vs_stimulus_rmse: min=-0.635309, mean=0.146919, max=0.729361 || losses: min=0, mean=4.51515, max=8 || sign_test_p_one_sided_wins_gt_losses: min=0.0351562, mean=0.686198, max=1 || pearson: min=0.303359, mean=0.729352, max=0.883403 || ccc: min=0.252941, mean=0.712662, max=0.879269","arousal, valence","bias_shrink1, bias_empirical_bayes, bias_shrink2, affine_residual_ridge4, affine_residual_ridge1, bias_mean, bias_trimmed_mean, bias_huber, bias_median, bias_shrink4, stimulus_only, kernel_residual_shrink4, bias_shrink8",,,,,,,,
docs/roca/idare_subject_calibration_model_family_confirmatory_stats_smoke_current_paired_subject_stats.csv,.csv,37.29,"target, k_calibration, model, locked_reference_model, subjects, candidate_rmse_pooled, locked_reference_rmse_pooled, pooled_lift_vs_locked_reference_rmse, lift_vs_stimulus_rmse, mean_subject_improvement_locked_minus_model, median_subject_improvement_locked_minus_model, ci95_low_mean_subject_improvement, ci95_high_mean_subject_improvement, signflip_p_one_sided_mean_gt_zero, wins, losses, ties, win_margin, sign_test_p_one_sided_wins_gt_losses, passes_confirmatory_metric, pearson, spearman, ccc",132,"candidate_rmse_pooled: min=1.25156, mean=1.70538, max=2.44009 || locked_reference_rmse_pooled: min=1.27548, mean=1.63524, max=2.41144 || pooled_lift_vs_locked_reference_rmse: min=-0.654507, mean=-0.0701389, max=0.128032 || lift_vs_stimulus_rmse: min=-0.635309, mean=0.146919, max=0.729361 || losses: min=0, mean=4.51515, max=8 || sign_test_p_one_sided_wins_gt_losses: min=0.0351562, mean=0.686198, max=1 || pearson: min=0.303359, mean=0.729352, max=0.883403 || ccc: min=0.252941, mean=0.712662, max=0.879269","arousal, valence","bias_shrink1, bias_empirical_bayes, bias_shrink2, affine_residual_ridge4, affine_residual_ridge1, bias_mean, bias_trimmed_mean, bias_huber, bias_median, bias_shrink4, stimulus_only, kernel_residual_shrink4, bias_shrink8",,,,,,,,
docs/roca/idare_residual_physiology_synthesis_current_top_models.csv,.csv,9.49,"target, model, n, mae, rmse, pearson, spearman, ccc, y_true_std, y_pred_std, dev_mae, dev_rmse, dev_pearson, dev_spearman, dev_sign_acc, true_dev_std, pred_dev_std, lift_vs_stimulus_mae, lift_vs_stimulus_rmse, lift_vs_stimulus_pearson, lift_vs_stimulus_spearman, lift_vs_stimulus_ccc, lift_vs_stimulus_dev_mae, lift_vs_stimulus_dev_rmse, lift_vs_stimulus_dev_pearson, lift_vs_stimulus_dev_spearman, lift_vs_stimulus_dev_sign_acc, lift_vs_stimulus_pred_dev_std, rmse_wins, rmse_losses, mean_delta_rmse_model_minus_stimulus, median_delta_rmse_model_minus_stimulus, worst_regression_delta_rmse, best_gain_delta_rmse",16,"mae: min=1.02144, mean=1.31694, max=1.65122 || rmse: min=1.25915, mean=1.62937, max=2.04691 || pearson: min=0.590023, mean=0.7411, max=0.865995 || ccc: min=0.552567, mean=0.714373, max=0.857838 || dev_mae: min=1.0233, mean=2298.58, max=33939.7 || dev_rmse: min=1.25915, mean=32821.3, max=485887 || dev_pearson: min=-0.0440718, mean=0.0212608, max=0.131747 || dev_sign_acc: min=0.477679, mean=0.506386, max=0.561508 || lift_vs_stimulus_mae: min=-0.0712999, mean=-0.0159418, max=0.00764489 || lift_vs_stimulus_rmse: min=-0.102706, mean=-0.0283807, max=-0.00137846 || lift_vs_stimulus_pearson: min=-0.0443522, mean=-0.00924151, max=0.00054466 || lift_vs_stimulus_ccc: min=-0.0268143, mean=-0.00436299, max=0.0116711 || lift_vs_stimulus_dev_mae: min=-33938.2, mean=-2297.28, max=0.0059943 || lift_vs_stimulus_dev_rmse: min=-485885, mean=-32819.7, max=-0.00137846 || lift_vs_stimulus_dev_sign_acc: min=0.477679, mean=0.506386, max=0.561508 || rmse_wins: min=19, mean=25.0625, max=32 || rmse_losses: min=31, mean=37.9375, max=44 || mean_delta_rmse_model_minus_stimulus: min=-0.00137992, mean=0.0258327, max=0.0994811","arousal, valence","physio_eeg_entropy_complexity_ridge, physio_emg_bsl_stats_22_ridge, physio_emg_lagged_interaction_experimental_ridge, physio_eeg_bandpower_ridge, physio_emg_existing_22_ridge, physio_eeg_directed_connectivity_experimental_ridge, physio_eeg_cov_riemannian_ridge, physio_emg_expanded_812_ridge",,,,,,,,
docs/idare_diagnostic_sanity_tests_summary.csv,.csv,9.39,"test_id, modality, task, policy, split, model, passed, interpretation, n, accuracy, balanced_accuracy, macro_f1, majority_accuracy, true_0, true_1, pred_0, pred_1, tn, fp, fn, tp, one_class_pred, representation, train_n, eval_n, final_train_loss, fold1_subjects, within_subject_macro_f1, subject_heldout_macro_f1, macro_f1_delta",28,"accuracy: min=0.463068, mean=0.60684, max=1 || balanced_accuracy: min=0.440908, mean=0.594111, max=1 || macro_f1: min=0.378501, mean=0.581674, max=1 || majority_accuracy: min=0.5, mean=0.557401, max=0.603175 || final_train_loss: min=0, mean=0.230503, max=0.622007 || within_subject_macro_f1: min=0.468875, mean=0.517576, max=0.56254 || subject_heldout_macro_f1: min=0.462091, mean=0.496969, max=0.525406 || macro_f1_delta: min=-0.047405, mean=0.0206074, max=0.083369",,"small_mlp_raw, small_mlp_summary_features, ridge_classifier_summary_features, nearest_centroid_summary_features, small_mlp_features, ridge_classifier_features, nearest_centroid_features",,,,,"valence, arousal",midpoint_as_high,,
docs/roca/eeg_oracle_arch_ablation_valence_raw_a0_a8_current_fold_summary.csv,.csv,64.68,"augmentation_config, target, model, test_subject, n, mae, rmse, pearson, spearman, balanced_accuracy, macro_f1, auroc, dev_mae, dev_rmse, dev_pearson, dev_spearman, dev_sign_acc, true_dev_mean, true_dev_std, pred_dev_mean, pred_dev_std, best_epoch, best_val_rmse_scaled, fit_subjects, val_subjects, outer_train_subjects, y_outer_mean, y_outer_std, final_train_last_loss, oracle_test_checkpoint_selection, arch_config, arch_description",126,"mae: min=0.591604, mean=0.982255, max=1.49556 || rmse: min=0.725019, mean=1.20178, max=1.8027 || pearson: min=0.697976, mean=0.89098, max=0.967756 || balanced_accuracy: min=0.748792, mean=0.886444, max=1 || macro_f1: min=0.676113, mean=0.864888, max=1 || dev_mae: min=0.591604, mean=0.982255, max=1.49556 || dev_rmse: min=0.725019, mean=1.20178, max=1.8027 || dev_pearson: min=-0.462971, mean=0.0725709, max=0.463128 || dev_sign_acc: min=0.34375, mean=0.59003, max=0.78125 || best_val_rmse_scaled: min=0.573571, mean=0.956174, max=1.44592 || final_train_last_loss: min=0.0537333, mean=0.108063, max=0.142316",valence,"eeg_oracle_arch_A0_current, eeg_oracle_arch_A8_no_channel_pos","A0_current, A8_no_channel_pos","Current model config: lite + GN + concat stem + learnable channel position + MHA mixer., Disable learned channel identity embedding.","1, 2, 3, 5, 6, 7, 8, 9, 10, 11, 12, 13, 14, 15, 16, 17, 18, 19, 20, 21",,,,,
docs/roca/eeg_oracle_arch_ablation_arousal_raw_a0_a8_current_fold_summary.csv,.csv,64.52,"augmentation_config, target, model, test_subject, n, mae, rmse, pearson, spearman, balanced_accuracy, macro_f1, auroc, dev_mae, dev_rmse, dev_pearson, dev_spearman, dev_sign_acc, true_dev_mean, true_dev_std, pred_dev_mean, pred_dev_std, best_epoch, best_val_rmse_scaled, fit_subjects, val_subjects, outer_train_subjects, y_outer_mean, y_outer_std, final_train_last_loss, oracle_test_checkpoint_selection, arch_config, arch_description",126,"mae: min=0.750013, mean=1.44644, max=3.24924 || rmse: min=0.943996, mean=1.75397, max=3.6551 || pearson: min=0.320992, mean=0.697135, max=0.919634 || balanced_accuracy: min=0.403226, mean=0.805756, max=1 || macro_f1: min=0.287381, mean=0.764421, max=1 || dev_mae: min=0.750013, mean=1.44644, max=3.24924 || dev_rmse: min=0.943996, mean=1.75397, max=3.6551 || dev_pearson: min=-0.290564, mean=0.0963315, max=0.520545 || dev_sign_acc: min=0.375, mean=0.642609, max=0.9375 || best_val_rmse_scaled: min=0.482493, mean=0.904074, max=1.92255 || final_train_last_loss: min=0.0540019, mean=0.0938879, max=0.137905",arousal,"eeg_oracle_arch_A0_current, eeg_oracle_arch_A8_no_channel_pos","A0_current, A8_no_channel_pos","Current model config: lite + GN + concat stem + learnable channel position + MHA mixer., Disable learned channel identity embedding.","1, 2, 3, 5, 6, 7, 8, 9, 10, 11, 12, 13, 14, 15, 16, 17, 18, 19, 20, 21",,,,,
docs/roca/idare_subject_calibration_model_family_comparison_current_best_ranking.csv,.csv,53.83,"target, k_calibration, model, n, mae, rmse, pearson, spearman, ccc, y_true_mean, y_true_std, y_pred_mean, y_pred_std, residual_mean, residual_std, stimulus_rmse_reference, lift_vs_stimulus_rmse, locked_reference_model, locked_reference_rmse, lift_vs_locked_reference_rmse, rmse_wins_vs_locked, rmse_losses_vs_locked, rmse_win_margin_vs_locked, mean_delta_rmse_model_minus_locked, median_delta_rmse_model_minus_locked, worst_regression_delta_rmse, best_gain_delta_rmse",132,"mae: min=0.900266, mean=1.29189, max=1.88399 || rmse: min=1.15919, mean=1.62686, max=2.39441 || pearson: min=0.548423, mean=0.758792, max=0.887973 || ccc: min=0.548383, mean=0.742536, max=0.881367 || stimulus_rmse_reference: min=1.25639, mean=1.60101, max=1.94594 || lift_vs_stimulus_rmse: min=-0.600478, mean=-0.0258465, max=0.288276 || locked_reference_rmse: min=1.24612, mean=1.5354, max=1.9442 || lift_vs_locked_reference_rmse: min=-0.589862, mean=-0.091455, max=0.0869293 || rmse_wins_vs_locked: min=0, mean=17.5682, max=54 || rmse_losses_vs_locked: min=0, mean=39.7045, max=63 || rmse_win_margin_vs_locked: min=-63, mean=-22.1364, max=45 || mean_delta_rmse_model_minus_locked: min=-0.0914138, mean=0.0860707, max=0.56806 || median_delta_rmse_model_minus_locked: min=-0.0646844, mean=0.0927266, max=0.558879 || worst_regression_delta_rmse: min=0, mean=0.293685, max=1.77156 || best_gain_delta_rmse: min=-0.842293, mean=-0.201233, max=0.238273","arousal, valence","kernel_residual_shrink4, affine_residual_ridge4, affine_residual_ridge1, bias_shrink4, stimulus_only, bias_empirical_bayes, bias_shrink2, bias_shrink1, bias_mean, bias_shrink8, bias_huber, bias_trimmed_mean, bias_median",,,,,,,,
docs/roca/idare_subject_calibration_model_family_comparison_current_main_metrics.csv,.csv,53.83,"target, k_calibration, model, n, mae, rmse, pearson, spearman, ccc, y_true_mean, y_true_std, y_pred_mean, y_pred_std, residual_mean, residual_std, stimulus_rmse_reference, lift_vs_stimulus_rmse, locked_reference_model, locked_reference_rmse, lift_vs_locked_reference_rmse, rmse_wins_vs_locked, rmse_losses_vs_locked, rmse_win_margin_vs_locked, mean_delta_rmse_model_minus_locked, median_delta_rmse_model_minus_locked, worst_regression_delta_rmse, best_gain_delta_rmse",132,"mae: min=0.900266, mean=1.29189, max=1.88399 || rmse: min=1.15919, mean=1.62686, max=2.39441 || pearson: min=0.548423, mean=0.758792, max=0.887973 || ccc: min=0.548383, mean=0.742536, max=0.881367 || stimulus_rmse_reference: min=1.25639, mean=1.60101, max=1.94594 || lift_vs_stimulus_rmse: min=-0.600478, mean=-0.0258465, max=0.288276 || locked_reference_rmse: min=1.24612, mean=1.5354, max=1.9442 || lift_vs_locked_reference_rmse: min=-0.589862, mean=-0.091455, max=0.0869293 || rmse_wins_vs_locked: min=0, mean=17.5682, max=54 || rmse_losses_vs_locked: min=0, mean=39.7045, max=63 || rmse_win_margin_vs_locked: min=-63, mean=-22.1364, max=45 || mean_delta_rmse_model_minus_locked: min=-0.0914138, mean=0.0860707, max=0.56806 || median_delta_rmse_model_minus_locked: min=-0.0646844, mean=0.0927266, max=0.558879 || worst_regression_delta_rmse: min=0, mean=0.293685, max=1.77156 || best_gain_delta_rmse: min=-0.842293, mean=-0.201233, max=0.238273","arousal, valence","stimulus_only, affine_residual_ridge1, affine_residual_ridge4, bias_empirical_bayes, bias_huber, bias_mean, bias_median, bias_shrink1, bias_shrink2, bias_shrink4, bias_shrink8, bias_trimmed_mean, kernel_residual_shrink4",,,,,,,,
docs/roca/idare_subject_calibration_model_family_comparison_smoke_current_best_ranking.csv,.csv,52.59,"target, k_calibration, model, n, mae, rmse, pearson, spearman, ccc, y_true_mean, y_true_std, y_pred_mean, y_pred_std, residual_mean, residual_std, stimulus_rmse_reference, lift_vs_stimulus_rmse, locked_reference_model, locked_reference_rmse, lift_vs_locked_reference_rmse, rmse_wins_vs_locked, rmse_losses_vs_locked, rmse_win_margin_vs_locked, mean_delta_rmse_model_minus_locked, median_delta_rmse_model_minus_locked, worst_regression_delta_rmse, best_gain_delta_rmse",132,"mae: min=0.979361, mean=1.36532, max=2.06501 || rmse: min=1.25156, mean=1.70538, max=2.44009 || pearson: min=0.303359, mean=0.729352, max=0.883403 || ccc: min=0.252941, mean=0.712662, max=0.879269 || stimulus_rmse_reference: min=1.28116, mean=1.8523, max=2.44009 || lift_vs_stimulus_rmse: min=-0.635309, mean=0.146919, max=0.729361 || locked_reference_rmse: min=1.27548, mean=1.63524, max=2.41144 || lift_vs_locked_reference_rmse: min=-0.654507, mean=-0.0701389, max=0.128032 || rmse_wins_vs_locked: min=0, mean=2.75758, max=7 || rmse_losses_vs_locked: min=0, mean=4.51515, max=8 || rmse_win_margin_vs_locked: min=-8, mean=-1.75758, max=6 || mean_delta_rmse_model_minus_locked: min=-0.136182, mean=0.0617001, max=0.622473 || median_delta_rmse_model_minus_locked: min=-0.111598, mean=0.0679795, max=0.687961 || worst_regression_delta_rmse: min=0, mean=0.249947, max=1.65931 || best_gain_delta_rmse: min=-0.658641, mean=-0.129062, max=0.327471","arousal, valence","bias_shrink1, bias_empirical_bayes, bias_shrink2, affine_residual_ridge4, affine_residual_ridge1, bias_mean, bias_trimmed_mean, bias_huber, bias_median, bias_shrink4, stimulus_only, kernel_residual_shrink4, bias_shrink8",,,,,,,,
docs/roca/idare_subject_calibration_model_family_comparison_smoke_current_main_metrics.csv,.csv,52.59,"target, k_calibration, model, n, mae, rmse, pearson, spearman, ccc, y_true_mean, y_true_std, y_pred_mean, y_pred_std, residual_mean, residual_std, stimulus_rmse_reference, lift_vs_stimulus_rmse, locked_reference_model, locked_reference_rmse, lift_vs_locked_reference_rmse, rmse_wins_vs_locked, rmse_losses_vs_locked, rmse_win_margin_vs_locked, mean_delta_rmse_model_minus_locked, median_delta_rmse_model_minus_locked, worst_regression_delta_rmse, best_gain_delta_rmse",132,"mae: min=0.979361, mean=1.36532, max=2.06501 || rmse: min=1.25156, mean=1.70538, max=2.44009 || pearson: min=0.303359, mean=0.729352, max=0.883403 || ccc: min=0.252941, mean=0.712662, max=0.879269 || stimulus_rmse_reference: min=1.28116, mean=1.8523, max=2.44009 || lift_vs_stimulus_rmse: min=-0.635309, mean=0.146919, max=0.729361 || locked_reference_rmse: min=1.27548, mean=1.63524, max=2.41144 || lift_vs_locked_reference_rmse: min=-0.654507, mean=-0.0701389, max=0.128032 || rmse_wins_vs_locked: min=0, mean=2.75758, max=7 || rmse_losses_vs_locked: min=0, mean=4.51515, max=8 || rmse_win_margin_vs_locked: min=-8, mean=-1.75758, max=6 || mean_delta_rmse_model_minus_locked: min=-0.136182, mean=0.0617001, max=0.622473 || median_delta_rmse_model_minus_locked: min=-0.111598, mean=0.0679795, max=0.687961 || worst_regression_delta_rmse: min=0, mean=0.249947, max=1.65931 || best_gain_delta_rmse: min=-0.658641, mean=-0.129062, max=0.327471","arousal, valence","stimulus_only, affine_residual_ridge1, affine_residual_ridge4, bias_empirical_bayes, bias_huber, bias_mean, bias_median, bias_shrink1, bias_shrink2, bias_shrink4, bias_shrink8, bias_trimmed_mean, kernel_residual_shrink4",,,,,,,,
docs/roca/eeg_gaussian10_valence_full_loso_fold_summary_current.csv,.csv,28.84,"augmentation_config, target, model, test_subject, n, mae, rmse, pearson, spearman, balanced_accuracy, macro_f1, auroc, dev_mae, dev_rmse, dev_pearson, dev_spearman, dev_sign_acc, true_dev_mean, true_dev_std, pred_dev_mean, pred_dev_std, best_epoch, best_val_rmse_scaled, fit_subjects, val_subjects, outer_train_subjects, y_outer_mean, y_outer_std, final_train_last_loss",63,"mae: min=0.620403, mean=1.02588, max=1.56923 || rmse: min=0.791348, mean=1.24171, max=1.82239 || pearson: min=0.709551, mean=0.890133, max=0.967139 || balanced_accuracy: min=0.787879, mean=0.884701, max=0.972222 || macro_f1: min=0.740891, mean=0.862254, max=0.968719 || dev_mae: min=0.620403, mean=1.02588, max=1.56923 || dev_rmse: min=0.791348, mean=1.24171, max=1.82239 || dev_pearson: min=-0.397443, mean=0.0397636, max=0.374096 || dev_sign_acc: min=0.3125, mean=0.513393, max=0.78125 || best_val_rmse_scaled: min=0.852137, mean=0.995515, max=1.23732 || final_train_last_loss: min=0.397756, mean=0.431449, max=0.446893",valence,eeg_bc_residual_huber_norm_gaussian10_valence_full_loso,,,"1, 2, 3, 5, 6, 7, 8, 9, 10, 11, 12, 13, 14, 15, 16, 17, 18, 19, 20, 21",,,,,
docs/roca/eeg_gaussian10_full_loso_fold_summary_current.csv,.csv,28.17,"augmentation_config, target, model, test_subject, n, mae, rmse, pearson, spearman, balanced_accuracy, macro_f1, auroc, dev_mae, dev_rmse, dev_pearson, dev_spearman, dev_sign_acc, true_dev_mean, true_dev_std, pred_dev_mean, pred_dev_std, best_epoch, best_val_rmse_scaled, fit_subjects, val_subjects, outer_train_subjects, y_outer_mean, y_outer_std, final_train_last_loss",63,"mae: min=0.746341, mean=1.61435, max=3.38146 || rmse: min=0.980977, mean=1.9292, max=3.77885 || pearson: min=0.3369, mean=0.698328, max=0.905554 || balanced_accuracy: min=0.560729, mean=0.804585, max=0.978261 || macro_f1: min=0.333333, mean=0.752826, max=0.964563 || dev_mae: min=0.746341, mean=1.61435, max=3.38146 || dev_rmse: min=0.980977, mean=1.9292, max=3.77885 || dev_pearson: min=-0.385654, mean=0.0162363, max=0.32218 || dev_sign_acc: min=0.09375, mean=0.494048, max=0.875 || best_val_rmse_scaled: min=0.828159, mean=0.984399, max=1.2342 || final_train_last_loss: min=0.347885, mean=0.428526, max=0.450861",arousal,eeg_bc_residual_huber_norm_gaussian10_full_loso,,,"1, 2, 3, 5, 6, 7, 8, 9, 10, 11, 12, 13, 14, 15, 16, 17, 18, 19, 20, 21",,,,,
docs/idare_wave0_branch_registry.csv,.csv,6.38,"branch_id, wave, git_branch, docs_prefix, status, parallel_group, can_start_after, chat_owner, main_question, scope, authorized_runs, dependencies, must_not_do, subbranches_or_cells",12,,,,,,,,,,,
docs/idare_label_semantics_alternative_formulation_pair_guardrails.csv,.csv,1.07,"guardrail_id, rule, failure_action, rationale",7,,,,,,,,,,,
docs/idare_label_semantics_minimal_redesigned_task_metric_conflict_audit.csv,.csv,0.91,"modality, task, mean_spearman_rho, delta_mae_positive_is_better, delta_rmse_positive_is_better, mean_q33_bal_acc, mean_permutation_control_spearman, metric_conflict_flags, confirmability",4,"delta_mae_positive_is_better: min=-0.0213869, mean=-0.015249, max=-0.00372601 || delta_rmse_positive_is_better: min=-0.0801157, mean=-0.0371173, max=-0.00654232 || mean_q33_bal_acc: min=0.477479, mean=0.497771, max=0.507052",,,,,,,"valence, arousal",,,
docs/idare_label_semantics_alternative_pairwise_feature_representation_patch_first_pass_run_matrix.csv,.csv,29.09,"objective_run_id, selected_formulation, patch_candidate_id, feature_set_id, model, training_category, modality, task, fold, train_subjects, val_subjects, include_predictions, authorized_status",96,,,"random_balanced_no_training, majority_train_label_no_training, ridge_classifier_pairwise_feature_patch, logistic_regression_pairwise_feature_patch",,,,"1, 2, 3, 4, 5, 6",arousal,,,
docs/idare_label_semantics_alternative_pairwise_feature_representation_patch_smoke_decision_matrix.csv,.csv,0.8,"requirement_id, check, status, evidence",6,,,,,,,,,,,
docs/idare_label_semantics_alternative_pairwise_target_sampling_rethink_smoke_plan.csv,.csv,1.07,"test_id, name, purpose, pass_criterion",6,,,,,,,,,,,
docs/idare_label_semantics_alternative_pairwise_minimal_first_pass_runs.csv,.csv,15.59,"objective_run_id, model, training_category, modality, task, fold, n_train_pairs, n_val_pairs, accuracy, balanced_accuracy, macro_f1, pred_positive_rate, one_class_pred, subject_overlap, pair_overlap, leakage_guard_pass",96,"accuracy: min=0.486629, mean=0.506347, max=0.549977 || balanced_accuracy: min=0.486629, mean=0.506347, max=0.549977 || macro_f1: min=0.333333, mean=0.464677, max=0.549977",,"random_balanced_no_training, majority_train_label_no_training, logistic_regression_pairwise_summary_diff, ridge_classifier_pairwise_summary_diff",,,,"1, 2, 3, 4, 5, 6","valence, arousal",,,
docs/idare_label_semantics_alternative_pairwise_minimal_first_pass_metric_summary.csv,.csv,4.22,"model, training_category, modality, task, n_runs, mean_balanced_accuracy, std_balanced_accuracy, min_balanced_accuracy, max_balanced_accuracy, mean_macro_f1, mean_accuracy, mean_pred_positive_rate, one_class_pred_count, folds_over_055_bal_acc, folds_under_045_bal_acc, mean_majority_baseline_bal_acc, delta_vs_majority_baseline_bal_acc, mean_random_baseline_bal_acc, delta_vs_random_baseline_bal_acc",16,"mean_balanced_accuracy: min=0.493507, mean=0.506347, max=0.521671 || std_balanced_accuracy: min=0, mean=0.0088886, max=0.0190998 || min_balanced_accuracy: min=0.486629, mean=0.495283, max=0.505394 || max_balanced_accuracy: min=0.5, mean=0.519455, max=0.549977 || mean_macro_f1: min=0.333333, mean=0.464677, max=0.521671 || mean_accuracy: min=0.493507, mean=0.506347, max=0.521671 || folds_over_055_bal_acc: min=0, mean=0, max=0 || folds_under_045_bal_acc: min=0, mean=0, max=0 || mean_majority_baseline_bal_acc: min=0.5, mean=0.5, max=0.5 || delta_vs_majority_baseline_bal_acc: min=-0.00649267, mean=0.00634673, max=0.0216709 || mean_random_baseline_bal_acc: min=0.493507, mean=0.498031, max=0.501244 || delta_vs_random_baseline_bal_acc: min=-0.00124414, mean=0.00831583, max=0.0204268",,"logistic_regression_pairwise_summary_diff, majority_train_label_no_training, random_balanced_no_training, ridge_classifier_pairwise_summary_diff",,,,,"arousal, valence",,,
docs/idare_label_semantics_alternative_pairwise_feature_representation_patch_smoke_expected_outputs.csv,.csv,1.21,"output_id, path, purpose",8,,,,,,,,,,,
docs/idare_label_semantics_alternative_pairwise_feature_patch_archive_or_rethink_evidence_summary.csv,.csv,1.21,"evidence_id, value, interpretation, source",6,,,,,,,,,,,
docs/idare_label_semantics_redesigned_task_metric_debug_fold_signal.csv,.csv,1.1,"modality, task, n_folds, mean_spearman_rho, std_spearman_rho, min_spearman_rho, max_spearman_rho, folds_positive_spearman, folds_over_010_spearman, folds_under_000_spearman, mean_permutation_control_spearman, delta_vs_permutation_spearman, mean_q33_bal_acc, folds_q33_over_050, folds_q33_over_055, fold_signal_interpretation",4,"mean_q33_bal_acc: min=0.477479, mean=0.497771, max=0.507052",,,,,,,"arousal, valence",,,
docs/idare_label_semantics_alternative_pairwise_target_sampling_rethink_smoke_requirements.csv,.csv,1.05,"requirement_id, name, purpose, pass_criterion",6,,,,,,,,,,,
docs/idare_label_semantics_redesigned_task_smoke_decision_matrix.csv,.csv,0.72,"smoke_test, passed, evidence, action_if_failed",6,,,,,,,,,,,
docs/idare_label_semantics_minimal_redesigned_task_first_pass_metric_summary.csv,.csv,2.55,"model, training_category, modality, task, n_runs, mean_spearman_rho, std_spearman_rho, min_spearman_rho, max_spearman_rho, mean_mae_rank_percentile, mean_rmse_rank_percentile, mean_top_bottom_q33_balanced_accuracy, mean_permutation_control_spearman, folds_positive_spearman, folds_over_010_spearman, folds_under_000_spearman, mean_baseline_spearman_rho, mean_baseline_mae, mean_baseline_rmse, delta_vs_mean_baseline_spearman, delta_vs_mean_baseline_mae, delta_vs_mean_baseline_rmse",8,"mean_mae_rank_percentile: min=0.252453, mean=0.260872, max=0.27384 || mean_rmse_rank_percentile: min=0.290605, mean=0.310141, max=0.372675 || mean_top_bottom_q33_balanced_accuracy: min=0.477479, mean=0.498885, max=0.507052 || mean_baseline_mae: min=0.252453, mean=0.253247, max=0.254041 || mean_baseline_rmse: min=0.290605, mean=0.291582, max=0.292559 || delta_vs_mean_baseline_mae: min=-0.0213869, mean=-0.00762451, max=0 || delta_vs_mean_baseline_rmse: min=-0.0801157, mean=-0.0185587, max=0",,"mean_baseline_no_training, ridge_regression_summary_features",,,,,"arousal, valence",,,
docs/idare_label_semantics_alternative_pairwise_feature_representation_patch_smoke_requirements.csv,.csv,1.15,"requirement_id, requirement, pass_condition, failure_action",6,,,,,,,,,,,
docs/idare_label_semantics_redesigned_task_fold_audit.csv,.csv,1.73,"modality, task, fold, n_train_subjects, n_val_subjects, n_train_rows, n_val_rows, subject_overlap, row_overlap, val_target_n, val_target_std, fold_leakage_passed, target_distribution_passed",24,,,,,,,"1, 2, 3, 4, 5, 6","valence, arousal",,,
docs/idare_label_semantics_task_redesign_metric_plan.csv,.csv,1.52,"metric, role, definition, direction, pass_rule_for_future_minimal_training, reason",6,,,,,,,,,,,
docs/idare_label_semantics_alternative_pairwise_target_sampling_rethink_design_constraints.csv,.csv,0.57,"constraint_id, constraint, rationale",5,,,,,,,,,,,
docs/idare_label_semantics_alternative_pairwise_feature_patch_archive_scope.csv,.csv,0.73,"scope_id, component, decision, reason",4,,,,,,,,,,,
docs/idare_label_semantics_alternative_pairwise_feature_representation_patch_reproducibility_plan.csv,.csv,0.82,"item_id, requirement, target_path, status",5,,,,,,,,,,,
docs/idare_label_semantics_alternative_pairwise_feature_patch_archive_closeout_stop_criteria.csv,.csv,0.37,"criterion_id, criterion, observed, met",4,,,,,,,,,,,
docs/idare_label_semantics_alternative_pairwise_failure_or_metric_debug_questions.csv,.csv,2.03,"question_id, question, primary_inputs, required_output",6,,,,,,,,,,,
docs/idare_label_semantics_alternative_pairwise_target_sampling_rethink_fold_locality_audit.csv,.csv,0.91,"task, fold, n_train_subjects, n_validation_subjects, subject_overlap_count, within_subject_only, cross_fold_pairs_constructed, validation_subjects, pass",12,,,,,,,"1, 2, 3, 4, 5, 6","arousal, valence",,,
docs/idare_label_semantics_alternative_pairwise_formulation_archive_manifest.csv,.csv,1.21,"manifest_id, artifact, role, status",8,,,,,,,,,,,
docs/idare_label_semantics_alternative_pairwise_feature_representation_patch_run_matrix.csv,.csv,29.18,"objective_run_id, selected_formulation, patch_candidate_id, feature_set_id, model, training_category, modality, task, fold, train_subjects, val_subjects, include_predictions, authorized_status",96,,,"random_balanced_no_training, majority_train_label_no_training, ridge_classifier_pairwise_feature_patch, logistic_regression_pairwise_feature_patch",,,,"1, 2, 3, 4, 5, 6",arousal,,,
docs/idare_label_semantics_alternative_pairwise_target_sampling_rethink_archive_scope.csv,.csv,0.52,"scope_id, item, archive_if",4,,,,,,,,,,,
docs/idare_label_semantics_alternative_pairwise_feature_patch_archive_status.csv,.csv,0.66,"status_id, component, archive_status, rationale",4,,,,,,,,,,,
docs/idare_label_semantics_alternative_pairwise_target_sampling_rethink_next_options.csv,.csv,0.47,"option_id, next_option, allowed_after_review, recommended, objective",4,,,,,,,,,,,
docs/idare_label_semantics_alternative_formulation_smoke_test_plan.csv,.csv,1.62,"smoke_id, name, scope, purpose, pass_criteria, output_expected",6,,,,,,,,,,,
docs/idare_label_semantics_alternative_pairwise_target_sampling_subject_concentration_audit.csv,.csv,0.15,"subject_id, best_model, best_modality, best_task, subject_concentration_issue",1,,,,,,,,,,unavailable,
docs/idare_label_semantics_alternative_formulation_pair_metric_sanity.csv,.csv,0.19,"case, balanced_accuracy, macro_f1, expected_behavior_pass",4,"balanced_accuracy: min=0.46, mean=0.60925, max=1 || macro_f1: min=0.333333, mean=0.567577, max=1",,,,,,,,,,
docs/idare_broader_eval_emg_feature_only_primary_predictions.csv,.csv,693.73,"run_id, task, policy, recipe, fold_id, seed, cache_row, subject_id, trial_id, window_id, y_true, y_pred, prob1",5000,,,,,,,,"valence, arousal",midpoint_as_high,"6, 7, 8, 13, 28, 38, 43, 54, 58, 59, 65, 2, 5, 11, 17, 26, 31, 34, 44, 46","ce_class_weighted, balanced_sampler_ce"
docs/idare_label_semantics_alternative_pairwise_feature_representation_patch_first_pass_subject_lift_summary.csv,.csv,8.83,"feature_set_id, model, subject, n_pairs, best_accuracy, majority_accuracy, subject_delta_vs_majority_accuracy, positive_lift",63,"best_accuracy: min=0.342365, mean=0.528531, max=0.706897 || majority_accuracy: min=0.430524, mean=0.557403, max=0.693717 || subject_delta_vs_majority_accuracy: min=-0.315271, mean=-0.0288728, max=0.143836",,ridge_classifier_pairwise_feature_patch,,,,,,,,
docs/idare_label_semantics_alternative_pairwise_feature_representation_patch_pair_target_audit.csv,.csv,0.34,"task, subject_col, trial_col, label_col, n_index_rows, n_subjects, total_within_subject_pairs_including_ties, non_tie_within_subject_pairs, canonical_positive_pairs, canonical_positive_rate, subjects_with_non_tie_pairs, same_subject_only_by_construction, pass",1,,,,,,,,arousal,,,
docs/idare_label_semantics_alternative_pairwise_target_sampling_rethink_archive_closeout_stop_criteria.csv,.csv,0.41,"criterion_id, criterion, satisfied",4,,,,,,,,,,,
docs/idare_label_semantics_alternative_pairwise_target_sampling_audit_scope.csv,.csv,0.5,"scope_id, item, authorized, notes",5,,,,,,,,,,,
docs/idare_label_semantics_alternative_pairwise_target_sampling_rethink_input_map.csv,.csv,0.88,"input_id, path, role, required",7,,,,,,,,,,,
docs/idare_label_semantics_redesigned_task_smoke_test_plan.csv,.csv,1.23,"smoke_test, required, purpose, pass_condition, blocked_if_fail",6,,,,,,,,,,,
docs/idare_label_semantics_alternative_pairwise_target_sampling_rethink_decision_tree.csv,.csv,0.49,"branch, next_step, training_authorized",5,,,,,,,,,,,
docs/idare_label_semantics_alternative_pairwise_feature_representation_patch_first_pass_metric_thresholds.csv,.csv,0.66,"threshold_id, metric, comparison, decision",5,,,,,,,,,,,
docs/idare_label_semantics_alternative_pairwise_target_sampling_rethink_pair_count_audit.csv,.csv,0.81,"task, fold, margin_threshold, train_raw_pairs, train_balanced_pairs, validation_raw_pairs, min_training_balanced_pairs_required, min_validation_pairs_required, train_subjects_with_pairs, validation_subjects_with_pairs, pass",12,,,,,,,"1, 2, 3, 4, 5, 6","arousal, valence",,,
docs/idare_label_semantics_alternative_formulation_pair_target_audit.csv,.csv,0.65,"task, margin, n_subjects, n_trials, rating_unique_values, rating_min, rating_max, total_possible_pairs, unique_pairs_kept, oriented_pairs_if_counterbalanced, tie_or_ambiguous_pairs_excluded, retention_rate, subjects_with_zero_pairs, min_pairs_per_subject, median_pairs_per_subject, max_pairs_per_subject, canonical_positive_rate, counterbalanced_positive_rate, continuous_or_ordered_rating_available, target_construction_pass, status",2,,,,,,,,"valence, arousal",,,
docs/idare_label_semantics_alternative_pairwise_target_sampling_rethink_spec_requirements.csv,.csv,0.62,"requirement_id, requirement, why",6,,,,,,,,,,,
docs/idare_label_semantics_alternative_pairwise_failure_or_metric_debug_scope.csv,.csv,0.5,"scope_id, authorized, item, notes",5,,,,,,,,,,,
docs/idare_label_semantics_alternative_pairwise_feature_patch_archive_closeout_next_option_policy.csv,.csv,0.46,"policy_id, next_option, allowed, timing, notes",4,,,,,,,,,,,
docs/idare_label_semantics_alternative_pairwise_formulation_reference_baseline_status.csv,.csv,0.61,"reference_id, formulation, status, best_modality, best_task, best_model, mean_balanced_accuracy, delta_vs_majority_baseline_bal_acc, claim_allowed, rerun_allowed, use_as_future_comparator",3,"mean_balanced_accuracy: min=0.521671, mean=0.521671, max=0.521671 || delta_vs_majority_baseline_bal_acc: min=0.0216709, mean=0.0216709, max=0.0216709",,,,,,,,,,
docs/idare_label_semantics_alternative_pairwise_target_sampling_audit_input_map.csv,.csv,1.08,"input_id, path, role, required",8,,,,,,,,,,,
docs/idare_label_semantics_alternative_pairwise_feature_representation_patch_feature_shape_audit.csv,.csv,0.6,"feature_set_id, expected_in_spec, window_rows, n_features, finite_fraction, finite_count, total_values, min, max, mean_abs, pass",4,,,,,,,,,,,
docs/idare_label_semantics_alternative_pairwise_minimal_first_pass_run_matrix.csv,.csv,26.97,"objective_run_id, formulation_id, model, training_category, feature_source, modality, task, fold, loso_fold_count, pair_scope, target_type, authorized, notes",96,,,"random_balanced_no_training, majority_train_label_no_training, logistic_regression_pairwise_summary_diff, ridge_classifier_pairwise_summary_diff",,,,"1, 2, 3, 4, 5, 6","valence, arousal",,,
docs/idare_label_semantics_alternative_pairwise_feature_patch_archive_or_rethink_expected_outputs.csv,.csv,0.71,"output_id, path, purpose",5,,,,,,,,,,,
docs/idare_label_semantics_alternative_pairwise_target_sampling_rethink_smoke_decision_matrix.csv,.csv,0.62,"check_id, check_name, status, required_for_pass, interpretation",6,,,,,,,,,,,
docs/idare_label_semantics_redesigned_task_smoke_guard_patch_plan.csv,.csv,0.65,"patch_item, current_behavior, patched_behavior, why, training_authorized",3,,,,,,,,,,,
docs/idare_label_semantics_redesigned_task_archive_scope_decision.csv,.csv,1.17,"scope_id, archived_item, decision, archive_status_after_review, reason, evidence, not_archived",3,,,,,,,,,,,
docs/idare_label_semantics_alternative_pairwise_minimal_first_pass_guardrails.csv,.csv,0.97,"guardrail_id, rule, failure_action, rationale",6,,,,,,,,,,,
docs/idare_label_semantics_alternative_pairwise_target_sampling_metric_alignment.csv,.csv,1.32,"model, modality, task, mean_balanced_accuracy, delta_vs_majority_baseline_bal_acc, folds_over_055_bal_acc, task_pair_count_cv, corr_n_val_pairs_vs_balanced_accuracy, metric_strength, sampling_alignment_flag",8,"mean_balanced_accuracy: min=0.50707, mean=0.513678, max=0.521671 || delta_vs_majority_baseline_bal_acc: min=0.00706975, mean=0.013678, max=0.0216709 || folds_over_055_bal_acc: min=0, mean=0, max=0 || corr_n_val_pairs_vs_balanced_accuracy: min=-0.73088, mean=-0.0649656, max=0.474832",,"logistic_regression_pairwise_summary_diff, ridge_classifier_pairwise_summary_diff",,,,,"arousal, valence",,,
docs/idare_label_semantics_alternative_pairwise_feature_representation_patch_candidate_matrix.csv,.csv,1.08,"candidate_id, scope, feature_patch, why_allowed, risk, priority",4,,,,,,,,,,,
docs/idare_label_semantics_alternative_pairwise_failure_or_metric_debug_input_map.csv,.csv,1.02,"input_id, path, role, required",7,,,,,,,,,,,
docs/idare_label_semantics_task_candidate_matrix.csv,.csv,2.15,"candidate, decision_type, scientific_value, evidence_for, evidence_against, main_risk, training_authorized, recommended_role",6,,,,,,,,,,,
docs/idare_label_semantics_alternative_pairwise_formulation_closeout_decision_tree.csv,.csv,0.47,"decision_id, condition, observed, decision",5,,,,,,,,,,,
docs/idare_label_semantics_alternative_pairwise_feature_representation_patch_smoke_input_map.csv,.csv,0.75,"input_id, path, role, required",6,,,,,,,,,,,
docs/idare_label_semantics_alternative_formulation_pair_baseline_control.csv,.csv,0.21,"task, canonical_majority_baseline, counterbalanced_majority_baseline, position_shortcut_risk, baseline_control_pass",2,,,,,,,,"valence, arousal",,,
docs/idare_label_semantics_alternative_pairwise_feature_patch_archive_closeout_manifest_seed.csv,.csv,1.02,"manifest_id, artifact, role, closeout_status",7,,,,,,,,,,,
docs/idare_label_semantics_alternative_formulation_design_constraints.csv,.csv,1.23,"constraint_id, constraint, rationale, pass_condition",5,,,,,,,,,,,
docs/idare_label_semantics_alternative_pairwise_formulation_reference_policy.csv,.csv,0.57,"policy_id, policy, meaning, applies_to",4,,,,,,,,,"reference_baseline_only, no_rerun_without_new_objective, future_ablation_anchor, claim_blocked",,
docs/idare_label_semantics_alternative_formulation_pair_balance_audit.csv,.csv,0.33,"task, scope, unique_pairs_kept, oriented_pairs_if_counterbalanced, retention_rate, canonical_positive_rate, counterbalanced_positive_rate, min_val_pairs_per_fold, pair_balance_pass",2,,,,,,,,"valence, arousal",,,
docs/idare_label_semantics_alternative_pairwise_feature_representation_patch_metric_thresholds.csv,.csv,0.66,"threshold_id, metric, comparison, decision",5,,,,,,,,,,,
docs/idare_label_semantics_alternative_pairwise_feature_patch_next_options_after_archive.csv,.csv,0.57,"rank, next_option, type, allowed_after_review, why, allowed_after_archive_closeout",4,,,,,,,,,,,
docs/idare_label_semantics_redesigned_task_archive_status.csv,.csv,1.17,"archive_id, branch_or_formulation, archive_status, archive_date_utc, decision, diagnosis, reason, training_status, model_search_status, reopen_policy",3,,,,,,,,,,,
docs/idare_label_semantics_redesigned_task_metric_debug_metric_decomposition.csv,.csv,1.51,"modality, task, n_folds, mean_spearman_rho, mean_permutation_control_spearman, delta_vs_permutation_spearman, mean_q33_bal_acc, mean_mae, mean_baseline_mae, delta_mae_positive_is_better, mean_rmse, mean_baseline_rmse, delta_rmse_positive_is_better, metric_conflict_type, metric_debug_interpretation",4,"mean_q33_bal_acc: min=0.477479, mean=0.497771, max=0.507052 || mean_mae: min=0.257767, mean=0.268496, max=0.27384 || mean_baseline_mae: min=0.252453, mean=0.253247, max=0.254041 || delta_mae_positive_is_better: min=-0.0213869, mean=-0.015249, max=-0.00372601 || mean_rmse: min=0.297147, mean=0.328699, max=0.372675 || mean_baseline_rmse: min=0.290605, mean=0.291582, max=0.292559 || delta_rmse_positive_is_better: min=-0.0801157, mean=-0.0371173, max=-0.00654232",,,,,,,"arousal, valence",,,
docs/idare_label_semantics_alternative_pairwise_feature_representation_patch_smoke_decision_tree.csv,.csv,0.89,"decision_id, condition, decision, future_objective",5,,,,,,,,,,,
docs/idare_label_semantics_alternative_pairwise_target_sampling_rethink_fix_decision_matrix.csv,.csv,0.9,"option_id, allowed_now, selected, decision, reason",5,,,,,,,,,,,
docs/idare_label_semantics_alternative_pairwise_minimal_first_pass_subject_lift_summary.csv,.csv,89.31,"objective_run_id, model, modality, task, fold, subject, n_val_pairs, balanced_accuracy, accuracy",1008,"balanced_accuracy: min=0.29717, mean=0.506625, max=0.694761 || accuracy: min=0.29717, mean=0.506625, max=0.694761",,"random_balanced_no_training, majority_train_label_no_training, logistic_regression_pairwise_summary_diff, ridge_classifier_pairwise_summary_diff",,,,"1, 2, 3, 4, 5, 6","valence, arousal",,,
docs/idare_label_semantics_alternative_pairwise_feature_representation_patch_first_pass_expected_outputs.csv,.csv,1.22,"output_id, path, purpose",8,,,,,,,,,,,
docs/idare_label_semantics_alternative_pairwise_target_sampling_rethink_guardrails.csv,.csv,0.48,"guardrail_id, rule, enforced_value",6,,,,,,,,,,,
docs/idare_label_semantics_minimal_redesigned_task_first_pass_subject_error_summary.csv,.csv,51.4,"model, modality, task, fold, subject_id, n, mean_abs_error, rmse, target_mean, pred_mean",504,"rmse: min=0.266454, mean=0.303016, max=2.20198",,"mean_baseline_no_training, ridge_regression_summary_features",,,,"1, 2, 3, 4, 5, 6","arousal, valence",,"6, 7, 8, 13, 28, 38, 43, 54, 58, 59, 65, 2, 5, 11, 17, 26, 31, 34, 44, 46",
docs/idare_label_semantics_redesigned_task_smoke_guard_patch_requirements.csv,.csv,0.96,"requirement_id, requirement, reason, pass_condition",5,,,,,,,,,,,
docs/idare_label_semantics_alternative_pairwise_target_sampling_rethink_smoke_guardrails.csv,.csv,0.63,"guardrail_id, rule, enforced_value",7,,,,,,,,,,,
docs/idare_label_semantics_redesigned_task_metric_debug_questions.csv,.csv,2.62,"question_id, question, required_inputs, required_output, decision_use",6,,,,,,,,,,,
docs/idare_label_semantics_alternative_pairwise_target_sampling_fold_balance_audit.csv,.csv,1.5,"task, fold, n_val_pairs, task_mean_n_val_pairs, ratio_to_task_mean, task_pair_count_cv, task_pair_count_ratio_range, learned_mean_balanced_accuracy_in_fold, pair_count_flag",12,"learned_mean_balanced_accuracy_in_fold: min=0.489286, mean=0.513678, max=0.531584",,,,,,"1, 2, 3, 4, 5, 6","arousal, valence",,,
docs/idare_label_semantics_alternative_pairwise_feature_representation_patch_smoke_feature_guardrails.csv,.csv,0.69,"guardrail_id, guardrail, implementation_check",7,,,,,,,,,,,
docs/idare_label_semantics_task_redesign_future_run_matrix.csv,.csv,9.69,"planned_run_id, model, modality, task, fold, target, authorized_now, requires_prior_objective, notes",48,,subject_relative_ordinal_affect_regression_v1,"mean_baseline_no_training, ridge_regression_summary_features",,,,"1, 2, 3, 4, 5, 6","valence, arousal",,,
docs/idare_label_semantics_alternative_pairwise_target_sampling_rethink_archive_closeout_manifest_seed.csv,.csv,1.07,"manifest_id, artifact, role, archive_status",7,,,,,,,,,,,
docs/idare_label_semantics_redesigned_task_next_options_after_archive.csv,.csv,0.76,"option_id, option, status_after_archive, recommended, next_objective, constraints",4,,,,,,,,,,,
docs/idare_label_semantics_alternative_pairwise_target_sampling_audit_guardrails.csv,.csv,0.44,"guardrail_id, rule, enforced_value",6,,,,,,,,,,,
docs/idare_label_semantics_alternative_pairwise_formulation_next_options_after_closeout.csv,.csv,0.62,"option_id, next_option, allowed_after_human_review, recommended, reason",4,,,,,,,,,,,
docs/idare_label_semantics_minimal_redesigned_task_subject_error_audit.csv,.csv,44.68,"model, modality, task, subject_id, mean_error, max_error, n_rows, hard_subject_flag",504,,,"ridge_regression_summary_features, mean_baseline_no_training",,,,,"valence, arousal",,"56, 34, 9, 3, 1, 38, 7, 48, 62, 10, 2, 21, 23, 17, 45, 58, 52, 54, 40, 30",
docs/idare_label_semantics_minimal_redesigned_task_cell_decision_matrix.csv,.csv,1.76,"modality, task, n_folds, mean_spearman_rho, std_spearman_rho, min_spearman_rho, max_spearman_rho, folds_positive_spearman, folds_over_010_spearman, folds_under_000_spearman, mean_mae, mean_rmse, mean_baseline_mae, mean_baseline_rmse, delta_vs_mean_baseline_mae_positive_is_better, delta_vs_mean_baseline_rmse_positive_is_better, mean_q33_bal_acc, mean_permutation_control_spearman, decision, reason",4,"mean_mae: min=0.257767, mean=0.268496, max=0.27384 || mean_rmse: min=0.297147, mean=0.328699, max=0.372675 || mean_baseline_mae: min=0.252453, mean=0.253247, max=0.254041 || mean_baseline_rmse: min=0.290605, mean=0.291582, max=0.292559 || delta_vs_mean_baseline_mae_positive_is_better: min=-0.0213869, mean=-0.015249, max=-0.00372601 || delta_vs_mean_baseline_rmse_positive_is_better: min=-0.0801157, mean=-0.0371173, max=-0.00654232 || mean_q33_bal_acc: min=0.477479, mean=0.497771, max=0.507052",,,,,,,"valence, arousal",,,
docs/idare_label_semantics_alternative_pairwise_target_sampling_rethink_expected_outputs.csv,.csv,0.78,"output_id, path, purpose",6,,,,,,,,,,,
docs/idare_label_semantics_minimal_redesigned_task_first_pass_guardrails.csv,.csv,0.67,"guardrail, requirement, blocked_if_violated",6,,,,,,,,,,,
docs/idare_label_semantics_alternative_pairwise_target_sampling_rethink_fix_or_archive_evidence_summary.csv,.csv,0.84,"evidence_id, metric, value, interpretation",8,,,,,,,,,,,
docs/idare_label_semantics_redesigned_task_metric_debug_decision_tree.csv,.csv,1.02,"outcome, criteria, next_objective, allowed",5,,,,,,,,,,,
docs/idare_label_semantics_alternative_formulation_smoke_requirements.csv,.csv,1.27,"smoke_id, name, required, hard_gate, purpose, minimum_required_output",6,,,,,,,,,,,
docs/idare_representation_transfer_failure_summary.csv,.csv,4.34,"source, modality, task, mean_n, mean_n_features, mean_subject_eta_mean, mean_subject_eta_median, mean_subject_eta_max, mean_label_eta_mean, mean_label_eta_median, mean_label_eta_max, mean_subject_to_label_eta_ratio, mean_label_abs_corr_mean, mean_label_abs_corr_max, mean_label_centroid_separation, mean_subject_dominance_flag, candidate_id, n_runs, mean_macro_f1, std_macro_f1, macro_f1_range, folds_under_050, folds_over_055",24,"mean_macro_f1: min=0.482039, mean=0.507722, max=0.530375 || std_macro_f1: min=0.00854467, mean=0.027076, max=0.0400832 || macro_f1_range: min=0.0234045, mean=0.0693487, max=0.10868",,,,,,,"arousal, valence",,,
docs/idare_label_semantics_alternative_pairwise_feature_representation_patch_first_pass_decision_matrix.csv,.csv,0.74,"threshold_id, metric, observed, pass, decision",5,,,,,,,,,,,
docs/idare_label_semantics_alternative_pairwise_feature_patch_archive_closeout_scope.csv,.csv,1.02,"scope_id, component, closeout_decision, evidence, reason",4,,,,,,,,,,,
docs/idare_label_semantics_alternative_pairwise_feature_representation_patch_fold_locality_audit.csv,.csv,0.48,"fold, n_train_rows, n_val_rows, n_train_subjects, n_val_subjects, subject_overlap_count, scaler_fit_scope, pass",6,,,,,,,"1, 2, 3, 4, 5, 6",,,,
docs/idare_label_semantics_redesigned_task_archive_scope.csv,.csv,1.16,"scope_id, item, scope_type, archive_recommendation, reason, evidence, does_not_archive",3,,,,,,,,,,,
docs/idare_label_semantics_alternative_pairwise_formulation_closeout_evidence_summary.csv,.csv,1.45,"evidence_id, branch, evidence, diagnosis, key_result, interpretation",6,,,,,,,,,,,
docs/idare_label_semantics_minimal_redesigned_task_fold_instability_audit.csv,.csv,3.34,"objective_run_id, modality, task, fold, spearman_rho, mae, rmse, q33_bal_acc, permutation_control_spearman, flags",24,"mae: min=0.247756, mean=0.268496, max=0.368253 || rmse: min=0.287934, mean=0.328699, max=0.749649 || q33_bal_acc: min=0.42005, mean=0.497771, max=0.562228",,,,,,"2, 6, 3, 1, 4, 5","arousal, valence",,,
docs/idare_label_semantics_alternative_pairwise_feature_representation_patch_stop_criteria.csv,.csv,0.71,"criterion_id, condition, action",5,,,,,,,,,,,
docs/idare_label_semantics_alternative_pairwise_target_sampling_rethink_fix_or_archive_expected_outputs.csv,.csv,0.75,"output_id, path, purpose",5,,,,,,,,,,,
docs/idare_label_semantics_minimal_redesigned_task_first_pass_runs.csv,.csv,13.24,"objective_run_id, planned_run_id, model, training_category, modality, task, fold, target, n_train, n_val, n_train_subjects, n_val_subjects, train_target_mean, val_target_mean, val_target_std, spearman_rho, mae_rank_percentile, rmse_rank_percentile, top_bottom_q33_balanced_accuracy, permutation_control_spearman, pred_min, pred_max, pred_mean",48,"mae_rank_percentile: min=0.247756, mean=0.260872, max=0.368253 || rmse_rank_percentile: min=0.286886, mean=0.310141, max=0.749649 || top_bottom_q33_balanced_accuracy: min=0.42005, mean=0.498885, max=0.562228",subject_relative_ordinal_affect_regression_v1,"mean_baseline_no_training, ridge_regression_summary_features",,,,"1, 2, 3, 4, 5, 6","valence, arousal",,,
docs/idare_label_semantics_alternative_pairwise_feature_representation_patch_guardrails.csv,.csv,0.7,"guardrail_id, rule, required, enforcement",7,,,,,,,,,,,
docs/idare_label_semantics_alternative_pairwise_target_sampling_rethink_reproducibility_audit.csv,.csv,0.57,"audit_id, name, seed, digest_first, digest_second, pass, expected, observed, path, exists",3,,,,,,,,,,,
docs/idare_label_semantics_alternative_pairwise_feature_patch_archive_decision.csv,.csv,0.71,"decision_id, scope, item, decision, reason",4,,,,,,,,,,,
docs/idare_label_semantics_minimal_redesigned_task_first_pass_run_matrix.csv,.csv,17.61,"objective_run_id, planned_run_id, model, modality, task, fold, target, authorized_now, requires_prior_objective, notes, objective, selected_primary_formulation, training_category, blocked_from_expansion",48,,subject_relative_ordinal_affect_regression_v1,"mean_baseline_no_training, ridge_regression_summary_features",,,,"1, 2, 3, 4, 5, 6","valence, arousal",,,
docs/idare_label_semantics_alternative_pairwise_failure_or_metric_debug_cell_audit.csv,.csv,2.08,"model, modality, task, n_runs, mean_balanced_accuracy, std_balanced_accuracy, min_balanced_accuracy, max_balanced_accuracy, mean_macro_f1, delta_vs_majority_baseline_bal_acc, delta_vs_random_baseline_bal_acc, folds_over_055_bal_acc, folds_under_045_bal_acc, one_class_pred_count, interesting_threshold_met, weak_positive_signal, cell_decision",8,"mean_balanced_accuracy: min=0.50707, mean=0.513678, max=0.521671 || std_balanced_accuracy: min=0.00639928, mean=0.0150466, max=0.0190998 || min_balanced_accuracy: min=0.486848, mean=0.495529, max=0.505394 || max_balanced_accuracy: min=0.516241, mean=0.536183, max=0.549977 || mean_macro_f1: min=0.50707, mean=0.513678, max=0.521671 || delta_vs_majority_baseline_bal_acc: min=0.00706975, mean=0.013678, max=0.0216709 || delta_vs_random_baseline_bal_acc: min=0.00785295, mean=0.0156471, max=0.0204268 || folds_over_055_bal_acc: min=0, mean=0, max=0 || folds_under_045_bal_acc: min=0, mean=0, max=0",,"logistic_regression_pairwise_summary_diff, ridge_classifier_pairwise_summary_diff",,,,,"arousal, valence",,,
docs/idare_label_semantics_archive_or_alternative_formulation_final_decision_matrix.csv,.csv,0.93,"decision_option, decision, rationale, next_objective_if_selected, allowed_after_human_review",5,,,,,,,,,,,
docs/idare_label_semantics_redesigned_task_baseline_control_summary.csv,.csv,5.3,"modality, task, fold, control, n_val, spearman_rho, mae_rank_percentile, rmse_rank_percentile, q33_balanced_accuracy_audit, finite_metrics_passed",48,"mae_rank_percentile: min=0.248589, mean=0.294762, max=0.36075 || rmse_rank_percentile: min=0.288381, mean=0.351824, max=0.439833 || q33_balanced_accuracy_audit: min=0.42948, mean=0.497703, max=0.567406",,,,,,"1, 2, 3, 4, 5, 6","valence, arousal",,,
docs/idare_label_semantics_redesigned_task_future_matrix_manual_audit.csv,.csv,0.88,"check, finding, expected, passed, interpretation",6,,,,,,,,,,,
docs/idare_label_semantics_alternative_pairwise_feature_patch_rethink_option_matrix.csv,.csv,0.72,"option_id, description, allowed_next, requires_new_training, risk, recommended",5,,,,,,,,,,,
docs/idare_label_semantics_alternative_pairwise_target_sampling_rethink_fix_or_archive_decision_tree.csv,.csv,0.52,"branch, decision, training_authorized",5,,,,,,,,,,,
docs/idare_label_semantics_task_redesign_or_stop_decision_matrix.csv,.csv,0.82,"decision, verdict, reason, next_step_allowed",5,,,,,,,,,,,
docs/idare_label_semantics_redesigned_task_archive_manifest.csv,.csv,2.52,"manifest_id, artifact_group, artifact_path, archive_role, retain, archive_status, closeout_note",11,,,,,,,,,,,
docs/idare_label_semantics_alternative_pairwise_target_sampling_audit_expected_outputs.csv,.csv,0.81,"output_id, path, purpose",6,,,,,,,,,,,
docs/idare_label_semantics_alternative_pairwise_feature_patch_rethink_decision_matrix.csv,.csv,0.6,"option_id, option, allowed, recommended, training_required, rationale",5,,,,,,,,,,,
docs/idare_label_semantics_redesigned_task_archive_closeout_scope.csv,.csv,1.45,"scope_id, archive_item, archive_action, reason, evidence, not_archived",4,,,,,,,,,,,
docs/idare_label_semantics_alternative_formulation_candidate_constraints.csv,.csv,1.63,"constraint_id, constraint, why_required, minimum_evidence_needed, forbidden_in_next_step",5,,,,,,,,,,,
docs/idare_label_semantics_alternative_pairwise_target_sampling_rethink_candidate_matrix.csv,.csv,0.97,"candidate_id, description, targets_artifact, expected_effect, training_authorized, status",4,,,,,,,,,,,
docs/idare_label_semantics_alternative_pairwise_failure_or_metric_debug_decision_tree.csv,.csv,0.71,"decision_id, condition, decision, current_status",5,,,,,,,,,,,
docs/idare_label_semantics_alternative_pairwise_target_sampling_audit_decision_tree.csv,.csv,0.49,"branch, decision, training_allowed",5,,,,,,,,,,,
docs/idare_label_semantics_alternative_formulation_selected_task_definition.csv,.csv,1.46,"field, value, locked, notes",10,,,,,,,,,,,
docs/idare_label_semantics_alternative_formulation_design_decision_tree.csv,.csv,0.87,"decision_node, question, if_yes, if_no, evidence_required",5,,,,,,,,,,,
docs/idare_label_semantics_redesigned_task_target_audit.csv,.csv,0.54,"modality, task, subject_col, rating_col, n_rows, n_nonmissing_ratings, n_targets, n_subjects, target_min, target_max, target_mean, target_std, degenerate_subjects, target_construction_passed",4,,,,,,,,"valence, arousal",,,
docs/idare_label_semantics_redesigned_task_metric_debug_decision_matrix.csv,.csv,0.96,"decision_option, pass, evidence, interpretation",5,,,,,,,,,,,
docs/idare_label_semantics_alternative_pairwise_failure_or_metric_debug_subject_concentration.csv,.csv,6.87,"model, modality, task, fold, subject, n_val_pairs, subject_balanced_accuracy, majority_subject_bal_acc, subject_delta_vs_majority_bal_acc, positive_lift",63,"subject_balanced_accuracy: min=0.37469, mean=0.523101, max=0.65043 || majority_subject_bal_acc: min=0.5, mean=0.5, max=0.5 || subject_delta_vs_majority_bal_acc: min=-0.12531, mean=0.0231012, max=0.15043",,ridge_classifier_pairwise_summary_diff,,,,"1, 2, 3, 4, 5, 6",arousal,,,
docs/idare_label_semantics_redesigned_task_failed_smoke_summary.csv,.csv,0.17,"smoke_test, passed, evidence, action_if_failed",1,,,,,,,,,,,
docs/idare_label_semantics_alternative_pairwise_feature_representation_patch_first_pass_guardrails.csv,.csv,0.65,"guardrail_id, rule, enforcement",7,,,,,,,,,,,
docs/idare_label_semantics_evidence_gap_audit.csv,.csv,0.79,"evidence_gap, current_state, required_before_training, blocking",5,,,,,,,,,,,
docs/idare_label_semantics_minimal_redesigned_task_first_pass_predictions.csv,.csv,2578.69,"objective_run_id, model, modality, task, fold, source_row_id, subject_id, trial_id, target_rank_percentile, target_subject_z, raw_rating, prediction, abs_error, squared_error, true_top_bottom_q33, pred_top_bottom_by_0p5",5000,,,mean_baseline_no_training,,,,"1, 2, 3, 4, 5, 6","valence, arousal",,"6, 7, 8, 13, 28, 38, 43, 54, 58, 59, 65, 2, 5, 11, 17, 26, 31, 34, 44, 46",
docs/idare_label_semantics_alternative_pairwise_target_sampling_rethink_next_options_after_closeout.csv,.csv,0.59,"option_id, next_option, allowed_after_human_review, recommended, reason",4,,,,,,,,,,,
docs/idare_label_semantics_redesigned_task_archive_closeout_manifest_seed.csv,.csv,0.8,"artifact_group, artifact_path, archive_role, retain",6,,,,,,,,,,,
docs/idare_broader_eval_eeg_stim_bsl_only_primary_predictions.csv,.csv,983.35,"run_id, task, policy, recipe, sampler, fold_id, seed, cache_row, subject_id, stimulus_id, y_true, y_pred, prob1, logit_margin",5000,,,,,,,,"valence, arousal",midpoint_as_high,"6, 7, 8, 13, 28, 38, 43, 54, 58, 59, 65, 2, 5, 11, 17, 26, 31, 34, 44, 46","ce_class_weighted, balanced_sampler_ce"
docs/idare_label_semantics_alternative_pairwise_target_sampling_rethink_smoke_decision_tree.csv,.csv,0.51,"branch, next_step, training_authorized_now",6,,,,,,,,,,,
docs/idare_label_semantics_redesigned_task_failed_smoke_diagnosis.csv,.csv,0.32,"smoke_test, failure_classification, root_cause, actual_spec_problem, actual_forbidden_future_rows, evidence, recommended_action",1,,,,,,,,,,,
docs/idare_label_semantics_alternative_pairwise_minimal_first_pass_predictions.csv,.csv,36208.3,"objective_run_id, model, modality, task, fold, subject, trial_a, trial_b, y_true, y_pred, correct",5000,,,random_balanced_no_training,,,,"1, 2, 3, 4, 5, 6","valence, arousal",,,
docs/idare_label_semantics_alternative_pairwise_feature_representation_patch_first_pass_metric_summary.csv,.csv,4.7,"feature_set_id, model, training_category, n_runs, mean_accuracy, mean_balanced_accuracy, std_balanced_accuracy, min_balanced_accuracy, max_balanced_accuracy, mean_macro_f1, mean_pred_positive_rate, mean_majority_baseline_bal_acc, mean_random_baseline_bal_acc, delta_vs_majority_baseline_bal_acc, delta_vs_random_baseline_bal_acc, folds_over_055_bal_acc, folds_under_045_bal_acc, positive_delta_folds_vs_majority",16,"mean_accuracy: min=0.500226, mean=0.527553, max=0.557158 || mean_balanced_accuracy: min=0.499142, mean=0.506041, max=0.516756 || std_balanced_accuracy: min=0, mean=0.008352, max=0.0190807 || min_balanced_accuracy: min=0.4814, mean=0.494221, max=0.5 || max_balanced_accuracy: min=0.5, mean=0.51911, max=0.539832 || mean_macro_f1: min=0.357741, mean=0.468206, max=0.515598 || mean_majority_baseline_bal_acc: min=0.5, mean=0.5, max=0.5 || mean_random_baseline_bal_acc: min=0.500596, mean=0.501502, max=0.502117 || delta_vs_majority_baseline_bal_acc: min=-0.000858038, mean=0.00604074, max=0.0167558 || delta_vs_random_baseline_bal_acc: min=-0.00287713, mean=0.00453862, max=0.0161597 || folds_over_055_bal_acc: min=0, mean=0, max=0 || folds_under_045_bal_acc: min=0, mean=0, max=0",,"logistic_regression_pairwise_feature_patch, majority_train_label_no_training, random_balanced_no_training, ridge_classifier_pairwise_feature_patch",,,,,,,,
docs/idare_label_semantics_alternative_formulation_metric_plan.csv,.csv,1.45,"metric_id, metric, role, why_aligned, minimum_interesting_signal_for_future_first_pass, failure_condition",6,,,,,,,,,,,
docs/idare_label_semantics_alternative_pairwise_failure_or_metric_debug_metric_alignment.csv,.csv,0.53,"metric, value, threshold_or_context, status",5,,,,,,,,,,,
docs/idare_label_semantics_task_redesign_protocol_matrix.csv,.csv,0.95,"component, locked_rule, leakage_control, review_required",6,,,,,,,,,,,
docs/idare_label_semantics_alternative_pairwise_target_sampling_rethink_archive_closeout_next_option_policy.csv,.csv,0.45,"option_id, option, allowed_after_objective, recommended, notes, allowed_after_closeout_review",4,,,,,,,,,,,
docs/idare_label_semantics_alternative_pairwise_target_sampling_rethink_stop_criteria.csv,.csv,0.7,"criterion_id, criterion, decision",5,,,,,,,,,,,
docs/idare_label_semantics_alternative_pairwise_target_sampling_rethink_selected_rule.csv,.csv,1.08,"rule_id, selected_candidate_id, formulation, task_scope, pair_scope, fold_scope, label_margin_rule, tie_rule, class_balance_rule, validation_rule, sampling_seed, primary_model_for_future_first_pass, feature_set, training_authorized, execution_authorized, status",1,,,,,,,,,,,
docs/idare_label_semantics_redesigned_task_metric_sanity.csv,.csv,0.44,"case, spearman_rho, mae_rank_percentile, rmse_rank_percentile, q33_balanced_accuracy_audit, passed",5,"mae_rank_percentile: min=0, mean=0.213462, max=0.50495 || rmse_rank_percentile: min=0, mean=0.253882, max=0.583095 || q33_balanced_accuracy_audit: min=0, mean=0.614706, max=1",,,,,,,,,,
docs/idare_label_semantics_redesigned_task_archive_closeout_stop_criteria.csv,.csv,0.62,"criterion_id, criterion, status_after_closeout, exception_policy",4,,,,,,,,,,,
docs/idare_label_semantics_alternative_formulation_smoke_reproducibility_audit.csv,.csv,0.68,"check_id, check, path, passed, notes",3,,,,,,,,,,,
docs/idare_label_semantics_alternative_formulation_smoke_plan_seed.csv,.csv,0.86,"smoke_id, name, purpose, pass_signal",5,,,,,,,,,,,
docs/idare_label_semantics_alternative_pairwise_target_sampling_rethink_fix_options.csv,.csv,1.34,"option_id, description, allowed_now, risk, expected_decision",5,,,,,,,,,,,
docs/idare_label_semantics_alternative_pairwise_formulation_branch_status.csv,.csv,0.59,"branch_id, branch, status, reason",4,,,,,,,,,,,
docs/idare_label_semantics_alternative_formulation_pair_fold_audit.csv,.csv,4.17,"task, heldout_subject, n_train_unique_pairs, n_val_unique_pairs, subject_overlap, pair_overlap, reversed_pair_overlap, fold_leakage_pass",126,,,,,,,,"valence, arousal",,,
docs/idare_label_semantics_alternative_formulation_smoke_decision_matrix.csv,.csv,1.07,"smoke_test, passed, evidence, interpretation",6,,,,,,,,,,,
docs/idare_label_semantics_redesigned_task_smoke_guard_audit.csv,.csv,0.72,"check, value, passed, details",7,,,,,,,,,,,
docs/idare_label_semantics_alternative_pairwise_target_sampling_rethink_direction_failure_audit.csv,.csv,1.49,"task, fold, train_balanced_positive_fraction, validation_positive_fraction, validation_imbalance_abs, pass, failure_mode, interpretation",12,,,,,,,"5, 6, 3, 4, 1, 2","arousal, valence",,,
docs/idare_label_semantics_alternative_pairwise_feature_representation_patch_matrix_guard_audit.csv,.csv,0.85,"guard, expected, observed, pass",7,,,,,,,,,,,
docs/idare_label_semantics_alternative_pairwise_feature_patch_next_options_after_closeout.csv,.csv,0.54,"rank, next_option, type, allowed_after_review, why",4,,,,,,,,,,,
docs/idare_label_semantics_alternative_formulation_spec_requirements.csv,.csv,1.08,"section_id, required_section, purpose, minimum_content",6,,,,,,,,,,,
docs/idare_label_semantics_alternative_formulation_stop_criteria.csv,.csv,0.92,"criterion_id, phase, stop_condition, decision, rationale",5,,,,,,,,,,,
docs/idare_label_semantics_alternative_pairwise_minimal_first_pass_metric_thresholds.csv,.csv,0.65,"metric, role, interesting_threshold, failure_threshold",5,,,,,,,,,,,
docs/idare_label_semantics_task_redesign_guardrails.csv,.csv,1.36,"guardrail, rule, why, blocking",8,,,,,,,,,,,
docs/idare_label_semantics_alternative_pairwise_target_sampling_rethink_direction_balance_audit.csv,.csv,1.49,"task, fold, train_positive_pairs_before_balance, train_negative_pairs_before_balance, train_positive_fraction_before_balance, train_balanced_positive_pairs, train_balanced_negative_pairs, train_balanced_positive_fraction, validation_positive_pairs, validation_negative_pairs, validation_positive_fraction, train_direction_pass, validation_direction_pass, pass",12,,,,,,,"1, 2, 3, 4, 5, 6","arousal, valence",,,
docs/idare_label_semantics_archive_or_alternative_formulation_decision_tree.csv,.csv,0.96,"decision_option, recommended, criteria, next_objective_if_selected, allowed_now",5,,,,,,,,,,,
docs/idare_label_semantics_alternative_formulation_requirements.csv,.csv,1.2,"requirement_id, requirement, required_evidence, pass_condition",5,,,,,,,,,,,
docs/idare_label_semantics_alternative_formulation_smoke_expected_outputs.csv,.csv,0.88,"output_id, path, type, required",8,,,,,,,,,,,
docs/idare_label_semantics_alternative_pairwise_feature_patch_archive_or_rethink_decision_tree.csv,.csv,0.49,"node, condition, decision",5,,,,,,,,,,,
docs/idare_label_semantics_redesigned_task_metric_debug_subject_concentration.csv,.csv,2.04,"model, modality, task, subject_column, error_metric, n_rows, n_unique_subjects, mean_subject_mae, median_subject_mae, p90_subject_mae, max_subject_mae, mean_subject_rmse, high_error_rows_at_or_above_p90, top_error_subjects, subject_concentration_interpretation",8,"mean_subject_mae: min=0.252512, mean=0.260846, max=0.27347 || median_subject_mae: min=0.254032, mean=0.257678, max=0.264426 || p90_subject_mae: min=0.258065, mean=0.266172, max=0.292255 || max_subject_mae: min=0.258065, mean=0.493433, max=1.44414 || mean_subject_rmse: min=0.290537, mean=0.303016, max=0.326248",,"mean_baseline_no_training, ridge_regression_summary_features",,,,,"arousal, valence",,,
docs/idare_label_semantics_selected_task_definition.csv,.csv,1.46,"field, value, locked, rationale",9,,,,,,,,,,,
docs/idare_label_semantics_alternative_pairwise_feature_representation_patch_decision_tree.csv,.csv,0.63,"decision_id, condition, decision, current_status",5,,,,,,,,,,,
docs/idare_label_semantics_alternative_pairwise_formulation_closeout_expected_outputs.csv,.csv,0.7,"output_id, expected_output, required, purpose",5,,,,,,,,,,,
docs/idare_broader_eval_emg_bsl_stats_primary_predictions.csv,.csv,704.55,"run_id, task, policy, recipe, fold_id, seed, cache_row, subject_id, stimulus_id, y_true, y_pred, p1",5000,,,,,,,,"valence, arousal",midpoint_as_high,"6, 7, 8, 13, 28, 38, 43, 54, 58, 59, 65, 2, 5, 11, 17, 26, 31, 34, 44, 46","ce_class_weighted, balanced_sampler_ce"
docs/idare_label_semantics_alternative_pairwise_failure_or_metric_debug_fold_audit.csv,.csv,8.24,"objective_run_id, model, modality, task, fold, balanced_accuracy, macro_f1, majority_bal_acc, random_bal_acc, delta_vs_majority_bal_acc, delta_vs_random_bal_acc, above_055, below_045",48,"balanced_accuracy: min=0.486848, mean=0.513678, max=0.549977 || macro_f1: min=0.486848, mean=0.513678, max=0.549977 || majority_bal_acc: min=0.5, mean=0.5, max=0.5 || random_bal_acc: min=0.486629, mean=0.498031, max=0.51045 || delta_vs_majority_bal_acc: min=-0.0131521, mean=0.013678, max=0.0499773 || delta_vs_random_bal_acc: min=-0.016221, mean=0.0156471, max=0.049487",,"logistic_regression_pairwise_summary_diff, ridge_classifier_pairwise_summary_diff",,,,"1, 2, 3, 4, 5, 6","valence, arousal",,,
docs/idare_label_semantics_alternative_pairwise_target_sampling_audit_questions.csv,.csv,1.17,"question_id, question, required_inputs, decision_use",6,,,,,,,,,,,
docs/idare_label_semantics_alternative_pairwise_feature_representation_patch_input_map.csv,.csv,1.12,"input_id, path, role, required",8,,,,,,,,,,,
docs/idare_label_semantics_alternative_pairwise_target_sampling_rethink_archive_manifest.csv,.csv,1.62,"manifest_id, artifact, role, archive_status, closeout_status",10,,,,,,,,,,,
docs/idare_label_semantics_alternative_pairwise_feature_patch_archive_manifest.csv,.csv,1.67,"manifest_id, artifact, role, archive_status, notes",9,,,,,,,,,,,
docs/idare_label_semantics_alternative_pairwise_feature_representation_patch_first_pass_pair_audit.csv,.csv,0.47,"fold, n_train_pairs, n_val_pairs, train_positive_rate, val_positive_rate, n_val_subjects, same_subject_only_by_construction",6,,,,,,,"1, 2, 3, 4, 5, 6",,,,
docs/idare_label_semantics_cross_subject_audit.csv,.csv,23.71,"subject_id, n, mean_rating, std_rating, min_rating, max_rating, global_high_rate, rating_range, global_entropy, sr_valid, sr_high_rate, sr_retention, modality, task",252,,,,,,,,"valence, arousal",,"1, 2, 3, 5, 6, 7, 8, 9, 10, 11, 12, 13, 14, 15, 16, 17, 18, 19, 20, 21",
docs/idare_label_semantics_alternative_pairwise_target_sampling_rethink_margin_threshold_audit.csv,.csv,1.04,"task, fold, target_column, threshold_source, n_train_subjects, n_validation_subjects, n_train_nonzero_margins, margin_threshold, validation_labels_used_for_threshold, pass",12,,,,,,,"1, 2, 3, 4, 5, 6","arousal, valence",,,
docs/idare_label_semantics_alternative_pairwise_minimal_first_pass_expected_outputs.csv,.csv,0.85,"output_id, path, type, required",7,,,,,,,,,,,
docs/idare_label_semantics_alternative_pairwise_formulation_closeout_scope.csv,.csv,0.54,"scope_id, item, action, allowed, rationale",4,,,,,,,,,,,
docs/idare_label_semantics_alternative_pairwise_minimal_first_pass_pair_audit.csv,.csv,0.5,"modality, task, margin, possible_unoriented_pairs, excluded_unoriented_pairs, kept_unoriented_pairs, kept_oriented_pairs, n_subjects, positive_rate, min_oriented_pairs_per_fold, max_oriented_pairs_per_fold, fold_count, feature_dim, leakage_guard_pass",4,,,,,,,,"valence, arousal",,,
docs/idare_label_semantics_alternative_pairwise_target_sampling_rethink_smoke_expected_outputs.csv,.csv,1.14,"output_id, path, purpose",8,,,,,,,,,,,
docs/idare_broader_eval_eeg_bsl_stats_primary_predictions.csv,.csv,704.98,"run_id, task, policy, recipe, fold_id, seed, cache_row, subject_id, stimulus_id, y_true, y_pred, p1",5000,,,,,,,,"valence, arousal",midpoint_as_high,"6, 7, 8, 13, 28, 38, 43, 54, 58, 59, 65, 2, 5, 11, 17, 26, 31, 34, 44, 46","ce_class_weighted, balanced_sampler_ce"
docs/idare_label_semantics_alternative_pairwise_feature_representation_patch_feature_set_definition.csv,.csv,0.97,"feature_set_id, source, modality, task, feature_blocks, role, train_fold_only_fit_required",4,,,,,,,,arousal,,,
docs/idare_label_semantics_alternative_pairwise_target_sampling_rethink_candidate_decision_matrix.csv,.csv,1.1,"candidate_id, description, decision, priority, rationale, training_authorized",4,,,,,,,,,,,
docs/idare_label_semantics_alternative_pairwise_feature_representation_patch_first_pass_runs.csv,.csv,30.6,"objective_run_id, feature_set_id, patch_candidate_id, model, training_category, modality, task, fold, n_train_pairs, n_val_pairs, train_positive_rate, val_positive_rate, accuracy, balanced_accuracy, macro_f1, pred_positive_rate, one_class_pred, scaler, fit_status",96,"accuracy: min=0.489571, mean=0.527553, max=0.582436 || balanced_accuracy: min=0.4814, mean=0.506041, max=0.539832 || macro_f1: min=0.349202, mean=0.468206, max=0.53888",,"random_balanced_no_training, majority_train_label_no_training, ridge_classifier_pairwise_feature_patch, logistic_regression_pairwise_feature_patch",,,,"1, 2, 3, 4, 5, 6",arousal,,,
docs/idare_label_semantics_redesigned_task_fix_or_stop_decision_matrix.csv,.csv,0.66,"decision_option, selected, rationale, next_step, training_authorized",4,,,,,,,,,,,
docs/idare_label_semantics_alternative_pairwise_target_sampling_rethink_archive_status.csv,.csv,0.62,"item_id, item, status, reason",4,,,,,,,,,,,
docs/idare_label_semantics_alternative_formulation_candidate_matrix.csv,.csv,2.06,"candidate_id, candidate_name, target_semantics, why_may_avoid_archived_failure, main_risk, required_smoke_focus, training_authorized, candidate_priority",4,,,,,,,,,,,
docs/idare_label_semantics_alternative_formulation_candidate_decision_matrix.csv,.csv,1.76,"candidate_id, decision, material_difference_from_archived, metric_alignment, expected_benefit, main_risk, required_before_training, selected",4,,,,,,,,,,,
docs/idare_label_semantics_alternative_pairwise_target_sampling_rethink_archive_closeout_scope.csv,.csv,0.54,"scope_id, item, status, reason",4,,,,,,,,,,,
docs/idare_label_semantics_alternative_pairwise_target_sampling_rethink_smoke_input_map.csv,.csv,0.82,"input_id, path, role, required",7,,,,,,,,,,,
docs/idare_label_semantics_alternative_pairwise_feature_representation_patch_protocol_matrix.csv,.csv,0.47,"step_id, step, authorized_now, requires_next_objective, notes",4,,,,,,,,,,,
docs/idare_label_semantics_redesigned_task_patched_smoke_decision_matrix.csv,.csv,0.72,"smoke_test, passed, evidence, action_if_failed",6,,,,,,,,,,,
docs/idare_label_semantics_alternative_pairwise_feature_representation_patch_expected_outputs.csv,.csv,0.95,"output_id, path, purpose",6,,,,,,,,,,,
docs/idare_label_semantics_alternative_pairwise_failure_or_metric_debug_decision_matrix.csv,.csv,0.51,"decision_id, option, status, rationale",5,,,,,,,,,,,
docs/idare_label_semantics_redesigned_task_metric_debug_input_map.csv,.csv,1.12,"input_id, path, role, required",9,,,,,,,,,,,
docs/idare_label_semantics_task_redesign_stop_criteria.csv,.csv,0.73,"condition, action, reason",5,,,,,,,,,,,
docs/idare_label_semantics_alternative_pairwise_target_sampling_decision_matrix.csv,.csv,0.85,"decision_id, check, observed, issue_found, decision",6,,,,,,,,,,,
docs/roca/eeg_oracle_arch_ablation_arousal_raw_a0_a8_current_main_metrics.csv,.csv,2.41,"arch_config, augmentation_config, target, model, n, mae, rmse, pearson, spearman, balanced_accuracy, macro_f1, auroc, dev_mae, dev_rmse, dev_pearson, dev_spearman, dev_sign_acc, true_dev_mean, true_dev_std, pred_dev_mean, pred_dev_std, lift_vs_stimulus_mae, lift_vs_stimulus_rmse, lift_vs_stimulus_pearson, lift_vs_stimulus_spearman, lift_vs_stimulus_balanced_accuracy, lift_vs_stimulus_macro_f1, lift_vs_stimulus_auroc, lift_vs_stimulus_dev_mae, lift_vs_stimulus_dev_rmse, lift_vs_stimulus_dev_pearson, lift_vs_stimulus_dev_spearman, lift_vs_stimulus_dev_sign_acc, lift_vs_stimulus_true_dev_std, lift_vs_stimulus_pred_dev_std",4,"mae: min=1.44492, mean=1.51318, max=1.57993 || rmse: min=1.80435, mean=1.878, max=1.9442 || pearson: min=0.634375, mean=0.664155, max=0.697009 || balanced_accuracy: min=0.768623, mean=0.777815, max=0.792314 || macro_f1: min=0.773911, mean=0.782083, max=0.795277 || dev_mae: min=1.44492, mean=1.51318, max=1.57993 || dev_rmse: min=1.80435, mean=1.878, max=1.9442 || dev_pearson: min=0.354051, mean=0.364082, max=0.374114 || dev_sign_acc: min=0, mean=0.321305, max=0.650298 || lift_vs_stimulus_mae: min=0, mean=0.0667429, max=0.135008 || lift_vs_stimulus_rmse: min=0, mean=0.0662051, max=0.139856 || lift_vs_stimulus_pearson: min=0, mean=0.0297794, max=0.0626334 || lift_vs_stimulus_balanced_accuracy: min=0, mean=0.00919158, max=0.0236905 || lift_vs_stimulus_macro_f1: min=0, mean=0.0081719, max=0.0213659 || lift_vs_stimulus_dev_mae: min=0, mean=0.0667429, max=0.135008 || lift_vs_stimulus_dev_rmse: min=0, mean=0.0662051, max=0.139856 || lift_vs_stimulus_dev_sign_acc: min=0, mean=0.321305, max=0.650298",arousal,"eeg_oracle_arch_A0_current, stimulus_only, eeg_oracle_arch_A8_no_channel_pos","A0_current, A8_no_channel_pos",,,,,,,
docs/roca/eeg_residual_training_smoke_predictions_current.csv,.csv,56.6,"test_subject, stimulus_id, target, model, y_true_score, train_stimulus_mean, true_deviation_from_train_stimulus_mean, y_pred_deviation_raw, y_pred_score_raw, y_pred_score_clipped, y_pred_deviation_clipped, is_top25_train_entropy, is_top25_train_score_std",384,"y_true_score: min=1, mean=4.99479, max=9 || y_pred_score_raw: min=1.5541, mean=4.18929, max=7.73782 || y_pred_score_clipped: min=1.5541, mean=4.18929, max=7.73782",arousal,"stimulus_only, eeg_bc_residual_huber_smoke",,,"1, 2, 3, 5, 6, 7",,,,,
docs/roca/eeg_oracle_arch_ablation_arousal_current_best_ranking.csv,.csv,7.68,"arch_config, augmentation_config, target, model, n, mae, rmse, pearson, spearman, balanced_accuracy, macro_f1, auroc, dev_mae, dev_rmse, dev_pearson, dev_spearman, dev_sign_acc, true_dev_mean, true_dev_std, pred_dev_mean, pred_dev_std, lift_vs_stimulus_mae, lift_vs_stimulus_rmse, lift_vs_stimulus_pearson, lift_vs_stimulus_spearman, lift_vs_stimulus_balanced_accuracy, lift_vs_stimulus_macro_f1, lift_vs_stimulus_auroc, lift_vs_stimulus_dev_mae, lift_vs_stimulus_dev_rmse, lift_vs_stimulus_dev_pearson, lift_vs_stimulus_dev_spearman, lift_vs_stimulus_dev_sign_acc, lift_vs_stimulus_true_dev_std, lift_vs_stimulus_pred_dev_std",12,"mae: min=1.46614, mean=1.47428, max=1.49021 || rmse: min=1.81872, mean=1.83606, max=1.85597 || pearson: min=0.67613, mean=0.683822, max=0.690832 || balanced_accuracy: min=0.777209, mean=0.78135, max=0.787022 || macro_f1: min=0.779821, mean=0.784379, max=0.788588 || dev_mae: min=1.46614, mean=1.47428, max=1.49021 || dev_rmse: min=1.81872, mean=1.83606, max=1.85597 || dev_pearson: min=0.3053, mean=0.332585, max=0.355663 || dev_sign_acc: min=0.611607, mean=0.624504, max=0.639385 || lift_vs_stimulus_mae: min=0.0897166, mean=0.105649, max=0.113789 || lift_vs_stimulus_rmse: min=0.0882377, mean=0.108143, max=0.125483 || lift_vs_stimulus_pearson: min=0.0417544, mean=0.0494466, max=0.0564566 || lift_vs_stimulus_balanced_accuracy: min=0.00858576, mean=0.0127274, max=0.0183988 || lift_vs_stimulus_macro_f1: min=0.00591001, mean=0.0104678, max=0.0146774 || lift_vs_stimulus_dev_mae: min=0.0897166, mean=0.105649, max=0.113789 || lift_vs_stimulus_dev_rmse: min=0.0882377, mean=0.108143, max=0.125483 || lift_vs_stimulus_dev_sign_acc: min=0.611607, mean=0.624504, max=0.639385",arousal,"eeg_oracle_arch_A8_no_channel_pos, eeg_oracle_arch_A2_high_dropout, eeg_oracle_arch_A11_lr_high, eeg_oracle_arch_A6_stem_moe, eeg_oracle_arch_A5_stem_attn, eeg_oracle_arch_A7_no_channel_mha, eeg_oracle_arch_A1_low_dropout, eeg_oracle_arch_A3_batchnorm, eeg_oracle_arch_A9_base_capacity, eeg_oracle_arch_A0_current, eeg_oracle_arch_A4_stem_sum, eeg_oracle_arch_A10_lr_low","A8_no_channel_pos, A2_high_dropout, A11_lr_high, A6_stem_moe, A5_stem_attn, A7_no_channel_mha, A1_low_dropout, A3_batchnorm, A9_base_capacity, A0_current, A4_stem_sum, A10_lr_low",,,,,,,
docs/roca/eeg_oracle_arch_ablation_arousal_smoke_current_main_metrics.csv,.csv,3.21,"arch_config, augmentation_config, target, model, n, mae, rmse, pearson, spearman, balanced_accuracy, macro_f1, auroc, dev_mae, dev_rmse, dev_pearson, dev_spearman, dev_sign_acc, true_dev_mean, true_dev_std, pred_dev_mean, pred_dev_std, lift_vs_stimulus_mae, lift_vs_stimulus_rmse, lift_vs_stimulus_pearson, lift_vs_stimulus_spearman, lift_vs_stimulus_balanced_accuracy, lift_vs_stimulus_macro_f1, lift_vs_stimulus_auroc, lift_vs_stimulus_dev_mae, lift_vs_stimulus_dev_rmse, lift_vs_stimulus_dev_pearson, lift_vs_stimulus_dev_spearman, lift_vs_stimulus_dev_sign_acc, lift_vs_stimulus_true_dev_std, lift_vs_stimulus_pred_dev_std",6,"mae: min=1.53672, mean=1.72007, max=1.84207 || rmse: min=1.92188, mean=2.09166, max=2.1924 || pearson: min=0.540162, mean=0.599518, max=0.686372 || balanced_accuracy: min=0.658782, mean=0.677518, max=0.718033 || macro_f1: min=0.66275, mean=0.682116, max=0.722944 || dev_mae: min=1.53672, mean=1.72007, max=1.84207 || dev_rmse: min=1.92188, mean=2.09166, max=2.1924 || dev_pearson: min=0.528141, mean=0.552171, max=0.578398 || dev_sign_acc: min=0, mean=0.366319, max=0.75 || lift_vs_stimulus_mae: min=0, mean=0.122003, max=0.305349 || lift_vs_stimulus_rmse: min=0, mean=0.10074, max=0.270527 || lift_vs_stimulus_pearson: min=0, mean=0.059356, max=0.14621 || lift_vs_stimulus_balanced_accuracy: min=0, mean=0.0187354, max=0.0592506 || lift_vs_stimulus_macro_f1: min=0, mean=0.0193657, max=0.0601939 || lift_vs_stimulus_dev_mae: min=0, mean=0.122003, max=0.305349 || lift_vs_stimulus_dev_rmse: min=0, mean=0.10074, max=0.270527 || lift_vs_stimulus_dev_sign_acc: min=0, mean=0.366319, max=0.75",arousal,"eeg_oracle_arch_A0_current, stimulus_only, eeg_oracle_arch_A5_stem_attn, eeg_oracle_arch_A7_no_channel_mha","A0_current, A5_stem_attn, A7_no_channel_mha",,,,,,,
docs/roca/eeg_oracle_arch_ablation_arousal_smoke_current_best_ranking.csv,.csv,2.26,"arch_config, augmentation_config, target, model, n, mae, rmse, pearson, spearman, balanced_accuracy, macro_f1, auroc, dev_mae, dev_rmse, dev_pearson, dev_spearman, dev_sign_acc, true_dev_mean, true_dev_std, pred_dev_mean, pred_dev_std, lift_vs_stimulus_mae, lift_vs_stimulus_rmse, lift_vs_stimulus_pearson, lift_vs_stimulus_spearman, lift_vs_stimulus_balanced_accuracy, lift_vs_stimulus_macro_f1, lift_vs_stimulus_auroc, lift_vs_stimulus_dev_mae, lift_vs_stimulus_dev_rmse, lift_vs_stimulus_dev_pearson, lift_vs_stimulus_dev_spearman, lift_vs_stimulus_dev_sign_acc, lift_vs_stimulus_true_dev_std, lift_vs_stimulus_pred_dev_std",3,"mae: min=1.53672, mean=1.59806, max=1.7172 || rmse: min=1.92188, mean=1.99092, max=2.10266 || pearson: min=0.609461, mean=0.658874, max=0.686372 || balanced_accuracy: min=0.658782, mean=0.696253, max=0.718033 || macro_f1: min=0.66275, mean=0.701481, max=0.722944 || dev_mae: min=1.53672, mean=1.59806, max=1.7172 || dev_rmse: min=1.92188, mean=1.99092, max=2.10266 || dev_pearson: min=0.528141, mean=0.552171, max=0.578398 || dev_sign_acc: min=0.708333, mean=0.732639, max=0.75 || lift_vs_stimulus_mae: min=0.124869, mean=0.244005, max=0.305349 || lift_vs_stimulus_rmse: min=0.0897451, mean=0.201479, max=0.270527 || lift_vs_stimulus_pearson: min=0.0692992, mean=0.118712, max=0.14621 || lift_vs_stimulus_balanced_accuracy: min=0, mean=0.0374707, max=0.0592506 || lift_vs_stimulus_macro_f1: min=0, mean=0.0387313, max=0.0601939 || lift_vs_stimulus_dev_mae: min=0.124869, mean=0.244005, max=0.305349 || lift_vs_stimulus_dev_rmse: min=0.0897451, mean=0.201479, max=0.270527 || lift_vs_stimulus_dev_sign_acc: min=0.708333, mean=0.732639, max=0.75",arousal,"eeg_oracle_arch_A7_no_channel_mha, eeg_oracle_arch_A0_current, eeg_oracle_arch_A5_stem_attn","A7_no_channel_mha, A0_current, A5_stem_attn",,,,,,,
docs/roca/eeg_residual_training_smoke_subset_metrics_current.csv,.csv,2.01,"target, subset, model, n, mae, rmse, pearson, spearman, balanced_accuracy, macro_f1, auroc, dev_mae, dev_rmse, dev_pearson, dev_spearman, dev_sign_acc, pred_dev_std, lift_vs_stimulus_mae, lift_vs_stimulus_rmse, lift_vs_stimulus_pearson, lift_vs_stimulus_spearman, lift_vs_stimulus_balanced_accuracy, lift_vs_stimulus_macro_f1, lift_vs_stimulus_auroc, lift_vs_stimulus_dev_mae, lift_vs_stimulus_dev_rmse, lift_vs_stimulus_dev_pearson, lift_vs_stimulus_dev_spearman, lift_vs_stimulus_dev_sign_acc, lift_vs_stimulus_pred_dev_std",4,"mae: min=1.78528, mean=1.93908, max=2.07262 || rmse: min=1.95894, mean=2.25426, max=2.54749 || pearson: min=0.259024, mean=0.298613, max=0.358822 || balanced_accuracy: min=0.616402, mean=0.619048, max=0.621693 || macro_f1: min=0.607504, mean=0.612651, max=0.617799 || dev_mae: min=1.78528, mean=1.93908, max=2.07262 || dev_rmse: min=1.95894, mean=2.25426, max=2.54749 || dev_pearson: min=-0.144821, mean=-0.0745519, max=-0.00428245 || dev_sign_acc: min=0, mean=0.239583, max=0.479167 || lift_vs_stimulus_mae: min=-0.0459457, mean=-0.0128398, max=0 || lift_vs_stimulus_rmse: min=-0.0786446, mean=-0.0382781, max=0 || lift_vs_stimulus_pearson: min=-0.0460123, mean=-0.0126963, max=0 || lift_vs_stimulus_balanced_accuracy: min=0, mean=0, max=0 || lift_vs_stimulus_macro_f1: min=0, mean=0, max=0 || lift_vs_stimulus_dev_mae: min=-0.0459457, mean=-0.0128398, max=0 || lift_vs_stimulus_dev_rmse: min=-0.0786446, mean=-0.0382781, max=0 || lift_vs_stimulus_dev_sign_acc: min=0, mean=0.239583, max=0.479167",arousal,"eeg_bc_residual_huber_smoke, stimulus_only",,,,,,,,
docs/roca/eeg_residual_sign_aux_smoke_history_current.csv,.csv,12.73,"epoch, train_loss, train_huber, train_bce, val_rmse_scaled, val_bce, val_objective, stage, test_subject, target, auxiliary, y_fit_mean, y_fit_std, early_stop, y_outer_mean, y_outer_std",72,"train_loss: min=0.282744, mean=0.530444, max=0.624794 || val_rmse_scaled: min=0.905395, mean=1.09467, max=1.4513",arousal,,,,"1, 2, 3, 5, 6, 7",,,,,
docs/roca/eeg_oracle_arch_ablation_arousal_current_main_metrics.csv,.csv,11.56,"arch_config, augmentation_config, target, model, n, mae, rmse, pearson, spearman, balanced_accuracy, macro_f1, auroc, dev_mae, dev_rmse, dev_pearson, dev_spearman, dev_sign_acc, true_dev_mean, true_dev_std, pred_dev_mean, pred_dev_std, lift_vs_stimulus_mae, lift_vs_stimulus_rmse, lift_vs_stimulus_pearson, lift_vs_stimulus_spearman, lift_vs_stimulus_balanced_accuracy, lift_vs_stimulus_macro_f1, lift_vs_stimulus_auroc, lift_vs_stimulus_dev_mae, lift_vs_stimulus_dev_rmse, lift_vs_stimulus_dev_pearson, lift_vs_stimulus_dev_spearman, lift_vs_stimulus_dev_sign_acc, lift_vs_stimulus_true_dev_std, lift_vs_stimulus_pred_dev_std",24,"mae: min=1.46614, mean=1.5271, max=1.57993 || rmse: min=1.81872, mean=1.89013, max=1.9442 || pearson: min=0.634375, mean=0.659099, max=0.690832 || balanced_accuracy: min=0.768623, mean=0.774987, max=0.787022 || macro_f1: min=0.773911, mean=0.779145, max=0.788588 || dev_mae: min=1.46614, mean=1.5271, max=1.57993 || dev_rmse: min=1.81872, mean=1.89013, max=1.9442 || dev_pearson: min=0.3053, mean=0.332585, max=0.355663 || dev_sign_acc: min=0, mean=0.312252, max=0.639385 || lift_vs_stimulus_mae: min=0, mean=0.0528245, max=0.113789 || lift_vs_stimulus_rmse: min=0, mean=0.0540715, max=0.125483 || lift_vs_stimulus_pearson: min=0, mean=0.0247233, max=0.0564566 || lift_vs_stimulus_balanced_accuracy: min=0, mean=0.00636368, max=0.0183988 || lift_vs_stimulus_macro_f1: min=0, mean=0.00523388, max=0.0146774 || lift_vs_stimulus_dev_mae: min=0, mean=0.0528245, max=0.113789 || lift_vs_stimulus_dev_rmse: min=0, mean=0.0540715, max=0.125483 || lift_vs_stimulus_dev_sign_acc: min=0, mean=0.312252, max=0.639385",arousal,"eeg_oracle_arch_A0_current, stimulus_only, eeg_oracle_arch_A10_lr_low, eeg_oracle_arch_A11_lr_high, eeg_oracle_arch_A1_low_dropout, eeg_oracle_arch_A2_high_dropout, eeg_oracle_arch_A3_batchnorm, eeg_oracle_arch_A4_stem_sum, eeg_oracle_arch_A5_stem_attn, eeg_oracle_arch_A6_stem_moe, eeg_oracle_arch_A7_no_channel_mha, eeg_oracle_arch_A8_no_channel_pos, eeg_oracle_arch_A9_base_capacity","A0_current, A10_lr_low, A11_lr_high, A1_low_dropout, A2_high_dropout, A3_batchnorm, A4_stem_sum, A5_stem_attn, A6_stem_moe, A7_no_channel_mha, A8_no_channel_pos, A9_base_capacity",,,,,,,
docs/roca/eeg_oracle_arch_ablation_arousal_smoke_current_predictions.csv,.csv,133.85,"test_subject, stimulus_id, target, augmentation_config, model, y_true_score, train_stimulus_mean, true_deviation_from_train_stimulus_mean, y_pred_deviation_raw, y_pred_score_raw, y_pred_score_clipped, y_pred_deviation_clipped, arch_config, arch_description",576,"y_true_score: min=1, mean=4.65625, max=9 || y_pred_score_raw: min=-0.486046, mean=4.21274, max=7.80356 || y_pred_score_clipped: min=1, mean=4.21598, max=7.80356",arousal,"stimulus_only, eeg_oracle_arch_A0_current, eeg_oracle_arch_A7_no_channel_mha, eeg_oracle_arch_A5_stem_attn","A0_current, A7_no_channel_mha, A5_stem_attn","Current model config: lite + GN + concat stem + learnable channel position + MHA mixer., Disable channel self-attention mixer. Tests whether MHA is noisy/overfitting., Use learned attention over temporal branches.","1, 2, 3",,,,,
docs/roca/eeg_residual_sign_aux_smoke_predictions_current.csv,.csv,68.7,"test_subject, stimulus_id, target, model, y_true_score, train_stimulus_mean, true_deviation_from_train_stimulus_mean, y_pred_deviation_raw, y_pred_score_raw, y_pred_score_clipped, y_pred_deviation_clipped, aux_residual_sign_logit, aux_residual_sign_prob, is_top25_train_entropy, is_top25_train_score_std",384,"y_true_score: min=1, mean=4.99479, max=9 || y_pred_score_raw: min=1.64891, mean=4.29572, max=7.72416 || y_pred_score_clipped: min=1.64891, mean=4.29572, max=7.72416",arousal,"stimulus_only, eeg_bc_residual_huber_norm_residual_sign_aux_smoke",,,"1, 2, 3, 5, 6, 7",,,,,
docs/roca/eeg_oracle_arch_ablation_arousal_raw_a0_a8_current_best_ranking.csv,.csv,1.76,"arch_config, augmentation_config, target, model, n, mae, rmse, pearson, spearman, balanced_accuracy, macro_f1, auroc, dev_mae, dev_rmse, dev_pearson, dev_spearman, dev_sign_acc, true_dev_mean, true_dev_std, pred_dev_mean, pred_dev_std, lift_vs_stimulus_mae, lift_vs_stimulus_rmse, lift_vs_stimulus_pearson, lift_vs_stimulus_spearman, lift_vs_stimulus_balanced_accuracy, lift_vs_stimulus_macro_f1, lift_vs_stimulus_auroc, lift_vs_stimulus_dev_mae, lift_vs_stimulus_dev_rmse, lift_vs_stimulus_dev_pearson, lift_vs_stimulus_dev_spearman, lift_vs_stimulus_dev_sign_acc, lift_vs_stimulus_true_dev_std, lift_vs_stimulus_pred_dev_std",2,"mae: min=1.44492, mean=1.44644, max=1.44796 || rmse: min=1.80435, mean=1.81179, max=1.81924 || pearson: min=0.69086, mean=0.693934, max=0.697009 || balanced_accuracy: min=0.781699, mean=0.787006, max=0.792314 || macro_f1: min=0.785233, mean=0.790255, max=0.795277 || dev_mae: min=1.44492, mean=1.44644, max=1.44796 || dev_rmse: min=1.80435, mean=1.81179, max=1.81924 || dev_pearson: min=0.354051, mean=0.364082, max=0.374114 || dev_sign_acc: min=0.634921, mean=0.642609, max=0.650298 || lift_vs_stimulus_mae: min=0.131963, mean=0.133486, max=0.135008 || lift_vs_stimulus_rmse: min=0.124965, mean=0.13241, max=0.139856 || lift_vs_stimulus_pearson: min=0.0564841, mean=0.0595587, max=0.0626334 || lift_vs_stimulus_balanced_accuracy: min=0.0130758, mean=0.0183832, max=0.0236905 || lift_vs_stimulus_macro_f1: min=0.0113217, mean=0.0163438, max=0.0213659 || lift_vs_stimulus_dev_mae: min=0.131963, mean=0.133486, max=0.135008 || lift_vs_stimulus_dev_rmse: min=0.124965, mean=0.13241, max=0.139856 || lift_vs_stimulus_dev_sign_acc: min=0.634921, mean=0.642609, max=0.650298",arousal,"eeg_oracle_arch_A8_no_channel_pos, eeg_oracle_arch_A0_current","A8_no_channel_pos, A0_current",,,,,,,
docs/roca/eeg_residual_sign_aux_smoke_subset_metrics_current.csv,.csv,2.58,"target, subset, model, n, mae, rmse, pearson, spearman, balanced_accuracy, macro_f1, auroc, dev_mae, dev_rmse, dev_pearson, dev_spearman, dev_sign_acc, true_dev_mean, true_dev_std, pred_dev_mean, pred_dev_std, aux_residual_sign_acc, aux_residual_sign_auroc, lift_vs_stimulus_mae, lift_vs_stimulus_rmse, lift_vs_stimulus_pearson, lift_vs_stimulus_spearman, lift_vs_stimulus_balanced_accuracy, lift_vs_stimulus_macro_f1, lift_vs_stimulus_auroc, lift_vs_stimulus_dev_mae, lift_vs_stimulus_dev_rmse, lift_vs_stimulus_dev_pearson, lift_vs_stimulus_dev_spearman, lift_vs_stimulus_dev_sign_acc, lift_vs_stimulus_true_dev_std, lift_vs_stimulus_pred_dev_std, lift_vs_stimulus_aux_residual_sign_acc, lift_vs_stimulus_aux_residual_sign_auroc",4,"mae: min=1.78528, mean=1.92879, max=2.0672 || rmse: min=1.95894, mean=2.23545, max=2.50707 || pearson: min=0.236836, mean=0.292898, max=0.358822 || balanced_accuracy: min=0.616402, mean=0.619048, max=0.621693 || macro_f1: min=0.607504, mean=0.612651, max=0.617799 || dev_mae: min=1.78528, mean=1.92879, max=2.0672 || dev_rmse: min=1.95894, mean=2.23545, max=2.50707 || dev_pearson: min=-0.111615, mean=-0.0999443, max=-0.0882733 || dev_sign_acc: min=0, mean=0.270833, max=0.541667 || aux_residual_sign_acc: min=0.479167, mean=0.520833, max=0.5625 || lift_vs_stimulus_mae: min=-0.0160992, mean=-0.00254272, max=0.00592832 || lift_vs_stimulus_rmse: min=-0.0438104, mean=-0.0194639, max=0 || lift_vs_stimulus_pearson: min=-0.0466862, mean=-0.0184118, max=0 || lift_vs_stimulus_balanced_accuracy: min=-0.00529101, mean=0, max=0.00529101 || lift_vs_stimulus_macro_f1: min=-0.010295, mean=0, max=0.010295 || lift_vs_stimulus_dev_mae: min=-0.0160992, mean=-0.00254272, max=0.00592832 || lift_vs_stimulus_dev_rmse: min=-0.0438104, mean=-0.0194639, max=0 || lift_vs_stimulus_dev_sign_acc: min=0, mean=0.270833, max=0.541667",arousal,"eeg_bc_residual_huber_norm_residual_sign_aux_smoke, stimulus_only",,,,,,,,
docs/roca/eeg_oracle_arch_ablation_valence_raw_a0_a8_current_history.csv,.csv,689.26,"epoch, train_loss, val_rmse_scaled, augmentation_config, stage, test_subject, target, y_outer_mean, y_outer_std, oracle_test_checkpoint_selection, early_stop, arch_config, arch_description",3105,"train_loss: min=0.0531331, mean=0.259945, max=0.449236 || val_rmse_scaled: min=0.573571, mean=1.15353, max=2.12373",valence,,"A0_current, A8_no_channel_pos","Current model config: lite + GN + concat stem + learnable channel position + MHA mixer., Disable learned channel identity embedding.","1, 2, 3, 5, 6, 7, 8, 9, 10, 11, 12, 13, 14, 15, 16, 17, 18, 19, 20, 21",,,,,
docs/roca/eeg_oracle_arch_ablation_valence_current_best_ranking.csv,.csv,7.78,"arch_config, augmentation_config, target, model, n, mae, rmse, pearson, spearman, balanced_accuracy, macro_f1, auroc, dev_mae, dev_rmse, dev_pearson, dev_spearman, dev_sign_acc, true_dev_mean, true_dev_std, pred_dev_mean, pred_dev_std, lift_vs_stimulus_mae, lift_vs_stimulus_rmse, lift_vs_stimulus_pearson, lift_vs_stimulus_spearman, lift_vs_stimulus_balanced_accuracy, lift_vs_stimulus_macro_f1, lift_vs_stimulus_auroc, lift_vs_stimulus_dev_mae, lift_vs_stimulus_dev_rmse, lift_vs_stimulus_dev_pearson, lift_vs_stimulus_dev_spearman, lift_vs_stimulus_dev_sign_acc, lift_vs_stimulus_true_dev_std, lift_vs_stimulus_pred_dev_std",12,"mae: min=0.968848, mean=0.975646, max=0.991099 || rmse: min=1.20802, mean=1.2164, max=1.22752 || pearson: min=0.873116, mean=0.875578, max=0.877403 || balanced_accuracy: min=0.874237, mean=0.879088, max=0.881713 || macro_f1: min=0.859898, mean=0.865157, max=0.868259 || dev_mae: min=0.968848, mean=0.975646, max=0.991099 || dev_rmse: min=1.20802, mean=1.2164, max=1.22752 || dev_pearson: min=0.220705, mean=0.254741, max=0.278564 || dev_sign_acc: min=0.569444, mean=0.592138, max=0.604663 || lift_vs_stimulus_mae: min=0.0309666, mean=0.0464195, max=0.0532177 || lift_vs_stimulus_rmse: min=0.0302523, mean=0.0413738, max=0.0497532 || lift_vs_stimulus_pearson: min=0.00680844, mean=0.00927114, max=0.0110953 || lift_vs_stimulus_balanced_accuracy: min=-0.00532209, mean=-0.000471463, max=0.00215332 || lift_vs_stimulus_macro_f1: min=-0.00590555, mean=-0.000647304, max=0.00245507 || lift_vs_stimulus_dev_mae: min=0.0309666, mean=0.0464195, max=0.0532177 || lift_vs_stimulus_dev_rmse: min=0.0302523, mean=0.0413738, max=0.0497532 || lift_vs_stimulus_dev_sign_acc: min=0.569444, mean=0.592138, max=0.604663",valence,"eeg_oracle_arch_A8_no_channel_pos, eeg_oracle_arch_A9_base_capacity, eeg_oracle_arch_A11_lr_high, eeg_oracle_arch_A6_stem_moe, eeg_oracle_arch_A5_stem_attn, eeg_oracle_arch_A0_current, eeg_oracle_arch_A1_low_dropout, eeg_oracle_arch_A10_lr_low, eeg_oracle_arch_A7_no_channel_mha, eeg_oracle_arch_A2_high_dropout, eeg_oracle_arch_A4_stem_sum, eeg_oracle_arch_A3_batchnorm","A8_no_channel_pos, A9_base_capacity, A11_lr_high, A6_stem_moe, A5_stem_attn, A0_current, A1_low_dropout, A10_lr_low, A7_no_channel_mha, A2_high_dropout, A4_stem_sum, A3_batchnorm",,,,,,,
docs/roca/eeg_oracle_arch_input_a0_a8_comparison_current.csv,.csv,5.83,"cache, target, arch_config, rmse, lift_vs_stimulus_rmse, balanced_accuracy, macro_f1, auroc, lift_vs_stimulus_auroc, dev_pearson, pred_dev_std, true_dev_std",28,"rmse: min=1.20802, mean=1.52508, max=1.85597 || lift_vs_stimulus_rmse: min=0.0298919, mean=0.0759102, max=0.139856 || balanced_accuracy: min=0.777209, mean=0.830705, max=0.881713 || macro_f1: min=0.779821, mean=0.825254, max=0.868259 || dev_pearson: min=0.216915, mean=0.294039, max=0.374114","arousal, valence",,"A8_no_channel_pos, A2_high_dropout, A11_lr_high, A6_stem_moe, A5_stem_attn, A7_no_channel_mha, A1_low_dropout, A3_batchnorm, A9_base_capacity, A0_current, A4_stem_sum, A10_lr_low",,,,,,,
docs/roca/eeg_residual_training_stabilized_smoke_predictions_current.csv,.csv,59.54,"test_subject, stimulus_id, target, model, y_true_score, train_stimulus_mean, true_deviation_from_train_stimulus_mean, y_pred_deviation_raw, y_pred_score_raw, y_pred_score_clipped, y_pred_deviation_clipped, is_top25_train_entropy, is_top25_train_score_std",384,"y_true_score: min=1, mean=4.99479, max=9 || y_pred_score_raw: min=1.61792, mean=4.20901, max=7.37524 || y_pred_score_clipped: min=1.61792, mean=4.20901, max=7.37524",arousal,"stimulus_only, eeg_bc_residual_huber_norm_stabilized_smoke",,,"1, 2, 3, 5, 6, 7",,,,,
docs/roca/eeg_residual_sign_aux_smoke_fold_summary_current.csv,.csv,3.89,"target, model, test_subject, n, mae, rmse, pearson, spearman, balanced_accuracy, macro_f1, auroc, dev_mae, dev_rmse, dev_pearson, dev_spearman, dev_sign_acc, true_dev_mean, true_dev_std, pred_dev_mean, pred_dev_std, best_epoch, best_val_rmse_scaled, best_val_sign_bce, best_val_objective, fit_subjects, val_subjects, outer_train_subjects, y_outer_mean, y_outer_std, final_train_last_loss, final_train_last_huber, final_train_last_bce, aux_residual_sign_acc, aux_residual_sign_auroc, aux_residual_sign_prob_mean, aux_residual_sign_prob_std",6,"mae: min=1.37179, mean=1.9614, max=3.58184 || rmse: min=1.67775, mean=2.29143, max=3.99926 || pearson: min=0.315184, mean=0.619477, max=0.727445 || balanced_accuracy: min=0.666667, mean=0.736289, max=0.854839 || macro_f1: min=0.333333, mean=0.556976, max=0.722944 || dev_mae: min=1.37179, mean=1.9614, max=3.58184 || dev_rmse: min=1.67775, mean=2.29143, max=3.99926 || dev_pearson: min=-0.152834, mean=0.0510498, max=0.389198 || dev_sign_acc: min=0.125, mean=0.505208, max=0.78125 || best_val_rmse_scaled: min=0.905395, mean=1.01029, max=1.15373 || final_train_last_loss: min=0.590278, mean=0.603509, max=0.620114 || aux_residual_sign_acc: min=0.0625, mean=0.505208, max=0.8125",arousal,eeg_bc_residual_huber_norm_residual_sign_aux_smoke,,,"1, 2, 3, 5, 6, 7",,,,,
docs/roca/eeg_residual_training_stabilized_smoke_fold_summary_current.csv,.csv,2.86,"target, model, test_subject, n, mae, rmse, pearson, spearman, balanced_accuracy, macro_f1, auroc, dev_mae, dev_rmse, dev_pearson, dev_spearman, dev_sign_acc, true_dev_mean, true_dev_std, pred_dev_mean, pred_dev_std, best_epoch, best_val_rmse_scaled, fit_subjects, val_subjects, outer_train_subjects, y_outer_mean, y_outer_std, final_train_last_loss",6,"mae: min=1.26645, mean=1.97717, max=3.27916 || rmse: min=1.56287, mean=2.32635, max=3.70025 || pearson: min=0.327387, mean=0.617454, max=0.744833 || balanced_accuracy: min=0.666667, mean=0.738454, max=0.854839 || macro_f1: min=0.333333, mean=0.556787, max=0.746032 || dev_mae: min=1.26645, mean=1.97717, max=3.27916 || dev_rmse: min=1.56287, mean=2.32635, max=3.70025 || dev_pearson: min=-0.0599217, mean=0.0816738, max=0.357983 || dev_sign_acc: min=0.125, mean=0.458333, max=0.6875 || best_val_rmse_scaled: min=0.917745, mean=1.00871, max=1.15345 || final_train_last_loss: min=0.423693, mean=0.4321, max=0.441316",arousal,eeg_bc_residual_huber_norm_stabilized_smoke,,,"1, 2, 3, 5, 6, 7",,,,,
docs/roca/eeg_oracle_arch_a8_vs_a0_subject_delta_summary_current.csv,.csv,0.79,"target, source, subjects, a8_better_subjects, a8_worse_subjects, a8_equal_subjects, median_delta_rmse_a8_minus_a0, mean_delta_rmse_a8_minus_a0, sum_delta_rmse_a8_minus_a0, worst_a8_regression_subject, worst_a8_regression_delta, best_a8_gain_subject, best_a8_gain_delta",4,"median_delta_rmse_a8_minus_a0: min=-0.0117309, mean=-0.00324457, max=0.0046501 || mean_delta_rmse_a8_minus_a0: min=-0.0198379, mean=-0.00835303, max=0.0061591 || sum_delta_rmse_a8_minus_a0: min=-1.24979, mean=-0.526241, max=0.388023","arousal, valence",,,,,,,,,
docs/roca/eeg_oracle_arch_ablation_valence_current_main_metrics.csv,.csv,11.56,"arch_config, augmentation_config, target, model, n, mae, rmse, pearson, spearman, balanced_accuracy, macro_f1, auroc, dev_mae, dev_rmse, dev_pearson, dev_spearman, dev_sign_acc, true_dev_mean, true_dev_std, pred_dev_mean, pred_dev_std, lift_vs_stimulus_mae, lift_vs_stimulus_rmse, lift_vs_stimulus_pearson, lift_vs_stimulus_spearman, lift_vs_stimulus_balanced_accuracy, lift_vs_stimulus_macro_f1, lift_vs_stimulus_auroc, lift_vs_stimulus_dev_mae, lift_vs_stimulus_dev_rmse, lift_vs_stimulus_dev_pearson, lift_vs_stimulus_dev_spearman, lift_vs_stimulus_dev_sign_acc, lift_vs_stimulus_true_dev_std, lift_vs_stimulus_pred_dev_std",24,"mae: min=0.968848, mean=0.998856, max=1.02207 || rmse: min=1.20802, mean=1.23709, max=1.25777 || pearson: min=0.866307, mean=0.870943, max=0.877403 || balanced_accuracy: min=0.874237, mean=0.879324, max=0.881713 || macro_f1: min=0.859898, mean=0.86548, max=0.868259 || dev_mae: min=0.968848, mean=0.998856, max=1.02207 || dev_rmse: min=1.20802, mean=1.23709, max=1.25777 || dev_pearson: min=0.220705, mean=0.254741, max=0.278564 || dev_sign_acc: min=0, mean=0.296069, max=0.604663 || lift_vs_stimulus_mae: min=0, mean=0.0232097, max=0.0532177 || lift_vs_stimulus_rmse: min=0, mean=0.0206869, max=0.0497532 || lift_vs_stimulus_pearson: min=0, mean=0.00463557, max=0.0110953 || lift_vs_stimulus_balanced_accuracy: min=-0.00532209, mean=-0.000235731, max=0.00215332 || lift_vs_stimulus_macro_f1: min=-0.00590555, mean=-0.000323652, max=0.00245507 || lift_vs_stimulus_dev_mae: min=0, mean=0.0232097, max=0.0532177 || lift_vs_stimulus_dev_rmse: min=0, mean=0.0206869, max=0.0497532 || lift_vs_stimulus_dev_sign_acc: min=0, mean=0.296069, max=0.604663",valence,"eeg_oracle_arch_A0_current, stimulus_only, eeg_oracle_arch_A10_lr_low, eeg_oracle_arch_A11_lr_high, eeg_oracle_arch_A1_low_dropout, eeg_oracle_arch_A2_high_dropout, eeg_oracle_arch_A3_batchnorm, eeg_oracle_arch_A4_stem_sum, eeg_oracle_arch_A5_stem_attn, eeg_oracle_arch_A6_stem_moe, eeg_oracle_arch_A7_no_channel_mha, eeg_oracle_arch_A8_no_channel_pos, eeg_oracle_arch_A9_base_capacity","A0_current, A10_lr_low, A11_lr_high, A1_low_dropout, A2_high_dropout, A3_batchnorm, A4_stem_sum, A5_stem_attn, A6_stem_moe, A7_no_channel_mha, A8_no_channel_pos, A9_base_capacity",,,,,,,
docs/roca/eeg_oracle_arch_ablation_valence_raw_a0_a8_current_best_ranking.csv,.csv,1.78,"arch_config, augmentation_config, target, model, n, mae, rmse, pearson, spearman, balanced_accuracy, macro_f1, auroc, dev_mae, dev_rmse, dev_pearson, dev_spearman, dev_sign_acc, true_dev_mean, true_dev_std, pred_dev_mean, pred_dev_std, lift_vs_stimulus_mae, lift_vs_stimulus_rmse, lift_vs_stimulus_pearson, lift_vs_stimulus_spearman, lift_vs_stimulus_balanced_accuracy, lift_vs_stimulus_macro_f1, lift_vs_stimulus_auroc, lift_vs_stimulus_dev_mae, lift_vs_stimulus_dev_rmse, lift_vs_stimulus_dev_pearson, lift_vs_stimulus_dev_spearman, lift_vs_stimulus_dev_sign_acc, lift_vs_stimulus_true_dev_std, lift_vs_stimulus_pred_dev_std",2,"mae: min=0.979912, mean=0.982255, max=0.984598 || rmse: min=1.2212, mean=1.22454, max=1.22788 || pearson: min=0.873056, mean=0.873787, max=0.874519 || balanced_accuracy: min=0.879591, mean=0.880237, max=0.880883 || macro_f1: min=0.865347, mean=0.866084, max=0.866821 || dev_mae: min=0.979912, mean=0.982255, max=0.984598 || dev_rmse: min=1.2212, mean=1.22454, max=1.22788 || dev_pearson: min=0.216915, mean=0.228508, max=0.240102 || dev_sign_acc: min=0.589286, mean=0.59003, max=0.590774 || lift_vs_stimulus_mae: min=0.0374673, mean=0.0398102, max=0.0421531 || lift_vs_stimulus_rmse: min=0.0298919, mean=0.0332309, max=0.0365698 || lift_vs_stimulus_pearson: min=0.00674871, mean=0.0074801, max=0.00821149 || lift_vs_stimulus_balanced_accuracy: min=3.17331e-05, mean=0.000677728, max=0.00132372 || lift_vs_stimulus_macro_f1: min=-0.000456821, mean=0.00028017, max=0.00101716 || lift_vs_stimulus_dev_mae: min=0.0374673, mean=0.0398102, max=0.0421531 || lift_vs_stimulus_dev_rmse: min=0.0298919, mean=0.0332309, max=0.0365698 || lift_vs_stimulus_dev_sign_acc: min=0.589286, mean=0.59003, max=0.590774",valence,"eeg_oracle_arch_A0_current, eeg_oracle_arch_A8_no_channel_pos","A0_current, A8_no_channel_pos",,,,,,,
docs/roca/eeg_residual_sign_aux_smoke_main_metrics_current.csv,.csv,1.7,"target, model, n, mae, rmse, pearson, spearman, balanced_accuracy, macro_f1, auroc, dev_mae, dev_rmse, dev_pearson, dev_spearman, dev_sign_acc, true_dev_mean, true_dev_std, pred_dev_mean, pred_dev_std, aux_residual_sign_acc, aux_residual_sign_auroc, aux_residual_sign_prob_mean, aux_residual_sign_prob_std, lift_vs_stimulus_mae, lift_vs_stimulus_rmse, lift_vs_stimulus_pearson, lift_vs_stimulus_spearman, lift_vs_stimulus_balanced_accuracy, lift_vs_stimulus_macro_f1, lift_vs_stimulus_auroc, lift_vs_stimulus_dev_mae, lift_vs_stimulus_dev_rmse, lift_vs_stimulus_dev_pearson, lift_vs_stimulus_dev_spearman, lift_vs_stimulus_dev_sign_acc, lift_vs_stimulus_true_dev_std, lift_vs_stimulus_pred_dev_std, lift_vs_stimulus_aux_residual_sign_acc, lift_vs_stimulus_aux_residual_sign_auroc",2,"mae: min=1.93624, mean=1.94882, max=1.9614 || rmse: min=2.38301, mean=2.41249, max=2.44197 || pearson: min=0.415687, mean=0.428499, max=0.441312 || balanced_accuracy: min=0.627998, mean=0.628717, max=0.629435 || macro_f1: min=0.62673, mean=0.627764, max=0.628798 || dev_mae: min=1.93624, mean=1.94882, max=1.9614 || dev_rmse: min=2.38301, mean=2.41249, max=2.44197 || dev_pearson: min=-0.16711, mean=-0.16711, max=-0.16711 || dev_sign_acc: min=0, mean=0.252604, max=0.505208 || aux_residual_sign_acc: min=0.505208, mean=0.505208, max=0.505208 || lift_vs_stimulus_mae: min=-0.0251574, mean=-0.0125787, max=0 || lift_vs_stimulus_rmse: min=-0.0589571, mean=-0.0294785, max=0 || lift_vs_stimulus_pearson: min=-0.0256247, mean=-0.0128123, max=0 || lift_vs_stimulus_balanced_accuracy: min=0, mean=0.00071847, max=0.00143694 || lift_vs_stimulus_macro_f1: min=0, mean=0.00103402, max=0.00206804 || lift_vs_stimulus_dev_mae: min=-0.0251574, mean=-0.0125787, max=0 || lift_vs_stimulus_dev_rmse: min=-0.0589571, mean=-0.0294785, max=0 || lift_vs_stimulus_dev_sign_acc: min=0, mean=0.252604, max=0.505208",arousal,"eeg_bc_residual_huber_norm_residual_sign_aux_smoke, stimulus_only",,,,,,,,
docs/roca/eeg_oracle_arch_ablation_valence_raw_a0_a8_current_main_metrics.csv,.csv,2.41,"arch_config, augmentation_config, target, model, n, mae, rmse, pearson, spearman, balanced_accuracy, macro_f1, auroc, dev_mae, dev_rmse, dev_pearson, dev_spearman, dev_sign_acc, true_dev_mean, true_dev_std, pred_dev_mean, pred_dev_std, lift_vs_stimulus_mae, lift_vs_stimulus_rmse, lift_vs_stimulus_pearson, lift_vs_stimulus_spearman, lift_vs_stimulus_balanced_accuracy, lift_vs_stimulus_macro_f1, lift_vs_stimulus_auroc, lift_vs_stimulus_dev_mae, lift_vs_stimulus_dev_rmse, lift_vs_stimulus_dev_pearson, lift_vs_stimulus_dev_spearman, lift_vs_stimulus_dev_sign_acc, lift_vs_stimulus_true_dev_std, lift_vs_stimulus_pred_dev_std",4,"mae: min=0.979912, mean=1.00216, max=1.02207 || rmse: min=1.2212, mean=1.24116, max=1.25777 || pearson: min=0.866307, mean=0.870047, max=0.874519 || balanced_accuracy: min=0.879559, mean=0.879898, max=0.880883 || macro_f1: min=0.865347, mean=0.865944, max=0.866821 || dev_mae: min=0.979912, mean=1.00216, max=1.02207 || dev_rmse: min=1.2212, mean=1.24116, max=1.25777 || dev_pearson: min=0.216915, mean=0.228508, max=0.240102 || dev_sign_acc: min=0, mean=0.295015, max=0.590774 || lift_vs_stimulus_mae: min=0, mean=0.0199051, max=0.0421531 || lift_vs_stimulus_rmse: min=0, mean=0.0166154, max=0.0365698 || lift_vs_stimulus_pearson: min=0, mean=0.00374005, max=0.00821149 || lift_vs_stimulus_balanced_accuracy: min=0, mean=0.000338864, max=0.00132372 || lift_vs_stimulus_macro_f1: min=-0.000456821, mean=0.000140085, max=0.00101716 || lift_vs_stimulus_dev_mae: min=0, mean=0.0199051, max=0.0421531 || lift_vs_stimulus_dev_rmse: min=0, mean=0.0166154, max=0.0365698 || lift_vs_stimulus_dev_sign_acc: min=0, mean=0.295015, max=0.590774",valence,"eeg_oracle_arch_A0_current, stimulus_only, eeg_oracle_arch_A8_no_channel_pos","A0_current, A8_no_channel_pos",,,,,,,
docs/roca/eeg_residual_training_smoke_fold_summary_current.csv,.csv,2.11,"target, model, test_subject, n, mae, rmse, pearson, spearman, balanced_accuracy, macro_f1, auroc, dev_mae, dev_rmse, dev_pearson, dev_spearman, dev_sign_acc, pred_dev_std, best_epoch, best_val_dev_rmse, fit_subjects, val_subjects, outer_train_subjects, final_train_last_loss",6,"mae: min=1.15769, mean=1.98703, max=3.55842 || rmse: min=1.43675, mean=2.32248, max=3.95912 || pearson: min=0.321458, mean=0.611949, max=0.737282 || balanced_accuracy: min=0.666667, mean=0.738454, max=0.854839 || macro_f1: min=0.333333, mean=0.556787, max=0.746032 || dev_mae: min=1.15769, mean=1.98703, max=3.55842 || dev_rmse: min=1.43675, mean=2.32248, max=3.95912 || dev_pearson: min=-0.135288, mean=0.084652, max=0.422622 || dev_sign_acc: min=0.0625, mean=0.453125, max=0.8125 || best_val_dev_rmse: min=1.74544, mean=1.95348, max=2.22868 || final_train_last_loss: min=1.04765, mean=1.12654, max=1.15391",arousal,eeg_bc_residual_huber_smoke,,,"1, 2, 3, 5, 6, 7",,,,,
docs/roca/eeg_oracle_arch_ablation_valence_current_history.csv,.csv,4126.53,"epoch, train_loss, val_rmse_scaled, augmentation_config, stage, test_subject, target, y_outer_mean, y_outer_std, oracle_test_checkpoint_selection, early_stop, arch_config, arch_description",5000,"train_loss: min=0.0308455, mean=0.255292, max=0.458098 || val_rmse_scaled: min=0.582902, mean=1.12823, max=2.32409",valence,,"A0_current, A1_low_dropout, A2_high_dropout, A3_batchnorm","Current model config: lite + GN + concat stem + learnable channel position + MHA mixer., Same as current, but lower regularization. Tests underfitting., Same as current, but higher regularization. Tests overfitting/noisy checkpointing., Swap GroupNorm to BatchNorm inside temporal blocks/stem.","1, 2, 3, 5, 6, 7, 8, 9, 10, 11, 12, 13, 14, 15, 16, 17, 18, 19, 20, 21",,,,,
docs/roca/eeg_residual_training_stabilized_smoke_subset_metrics_current.csv,.csv,2.29,"target, subset, model, n, mae, rmse, pearson, spearman, balanced_accuracy, macro_f1, auroc, dev_mae, dev_rmse, dev_pearson, dev_spearman, dev_sign_acc, true_dev_mean, true_dev_std, pred_dev_mean, pred_dev_std, lift_vs_stimulus_mae, lift_vs_stimulus_rmse, lift_vs_stimulus_pearson, lift_vs_stimulus_spearman, lift_vs_stimulus_balanced_accuracy, lift_vs_stimulus_macro_f1, lift_vs_stimulus_auroc, lift_vs_stimulus_dev_mae, lift_vs_stimulus_dev_rmse, lift_vs_stimulus_dev_pearson, lift_vs_stimulus_dev_spearman, lift_vs_stimulus_dev_sign_acc, lift_vs_stimulus_true_dev_std, lift_vs_stimulus_pred_dev_std",4,"mae: min=1.78528, mean=1.93996, max=2.0672 || rmse: min=1.95894, mean=2.23928, max=2.47752 || pearson: min=0.263797, mean=0.30712, max=0.358822 || balanced_accuracy: min=0.616402, mean=0.619048, max=0.621693 || macro_f1: min=0.607504, mean=0.612651, max=0.617799 || dev_mae: min=1.78528, mean=1.93996, max=2.0672 || dev_rmse: min=1.95894, mean=2.23928, max=2.47752 || dev_pearson: min=-0.175044, mean=0.0344294, max=0.243903 || dev_sign_acc: min=0, mean=0.244792, max=0.520833 || lift_vs_stimulus_mae: min=-0.0640035, mean=-0.0137212, max=0.00911875 || lift_vs_stimulus_rmse: min=-0.0886725, mean=-0.0232917, max=0 || lift_vs_stimulus_pearson: min=-0.0650046, mean=-0.0041895, max=0.0482466 || lift_vs_stimulus_balanced_accuracy: min=0, mean=0, max=0 || lift_vs_stimulus_macro_f1: min=0, mean=0, max=0 || lift_vs_stimulus_dev_mae: min=-0.0640035, mean=-0.0137212, max=0.00911875 || lift_vs_stimulus_dev_rmse: min=-0.0886725, mean=-0.0232917, max=0 || lift_vs_stimulus_dev_sign_acc: min=0, mean=0.244792, max=0.520833",arousal,"eeg_bc_residual_huber_norm_stabilized_smoke, stimulus_only",,,,,,,,
docs/roca/eeg_residual_training_stabilized_smoke_main_metrics_current.csv,.csv,1.39,"target, model, n, mae, rmse, pearson, spearman, balanced_accuracy, macro_f1, auroc, dev_mae, dev_rmse, dev_pearson, dev_spearman, dev_sign_acc, true_dev_mean, true_dev_std, pred_dev_mean, pred_dev_std, lift_vs_stimulus_mae, lift_vs_stimulus_rmse, lift_vs_stimulus_pearson, lift_vs_stimulus_spearman, lift_vs_stimulus_balanced_accuracy, lift_vs_stimulus_macro_f1, lift_vs_stimulus_auroc, lift_vs_stimulus_dev_mae, lift_vs_stimulus_dev_rmse, lift_vs_stimulus_dev_pearson, lift_vs_stimulus_dev_spearman, lift_vs_stimulus_dev_sign_acc, lift_vs_stimulus_true_dev_std, lift_vs_stimulus_pred_dev_std",2,"mae: min=1.93624, mean=1.9567, max=1.97717 || rmse: min=2.38301, mean=2.41329, max=2.44358 || pearson: min=0.441312, mean=0.442664, max=0.444017 || balanced_accuracy: min=0.627998, mean=0.627998, max=0.627998 || macro_f1: min=0.62673, mean=0.62673, max=0.62673 || dev_mae: min=1.93624, mean=1.9567, max=1.97717 || dev_rmse: min=2.38301, mean=2.41329, max=2.44358 || dev_pearson: min=0.0467392, mean=0.0467392, max=0.0467392 || dev_sign_acc: min=0, mean=0.229167, max=0.458333 || lift_vs_stimulus_mae: min=-0.0409255, mean=-0.0204627, max=0 || lift_vs_stimulus_rmse: min=-0.060561, mean=-0.0302805, max=0 || lift_vs_stimulus_pearson: min=0, mean=0.00135264, max=0.00270527 || lift_vs_stimulus_balanced_accuracy: min=0, mean=0, max=0 || lift_vs_stimulus_macro_f1: min=0, mean=0, max=0 || lift_vs_stimulus_dev_mae: min=-0.0409255, mean=-0.0204627, max=0 || lift_vs_stimulus_dev_rmse: min=-0.060561, mean=-0.0302805, max=0 || lift_vs_stimulus_dev_sign_acc: min=0, mean=0.229167, max=0.458333",arousal,"eeg_bc_residual_huber_norm_stabilized_smoke, stimulus_only",,,,,,,,
docs/roca/eeg_oracle_arch_ablation_arousal_current_history.csv,.csv,2030.57,"epoch, train_loss, val_rmse_scaled, augmentation_config, stage, test_subject, target, y_outer_mean, y_outer_std, oracle_test_checkpoint_selection, early_stop, arch_config, arch_description",5000,"train_loss: min=0.0549387, mean=0.356658, max=0.468151 || val_rmse_scaled: min=0.462177, mean=1.03527, max=2.44296",arousal,,"A0_current, A1_low_dropout, A2_high_dropout, A3_batchnorm, A4_stem_sum, A5_stem_attn, A6_stem_moe","Current model config: lite + GN + concat stem + learnable channel position + MHA mixer., Same as current, but lower regularization. Tests underfitting., Same as current, but higher regularization. Tests overfitting/noisy checkpointing., Swap GroupNorm to BatchNorm inside temporal blocks/stem., Use sum fusion for temporal branches instead of concat projection., Use learned attention over temporal branches., Use lightweight MoE-style gate over temporal branches.","1, 2, 3, 5, 6, 7, 8, 9, 10, 11, 12, 13, 14, 15, 16, 17, 18, 19, 20, 21",,,,,
docs/roca/eeg_oracle_arch_ablation_arousal_smoke_current_history.csv,.csv,16.99,"epoch, train_loss, val_rmse_scaled, augmentation_config, stage, test_subject, target, y_outer_mean, y_outer_std, oracle_test_checkpoint_selection, early_stop, arch_config, arch_description",74,"train_loss: min=0.196244, mean=0.387784, max=0.448115 || val_rmse_scaled: min=0.699342, mean=1.06386, max=1.71378",arousal,,"A0_current, A7_no_channel_mha, A5_stem_attn","Current model config: lite + GN + concat stem + learnable channel position + MHA mixer., Disable channel self-attention mixer. Tests whether MHA is noisy/overfitting., Use learned attention over temporal branches.","1, 2, 3",,,,,
docs/roca/eeg_residual_training_stabilized_smoke_history_current.csv,.csv,6.25,"epoch, train_loss, val_rmse_scaled, stage, test_subject, target, y_fit_mean, y_fit_std, early_stop, y_outer_mean, y_outer_std",66,"train_loss: min=0.232008, mean=0.378202, max=0.453494 || val_rmse_scaled: min=0.917745, mean=1.084, max=1.40935",arousal,,,,"1, 2, 3, 5, 6, 7",,,,,
docs/roca/eeg_oracle_arch_a8_vs_a0_subject_delta_current.csv,.csv,43.09,"target, source, test_subject, a0_rmse, a8_rmse, delta_rmse_a8_minus_a0, a0_dev_pearson, a8_dev_pearson, delta_dev_pearson_a8_minus_a0, a0_pred_dev_std, a8_pred_dev_std",252,"a0_rmse: min=0.719992, mean=1.48419, max=3.40602 || a8_rmse: min=0.742761, mean=1.47583, max=3.6551 || delta_rmse_a8_minus_a0: min=-0.61307, mean=-0.00835303, max=0.367379 || a0_dev_pearson: min=-0.462971, mean=0.0901515, max=0.531877 || a8_dev_pearson: min=-0.410399, mean=0.0916542, max=0.543543 || delta_dev_pearson_a8_minus_a0: min=-0.62781, mean=0.00150272, max=0.587297","arousal, valence",,,,"1, 2, 3, 5, 6, 7, 8, 9, 10, 11, 12, 13, 14, 15, 16, 17, 18, 19, 20, 21",,,,,
docs/roca/eeg_oracle_arch_ablation_arousal_raw_a0_a8_current_predictions.csv,.csv,1853.62,"test_subject, stimulus_id, target, augmentation_config, model, y_true_score, train_stimulus_mean, true_deviation_from_train_stimulus_mean, y_pred_deviation_raw, y_pred_score_raw, y_pred_score_clipped, y_pred_deviation_clipped, arch_config, arch_description",5000,"y_true_score: min=1, mean=4.3234, max=9 || y_pred_score_raw: min=-0.582479, mean=4.28379, max=9.1889 || y_pred_score_clipped: min=1, mean=4.2851, max=9",arousal,"stimulus_only, eeg_oracle_arch_A0_current","A0_current, A8_no_channel_pos","Current model config: lite + GN + concat stem + learnable channel position + MHA mixer., Disable learned channel identity embedding.","1, 2, 3, 5, 6, 7, 8, 9, 10, 11, 12, 13, 14, 15, 16, 17, 18, 19, 20, 21",,,,,
docs/roca/eeg_oracle_arch_ablation_valence_raw_a0_a8_current_predictions.csv,.csv,1860.2,"test_subject, stimulus_id, target, augmentation_config, model, y_true_score, train_stimulus_mean, true_deviation_from_train_stimulus_mean, y_pred_deviation_raw, y_pred_score_raw, y_pred_score_clipped, y_pred_deviation_clipped, arch_config, arch_description",5000,"y_true_score: min=1, mean=4.9028, max=9 || y_pred_score_raw: min=0.522636, mean=4.91245, max=9.0322 || y_pred_score_clipped: min=1, mean=4.91254, max=9",valence,"stimulus_only, eeg_oracle_arch_A0_current","A0_current, A8_no_channel_pos","Current model config: lite + GN + concat stem + learnable channel position + MHA mixer., Disable learned channel identity embedding.","1, 2, 3, 5, 6, 7, 8, 9, 10, 11, 12, 13, 14, 15, 16, 17, 18, 19, 20, 21",,,,,
docs/roca/eeg_oracle_arch_ablation_arousal_raw_a0_a8_current_history.csv,.csv,687.41,"epoch, train_loss, val_rmse_scaled, augmentation_config, stage, test_subject, target, y_outer_mean, y_outer_std, oracle_test_checkpoint_selection, early_stop, arch_config, arch_description",3139,"train_loss: min=0.0519239, mean=0.231637, max=0.470967 || val_rmse_scaled: min=0.482493, mean=1.11558, max=2.55067",arousal,,"A0_current, A8_no_channel_pos","Current model config: lite + GN + concat stem + learnable channel position + MHA mixer., Disable learned channel identity embedding.","1, 2, 3, 5, 6, 7, 8, 9, 10, 11, 12, 13, 14, 15, 16, 17, 18, 19, 20, 21",,,,,
docs/roca/eeg_residual_training_smoke_main_metrics_current.csv,.csv,1.18,"target, model, n, mae, rmse, pearson, spearman, balanced_accuracy, macro_f1, auroc, dev_mae, dev_rmse, dev_pearson, dev_spearman, dev_sign_acc, pred_dev_std, lift_vs_stimulus_mae, lift_vs_stimulus_rmse, lift_vs_stimulus_pearson, lift_vs_stimulus_spearman, lift_vs_stimulus_balanced_accuracy, lift_vs_stimulus_macro_f1, lift_vs_stimulus_auroc, lift_vs_stimulus_dev_mae, lift_vs_stimulus_dev_rmse, lift_vs_stimulus_dev_pearson, lift_vs_stimulus_dev_spearman, lift_vs_stimulus_dev_sign_acc, lift_vs_stimulus_pred_dev_std",2,"mae: min=1.93624, mean=1.96164, max=1.98703 || rmse: min=2.38301, mean=2.43119, max=2.47937 || pearson: min=0.428591, mean=0.434951, max=0.441312 || balanced_accuracy: min=0.627998, mean=0.627998, max=0.627998 || macro_f1: min=0.62673, mean=0.62673, max=0.62673 || dev_mae: min=1.93624, mean=1.96164, max=1.98703 || dev_rmse: min=2.38301, mean=2.43119, max=2.47937 || dev_pearson: min=-0.0795683, mean=-0.0795683, max=-0.0795683 || dev_sign_acc: min=0, mean=0.226562, max=0.453125 || lift_vs_stimulus_mae: min=-0.0507917, mean=-0.0253959, max=0 || lift_vs_stimulus_rmse: min=-0.0963515, mean=-0.0481757, max=0 || lift_vs_stimulus_pearson: min=-0.0127207, mean=-0.00636036, max=0 || lift_vs_stimulus_balanced_accuracy: min=0, mean=0, max=0 || lift_vs_stimulus_macro_f1: min=0, mean=0, max=0 || lift_vs_stimulus_dev_mae: min=-0.0507917, mean=-0.0253959, max=0 || lift_vs_stimulus_dev_rmse: min=-0.0963515, mean=-0.0481757, max=0 || lift_vs_stimulus_dev_sign_acc: min=0, mean=0.226562, max=0.453125",arousal,"eeg_bc_residual_huber_smoke, stimulus_only",,,,,,,,
