run_id,task,policy,recipe,fold_id,seed,cache_row,subject_id,trial_id,window_id,y_true,y_pred,prob1
1,valence,midpoint_as_high,ce_class_weighted,1,11,96,5,-1,-1,0,0,0.470530241727829
1,valence,midpoint_as_high,ce_class_weighted,1,11,97,5,-1,-1,0,0,0.4706435203552246
1,valence,midpoint_as_high,ce_class_weighted,1,11,98,5,-1,-1,0,1,0.5044981241226196
1,valence,midpoint_as_high,ce_class_weighted,1,11,99,5,-1,-1,1,0,0.46836942434310913
1,valence,midpoint_as_high,ce_class_weighted,1,11,100,5,-1,-1,0,1,0.5006938576698303
1,valence,midpoint_as_high,ce_class_weighted,1,11,101,5,-1,-1,1,0,0.4605671167373657
1,valence,midpoint_as_high,ce_class_weighted,1,11,102,5,-1,-1,0,0,0.48685938119888306
1,valence,midpoint_as_high,ce_class_weighted,1,11,103,5,-1,-1,0,0,0.4646015167236328
1,valence,midpoint_as_high,ce_class_weighted,1,11,104,5,-1,-1,0,0,0.4138031601905823
1,valence,midpoint_as_high,ce_class_weighted,1,11,105,5,-1,-1,0,0,0.46772727370262146
1,valence,midpoint_as_high,ce_class_weighted,1,11,106,5,-1,-1,1,0,0.48064231872558594
1,valence,midpoint_as_high,ce_class_weighted,1,11,107,5,-1,-1,1,0,0.45443195104599
1,valence,midpoint_as_high,ce_class_weighted,1,11,108,5,-1,-1,0,0,0.4494079053401947
1,valence,midpoint_as_high,ce_class_weighted,1,11,109,5,-1,-1,1,0,0.46643316745758057
1,valence,midpoint_as_high,ce_class_weighted,1,11,110,5,-1,-1,1,1,0.5168496966362
1,valence,midpoint_as_high,ce_class_weighted,1,11,111,5,-1,-1,1,1,0.5111396312713623
1,valence,midpoint_as_high,ce_class_weighted,1,11,112,5,-1,-1,1,0,0.49389544129371643
1,valence,midpoint_as_high,ce_class_weighted,1,11,113,5,-1,-1,1,0,0.4754545986652374
1,valence,midpoint_as_high,ce_class_weighted,1,11,114,5,-1,-1,1,1,0.5383970141410828
1,valence,midpoint_as_high,ce_class_weighted,1,11,115,5,-1,-1,1,0,0.47619032859802246
1,valence,midpoint_as_high,ce_class_weighted,1,11,116,5,-1,-1,0,0,0.4953291416168213
1,valence,midpoint_as_high,ce_class_weighted,1,11,117,5,-1,-1,1,0,0.45947974920272827
1,valence,midpoint_as_high,ce_class_weighted,1,11,118,5,-1,-1,1,1,0.511870801448822
1,valence,midpoint_as_high,ce_class_weighted,1,11,119,5,-1,-1,0,1,0.5201634168624878
1,valence,midpoint_as_high,ce_class_weighted,1,11,120,5,-1,-1,1,0,0.44240400195121765
1,valence,midpoint_as_high,ce_class_weighted,1,11,121,5,-1,-1,0,1,0.5352474451065063
1,valence,midpoint_as_high,ce_class_weighted,1,11,122,5,-1,-1,0,0,0.49476540088653564
1,valence,midpoint_as_high,ce_class_weighted,1,11,123,5,-1,-1,1,1,0.5006226897239685
1,valence,midpoint_as_high,ce_class_weighted,1,11,124,5,-1,-1,1,1,0.518841564655304
1,valence,midpoint_as_high,ce_class_weighted,1,11,125,5,-1,-1,1,0,0.4950193464756012
1,valence,midpoint_as_high,ce_class_weighted,1,11,126,5,-1,-1,0,1,0.5770171880722046
1,valence,midpoint_as_high,ce_class_weighted,1,11,127,5,-1,-1,0,1,0.520831286907196
1,valence,midpoint_as_high,ce_class_weighted,1,11,160,7,-1,-1,0,1,0.5716195106506348
1,valence,midpoint_as_high,ce_class_weighted,1,11,161,7,-1,-1,0,1,0.586399495601654
1,valence,midpoint_as_high,ce_class_weighted,1,11,162,7,-1,-1,0,1,0.5478500723838806
1,valence,midpoint_as_high,ce_class_weighted,1,11,163,7,-1,-1,1,1,0.5870335102081299
1,valence,midpoint_as_high,ce_class_weighted,1,11,164,7,-1,-1,0,0,0.4922518730163574
1,valence,midpoint_as_high,ce_class_weighted,1,11,165,7,-1,-1,1,1,0.5751897692680359
1,valence,midpoint_as_high,ce_class_weighted,1,11,166,7,-1,-1,0,1,0.536704421043396
1,valence,midpoint_as_high,ce_class_weighted,1,11,167,7,-1,-1,0,1,0.570788562297821
1,valence,midpoint_as_high,ce_class_weighted,1,11,168,7,-1,-1,0,1,0.5583516955375671
1,valence,midpoint_as_high,ce_class_weighted,1,11,169,7,-1,-1,0,0,0.45288100838661194
1,valence,midpoint_as_high,ce_class_weighted,1,11,170,7,-1,-1,1,1,0.5343359708786011
1,valence,midpoint_as_high,ce_class_weighted,1,11,171,7,-1,-1,1,1,0.5384255647659302
1,valence,midpoint_as_high,ce_class_weighted,1,11,172,7,-1,-1,0,1,0.5167544484138489
1,valence,midpoint_as_high,ce_class_weighted,1,11,173,7,-1,-1,1,1,0.5537768006324768
1,valence,midpoint_as_high,ce_class_weighted,1,11,174,7,-1,-1,1,1,0.56709885597229
1,valence,midpoint_as_high,ce_class_weighted,1,11,175,7,-1,-1,1,1,0.5468375086784363
1,valence,midpoint_as_high,ce_class_weighted,1,11,176,7,-1,-1,1,1,0.5348280668258667
1,valence,midpoint_as_high,ce_class_weighted,1,11,177,7,-1,-1,1,1,0.528208315372467
1,valence,midpoint_as_high,ce_class_weighted,1,11,178,7,-1,-1,1,1,0.5598818063735962
1,valence,midpoint_as_high,ce_class_weighted,1,11,179,7,-1,-1,1,1,0.5834757685661316
1,valence,midpoint_as_high,ce_class_weighted,1,11,180,7,-1,-1,1,1,0.5441605448722839
1,valence,midpoint_as_high,ce_class_weighted,1,11,181,7,-1,-1,1,1,0.5478573441505432
1,valence,midpoint_as_high,ce_class_weighted,1,11,182,7,-1,-1,1,1,0.6046516299247742
1,valence,midpoint_as_high,ce_class_weighted,1,11,183,7,-1,-1,1,1,0.5328090190887451
1,valence,midpoint_as_high,ce_class_weighted,1,11,184,7,-1,-1,0,1,0.5717242360115051
1,valence,midpoint_as_high,ce_class_weighted,1,11,185,7,-1,-1,0,1,0.5895755887031555
1,valence,midpoint_as_high,ce_class_weighted,1,11,186,7,-1,-1,1,1,0.5351523756980896
1,valence,midpoint_as_high,ce_class_weighted,1,11,187,7,-1,-1,1,1,0.5653499364852905
1,valence,midpoint_as_high,ce_class_weighted,1,11,188,7,-1,-1,1,1,0.6020067930221558
1,valence,midpoint_as_high,ce_class_weighted,1,11,189,7,-1,-1,1,1,0.5034030079841614
1,valence,midpoint_as_high,ce_class_weighted,1,11,190,7,-1,-1,0,1,0.5822861194610596
1,valence,midpoint_as_high,ce_class_weighted,1,11,191,7,-1,-1,0,1,0.5282142758369446
1,valence,midpoint_as_high,ce_class_weighted,1,11,256,10,-1,-1,0,1,0.5628882646560669
1,valence,midpoint_as_high,ce_class_weighted,1,11,257,10,-1,-1,0,1,0.5084977746009827
1,valence,midpoint_as_high,ce_class_weighted,1,11,258,10,-1,-1,0,1,0.5285893678665161
1,valence,midpoint_as_high,ce_class_weighted,1,11,259,10,-1,-1,1,1,0.5017635822296143
1,valence,midpoint_as_high,ce_class_weighted,1,11,260,10,-1,-1,0,1,0.5679873824119568
1,valence,midpoint_as_high,ce_class_weighted,1,11,261,10,-1,-1,1,1,0.5139074921607971
1,valence,midpoint_as_high,ce_class_weighted,1,11,262,10,-1,-1,0,1,0.5372703075408936
1,valence,midpoint_as_high,ce_class_weighted,1,11,263,10,-1,-1,0,1,0.5687860250473022
1,valence,midpoint_as_high,ce_class_weighted,1,11,264,10,-1,-1,0,1,0.526657223701477
1,valence,midpoint_as_high,ce_class_weighted,1,11,265,10,-1,-1,0,0,0.44338420033454895
1,valence,midpoint_as_high,ce_class_weighted,1,11,266,10,-1,-1,1,1,0.6092149019241333
1,valence,midpoint_as_high,ce_class_weighted,1,11,267,10,-1,-1,1,0,0.44499698281288147
1,valence,midpoint_as_high,ce_class_weighted,1,11,268,10,-1,-1,0,1,0.5423926711082458
1,valence,midpoint_as_high,ce_class_weighted,1,11,269,10,-1,-1,1,1,0.5508430600166321
1,valence,midpoint_as_high,ce_class_weighted,1,11,270,10,-1,-1,1,1,0.5558954477310181
1,valence,midpoint_as_high,ce_class_weighted,1,11,271,10,-1,-1,1,0,0.48271381855010986
1,valence,midpoint_as_high,ce_class_weighted,1,11,272,10,-1,-1,0,1,0.5238815546035767
1,valence,midpoint_as_high,ce_class_weighted,1,11,273,10,-1,-1,1,0,0.4418390989303589
1,valence,midpoint_as_high,ce_class_weighted,1,11,274,10,-1,-1,1,0,0.49323078989982605
1,valence,midpoint_as_high,ce_class_weighted,1,11,275,10,-1,-1,1,0,0.4427967071533203
1,valence,midpoint_as_high,ce_class_weighted,1,11,276,10,-1,-1,0,1,0.5235065221786499
1,valence,midpoint_as_high,ce_class_weighted,1,11,277,10,-1,-1,1,0,0.4953060746192932
1,valence,midpoint_as_high,ce_class_weighted,1,11,278,10,-1,-1,1,0,0.4887356460094452
1,valence,midpoint_as_high,ce_class_weighted,1,11,279,10,-1,-1,1,1,0.5743257999420166
1,valence,midpoint_as_high,ce_class_weighted,1,11,280,10,-1,-1,1,0,0.4606933891773224
1,valence,midpoint_as_high,ce_class_weighted,1,11,281,10,-1,-1,0,1,0.5295339226722717
1,valence,midpoint_as_high,ce_class_weighted,1,11,282,10,-1,-1,1,0,0.4965443015098572
1,valence,midpoint_as_high,ce_class_weighted,1,11,283,10,-1,-1,1,1,0.5156106352806091
1,valence,midpoint_as_high,ce_class_weighted,1,11,284,10,-1,-1,1,1,0.5400772094726562
1,valence,midpoint_as_high,ce_class_weighted,1,11,285,10,-1,-1,1,0,0.4908500015735626
1,valence,midpoint_as_high,ce_class_weighted,1,11,286,10,-1,-1,0,0,0.48811668157577515
1,valence,midpoint_as_high,ce_class_weighted,1,11,287,10,-1,-1,0,1,0.5875957608222961
1,valence,midpoint_as_high,ce_class_weighted,1,11,352,13,-1,-1,0,1,0.596868097782135
1,valence,midpoint_as_high,ce_class_weighted,1,11,353,13,-1,-1,0,1,0.5593000650405884
1,valence,midpoint_as_high,ce_class_weighted,1,11,354,13,-1,-1,0,1,0.6051600575447083
1,valence,midpoint_as_high,ce_class_weighted,1,11,355,13,-1,-1,1,1,0.5111696720123291
1,valence,midpoint_as_high,ce_class_weighted,1,11,356,13,-1,-1,0,1,0.5341870188713074
1,valence,midpoint_as_high,ce_class_weighted,1,11,357,13,-1,-1,1,1,0.5879517197608948
1,valence,midpoint_as_high,ce_class_weighted,1,11,358,13,-1,-1,1,1,0.5254535675048828
1,valence,midpoint_as_high,ce_class_weighted,1,11,359,13,-1,-1,0,1,0.5810467600822449
1,valence,midpoint_as_high,ce_class_weighted,1,11,360,13,-1,-1,0,1,0.5285702347755432
1,valence,midpoint_as_high,ce_class_weighted,1,11,361,13,-1,-1,0,0,0.49391019344329834
1,valence,midpoint_as_high,ce_class_weighted,1,11,362,13,-1,-1,1,1,0.5337428450584412
1,valence,midpoint_as_high,ce_class_weighted,1,11,363,13,-1,-1,1,1,0.5842623710632324
1,valence,midpoint_as_high,ce_class_weighted,1,11,364,13,-1,-1,0,1,0.6177440285682678
1,valence,midpoint_as_high,ce_class_weighted,1,11,365,13,-1,-1,1,1,0.6017036437988281
1,valence,midpoint_as_high,ce_class_weighted,1,11,366,13,-1,-1,1,1,0.5418749451637268
1,valence,midpoint_as_high,ce_class_weighted,1,11,367,13,-1,-1,1,0,0.46343567967414856
1,valence,midpoint_as_high,ce_class_weighted,1,11,368,13,-1,-1,1,0,0.4479271173477173
1,valence,midpoint_as_high,ce_class_weighted,1,11,369,13,-1,-1,1,1,0.5041857361793518
1,valence,midpoint_as_high,ce_class_weighted,1,11,370,13,-1,-1,1,0,0.4780852496623993
1,valence,midpoint_as_high,ce_class_weighted,1,11,371,13,-1,-1,1,1,0.5568651556968689
1,valence,midpoint_as_high,ce_class_weighted,1,11,372,13,-1,-1,0,0,0.4814036190509796
1,valence,midpoint_as_high,ce_class_weighted,1,11,373,13,-1,-1,1,1,0.5418573617935181
1,valence,midpoint_as_high,ce_class_weighted,1,11,374,13,-1,-1,0,1,0.5340689420700073
1,valence,midpoint_as_high,ce_class_weighted,1,11,375,13,-1,-1,1,0,0.4767623245716095
1,valence,midpoint_as_high,ce_class_weighted,1,11,376,13,-1,-1,1,0,0.39862534403800964
1,valence,midpoint_as_high,ce_class_weighted,1,11,377,13,-1,-1,0,1,0.5018585324287415
1,valence,midpoint_as_high,ce_class_weighted,1,11,378,13,-1,-1,1,1,0.5610936880111694
1,valence,midpoint_as_high,ce_class_weighted,1,11,379,13,-1,-1,1,0,0.43556565046310425
1,valence,midpoint_as_high,ce_class_weighted,1,11,380,13,-1,-1,1,1,0.5716546773910522
1,valence,midpoint_as_high,ce_class_weighted,1,11,381,13,-1,-1,1,1,0.5164400339126587
1,valence,midpoint_as_high,ce_class_weighted,1,11,382,13,-1,-1,0,1,0.5132757425308228
1,valence,midpoint_as_high,ce_class_weighted,1,11,383,13,-1,-1,0,0,0.4180833101272583
1,valence,midpoint_as_high,ce_class_weighted,1,11,448,16,-1,-1,0,1,0.6048496961593628
1,valence,midpoint_as_high,ce_class_weighted,1,11,449,16,-1,-1,0,0,0.490357905626297
1,valence,midpoint_as_high,ce_class_weighted,1,11,450,16,-1,-1,0,0,0.4885399639606476
1,valence,midpoint_as_high,ce_class_weighted,1,11,451,16,-1,-1,1,1,0.5614727735519409
1,valence,midpoint_as_high,ce_class_weighted,1,11,452,16,-1,-1,0,1,0.5542708039283752
1,valence,midpoint_as_high,ce_class_weighted,1,11,453,16,-1,-1,1,0,0.46080726385116577
1,valence,midpoint_as_high,ce_class_weighted,1,11,454,16,-1,-1,0,1,0.543489396572113
1,valence,midpoint_as_high,ce_class_weighted,1,11,455,16,-1,-1,0,1,0.5542097687721252
1,valence,midpoint_as_high,ce_class_weighted,1,11,456,16,-1,-1,1,1,0.5233795046806335
1,valence,midpoint_as_high,ce_class_weighted,1,11,457,16,-1,-1,0,1,0.5797961354255676
1,valence,midpoint_as_high,ce_class_weighted,1,11,458,16,-1,-1,1,1,0.5199934840202332
1,valence,midpoint_as_high,ce_class_weighted,1,11,459,16,-1,-1,1,0,0.4908160865306854
1,valence,midpoint_as_high,ce_class_weighted,1,11,460,16,-1,-1,0,1,0.5488472580909729
1,valence,midpoint_as_high,ce_class_weighted,1,11,461,16,-1,-1,1,1,0.5454137921333313
1,valence,midpoint_as_high,ce_class_weighted,1,11,462,16,-1,-1,1,1,0.5489381551742554
1,valence,midpoint_as_high,ce_class_weighted,1,11,463,16,-1,-1,1,1,0.5377773642539978
1,valence,midpoint_as_high,ce_class_weighted,1,11,464,16,-1,-1,1,0,0.47138911485671997
1,valence,midpoint_as_high,ce_class_weighted,1,11,465,16,-1,-1,1,1,0.5699108839035034
1,valence,midpoint_as_high,ce_class_weighted,1,11,466,16,-1,-1,1,1,0.5675286650657654
1,valence,midpoint_as_high,ce_class_weighted,1,11,467,16,-1,-1,1,1,0.6668536067008972
1,valence,midpoint_as_high,ce_class_weighted,1,11,468,16,-1,-1,1,1,0.5559417009353638
1,valence,midpoint_as_high,ce_class_weighted,1,11,469,16,-1,-1,1,1,0.5810725688934326
1,valence,midpoint_as_high,ce_class_weighted,1,11,470,16,-1,-1,0,1,0.5847352147102356
1,valence,midpoint_as_high,ce_class_weighted,1,11,471,16,-1,-1,0,1,0.5712143778800964
1,valence,midpoint_as_high,ce_class_weighted,1,11,472,16,-1,-1,1,1,0.5591152906417847
1,valence,midpoint_as_high,ce_class_weighted,1,11,473,16,-1,-1,0,0,0.4872724115848541
1,valence,midpoint_as_high,ce_class_weighted,1,11,474,16,-1,-1,1,1,0.5071139931678772
1,valence,midpoint_as_high,ce_class_weighted,1,11,475,16,-1,-1,1,1,0.6110883951187134
1,valence,midpoint_as_high,ce_class_weighted,1,11,476,16,-1,-1,1,1,0.5800065398216248
1,valence,midpoint_as_high,ce_class_weighted,1,11,477,16,-1,-1,1,1,0.5734285712242126
1,valence,midpoint_as_high,ce_class_weighted,1,11,478,16,-1,-1,0,0,0.47772160172462463
1,valence,midpoint_as_high,ce_class_weighted,1,11,479,16,-1,-1,0,1,0.5059440732002258
1,valence,midpoint_as_high,ce_class_weighted,1,11,992,33,-1,-1,0,1,0.5334077477455139
1,valence,midpoint_as_high,ce_class_weighted,1,11,993,33,-1,-1,0,1,0.6079944968223572
1,valence,midpoint_as_high,ce_class_weighted,1,11,994,33,-1,-1,0,1,0.5538644194602966
1,valence,midpoint_as_high,ce_class_weighted,1,11,995,33,-1,-1,1,0,0.45483458042144775
1,valence,midpoint_as_high,ce_class_weighted,1,11,996,33,-1,-1,0,1,0.5800091028213501
1,valence,midpoint_as_high,ce_class_weighted,1,11,997,33,-1,-1,1,1,0.5633972883224487
1,valence,midpoint_as_high,ce_class_weighted,1,11,998,33,-1,-1,0,1,0.6040849089622498
1,valence,midpoint_as_high,ce_class_weighted,1,11,999,33,-1,-1,0,0,0.4987633228302002
1,valence,midpoint_as_high,ce_class_weighted,1,11,1000,33,-1,-1,1,1,0.5450555086135864
1,valence,midpoint_as_high,ce_class_weighted,1,11,1001,33,-1,-1,0,0,0.4984217584133148
1,valence,midpoint_as_high,ce_class_weighted,1,11,1002,33,-1,-1,1,0,0.4630337953567505
1,valence,midpoint_as_high,ce_class_weighted,1,11,1003,33,-1,-1,1,1,0.5468169450759888
1,valence,midpoint_as_high,ce_class_weighted,1,11,1004,33,-1,-1,0,1,0.5170941352844238
1,valence,midpoint_as_high,ce_class_weighted,1,11,1005,33,-1,-1,1,1,0.5082104802131653
1,valence,midpoint_as_high,ce_class_weighted,1,11,1006,33,-1,-1,1,1,0.5326001644134521
1,valence,midpoint_as_high,ce_class_weighted,1,11,1007,33,-1,-1,1,0,0.46940088272094727
1,valence,midpoint_as_high,ce_class_weighted,1,11,1008,33,-1,-1,1,0,0.41590169072151184
1,valence,midpoint_as_high,ce_class_weighted,1,11,1009,33,-1,-1,1,1,0.5145204067230225
1,valence,midpoint_as_high,ce_class_weighted,1,11,1010,33,-1,-1,1,1,0.5024701952934265
1,valence,midpoint_as_high,ce_class_weighted,1,11,1011,33,-1,-1,1,0,0.4928891956806183
1,valence,midpoint_as_high,ce_class_weighted,1,11,1012,33,-1,-1,0,1,0.5120830535888672
1,valence,midpoint_as_high,ce_class_weighted,1,11,1013,33,-1,-1,1,1,0.5454719662666321
1,valence,midpoint_as_high,ce_class_weighted,1,11,1014,33,-1,-1,1,1,0.5100506544113159
1,valence,midpoint_as_high,ce_class_weighted,1,11,1015,33,-1,-1,1,1,0.5198363661766052
1,valence,midpoint_as_high,ce_class_weighted,1,11,1016,33,-1,-1,1,1,0.5088361501693726
1,valence,midpoint_as_high,ce_class_weighted,1,11,1017,33,-1,-1,0,1,0.5552110075950623
1,valence,midpoint_as_high,ce_class_weighted,1,11,1018,33,-1,-1,1,0,0.43697360157966614
1,valence,midpoint_as_high,ce_class_weighted,1,11,1019,33,-1,-1,1,0,0.4874122738838196
1,valence,midpoint_as_high,ce_class_weighted,1,11,1020,33,-1,-1,1,1,0.5087244510650635
1,valence,midpoint_as_high,ce_class_weighted,1,11,1021,33,-1,-1,1,1,0.5178483724594116
1,valence,midpoint_as_high,ce_class_weighted,1,11,1022,33,-1,-1,0,0,0.4872208535671234
1,valence,midpoint_as_high,ce_class_weighted,1,11,1023,33,-1,-1,0,0,0.4863912761211395
1,valence,midpoint_as_high,ce_class_weighted,1,11,1152,38,-1,-1,0,1,0.5400298833847046
1,valence,midpoint_as_high,ce_class_weighted,1,11,1153,38,-1,-1,0,1,0.5699927806854248
1,valence,midpoint_as_high,ce_class_weighted,1,11,1154,38,-1,-1,0,1,0.5649965405464172
1,valence,midpoint_as_high,ce_class_weighted,1,11,1155,38,-1,-1,1,1,0.5606316328048706
1,valence,midpoint_as_high,ce_class_weighted,1,11,1156,38,-1,-1,0,1,0.5905453562736511
1,valence,midpoint_as_high,ce_class_weighted,1,11,1157,38,-1,-1,1,1,0.5681913495063782
1,valence,midpoint_as_high,ce_class_weighted,1,11,1158,38,-1,-1,0,1,0.5208673477172852
1,valence,midpoint_as_high,ce_class_weighted,1,11,1159,38,-1,-1,0,0,0.4815228581428528
1,valence,midpoint_as_high,ce_class_weighted,1,11,1160,38,-1,-1,1,1,0.5376836061477661
1,valence,midpoint_as_high,ce_class_weighted,1,11,1161,38,-1,-1,0,1,0.6004688143730164
1,valence,midpoint_as_high,ce_class_weighted,1,11,1162,38,-1,-1,1,1,0.528424084186554
1,valence,midpoint_as_high,ce_class_weighted,1,11,1163,38,-1,-1,1,1,0.5959793329238892
1,valence,midpoint_as_high,ce_class_weighted,1,11,1164,38,-1,-1,0,1,0.5107534527778625
1,valence,midpoint_as_high,ce_class_weighted,1,11,1165,38,-1,-1,1,1,0.5437476634979248
1,valence,midpoint_as_high,ce_class_weighted,1,11,1166,38,-1,-1,0,1,0.5039879083633423
1,valence,midpoint_as_high,ce_class_weighted,1,11,1167,38,-1,-1,1,1,0.6054975390434265
1,valence,midpoint_as_high,ce_class_weighted,1,11,1168,38,-1,-1,0,1,0.5463901162147522
1,valence,midpoint_as_high,ce_class_weighted,1,11,1169,38,-1,-1,1,1,0.5645331740379333
1,valence,midpoint_as_high,ce_class_weighted,1,11,1170,38,-1,-1,1,1,0.5509059429168701
1,valence,midpoint_as_high,ce_class_weighted,1,11,1171,38,-1,-1,0,0,0.4613761603832245
1,valence,midpoint_as_high,ce_class_weighted,1,11,1172,38,-1,-1,0,1,0.5796316862106323
1,valence,midpoint_as_high,ce_class_weighted,1,11,1173,38,-1,-1,1,1,0.566886842250824
1,valence,midpoint_as_high,ce_class_weighted,1,11,1174,38,-1,-1,0,1,0.5642069578170776
1,valence,midpoint_as_high,ce_class_weighted,1,11,1175,38,-1,-1,0,1,0.59950852394104
1,valence,midpoint_as_high,ce_class_weighted,1,11,1176,38,-1,-1,0,1,0.5679080486297607
1,valence,midpoint_as_high,ce_class_weighted,1,11,1177,38,-1,-1,0,1,0.5810268521308899
1,valence,midpoint_as_high,ce_class_weighted,1,11,1178,38,-1,-1,0,1,0.6000826358795166
1,valence,midpoint_as_high,ce_class_weighted,1,11,1179,38,-1,-1,1,1,0.5654231309890747
1,valence,midpoint_as_high,ce_class_weighted,1,11,1180,38,-1,-1,1,1,0.5522795915603638
1,valence,midpoint_as_high,ce_class_weighted,1,11,1181,38,-1,-1,1,1,0.5332739353179932
1,valence,midpoint_as_high,ce_class_weighted,1,11,1182,38,-1,-1,0,1,0.5429521799087524
1,valence,midpoint_as_high,ce_class_weighted,1,11,1183,38,-1,-1,0,1,0.5663676261901855
1,valence,midpoint_as_high,ce_class_weighted,1,11,1248,41,-1,-1,1,1,0.5191018581390381
1,valence,midpoint_as_high,ce_class_weighted,1,11,1249,41,-1,-1,0,0,0.49058181047439575
1,valence,midpoint_as_high,ce_class_weighted,1,11,1250,41,-1,-1,1,1,0.5340888500213623
1,valence,midpoint_as_high,ce_class_weighted,1,11,1251,41,-1,-1,1,1,0.600149929523468
1,valence,midpoint_as_high,ce_class_weighted,1,11,1252,41,-1,-1,0,0,0.381091445684433
1,valence,midpoint_as_high,ce_class_weighted,1,11,1253,41,-1,-1,1,1,0.5458327531814575
1,valence,midpoint_as_high,ce_class_weighted,1,11,1254,41,-1,-1,0,0,0.45815014839172363
1,valence,midpoint_as_high,ce_class_weighted,1,11,1255,41,-1,-1,0,0,0.4994093179702759
1,valence,midpoint_as_high,ce_class_weighted,1,11,1256,41,-1,-1,1,1,0.5323825478553772
1,valence,midpoint_as_high,ce_class_weighted,1,11,1257,41,-1,-1,0,0,0.4793633222579956
1,valence,midpoint_as_high,ce_class_weighted,1,11,1258,41,-1,-1,1,0,0.43985244631767273
1,valence,midpoint_as_high,ce_class_weighted,1,11,1259,41,-1,-1,1,1,0.5122262835502625
1,valence,midpoint_as_high,ce_class_weighted,1,11,1260,41,-1,-1,1,0,0.49475526809692383
1,valence,midpoint_as_high,ce_class_weighted,1,11,1261,41,-1,-1,1,0,0.4067949056625366
1,valence,midpoint_as_high,ce_class_weighted,1,11,1262,41,-1,-1,1,0,0.43727678060531616
1,valence,midpoint_as_high,ce_class_weighted,1,11,1263,41,-1,-1,1,0,0.43742164969444275
1,valence,midpoint_as_high,ce_class_weighted,1,11,1264,41,-1,-1,1,0,0.42490246891975403
1,valence,midpoint_as_high,ce_class_weighted,1,11,1265,41,-1,-1,1,1,0.5101170539855957
1,valence,midpoint_as_high,ce_class_weighted,1,11,1266,41,-1,-1,1,0,0.43659597635269165
1,valence,midpoint_as_high,ce_class_weighted,1,11,1267,41,-1,-1,0,0,0.4718233346939087
1,valence,midpoint_as_high,ce_class_weighted,1,11,1268,41,-1,-1,0,1,0.500237762928009
1,valence,midpoint_as_high,ce_class_weighted,1,11,1269,41,-1,-1,1,0,0.4650292694568634
1,valence,midpoint_as_high,ce_class_weighted,1,11,1270,41,-1,-1,1,0,0.49321335554122925
1,valence,midpoint_as_high,ce_class_weighted,1,11,1271,41,-1,-1,1,0,0.486775666475296
1,valence,midpoint_as_high,ce_class_weighted,1,11,1272,41,-1,-1,0,0,0.42982810735702515
1,valence,midpoint_as_high,ce_class_weighted,1,11,1273,41,-1,-1,0,0,0.4632127285003662
1,valence,midpoint_as_high,ce_class_weighted,1,11,1274,41,-1,-1,1,1,0.507400631904602
1,valence,midpoint_as_high,ce_class_weighted,1,11,1275,41,-1,-1,1,0,0.4506656229496002
1,valence,midpoint_as_high,ce_class_weighted,1,11,1276,41,-1,-1,1,1,0.5202751159667969
1,valence,midpoint_as_high,ce_class_weighted,1,11,1277,41,-1,-1,1,0,0.45416662096977234
1,valence,midpoint_as_high,ce_class_weighted,1,11,1278,41,-1,-1,1,0,0.42437744140625
1,valence,midpoint_as_high,ce_class_weighted,1,11,1279,41,-1,-1,1,1,0.5456435084342957
1,valence,midpoint_as_high,ce_class_weighted,1,11,1600,53,-1,-1,0,1,0.5475876331329346
1,valence,midpoint_as_high,ce_class_weighted,1,11,1601,53,-1,-1,0,1,0.5307999849319458
1,valence,midpoint_as_high,ce_class_weighted,1,11,1602,53,-1,-1,0,1,0.5485770106315613
1,valence,midpoint_as_high,ce_class_weighted,1,11,1603,53,-1,-1,1,1,0.5647127032279968
1,valence,midpoint_as_high,ce_class_weighted,1,11,1604,53,-1,-1,0,0,0.4539429247379303
1,valence,midpoint_as_high,ce_class_weighted,1,11,1605,53,-1,-1,1,1,0.6288302540779114
1,valence,midpoint_as_high,ce_class_weighted,1,11,1606,53,-1,-1,0,1,0.5008087754249573
1,valence,midpoint_as_high,ce_class_weighted,1,11,1607,53,-1,-1,0,0,0.42032256722450256
1,valence,midpoint_as_high,ce_class_weighted,1,11,1608,53,-1,-1,1,0,0.49126020073890686
1,valence,midpoint_as_high,ce_class_weighted,1,11,1609,53,-1,-1,0,0,0.49818581342697144
1,valence,midpoint_as_high,ce_class_weighted,1,11,1610,53,-1,-1,1,1,0.5577653050422668
1,valence,midpoint_as_high,ce_class_weighted,1,11,1611,53,-1,-1,1,1,0.5334623456001282
1,valence,midpoint_as_high,ce_class_weighted,1,11,1612,53,-1,-1,0,0,0.49765467643737793
1,valence,midpoint_as_high,ce_class_weighted,1,11,1613,53,-1,-1,1,0,0.4749867916107178
1,valence,midpoint_as_high,ce_class_weighted,1,11,1614,53,-1,-1,1,0,0.46597591042518616
1,valence,midpoint_as_high,ce_class_weighted,1,11,1615,53,-1,-1,1,0,0.4832427501678467
1,valence,midpoint_as_high,ce_class_weighted,1,11,1616,53,-1,-1,1,1,0.5515397787094116
1,valence,midpoint_as_high,ce_class_weighted,1,11,1617,53,-1,-1,1,0,0.47788435220718384
1,valence,midpoint_as_high,ce_class_weighted,1,11,1618,53,-1,-1,1,1,0.5153076648712158
1,valence,midpoint_as_high,ce_class_weighted,1,11,1619,53,-1,-1,1,1,0.5160031914710999
1,valence,midpoint_as_high,ce_class_weighted,1,11,1620,53,-1,-1,0,1,0.5764975547790527
1,valence,midpoint_as_high,ce_class_weighted,1,11,1621,53,-1,-1,1,1,0.530524492263794
1,valence,midpoint_as_high,ce_class_weighted,1,11,1622,53,-1,-1,1,1,0.5477537512779236
1,valence,midpoint_as_high,ce_class_weighted,1,11,1623,53,-1,-1,0,0,0.47458818554878235
1,valence,midpoint_as_high,ce_class_weighted,1,11,1624,53,-1,-1,1,0,0.49418097734451294
1,valence,midpoint_as_high,ce_class_weighted,1,11,1625,53,-1,-1,0,0,0.43502113223075867
1,valence,midpoint_as_high,ce_class_weighted,1,11,1626,53,-1,-1,0,0,0.46381714940071106
1,valence,midpoint_as_high,ce_class_weighted,1,11,1627,53,-1,-1,1,0,0.45418646931648254
1,valence,midpoint_as_high,ce_class_weighted,1,11,1628,53,-1,-1,1,0,0.4912218451499939
1,valence,midpoint_as_high,ce_class_weighted,1,11,1629,53,-1,-1,1,0,0.47482791543006897
1,valence,midpoint_as_high,ce_class_weighted,1,11,1630,53,-1,-1,0,0,0.49635881185531616
1,valence,midpoint_as_high,ce_class_weighted,1,11,1631,53,-1,-1,0,0,0.4452907145023346
1,valence,midpoint_as_high,ce_class_weighted,1,11,1728,57,-1,-1,0,1,0.5407411456108093
1,valence,midpoint_as_high,ce_class_weighted,1,11,1729,57,-1,-1,0,1,0.537000834941864
1,valence,midpoint_as_high,ce_class_weighted,1,11,1730,57,-1,-1,1,1,0.546903669834137
1,valence,midpoint_as_high,ce_class_weighted,1,11,1731,57,-1,-1,1,1,0.5229762196540833
1,valence,midpoint_as_high,ce_class_weighted,1,11,1732,57,-1,-1,0,0,0.47988879680633545
1,valence,midpoint_as_high,ce_class_weighted,1,11,1733,57,-1,-1,1,1,0.5406360030174255
1,valence,midpoint_as_high,ce_class_weighted,1,11,1734,57,-1,-1,0,0,0.42171135544776917
1,valence,midpoint_as_high,ce_class_weighted,1,11,1735,57,-1,-1,1,1,0.5182481408119202
1,valence,midpoint_as_high,ce_class_weighted,1,11,1736,57,-1,-1,1,0,0.49720898270606995
1,valence,midpoint_as_high,ce_class_weighted,1,11,1737,57,-1,-1,0,0,0.4673921763896942
1,valence,midpoint_as_high,ce_class_weighted,1,11,1738,57,-1,-1,1,0,0.4617469906806946
1,valence,midpoint_as_high,ce_class_weighted,1,11,1739,57,-1,-1,1,0,0.45625823736190796
1,valence,midpoint_as_high,ce_class_weighted,1,11,1740,57,-1,-1,0,0,0.45657235383987427
1,valence,midpoint_as_high,ce_class_weighted,1,11,1741,57,-1,-1,1,0,0.4468207359313965
1,valence,midpoint_as_high,ce_class_weighted,1,11,1742,57,-1,-1,1,0,0.4598357379436493
1,valence,midpoint_as_high,ce_class_weighted,1,11,1743,57,-1,-1,1,0,0.4449884295463562
1,valence,midpoint_as_high,ce_class_weighted,1,11,1744,57,-1,-1,1,0,0.4851730167865753
1,valence,midpoint_as_high,ce_class_weighted,1,11,1745,57,-1,-1,1,0,0.42825138568878174
1,valence,midpoint_as_high,ce_class_weighted,1,11,1746,57,-1,-1,1,0,0.49047142267227173
1,valence,midpoint_as_high,ce_class_weighted,1,11,1747,57,-1,-1,1,0,0.47569793462753296
1,valence,midpoint_as_high,ce_class_weighted,1,11,1748,57,-1,-1,1,0,0.43587130308151245
1,valence,midpoint_as_high,ce_class_weighted,1,11,1749,57,-1,-1,1,0,0.4470376670360565
1,valence,midpoint_as_high,ce_class_weighted,1,11,1750,57,-1,-1,1,0,0.4512028992176056
1,valence,midpoint_as_high,ce_class_weighted,1,11,1751,57,-1,-1,1,0,0.47685810923576355
1,valence,midpoint_as_high,ce_class_weighted,1,11,1752,57,-1,-1,1,0,0.4890167713165283
1,valence,midpoint_as_high,ce_class_weighted,1,11,1753,57,-1,-1,0,0,0.487400621175766
1,valence,midpoint_as_high,ce_class_weighted,1,11,1754,57,-1,-1,1,1,0.5031706094741821
1,valence,midpoint_as_high,ce_class_weighted,1,11,1755,57,-1,-1,1,0,0.44845980405807495
1,valence,midpoint_as_high,ce_class_weighted,1,11,1756,57,-1,-1,1,0,0.46619030833244324
1,valence,midpoint_as_high,ce_class_weighted,1,11,1757,57,-1,-1,1,0,0.4486595094203949
1,valence,midpoint_as_high,ce_class_weighted,1,11,1758,57,-1,-1,0,0,0.488683819770813
1,valence,midpoint_as_high,ce_class_weighted,1,11,1759,57,-1,-1,0,0,0.4223720133304596
1,valence,midpoint_as_high,ce_class_weighted,1,11,1824,60,-1,-1,0,1,0.5837348699569702
1,valence,midpoint_as_high,ce_class_weighted,1,11,1825,60,-1,-1,0,1,0.528310239315033
1,valence,midpoint_as_high,ce_class_weighted,1,11,1826,60,-1,-1,1,1,0.6178434491157532
1,valence,midpoint_as_high,ce_class_weighted,1,11,1827,60,-1,-1,1,1,0.6109713315963745
1,valence,midpoint_as_high,ce_class_weighted,1,11,1828,60,-1,-1,0,1,0.5465948581695557
1,valence,midpoint_as_high,ce_class_weighted,1,11,1829,60,-1,-1,1,1,0.59478759765625
1,valence,midpoint_as_high,ce_class_weighted,1,11,1830,60,-1,-1,0,1,0.6305728554725647
1,valence,midpoint_as_high,ce_class_weighted,1,11,1831,60,-1,-1,1,1,0.580693781375885
1,valence,midpoint_as_high,ce_class_weighted,1,11,1832,60,-1,-1,0,1,0.6297898292541504
1,valence,midpoint_as_high,ce_class_weighted,1,11,1833,60,-1,-1,0,1,0.6127942800521851
1,valence,midpoint_as_high,ce_class_weighted,1,11,1834,60,-1,-1,1,1,0.529796838760376
1,valence,midpoint_as_high,ce_class_weighted,1,11,1835,60,-1,-1,1,1,0.6353561878204346
1,valence,midpoint_as_high,ce_class_weighted,1,11,1836,60,-1,-1,0,1,0.6239044666290283
1,valence,midpoint_as_high,ce_class_weighted,1,11,1837,60,-1,-1,1,1,0.6357284188270569
1,valence,midpoint_as_high,ce_class_weighted,1,11,1838,60,-1,-1,1,1,0.6278141736984253
1,valence,midpoint_as_high,ce_class_weighted,1,11,1839,60,-1,-1,1,1,0.5793290734291077
1,valence,midpoint_as_high,ce_class_weighted,1,11,1840,60,-1,-1,1,1,0.5926709175109863
1,valence,midpoint_as_high,ce_class_weighted,1,11,1841,60,-1,-1,1,1,0.6220104098320007
1,valence,midpoint_as_high,ce_class_weighted,1,11,1842,60,-1,-1,1,1,0.627403974533081
1,valence,midpoint_as_high,ce_class_weighted,1,11,1843,60,-1,-1,1,1,0.627928614616394
1,valence,midpoint_as_high,ce_class_weighted,1,11,1844,60,-1,-1,0,1,0.6306636333465576
1,valence,midpoint_as_high,ce_class_weighted,1,11,1845,60,-1,-1,1,1,0.5771814584732056
1,valence,midpoint_as_high,ce_class_weighted,1,11,1846,60,-1,-1,1,1,0.608351469039917
1,valence,midpoint_as_high,ce_class_weighted,1,11,1847,60,-1,-1,1,1,0.6087461113929749
1,valence,midpoint_as_high,ce_class_weighted,1,11,1848,60,-1,-1,1,1,0.6005426645278931
1,valence,midpoint_as_high,ce_class_weighted,1,11,1849,60,-1,-1,0,1,0.613368034362793
1,valence,midpoint_as_high,ce_class_weighted,1,11,1850,60,-1,-1,1,1,0.6148583292961121
1,valence,midpoint_as_high,ce_class_weighted,1,11,1851,60,-1,-1,1,1,0.6279611587524414
1,valence,midpoint_as_high,ce_class_weighted,1,11,1852,60,-1,-1,1,1,0.6580799221992493
1,valence,midpoint_as_high,ce_class_weighted,1,11,1853,60,-1,-1,1,1,0.5838422179222107
1,valence,midpoint_as_high,ce_class_weighted,1,11,1854,60,-1,-1,0,1,0.6198990345001221
1,valence,midpoint_as_high,ce_class_weighted,1,11,1855,60,-1,-1,0,1,0.6200078129768372
2,valence,midpoint_as_high,balanced_sampler_ce,1,11,96,5,-1,-1,0,1,0.5001460909843445
2,valence,midpoint_as_high,balanced_sampler_ce,1,11,97,5,-1,-1,0,0,0.48729655146598816
2,valence,midpoint_as_high,balanced_sampler_ce,1,11,98,5,-1,-1,0,1,0.5410940647125244
2,valence,midpoint_as_high,balanced_sampler_ce,1,11,99,5,-1,-1,1,0,0.49190041422843933
2,valence,midpoint_as_high,balanced_sampler_ce,1,11,100,5,-1,-1,0,1,0.5300952792167664
2,valence,midpoint_as_high,balanced_sampler_ce,1,11,101,5,-1,-1,1,0,0.4750911295413971
2,valence,midpoint_as_high,balanced_sampler_ce,1,11,102,5,-1,-1,0,1,0.5259454250335693
2,valence,midpoint_as_high,balanced_sampler_ce,1,11,103,5,-1,-1,0,0,0.4644468128681183
2,valence,midpoint_as_high,balanced_sampler_ce,1,11,104,5,-1,-1,0,0,0.426634818315506
2,valence,midpoint_as_high,balanced_sampler_ce,1,11,105,5,-1,-1,0,0,0.4913448989391327
2,valence,midpoint_as_high,balanced_sampler_ce,1,11,106,5,-1,-1,1,1,0.5109540820121765
2,valence,midpoint_as_high,balanced_sampler_ce,1,11,107,5,-1,-1,1,0,0.4763270914554596
2,valence,midpoint_as_high,balanced_sampler_ce,1,11,108,5,-1,-1,0,0,0.4319617450237274
2,valence,midpoint_as_high,balanced_sampler_ce,1,11,109,5,-1,-1,1,0,0.49119627475738525
2,valence,midpoint_as_high,balanced_sampler_ce,1,11,110,5,-1,-1,1,1,0.5448000431060791
2,valence,midpoint_as_high,balanced_sampler_ce,1,11,111,5,-1,-1,1,1,0.542995274066925
2,valence,midpoint_as_high,balanced_sampler_ce,1,11,112,5,-1,-1,1,1,0.5136405229568481
2,valence,midpoint_as_high,balanced_sampler_ce,1,11,113,5,-1,-1,1,1,0.5153360366821289
2,valence,midpoint_as_high,balanced_sampler_ce,1,11,114,5,-1,-1,1,1,0.5784357786178589
2,valence,midpoint_as_high,balanced_sampler_ce,1,11,115,5,-1,-1,1,1,0.5080410242080688
2,valence,midpoint_as_high,balanced_sampler_ce,1,11,116,5,-1,-1,0,1,0.519102156162262
2,valence,midpoint_as_high,balanced_sampler_ce,1,11,117,5,-1,-1,1,0,0.4668184220790863
2,valence,midpoint_as_high,balanced_sampler_ce,1,11,118,5,-1,-1,1,1,0.5421894788742065
2,valence,midpoint_as_high,balanced_sampler_ce,1,11,119,5,-1,-1,0,1,0.565453827381134
2,valence,midpoint_as_high,balanced_sampler_ce,1,11,120,5,-1,-1,1,0,0.4643684923648834
2,valence,midpoint_as_high,balanced_sampler_ce,1,11,121,5,-1,-1,0,1,0.5770283341407776
2,valence,midpoint_as_high,balanced_sampler_ce,1,11,122,5,-1,-1,0,1,0.5261730551719666
2,valence,midpoint_as_high,balanced_sampler_ce,1,11,123,5,-1,-1,1,1,0.5599415302276611
2,valence,midpoint_as_high,balanced_sampler_ce,1,11,124,5,-1,-1,1,1,0.5660758018493652
2,valence,midpoint_as_high,balanced_sampler_ce,1,11,125,5,-1,-1,1,1,0.5198989510536194
2,valence,midpoint_as_high,balanced_sampler_ce,1,11,126,5,-1,-1,0,1,0.6343371868133545
2,valence,midpoint_as_high,balanced_sampler_ce,1,11,127,5,-1,-1,0,1,0.5619205236434937
2,valence,midpoint_as_high,balanced_sampler_ce,1,11,160,7,-1,-1,0,1,0.5940702557563782
2,valence,midpoint_as_high,balanced_sampler_ce,1,11,161,7,-1,-1,0,1,0.5985904335975647
2,valence,midpoint_as_high,balanced_sampler_ce,1,11,162,7,-1,-1,0,1,0.5675351619720459
2,valence,midpoint_as_high,balanced_sampler_ce,1,11,163,7,-1,-1,1,1,0.6017434597015381
2,valence,midpoint_as_high,balanced_sampler_ce,1,11,164,7,-1,-1,0,1,0.5151191353797913
2,valence,midpoint_as_high,balanced_sampler_ce,1,11,165,7,-1,-1,1,1,0.5855728387832642
2,valence,midpoint_as_high,balanced_sampler_ce,1,11,166,7,-1,-1,0,1,0.5577122569084167
2,valence,midpoint_as_high,balanced_sampler_ce,1,11,167,7,-1,-1,0,1,0.5857266187667847
2,valence,midpoint_as_high,balanced_sampler_ce,1,11,168,7,-1,-1,0,1,0.5746565461158752
2,valence,midpoint_as_high,balanced_sampler_ce,1,11,169,7,-1,-1,0,0,0.473727285861969
2,valence,midpoint_as_high,balanced_sampler_ce,1,11,170,7,-1,-1,1,1,0.5571422576904297
2,valence,midpoint_as_high,balanced_sampler_ce,1,11,171,7,-1,-1,1,1,0.5478897094726562
2,valence,midpoint_as_high,balanced_sampler_ce,1,11,172,7,-1,-1,0,1,0.5408297777175903
2,valence,midpoint_as_high,balanced_sampler_ce,1,11,173,7,-1,-1,1,1,0.5700169801712036
2,valence,midpoint_as_high,balanced_sampler_ce,1,11,174,7,-1,-1,1,1,0.5793649554252625
2,valence,midpoint_as_high,balanced_sampler_ce,1,11,175,7,-1,-1,1,1,0.5667378902435303
2,valence,midpoint_as_high,balanced_sampler_ce,1,11,176,7,-1,-1,1,1,0.539595365524292
2,valence,midpoint_as_high,balanced_sampler_ce,1,11,177,7,-1,-1,1,1,0.5434737801551819
2,valence,midpoint_as_high,balanced_sampler_ce,1,11,178,7,-1,-1,1,1,0.5736427307128906
2,valence,midpoint_as_high,balanced_sampler_ce,1,11,179,7,-1,-1,1,1,0.5937658548355103
2,valence,midpoint_as_high,balanced_sampler_ce,1,11,180,7,-1,-1,1,1,0.5676121711730957
2,valence,midpoint_as_high,balanced_sampler_ce,1,11,181,7,-1,-1,1,1,0.5717295408248901
2,valence,midpoint_as_high,balanced_sampler_ce,1,11,182,7,-1,-1,1,1,0.6145180463790894
2,valence,midpoint_as_high,balanced_sampler_ce,1,11,183,7,-1,-1,1,1,0.5599924325942993
2,valence,midpoint_as_high,balanced_sampler_ce,1,11,184,7,-1,-1,0,1,0.577123761177063
2,valence,midpoint_as_high,balanced_sampler_ce,1,11,185,7,-1,-1,0,1,0.5960353016853333
2,valence,midpoint_as_high,balanced_sampler_ce,1,11,186,7,-1,-1,1,1,0.5574327707290649
2,valence,midpoint_as_high,balanced_sampler_ce,1,11,187,7,-1,-1,1,1,0.5792078375816345
2,valence,midpoint_as_high,balanced_sampler_ce,1,11,188,7,-1,-1,1,1,0.611128568649292
2,valence,midpoint_as_high,balanced_sampler_ce,1,11,189,7,-1,-1,1,1,0.528566837310791
2,valence,midpoint_as_high,balanced_sampler_ce,1,11,190,7,-1,-1,0,1,0.5985809564590454
2,valence,midpoint_as_high,balanced_sampler_ce,1,11,191,7,-1,-1,0,1,0.5460151433944702
2,valence,midpoint_as_high,balanced_sampler_ce,1,11,256,10,-1,-1,0,1,0.5945752859115601
2,valence,midpoint_as_high,balanced_sampler_ce,1,11,257,10,-1,-1,0,1,0.5339955687522888
2,valence,midpoint_as_high,balanced_sampler_ce,1,11,258,10,-1,-1,0,1,0.5639188885688782
2,valence,midpoint_as_high,balanced_sampler_ce,1,11,259,10,-1,-1,1,1,0.5055527687072754
2,valence,midpoint_as_high,balanced_sampler_ce,1,11,260,10,-1,-1,0,1,0.5761415958404541
2,valence,midpoint_as_high,balanced_sampler_ce,1,11,261,10,-1,-1,1,1,0.559410035610199
2,valence,midpoint_as_high,balanced_sampler_ce,1,11,262,10,-1,-1,0,1,0.5923780202865601
2,valence,midpoint_as_high,balanced_sampler_ce,1,11,263,10,-1,-1,0,1,0.6010102033615112
2,valence,midpoint_as_high,balanced_sampler_ce,1,11,264,10,-1,-1,0,1,0.563296377658844
2,valence,midpoint_as_high,balanced_sampler_ce,1,11,265,10,-1,-1,0,1,0.5176378488540649
2,valence,midpoint_as_high,balanced_sampler_ce,1,11,266,10,-1,-1,1,1,0.6531820297241211
2,valence,midpoint_as_high,balanced_sampler_ce,1,11,267,10,-1,-1,1,0,0.49541693925857544
2,valence,midpoint_as_high,balanced_sampler_ce,1,11,268,10,-1,-1,0,1,0.5829622149467468
2,valence,midpoint_as_high,balanced_sampler_ce,1,11,269,10,-1,-1,1,1,0.5831515192985535
2,valence,midpoint_as_high,balanced_sampler_ce,1,11,270,10,-1,-1,1,1,0.5861216187477112
2,valence,midpoint_as_high,balanced_sampler_ce,1,11,271,10,-1,-1,1,1,0.5363986492156982
2,valence,midpoint_as_high,balanced_sampler_ce,1,11,272,10,-1,-1,0,1,0.5304579138755798
2,valence,midpoint_as_high,balanced_sampler_ce,1,11,273,10,-1,-1,1,0,0.4624096751213074
2,valence,midpoint_as_high,balanced_sampler_ce,1,11,274,10,-1,-1,1,1,0.5436932444572449
2,valence,midpoint_as_high,balanced_sampler_ce,1,11,275,10,-1,-1,1,1,0.5079367756843567
2,valence,midpoint_as_high,balanced_sampler_ce,1,11,276,10,-1,-1,0,1,0.5834307670593262
2,valence,midpoint_as_high,balanced_sampler_ce,1,11,277,10,-1,-1,1,1,0.5133274793624878
2,valence,midpoint_as_high,balanced_sampler_ce,1,11,278,10,-1,-1,1,0,0.4960210621356964
2,valence,midpoint_as_high,balanced_sampler_ce,1,11,279,10,-1,-1,1,1,0.6317078471183777
2,valence,midpoint_as_high,balanced_sampler_ce,1,11,280,10,-1,-1,1,1,0.543182909488678
2,valence,midpoint_as_high,balanced_sampler_ce,1,11,281,10,-1,-1,0,1,0.5707897543907166
2,valence,midpoint_as_high,balanced_sampler_ce,1,11,282,10,-1,-1,1,1,0.5023693442344666
2,valence,midpoint_as_high,balanced_sampler_ce,1,11,283,10,-1,-1,1,1,0.532524049282074
2,valence,midpoint_as_high,balanced_sampler_ce,1,11,284,10,-1,-1,1,1,0.5697266459465027
2,valence,midpoint_as_high,balanced_sampler_ce,1,11,285,10,-1,-1,1,0,0.49306192994117737
2,valence,midpoint_as_high,balanced_sampler_ce,1,11,286,10,-1,-1,0,0,0.49777382612228394
2,valence,midpoint_as_high,balanced_sampler_ce,1,11,287,10,-1,-1,0,1,0.6261812448501587
2,valence,midpoint_as_high,balanced_sampler_ce,1,11,352,13,-1,-1,0,1,0.5927993059158325
2,valence,midpoint_as_high,balanced_sampler_ce,1,11,353,13,-1,-1,0,1,0.5867680311203003
2,valence,midpoint_as_high,balanced_sampler_ce,1,11,354,13,-1,-1,0,1,0.603366494178772
2,valence,midpoint_as_high,balanced_sampler_ce,1,11,355,13,-1,-1,1,1,0.5312705636024475
2,valence,midpoint_as_high,balanced_sampler_ce,1,11,356,13,-1,-1,0,1,0.5420703291893005
2,valence,midpoint_as_high,balanced_sampler_ce,1,11,357,13,-1,-1,1,1,0.6052491664886475
2,valence,midpoint_as_high,balanced_sampler_ce,1,11,358,13,-1,-1,1,1,0.5325664281845093
2,valence,midpoint_as_high,balanced_sampler_ce,1,11,359,13,-1,-1,0,1,0.5895441770553589
2,valence,midpoint_as_high,balanced_sampler_ce,1,11,360,13,-1,-1,0,1,0.5424150228500366
2,valence,midpoint_as_high,balanced_sampler_ce,1,11,361,13,-1,-1,0,1,0.5088366866111755
2,valence,midpoint_as_high,balanced_sampler_ce,1,11,362,13,-1,-1,1,1,0.5503454208374023
2,valence,midpoint_as_high,balanced_sampler_ce,1,11,363,13,-1,-1,1,1,0.61212158203125
2,valence,midpoint_as_high,balanced_sampler_ce,1,11,364,13,-1,-1,0,1,0.6406018733978271
2,valence,midpoint_as_high,balanced_sampler_ce,1,11,365,13,-1,-1,1,1,0.6286720633506775
2,valence,midpoint_as_high,balanced_sampler_ce,1,11,366,13,-1,-1,1,1,0.5362708568572998
2,valence,midpoint_as_high,balanced_sampler_ce,1,11,367,13,-1,-1,1,0,0.4403080940246582
2,valence,midpoint_as_high,balanced_sampler_ce,1,11,368,13,-1,-1,1,0,0.4334985911846161
2,valence,midpoint_as_high,balanced_sampler_ce,1,11,369,13,-1,-1,1,0,0.48593512177467346
2,valence,midpoint_as_high,balanced_sampler_ce,1,11,370,13,-1,-1,1,0,0.4543605446815491
2,valence,midpoint_as_high,balanced_sampler_ce,1,11,371,13,-1,-1,1,1,0.6253805160522461
2,valence,midpoint_as_high,balanced_sampler_ce,1,11,372,13,-1,-1,0,0,0.4754025936126709
2,valence,midpoint_as_high,balanced_sampler_ce,1,11,373,13,-1,-1,1,1,0.5507978796958923
2,valence,midpoint_as_high,balanced_sampler_ce,1,11,374,13,-1,-1,0,1,0.5790480971336365
2,valence,midpoint_as_high,balanced_sampler_ce,1,11,375,13,-1,-1,1,0,0.48655420541763306
2,valence,midpoint_as_high,balanced_sampler_ce,1,11,376,13,-1,-1,1,0,0.3813735842704773
2,valence,midpoint_as_high,balanced_sampler_ce,1,11,377,13,-1,-1,0,1,0.5078397989273071
2,valence,midpoint_as_high,balanced_sampler_ce,1,11,378,13,-1,-1,1,1,0.6050477027893066
2,valence,midpoint_as_high,balanced_sampler_ce,1,11,379,13,-1,-1,1,0,0.41989174485206604
2,valence,midpoint_as_high,balanced_sampler_ce,1,11,380,13,-1,-1,1,1,0.5877872705459595
2,valence,midpoint_as_high,balanced_sampler_ce,1,11,381,13,-1,-1,1,1,0.5215303897857666
2,valence,midpoint_as_high,balanced_sampler_ce,1,11,382,13,-1,-1,0,1,0.5557629466056824
2,valence,midpoint_as_high,balanced_sampler_ce,1,11,383,13,-1,-1,0,0,0.45172372460365295
2,valence,midpoint_as_high,balanced_sampler_ce,1,11,448,16,-1,-1,0,1,0.6149102449417114
2,valence,midpoint_as_high,balanced_sampler_ce,1,11,449,16,-1,-1,0,0,0.4728533923625946
2,valence,midpoint_as_high,balanced_sampler_ce,1,11,450,16,-1,-1,0,0,0.48719432950019836
2,valence,midpoint_as_high,balanced_sampler_ce,1,11,451,16,-1,-1,1,1,0.5503349304199219
2,valence,midpoint_as_high,balanced_sampler_ce,1,11,452,16,-1,-1,0,1,0.5840240120887756
2,valence,midpoint_as_high,balanced_sampler_ce,1,11,453,16,-1,-1,1,0,0.4491845667362213
2,valence,midpoint_as_high,balanced_sampler_ce,1,11,454,16,-1,-1,0,1,0.5598762631416321
2,valence,midpoint_as_high,balanced_sampler_ce,1,11,455,16,-1,-1,0,1,0.5517093539237976
2,valence,midpoint_as_high,balanced_sampler_ce,1,11,456,16,-1,-1,1,1,0.5602408647537231
2,valence,midpoint_as_high,balanced_sampler_ce,1,11,457,16,-1,-1,0,1,0.5996821522712708
2,valence,midpoint_as_high,balanced_sampler_ce,1,11,458,16,-1,-1,1,1,0.5352159738540649
2,valence,midpoint_as_high,balanced_sampler_ce,1,11,459,16,-1,-1,1,0,0.48357340693473816
2,valence,midpoint_as_high,balanced_sampler_ce,1,11,460,16,-1,-1,0,1,0.5401314496994019
2,valence,midpoint_as_high,balanced_sampler_ce,1,11,461,16,-1,-1,1,1,0.5587064623832703
2,valence,midpoint_as_high,balanced_sampler_ce,1,11,462,16,-1,-1,1,1,0.5586443543434143
2,valence,midpoint_as_high,balanced_sampler_ce,1,11,463,16,-1,-1,1,1,0.5403779745101929
2,valence,midpoint_as_high,balanced_sampler_ce,1,11,464,16,-1,-1,1,1,0.5354951024055481
2,valence,midpoint_as_high,balanced_sampler_ce,1,11,465,16,-1,-1,1,1,0.584223747253418
2,valence,midpoint_as_high,balanced_sampler_ce,1,11,466,16,-1,-1,1,1,0.5803436040878296
2,valence,midpoint_as_high,balanced_sampler_ce,1,11,467,16,-1,-1,1,1,0.7093259692192078
2,valence,midpoint_as_high,balanced_sampler_ce,1,11,468,16,-1,-1,1,1,0.5792909860610962
2,valence,midpoint_as_high,balanced_sampler_ce,1,11,469,16,-1,-1,1,1,0.6243996024131775
2,valence,midpoint_as_high,balanced_sampler_ce,1,11,470,16,-1,-1,0,1,0.5879438519477844
2,valence,midpoint_as_high,balanced_sampler_ce,1,11,471,16,-1,-1,0,1,0.610272228717804
2,valence,midpoint_as_high,balanced_sampler_ce,1,11,472,16,-1,-1,1,1,0.5777691006660461
2,valence,midpoint_as_high,balanced_sampler_ce,1,11,473,16,-1,-1,0,0,0.49693992733955383
2,valence,midpoint_as_high,balanced_sampler_ce,1,11,474,16,-1,-1,1,1,0.5643550157546997
2,valence,midpoint_as_high,balanced_sampler_ce,1,11,475,16,-1,-1,1,1,0.6288801431655884
2,valence,midpoint_as_high,balanced_sampler_ce,1,11,476,16,-1,-1,1,1,0.5977747440338135
2,valence,midpoint_as_high,balanced_sampler_ce,1,11,477,16,-1,-1,1,1,0.5708230137825012
2,valence,midpoint_as_high,balanced_sampler_ce,1,11,478,16,-1,-1,0,0,0.49212920665740967
2,valence,midpoint_as_high,balanced_sampler_ce,1,11,479,16,-1,-1,0,1,0.5085604786872864
2,valence,midpoint_as_high,balanced_sampler_ce,1,11,992,33,-1,-1,0,1,0.542847216129303
2,valence,midpoint_as_high,balanced_sampler_ce,1,11,993,33,-1,-1,0,1,0.6346731781959534
2,valence,midpoint_as_high,balanced_sampler_ce,1,11,994,33,-1,-1,0,1,0.5461764335632324
2,valence,midpoint_as_high,balanced_sampler_ce,1,11,995,33,-1,-1,1,1,0.5318914651870728
2,valence,midpoint_as_high,balanced_sampler_ce,1,11,996,33,-1,-1,0,1,0.5910232663154602
2,valence,midpoint_as_high,balanced_sampler_ce,1,11,997,33,-1,-1,1,1,0.5658220052719116
2,valence,midpoint_as_high,balanced_sampler_ce,1,11,998,33,-1,-1,0,1,0.6268206834793091
2,valence,midpoint_as_high,balanced_sampler_ce,1,11,999,33,-1,-1,0,1,0.5066725015640259
2,valence,midpoint_as_high,balanced_sampler_ce,1,11,1000,33,-1,-1,1,1,0.5625709295272827
2,valence,midpoint_as_high,balanced_sampler_ce,1,11,1001,33,-1,-1,0,1,0.5219565629959106
2,valence,midpoint_as_high,balanced_sampler_ce,1,11,1002,33,-1,-1,1,0,0.4788295328617096
2,valence,midpoint_as_high,balanced_sampler_ce,1,11,1003,33,-1,-1,1,1,0.5583519339561462
2,valence,midpoint_as_high,balanced_sampler_ce,1,11,1004,33,-1,-1,0,1,0.5202721953392029
2,valence,midpoint_as_high,balanced_sampler_ce,1,11,1005,33,-1,-1,1,1,0.5323963761329651
2,valence,midpoint_as_high,balanced_sampler_ce,1,11,1006,33,-1,-1,1,1,0.5608627796173096
2,valence,midpoint_as_high,balanced_sampler_ce,1,11,1007,33,-1,-1,1,1,0.5198348164558411
2,valence,midpoint_as_high,balanced_sampler_ce,1,11,1008,33,-1,-1,1,0,0.4547150135040283
2,valence,midpoint_as_high,balanced_sampler_ce,1,11,1009,33,-1,-1,1,1,0.5367682576179504
2,valence,midpoint_as_high,balanced_sampler_ce,1,11,1010,33,-1,-1,1,1,0.535631537437439
2,valence,midpoint_as_high,balanced_sampler_ce,1,11,1011,33,-1,-1,1,1,0.5403788685798645
2,valence,midpoint_as_high,balanced_sampler_ce,1,11,1012,33,-1,-1,0,1,0.5556986331939697
2,valence,midpoint_as_high,balanced_sampler_ce,1,11,1013,33,-1,-1,1,1,0.5899901986122131
2,valence,midpoint_as_high,balanced_sampler_ce,1,11,1014,33,-1,-1,1,1,0.5207626223564148
2,valence,midpoint_as_high,balanced_sampler_ce,1,11,1015,33,-1,-1,1,1,0.5560962557792664
2,valence,midpoint_as_high,balanced_sampler_ce,1,11,1016,33,-1,-1,1,1,0.5175555944442749
2,valence,midpoint_as_high,balanced_sampler_ce,1,11,1017,33,-1,-1,0,1,0.5664569139480591
2,valence,midpoint_as_high,balanced_sampler_ce,1,11,1018,33,-1,-1,1,0,0.4946039915084839
2,valence,midpoint_as_high,balanced_sampler_ce,1,11,1019,33,-1,-1,1,1,0.5260127186775208
2,valence,midpoint_as_high,balanced_sampler_ce,1,11,1020,33,-1,-1,1,1,0.5500516891479492
2,valence,midpoint_as_high,balanced_sampler_ce,1,11,1021,33,-1,-1,1,1,0.5272599458694458
2,valence,midpoint_as_high,balanced_sampler_ce,1,11,1022,33,-1,-1,0,1,0.5109574198722839
2,valence,midpoint_as_high,balanced_sampler_ce,1,11,1023,33,-1,-1,0,0,0.49245530366897583
2,valence,midpoint_as_high,balanced_sampler_ce,1,11,1152,38,-1,-1,0,1,0.5584241151809692
2,valence,midpoint_as_high,balanced_sampler_ce,1,11,1153,38,-1,-1,0,1,0.5919243097305298
2,valence,midpoint_as_high,balanced_sampler_ce,1,11,1154,38,-1,-1,0,1,0.5968406796455383
2,valence,midpoint_as_high,balanced_sampler_ce,1,11,1155,38,-1,-1,1,1,0.6018326282501221
2,valence,midpoint_as_high,balanced_sampler_ce,1,11,1156,38,-1,-1,0,1,0.6204745173454285
2,valence,midpoint_as_high,balanced_sampler_ce,1,11,1157,38,-1,-1,1,1,0.605747401714325
2,valence,midpoint_as_high,balanced_sampler_ce,1,11,1158,38,-1,-1,0,1,0.5707387924194336
2,valence,midpoint_as_high,balanced_sampler_ce,1,11,1159,38,-1,-1,0,1,0.5003237724304199
2,valence,midpoint_as_high,balanced_sampler_ce,1,11,1160,38,-1,-1,1,1,0.5424626469612122
2,valence,midpoint_as_high,balanced_sampler_ce,1,11,1161,38,-1,-1,0,1,0.6294738054275513
2,valence,midpoint_as_high,balanced_sampler_ce,1,11,1162,38,-1,-1,1,1,0.5658820867538452
2,valence,midpoint_as_high,balanced_sampler_ce,1,11,1163,38,-1,-1,1,1,0.6161085963249207
2,valence,midpoint_as_high,balanced_sampler_ce,1,11,1164,38,-1,-1,0,1,0.5378456711769104
2,valence,midpoint_as_high,balanced_sampler_ce,1,11,1165,38,-1,-1,1,1,0.5430309772491455
2,valence,midpoint_as_high,balanced_sampler_ce,1,11,1166,38,-1,-1,0,1,0.5125861763954163
2,valence,midpoint_as_high,balanced_sampler_ce,1,11,1167,38,-1,-1,1,1,0.6382318735122681
2,valence,midpoint_as_high,balanced_sampler_ce,1,11,1168,38,-1,-1,0,1,0.575141966342926
2,valence,midpoint_as_high,balanced_sampler_ce,1,11,1169,38,-1,-1,1,1,0.5784797668457031
2,valence,midpoint_as_high,balanced_sampler_ce,1,11,1170,38,-1,-1,1,1,0.5650442838668823
2,valence,midpoint_as_high,balanced_sampler_ce,1,11,1171,38,-1,-1,0,0,0.4592283070087433
2,valence,midpoint_as_high,balanced_sampler_ce,1,11,1172,38,-1,-1,0,1,0.6184946298599243
2,valence,midpoint_as_high,balanced_sampler_ce,1,11,1173,38,-1,-1,1,1,0.5939433574676514
2,valence,midpoint_as_high,balanced_sampler_ce,1,11,1174,38,-1,-1,0,1,0.5867356657981873
2,valence,midpoint_as_high,balanced_sampler_ce,1,11,1175,38,-1,-1,0,1,0.6274878978729248
2,valence,midpoint_as_high,balanced_sampler_ce,1,11,1176,38,-1,-1,0,1,0.5891933441162109
2,valence,midpoint_as_high,balanced_sampler_ce,1,11,1177,38,-1,-1,0,1,0.5921054482460022
2,valence,midpoint_as_high,balanced_sampler_ce,1,11,1178,38,-1,-1,0,1,0.6327139735221863
2,valence,midpoint_as_high,balanced_sampler_ce,1,11,1179,38,-1,-1,1,1,0.5979267358779907
2,valence,midpoint_as_high,balanced_sampler_ce,1,11,1180,38,-1,-1,1,1,0.5676354765892029
2,valence,midpoint_as_high,balanced_sampler_ce,1,11,1181,38,-1,-1,1,1,0.5511664152145386
2,valence,midpoint_as_high,balanced_sampler_ce,1,11,1182,38,-1,-1,0,1,0.5621297955513
2,valence,midpoint_as_high,balanced_sampler_ce,1,11,1183,38,-1,-1,0,1,0.5899264812469482
2,valence,midpoint_as_high,balanced_sampler_ce,1,11,1248,41,-1,-1,1,1,0.5150201916694641
2,valence,midpoint_as_high,balanced_sampler_ce,1,11,1249,41,-1,-1,0,0,0.4813472628593445
2,valence,midpoint_as_high,balanced_sampler_ce,1,11,1250,41,-1,-1,1,1,0.5591719746589661
2,valence,midpoint_as_high,balanced_sampler_ce,1,11,1251,41,-1,-1,1,1,0.6204597353935242
2,valence,midpoint_as_high,balanced_sampler_ce,1,11,1252,41,-1,-1,0,0,0.45361149311065674
2,valence,midpoint_as_high,balanced_sampler_ce,1,11,1253,41,-1,-1,1,1,0.6002886891365051
2,valence,midpoint_as_high,balanced_sampler_ce,1,11,1254,41,-1,-1,0,0,0.4419941008090973
2,valence,midpoint_as_high,balanced_sampler_ce,1,11,1255,41,-1,-1,0,1,0.5483480095863342
2,valence,midpoint_as_high,balanced_sampler_ce,1,11,1256,41,-1,-1,1,1,0.5665740370750427
2,valence,midpoint_as_high,balanced_sampler_ce,1,11,1257,41,-1,-1,0,0,0.47411417961120605
2,valence,midpoint_as_high,balanced_sampler_ce,1,11,1258,41,-1,-1,1,0,0.43349528312683105
2,valence,midpoint_as_high,balanced_sampler_ce,1,11,1259,41,-1,-1,1,1,0.5370447039604187
2,valence,midpoint_as_high,balanced_sampler_ce,1,11,1260,41,-1,-1,1,1,0.5248772501945496
2,valence,midpoint_as_high,balanced_sampler_ce,1,11,1261,41,-1,-1,1,0,0.402416467666626
2,valence,midpoint_as_high,balanced_sampler_ce,1,11,1262,41,-1,-1,1,0,0.43580830097198486
2,valence,midpoint_as_high,balanced_sampler_ce,1,11,1263,41,-1,-1,1,0,0.417781800031662
2,valence,midpoint_as_high,balanced_sampler_ce,1,11,1264,41,-1,-1,1,0,0.41900283098220825
2,valence,midpoint_as_high,balanced_sampler_ce,1,11,1265,41,-1,-1,1,1,0.5323960781097412
2,valence,midpoint_as_high,balanced_sampler_ce,1,11,1266,41,-1,-1,1,0,0.41330331563949585
2,valence,midpoint_as_high,balanced_sampler_ce,1,11,1267,41,-1,-1,0,0,0.45257169008255005
2,valence,midpoint_as_high,balanced_sampler_ce,1,11,1268,41,-1,-1,0,1,0.5091846585273743
2,valence,midpoint_as_high,balanced_sampler_ce,1,11,1269,41,-1,-1,1,0,0.44377851486206055
2,valence,midpoint_as_high,balanced_sampler_ce,1,11,1270,41,-1,-1,1,0,0.48946240544319153
2,valence,midpoint_as_high,balanced_sampler_ce,1,11,1271,41,-1,-1,1,1,0.5365943312644958
2,valence,midpoint_as_high,balanced_sampler_ce,1,11,1272,41,-1,-1,0,0,0.4305475056171417
2,valence,midpoint_as_high,balanced_sampler_ce,1,11,1273,41,-1,-1,0,0,0.4487468898296356
2,valence,midpoint_as_high,balanced_sampler_ce,1,11,1274,41,-1,-1,1,1,0.555980920791626
2,valence,midpoint_as_high,balanced_sampler_ce,1,11,1275,41,-1,-1,1,0,0.43697279691696167
2,valence,midpoint_as_high,balanced_sampler_ce,1,11,1276,41,-1,-1,1,1,0.5469095706939697
2,valence,midpoint_as_high,balanced_sampler_ce,1,11,1277,41,-1,-1,1,0,0.43461331725120544
2,valence,midpoint_as_high,balanced_sampler_ce,1,11,1278,41,-1,-1,1,0,0.4047890901565552
2,valence,midpoint_as_high,balanced_sampler_ce,1,11,1279,41,-1,-1,1,1,0.5700130462646484
2,valence,midpoint_as_high,balanced_sampler_ce,1,11,1600,53,-1,-1,0,1,0.5669740438461304
2,valence,midpoint_as_high,balanced_sampler_ce,1,11,1601,53,-1,-1,0,1,0.5480890274047852
2,valence,midpoint_as_high,balanced_sampler_ce,1,11,1602,53,-1,-1,0,1,0.5720330476760864
2,valence,midpoint_as_high,balanced_sampler_ce,1,11,1603,53,-1,-1,1,1,0.5930191278457642
2,valence,midpoint_as_high,balanced_sampler_ce,1,11,1604,53,-1,-1,0,0,0.4561249613761902
2,valence,midpoint_as_high,balanced_sampler_ce,1,11,1605,53,-1,-1,1,1,0.6621649861335754
2,valence,midpoint_as_high,balanced_sampler_ce,1,11,1606,53,-1,-1,0,1,0.5091772675514221
2,valence,midpoint_as_high,balanced_sampler_ce,1,11,1607,53,-1,-1,0,0,0.41995251178741455
2,valence,midpoint_as_high,balanced_sampler_ce,1,11,1608,53,-1,-1,1,1,0.5049228668212891
2,valence,midpoint_as_high,balanced_sampler_ce,1,11,1609,53,-1,-1,0,1,0.5169174075126648
2,valence,midpoint_as_high,balanced_sampler_ce,1,11,1610,53,-1,-1,1,1,0.609182596206665
2,valence,midpoint_as_high,balanced_sampler_ce,1,11,1611,53,-1,-1,1,1,0.5511173009872437
2,valence,midpoint_as_high,balanced_sampler_ce,1,11,1612,53,-1,-1,0,1,0.5129839777946472
2,valence,midpoint_as_high,balanced_sampler_ce,1,11,1613,53,-1,-1,1,0,0.4869565963745117
2,valence,midpoint_as_high,balanced_sampler_ce,1,11,1614,53,-1,-1,1,0,0.4863157868385315
2,valence,midpoint_as_high,balanced_sampler_ce,1,11,1615,53,-1,-1,1,0,0.48396745324134827
2,valence,midpoint_as_high,balanced_sampler_ce,1,11,1616,53,-1,-1,1,1,0.586708128452301
2,valence,midpoint_as_high,balanced_sampler_ce,1,11,1617,53,-1,-1,1,0,0.47740718722343445
2,valence,midpoint_as_high,balanced_sampler_ce,1,11,1618,53,-1,-1,1,1,0.5065823197364807
2,valence,midpoint_as_high,balanced_sampler_ce,1,11,1619,53,-1,-1,1,1,0.5214487314224243
2,valence,midpoint_as_high,balanced_sampler_ce,1,11,1620,53,-1,-1,0,1,0.598362147808075
2,valence,midpoint_as_high,balanced_sampler_ce,1,11,1621,53,-1,-1,1,1,0.548751711845398
2,valence,midpoint_as_high,balanced_sampler_ce,1,11,1622,53,-1,-1,1,1,0.5775274634361267
2,valence,midpoint_as_high,balanced_sampler_ce,1,11,1623,53,-1,-1,0,0,0.46735185384750366
2,valence,midpoint_as_high,balanced_sampler_ce,1,11,1624,53,-1,-1,1,1,0.5150560140609741
2,valence,midpoint_as_high,balanced_sampler_ce,1,11,1625,53,-1,-1,0,0,0.43027737736701965
2,valence,midpoint_as_high,balanced_sampler_ce,1,11,1626,53,-1,-1,0,0,0.47055381536483765
2,valence,midpoint_as_high,balanced_sampler_ce,1,11,1627,53,-1,-1,1,0,0.44753843545913696
2,valence,midpoint_as_high,balanced_sampler_ce,1,11,1628,53,-1,-1,1,1,0.5171877145767212
2,valence,midpoint_as_high,balanced_sampler_ce,1,11,1629,53,-1,-1,1,0,0.47155922651290894
2,valence,midpoint_as_high,balanced_sampler_ce,1,11,1630,53,-1,-1,0,1,0.51185542345047
2,valence,midpoint_as_high,balanced_sampler_ce,1,11,1631,53,-1,-1,0,0,0.43133029341697693
2,valence,midpoint_as_high,balanced_sampler_ce,1,11,1728,57,-1,-1,0,1,0.5581309199333191
2,valence,midpoint_as_high,balanced_sampler_ce,1,11,1729,57,-1,-1,0,1,0.5691395998001099
2,valence,midpoint_as_high,balanced_sampler_ce,1,11,1730,57,-1,-1,1,1,0.6038689613342285
2,valence,midpoint_as_high,balanced_sampler_ce,1,11,1731,57,-1,-1,1,1,0.5379969477653503
2,valence,midpoint_as_high,balanced_sampler_ce,1,11,1732,57,-1,-1,0,1,0.5030984878540039
2,valence,midpoint_as_high,balanced_sampler_ce,1,11,1733,57,-1,-1,1,1,0.6006399989128113
2,valence,midpoint_as_high,balanced_sampler_ce,1,11,1734,57,-1,-1,0,0,0.4032135307788849
2,valence,midpoint_as_high,balanced_sampler_ce,1,11,1735,57,-1,-1,1,1,0.5607568025588989
2,valence,midpoint_as_high,balanced_sampler_ce,1,11,1736,57,-1,-1,1,1,0.5134156346321106
2,valence,midpoint_as_high,balanced_sampler_ce,1,11,1737,57,-1,-1,0,0,0.48850148916244507
2,valence,midpoint_as_high,balanced_sampler_ce,1,11,1738,57,-1,-1,1,0,0.4726748466491699
2,valence,midpoint_as_high,balanced_sampler_ce,1,11,1739,57,-1,-1,1,0,0.462645947933197
2,valence,midpoint_as_high,balanced_sampler_ce,1,11,1740,57,-1,-1,0,0,0.48837950825691223
2,valence,midpoint_as_high,balanced_sampler_ce,1,11,1741,57,-1,-1,1,0,0.4495273232460022
2,valence,midpoint_as_high,balanced_sampler_ce,1,11,1742,57,-1,-1,1,0,0.4812110364437103
2,valence,midpoint_as_high,balanced_sampler_ce,1,11,1743,57,-1,-1,1,0,0.4770520329475403
2,valence,midpoint_as_high,balanced_sampler_ce,1,11,1744,57,-1,-1,1,1,0.5335073471069336
2,valence,midpoint_as_high,balanced_sampler_ce,1,11,1745,57,-1,-1,1,0,0.4266943633556366
2,valence,midpoint_as_high,balanced_sampler_ce,1,11,1746,57,-1,-1,1,1,0.5313117504119873
2,valence,midpoint_as_high,balanced_sampler_ce,1,11,1747,57,-1,-1,1,0,0.49550724029541016
2,valence,midpoint_as_high,balanced_sampler_ce,1,11,1748,57,-1,-1,1,0,0.4323495328426361
2,valence,midpoint_as_high,balanced_sampler_ce,1,11,1749,57,-1,-1,1,0,0.4534088373184204
2,valence,midpoint_as_high,balanced_sampler_ce,1,11,1750,57,-1,-1,1,0,0.46328431367874146
2,valence,midpoint_as_high,balanced_sampler_ce,1,11,1751,57,-1,-1,1,1,0.5254284143447876
2,valence,midpoint_as_high,balanced_sampler_ce,1,11,1752,57,-1,-1,1,1,0.5283082127571106
2,valence,midpoint_as_high,balanced_sampler_ce,1,11,1753,57,-1,-1,0,1,0.5403455495834351
2,valence,midpoint_as_high,balanced_sampler_ce,1,11,1754,57,-1,-1,1,1,0.5080475807189941
2,valence,midpoint_as_high,balanced_sampler_ce,1,11,1755,57,-1,-1,1,0,0.4437086582183838
2,valence,midpoint_as_high,balanced_sampler_ce,1,11,1756,57,-1,-1,1,0,0.49594104290008545
2,valence,midpoint_as_high,balanced_sampler_ce,1,11,1757,57,-1,-1,1,0,0.47929003834724426
2,valence,midpoint_as_high,balanced_sampler_ce,1,11,1758,57,-1,-1,0,1,0.5178594589233398
2,valence,midpoint_as_high,balanced_sampler_ce,1,11,1759,57,-1,-1,0,0,0.44860681891441345
2,valence,midpoint_as_high,balanced_sampler_ce,1,11,1824,60,-1,-1,0,1,0.5938274264335632
2,valence,midpoint_as_high,balanced_sampler_ce,1,11,1825,60,-1,-1,0,1,0.5274154543876648
2,valence,midpoint_as_high,balanced_sampler_ce,1,11,1826,60,-1,-1,1,1,0.6324686408042908
2,valence,midpoint_as_high,balanced_sampler_ce,1,11,1827,60,-1,-1,1,1,0.619959831237793
2,valence,midpoint_as_high,balanced_sampler_ce,1,11,1828,60,-1,-1,0,1,0.56697678565979
2,valence,midpoint_as_high,balanced_sampler_ce,1,11,1829,60,-1,-1,1,1,0.601007878780365
2,valence,midpoint_as_high,balanced_sampler_ce,1,11,1830,60,-1,-1,0,1,0.633373498916626
2,valence,midpoint_as_high,balanced_sampler_ce,1,11,1831,60,-1,-1,1,1,0.5963484644889832
2,valence,midpoint_as_high,balanced_sampler_ce,1,11,1832,60,-1,-1,0,1,0.6370606422424316
2,valence,midpoint_as_high,balanced_sampler_ce,1,11,1833,60,-1,-1,0,1,0.6266695857048035
2,valence,midpoint_as_high,balanced_sampler_ce,1,11,1834,60,-1,-1,1,1,0.522091805934906
2,valence,midpoint_as_high,balanced_sampler_ce,1,11,1835,60,-1,-1,1,1,0.6446504592895508
2,valence,midpoint_as_high,balanced_sampler_ce,1,11,1836,60,-1,-1,0,1,0.6363576054573059
2,valence,midpoint_as_high,balanced_sampler_ce,1,11,1837,60,-1,-1,1,1,0.6530412435531616
2,valence,midpoint_as_high,balanced_sampler_ce,1,11,1838,60,-1,-1,1,1,0.6418853998184204
2,valence,midpoint_as_high,balanced_sampler_ce,1,11,1839,60,-1,-1,1,1,0.599312424659729
2,valence,midpoint_as_high,balanced_sampler_ce,1,11,1840,60,-1,-1,1,1,0.599938154220581
2,valence,midpoint_as_high,balanced_sampler_ce,1,11,1841,60,-1,-1,1,1,0.637691855430603
2,valence,midpoint_as_high,balanced_sampler_ce,1,11,1842,60,-1,-1,1,1,0.6452596187591553
2,valence,midpoint_as_high,balanced_sampler_ce,1,11,1843,60,-1,-1,1,1,0.6470893025398254
2,valence,midpoint_as_high,balanced_sampler_ce,1,11,1844,60,-1,-1,0,1,0.6470503807067871
2,valence,midpoint_as_high,balanced_sampler_ce,1,11,1845,60,-1,-1,1,1,0.5824301242828369
2,valence,midpoint_as_high,balanced_sampler_ce,1,11,1846,60,-1,-1,1,1,0.6224865317344666
2,valence,midpoint_as_high,balanced_sampler_ce,1,11,1847,60,-1,-1,1,1,0.6187263131141663
2,valence,midpoint_as_high,balanced_sampler_ce,1,11,1848,60,-1,-1,1,1,0.6163032054901123
2,valence,midpoint_as_high,balanced_sampler_ce,1,11,1849,60,-1,-1,0,1,0.632911205291748
2,valence,midpoint_as_high,balanced_sampler_ce,1,11,1850,60,-1,-1,1,1,0.6217350363731384
2,valence,midpoint_as_high,balanced_sampler_ce,1,11,1851,60,-1,-1,1,1,0.6327101588249207
2,valence,midpoint_as_high,balanced_sampler_ce,1,11,1852,60,-1,-1,1,1,0.6659278869628906
2,valence,midpoint_as_high,balanced_sampler_ce,1,11,1853,60,-1,-1,1,1,0.6026393175125122
2,valence,midpoint_as_high,balanced_sampler_ce,1,11,1854,60,-1,-1,0,1,0.6228814125061035
2,valence,midpoint_as_high,balanced_sampler_ce,1,11,1855,60,-1,-1,0,1,0.6273486614227295
3,valence,midpoint_as_high,ce_class_weighted,2,11,224,9,-1,-1,0,1,0.50299072265625
3,valence,midpoint_as_high,ce_class_weighted,2,11,225,9,-1,-1,0,0,0.44080132246017456
3,valence,midpoint_as_high,ce_class_weighted,2,11,226,9,-1,-1,0,0,0.46138352155685425
3,valence,midpoint_as_high,ce_class_weighted,2,11,227,9,-1,-1,1,0,0.45371946692466736
3,valence,midpoint_as_high,ce_class_weighted,2,11,228,9,-1,-1,0,0,0.4972790777683258
3,valence,midpoint_as_high,ce_class_weighted,2,11,229,9,-1,-1,1,1,0.531088650226593
3,valence,midpoint_as_high,ce_class_weighted,2,11,230,9,-1,-1,0,0,0.3760296702384949
3,valence,midpoint_as_high,ce_class_weighted,2,11,231,9,-1,-1,0,0,0.4253649115562439
3,valence,midpoint_as_high,ce_class_weighted,2,11,232,9,-1,-1,1,1,0.5496804118156433
3,valence,midpoint_as_high,ce_class_weighted,2,11,233,9,-1,-1,0,0,0.4694335162639618
3,valence,midpoint_as_high,ce_class_weighted,2,11,234,9,-1,-1,1,0,0.46010127663612366
3,valence,midpoint_as_high,ce_class_weighted,2,11,235,9,-1,-1,1,0,0.3644351661205292
3,valence,midpoint_as_high,ce_class_weighted,2,11,236,9,-1,-1,0,1,0.5235773921012878
3,valence,midpoint_as_high,ce_class_weighted,2,11,237,9,-1,-1,1,0,0.3908781409263611
3,valence,midpoint_as_high,ce_class_weighted,2,11,238,9,-1,-1,1,0,0.4664510190486908
3,valence,midpoint_as_high,ce_class_weighted,2,11,239,9,-1,-1,1,0,0.4503607451915741
3,valence,midpoint_as_high,ce_class_weighted,2,11,240,9,-1,-1,1,0,0.46762749552726746
3,valence,midpoint_as_high,ce_class_weighted,2,11,241,9,-1,-1,1,0,0.45652127265930176
3,valence,midpoint_as_high,ce_class_weighted,2,11,242,9,-1,-1,1,0,0.4743210971355438
3,valence,midpoint_as_high,ce_class_weighted,2,11,243,9,-1,-1,1,0,0.479414701461792
3,valence,midpoint_as_high,ce_class_weighted,2,11,244,9,-1,-1,1,0,0.4998154938220978
3,valence,midpoint_as_high,ce_class_weighted,2,11,245,9,-1,-1,1,0,0.47201859951019287
3,valence,midpoint_as_high,ce_class_weighted,2,11,246,9,-1,-1,1,0,0.4656939208507538
3,valence,midpoint_as_high,ce_class_weighted,2,11,247,9,-1,-1,1,1,0.5502146482467651
3,valence,midpoint_as_high,ce_class_weighted,2,11,248,9,-1,-1,1,0,0.4917891025543213
3,valence,midpoint_as_high,ce_class_weighted,2,11,249,9,-1,-1,0,0,0.4171333909034729
3,valence,midpoint_as_high,ce_class_weighted,2,11,250,9,-1,-1,1,0,0.451863169670105
3,valence,midpoint_as_high,ce_class_weighted,2,11,251,9,-1,-1,1,1,0.5185290575027466
3,valence,midpoint_as_high,ce_class_weighted,2,11,252,9,-1,-1,1,0,0.4304783344268799
3,valence,midpoint_as_high,ce_class_weighted,2,11,253,9,-1,-1,1,0,0.4396999478340149
3,valence,midpoint_as_high,ce_class_weighted,2,11,254,9,-1,-1,0,0,0.45504555106163025
3,valence,midpoint_as_high,ce_class_weighted,2,11,255,9,-1,-1,0,1,0.5006037354469299
3,valence,midpoint_as_high,ce_class_weighted,2,11,384,14,-1,-1,0,1,0.5684607625007629
3,valence,midpoint_as_high,ce_class_weighted,2,11,385,14,-1,-1,0,1,0.5542020797729492
3,valence,midpoint_as_high,ce_class_weighted,2,11,386,14,-1,-1,0,1,0.6165761947631836
3,valence,midpoint_as_high,ce_class_weighted,2,11,387,14,-1,-1,1,1,0.5732371211051941
3,valence,midpoint_as_high,ce_class_weighted,2,11,388,14,-1,-1,0,1,0.5883685946464539
3,valence,midpoint_as_high,ce_class_weighted,2,11,389,14,-1,-1,1,1,0.5930306911468506
3,valence,midpoint_as_high,ce_class_weighted,2,11,390,14,-1,-1,0,1,0.524438202381134
3,valence,midpoint_as_high,ce_class_weighted,2,11,391,14,-1,-1,1,1,0.5307715535163879
3,valence,midpoint_as_high,ce_class_weighted,2,11,392,14,-1,-1,1,1,0.6136478781700134
3,valence,midpoint_as_high,ce_class_weighted,2,11,393,14,-1,-1,0,1,0.604580283164978
3,valence,midpoint_as_high,ce_class_weighted,2,11,394,14,-1,-1,1,1,0.5259702205657959
3,valence,midpoint_as_high,ce_class_weighted,2,11,395,14,-1,-1,1,0,0.433584064245224
3,valence,midpoint_as_high,ce_class_weighted,2,11,396,14,-1,-1,0,1,0.554483950138092
3,valence,midpoint_as_high,ce_class_weighted,2,11,397,14,-1,-1,1,1,0.5467472672462463
3,valence,midpoint_as_high,ce_class_weighted,2,11,398,14,-1,-1,1,0,0.4520900547504425
3,valence,midpoint_as_high,ce_class_weighted,2,11,399,14,-1,-1,1,1,0.5529454946517944
3,valence,midpoint_as_high,ce_class_weighted,2,11,400,14,-1,-1,1,1,0.5144843459129333
3,valence,midpoint_as_high,ce_class_weighted,2,11,401,14,-1,-1,1,1,0.5765047669410706
3,valence,midpoint_as_high,ce_class_weighted,2,11,402,14,-1,-1,1,0,0.3806728422641754
3,valence,midpoint_as_high,ce_class_weighted,2,11,403,14,-1,-1,1,0,0.4005352556705475
3,valence,midpoint_as_high,ce_class_weighted,2,11,404,14,-1,-1,1,0,0.4708324670791626
3,valence,midpoint_as_high,ce_class_weighted,2,11,405,14,-1,-1,1,1,0.5096139907836914
3,valence,midpoint_as_high,ce_class_weighted,2,11,406,14,-1,-1,1,0,0.4078373312950134
3,valence,midpoint_as_high,ce_class_weighted,2,11,407,14,-1,-1,1,1,0.5409376621246338
3,valence,midpoint_as_high,ce_class_weighted,2,11,408,14,-1,-1,1,1,0.5673103332519531
3,valence,midpoint_as_high,ce_class_weighted,2,11,409,14,-1,-1,0,0,0.421618789434433
3,valence,midpoint_as_high,ce_class_weighted,2,11,410,14,-1,-1,1,1,0.6032434701919556
3,valence,midpoint_as_high,ce_class_weighted,2,11,411,14,-1,-1,1,0,0.4277727007865906
3,valence,midpoint_as_high,ce_class_weighted,2,11,412,14,-1,-1,1,1,0.5036964416503906
3,valence,midpoint_as_high,ce_class_weighted,2,11,413,14,-1,-1,1,1,0.5781859755516052
3,valence,midpoint_as_high,ce_class_weighted,2,11,414,14,-1,-1,0,1,0.5853437781333923
3,valence,midpoint_as_high,ce_class_weighted,2,11,415,14,-1,-1,0,0,0.3849005699157715
3,valence,midpoint_as_high,ce_class_weighted,2,11,416,15,-1,-1,0,1,0.5167368054389954
3,valence,midpoint_as_high,ce_class_weighted,2,11,417,15,-1,-1,0,0,0.48672908544540405
3,valence,midpoint_as_high,ce_class_weighted,2,11,418,15,-1,-1,0,0,0.49389412999153137
3,valence,midpoint_as_high,ce_class_weighted,2,11,419,15,-1,-1,1,1,0.546813428401947
3,valence,midpoint_as_high,ce_class_weighted,2,11,420,15,-1,-1,0,0,0.45524880290031433
3,valence,midpoint_as_high,ce_class_weighted,2,11,421,15,-1,-1,1,0,0.4553242325782776
3,valence,midpoint_as_high,ce_class_weighted,2,11,422,15,-1,-1,0,0,0.48276010155677795
3,valence,midpoint_as_high,ce_class_weighted,2,11,423,15,-1,-1,0,0,0.48321810364723206
3,valence,midpoint_as_high,ce_class_weighted,2,11,424,15,-1,-1,1,0,0.4506375789642334
3,valence,midpoint_as_high,ce_class_weighted,2,11,425,15,-1,-1,0,0,0.4807506203651428
3,valence,midpoint_as_high,ce_class_weighted,2,11,426,15,-1,-1,1,1,0.501710832118988
3,valence,midpoint_as_high,ce_class_weighted,2,11,427,15,-1,-1,1,1,0.5102219581604004
3,valence,midpoint_as_high,ce_class_weighted,2,11,428,15,-1,-1,0,1,0.5169153809547424
3,valence,midpoint_as_high,ce_class_weighted,2,11,429,15,-1,-1,1,0,0.46854954957962036
3,valence,midpoint_as_high,ce_class_weighted,2,11,430,15,-1,-1,1,1,0.5186221599578857
3,valence,midpoint_as_high,ce_class_weighted,2,11,431,15,-1,-1,1,0,0.45058363676071167
3,valence,midpoint_as_high,ce_class_weighted,2,11,432,15,-1,-1,1,1,0.5148632526397705
3,valence,midpoint_as_high,ce_class_weighted,2,11,433,15,-1,-1,1,0,0.4873717129230499
3,valence,midpoint_as_high,ce_class_weighted,2,11,434,15,-1,-1,1,1,0.5450544953346252
3,valence,midpoint_as_high,ce_class_weighted,2,11,435,15,-1,-1,1,0,0.4198065996170044
3,valence,midpoint_as_high,ce_class_weighted,2,11,436,15,-1,-1,0,1,0.5575011372566223
3,valence,midpoint_as_high,ce_class_weighted,2,11,437,15,-1,-1,1,1,0.5025049448013306
3,valence,midpoint_as_high,ce_class_weighted,2,11,438,15,-1,-1,1,0,0.49833840131759644
3,valence,midpoint_as_high,ce_class_weighted,2,11,439,15,-1,-1,0,1,0.5435619354248047
3,valence,midpoint_as_high,ce_class_weighted,2,11,440,15,-1,-1,1,1,0.5287204384803772
3,valence,midpoint_as_high,ce_class_weighted,2,11,441,15,-1,-1,0,1,0.5108122825622559
3,valence,midpoint_as_high,ce_class_weighted,2,11,442,15,-1,-1,1,0,0.47277507185935974
3,valence,midpoint_as_high,ce_class_weighted,2,11,443,15,-1,-1,1,1,0.5238773226737976
3,valence,midpoint_as_high,ce_class_weighted,2,11,444,15,-1,-1,1,1,0.5112190246582031
3,valence,midpoint_as_high,ce_class_weighted,2,11,445,15,-1,-1,1,0,0.48214221000671387
3,valence,midpoint_as_high,ce_class_weighted,2,11,446,15,-1,-1,0,0,0.4868925213813782
3,valence,midpoint_as_high,ce_class_weighted,2,11,447,15,-1,-1,0,1,0.5008202791213989
3,valence,midpoint_as_high,ce_class_weighted,2,11,672,23,-1,-1,0,0,0.49326857924461365
3,valence,midpoint_as_high,ce_class_weighted,2,11,673,23,-1,-1,0,1,0.5006892085075378
3,valence,midpoint_as_high,ce_class_weighted,2,11,674,23,-1,-1,0,0,0.4847494661808014
3,valence,midpoint_as_high,ce_class_weighted,2,11,675,23,-1,-1,1,1,0.5182854533195496
3,valence,midpoint_as_high,ce_class_weighted,2,11,676,23,-1,-1,0,0,0.48177608847618103
3,valence,midpoint_as_high,ce_class_weighted,2,11,677,23,-1,-1,1,0,0.4635027050971985
3,valence,midpoint_as_high,ce_class_weighted,2,11,678,23,-1,-1,1,0,0.43523406982421875
3,valence,midpoint_as_high,ce_class_weighted,2,11,679,23,-1,-1,1,1,0.5574606657028198
3,valence,midpoint_as_high,ce_class_weighted,2,11,680,23,-1,-1,0,1,0.5027426481246948
3,valence,midpoint_as_high,ce_class_weighted,2,11,681,23,-1,-1,0,0,0.48041149973869324
3,valence,midpoint_as_high,ce_class_weighted,2,11,682,23,-1,-1,1,1,0.5057314038276672
3,valence,midpoint_as_high,ce_class_weighted,2,11,683,23,-1,-1,1,1,0.5127897262573242
3,valence,midpoint_as_high,ce_class_weighted,2,11,684,23,-1,-1,0,0,0.441837340593338
3,valence,midpoint_as_high,ce_class_weighted,2,11,685,23,-1,-1,1,1,0.5261253714561462
3,valence,midpoint_as_high,ce_class_weighted,2,11,686,23,-1,-1,1,1,0.5288225412368774
3,valence,midpoint_as_high,ce_class_weighted,2,11,687,23,-1,-1,1,0,0.48643916845321655
3,valence,midpoint_as_high,ce_class_weighted,2,11,688,23,-1,-1,1,0,0.46147194504737854
3,valence,midpoint_as_high,ce_class_weighted,2,11,689,23,-1,-1,1,0,0.40158066153526306
3,valence,midpoint_as_high,ce_class_weighted,2,11,690,23,-1,-1,1,0,0.49158233404159546
3,valence,midpoint_as_high,ce_class_weighted,2,11,691,23,-1,-1,1,1,0.5034608840942383
3,valence,midpoint_as_high,ce_class_weighted,2,11,692,23,-1,-1,0,0,0.4908137619495392
3,valence,midpoint_as_high,ce_class_weighted,2,11,693,23,-1,-1,1,1,0.5249002575874329
3,valence,midpoint_as_high,ce_class_weighted,2,11,694,23,-1,-1,1,1,0.528008759021759
3,valence,midpoint_as_high,ce_class_weighted,2,11,695,23,-1,-1,0,1,0.5008879899978638
3,valence,midpoint_as_high,ce_class_weighted,2,11,696,23,-1,-1,1,0,0.4620310664176941
3,valence,midpoint_as_high,ce_class_weighted,2,11,697,23,-1,-1,0,1,0.5859388113021851
3,valence,midpoint_as_high,ce_class_weighted,2,11,698,23,-1,-1,1,0,0.4378446340560913
3,valence,midpoint_as_high,ce_class_weighted,2,11,699,23,-1,-1,1,1,0.5345205664634705
3,valence,midpoint_as_high,ce_class_weighted,2,11,700,23,-1,-1,1,1,0.542409360408783
3,valence,midpoint_as_high,ce_class_weighted,2,11,701,23,-1,-1,1,1,0.5239545106887817
3,valence,midpoint_as_high,ce_class_weighted,2,11,702,23,-1,-1,0,0,0.48302680253982544
3,valence,midpoint_as_high,ce_class_weighted,2,11,703,23,-1,-1,0,1,0.5315186381340027
3,valence,midpoint_as_high,ce_class_weighted,2,11,704,24,-1,-1,0,0,0.4785063862800598
3,valence,midpoint_as_high,ce_class_weighted,2,11,705,24,-1,-1,0,1,0.5426239967346191
3,valence,midpoint_as_high,ce_class_weighted,2,11,706,24,-1,-1,1,1,0.5478758215904236
3,valence,midpoint_as_high,ce_class_weighted,2,11,707,24,-1,-1,1,0,0.49555620551109314
3,valence,midpoint_as_high,ce_class_weighted,2,11,708,24,-1,-1,0,0,0.4918600916862488
3,valence,midpoint_as_high,ce_class_weighted,2,11,709,24,-1,-1,1,1,0.582943320274353
3,valence,midpoint_as_high,ce_class_weighted,2,11,710,24,-1,-1,0,0,0.45724254846572876
3,valence,midpoint_as_high,ce_class_weighted,2,11,711,24,-1,-1,1,0,0.4914495646953583
3,valence,midpoint_as_high,ce_class_weighted,2,11,712,24,-1,-1,0,1,0.5007441639900208
3,valence,midpoint_as_high,ce_class_weighted,2,11,713,24,-1,-1,0,0,0.4589114487171173
3,valence,midpoint_as_high,ce_class_weighted,2,11,714,24,-1,-1,1,1,0.5347148180007935
3,valence,midpoint_as_high,ce_class_weighted,2,11,715,24,-1,-1,1,0,0.4881885349750519
3,valence,midpoint_as_high,ce_class_weighted,2,11,716,24,-1,-1,0,0,0.4748619794845581
3,valence,midpoint_as_high,ce_class_weighted,2,11,717,24,-1,-1,1,0,0.4711073338985443
3,valence,midpoint_as_high,ce_class_weighted,2,11,718,24,-1,-1,1,1,0.5995293855667114
3,valence,midpoint_as_high,ce_class_weighted,2,11,719,24,-1,-1,1,1,0.5252379775047302
3,valence,midpoint_as_high,ce_class_weighted,2,11,720,24,-1,-1,1,1,0.505432665348053
3,valence,midpoint_as_high,ce_class_weighted,2,11,721,24,-1,-1,1,0,0.48015740513801575
3,valence,midpoint_as_high,ce_class_weighted,2,11,722,24,-1,-1,1,1,0.5123559236526489
3,valence,midpoint_as_high,ce_class_weighted,2,11,723,24,-1,-1,1,0,0.4890458881855011
3,valence,midpoint_as_high,ce_class_weighted,2,11,724,24,-1,-1,0,1,0.5691214799880981
3,valence,midpoint_as_high,ce_class_weighted,2,11,725,24,-1,-1,1,0,0.48401424288749695
3,valence,midpoint_as_high,ce_class_weighted,2,11,726,24,-1,-1,1,1,0.5986793637275696
3,valence,midpoint_as_high,ce_class_weighted,2,11,727,24,-1,-1,1,1,0.504269540309906
3,valence,midpoint_as_high,ce_class_weighted,2,11,728,24,-1,-1,1,1,0.5384978652000427
3,valence,midpoint_as_high,ce_class_weighted,2,11,729,24,-1,-1,0,1,0.5614566206932068
3,valence,midpoint_as_high,ce_class_weighted,2,11,730,24,-1,-1,1,1,0.5488373041152954
3,valence,midpoint_as_high,ce_class_weighted,2,11,731,24,-1,-1,1,1,0.5297472476959229
3,valence,midpoint_as_high,ce_class_weighted,2,11,732,24,-1,-1,1,1,0.5362932682037354
3,valence,midpoint_as_high,ce_class_weighted,2,11,733,24,-1,-1,1,0,0.48016756772994995
3,valence,midpoint_as_high,ce_class_weighted,2,11,734,24,-1,-1,0,0,0.49055904150009155
3,valence,midpoint_as_high,ce_class_weighted,2,11,735,24,-1,-1,0,0,0.4786323010921478
3,valence,midpoint_as_high,ce_class_weighted,2,11,832,28,-1,-1,0,0,0.45909103751182556
3,valence,midpoint_as_high,ce_class_weighted,2,11,833,28,-1,-1,0,0,0.48611223697662354
3,valence,midpoint_as_high,ce_class_weighted,2,11,834,28,-1,-1,0,1,0.5228503942489624
3,valence,midpoint_as_high,ce_class_weighted,2,11,835,28,-1,-1,1,0,0.28700554370880127
3,valence,midpoint_as_high,ce_class_weighted,2,11,836,28,-1,-1,0,1,0.510493814945221
3,valence,midpoint_as_high,ce_class_weighted,2,11,837,28,-1,-1,1,0,0.3971114754676819
3,valence,midpoint_as_high,ce_class_weighted,2,11,838,28,-1,-1,0,0,0.4475654065608978
3,valence,midpoint_as_high,ce_class_weighted,2,11,839,28,-1,-1,1,1,0.5284320116043091
3,valence,midpoint_as_high,ce_class_weighted,2,11,840,28,-1,-1,0,0,0.46378442645072937
3,valence,midpoint_as_high,ce_class_weighted,2,11,841,28,-1,-1,0,0,0.3945377469062805
3,valence,midpoint_as_high,ce_class_weighted,2,11,842,28,-1,-1,1,0,0.4121810495853424
3,valence,midpoint_as_high,ce_class_weighted,2,11,843,28,-1,-1,1,0,0.4864208400249481
3,valence,midpoint_as_high,ce_class_weighted,2,11,844,28,-1,-1,0,1,0.5235000848770142
3,valence,midpoint_as_high,ce_class_weighted,2,11,845,28,-1,-1,1,0,0.47833728790283203
3,valence,midpoint_as_high,ce_class_weighted,2,11,846,28,-1,-1,1,1,0.517897367477417
3,valence,midpoint_as_high,ce_class_weighted,2,11,847,28,-1,-1,1,0,0.4859004020690918
3,valence,midpoint_as_high,ce_class_weighted,2,11,848,28,-1,-1,0,0,0.4616706967353821
3,valence,midpoint_as_high,ce_class_weighted,2,11,849,28,-1,-1,1,0,0.4267656207084656
3,valence,midpoint_as_high,ce_class_weighted,2,11,850,28,-1,-1,1,0,0.4666963219642639
3,valence,midpoint_as_high,ce_class_weighted,2,11,851,28,-1,-1,1,0,0.4630812108516693
3,valence,midpoint_as_high,ce_class_weighted,2,11,852,28,-1,-1,0,0,0.4996856153011322
3,valence,midpoint_as_high,ce_class_weighted,2,11,853,28,-1,-1,1,0,0.4266456663608551
3,valence,midpoint_as_high,ce_class_weighted,2,11,854,28,-1,-1,1,0,0.4255184233188629
3,valence,midpoint_as_high,ce_class_weighted,2,11,855,28,-1,-1,0,0,0.49525269865989685
3,valence,midpoint_as_high,ce_class_weighted,2,11,856,28,-1,-1,1,1,0.5022555589675903
3,valence,midpoint_as_high,ce_class_weighted,2,11,857,28,-1,-1,1,1,0.506141722202301
3,valence,midpoint_as_high,ce_class_weighted,2,11,858,28,-1,-1,1,1,0.5149576663970947
3,valence,midpoint_as_high,ce_class_weighted,2,11,859,28,-1,-1,1,0,0.4379621148109436
3,valence,midpoint_as_high,ce_class_weighted,2,11,860,28,-1,-1,1,0,0.4884249269962311
3,valence,midpoint_as_high,ce_class_weighted,2,11,861,28,-1,-1,1,0,0.4908864498138428
3,valence,midpoint_as_high,ce_class_weighted,2,11,862,28,-1,-1,0,1,0.5064563155174255
3,valence,midpoint_as_high,ce_class_weighted,2,11,863,28,-1,-1,0,0,0.4823066294193268
3,valence,midpoint_as_high,ce_class_weighted,2,11,1024,34,-1,-1,0,1,0.5096584558486938
3,valence,midpoint_as_high,ce_class_weighted,2,11,1025,34,-1,-1,0,1,0.5374913811683655
3,valence,midpoint_as_high,ce_class_weighted,2,11,1026,34,-1,-1,0,0,0.43856462836265564
3,valence,midpoint_as_high,ce_class_weighted,2,11,1027,34,-1,-1,1,1,0.5362553596496582
3,valence,midpoint_as_high,ce_class_weighted,2,11,1028,34,-1,-1,0,0,0.45107439160346985
3,valence,midpoint_as_high,ce_class_weighted,2,11,1029,34,-1,-1,1,1,0.5355076789855957
3,valence,midpoint_as_high,ce_class_weighted,2,11,1030,34,-1,-1,1,1,0.5316423177719116
3,valence,midpoint_as_high,ce_class_weighted,2,11,1031,34,-1,-1,0,0,0.45005279779434204
3,valence,midpoint_as_high,ce_class_weighted,2,11,1032,34,-1,-1,0,1,0.5318781137466431
3,valence,midpoint_as_high,ce_class_weighted,2,11,1033,34,-1,-1,0,0,0.3597745895385742
3,valence,midpoint_as_high,ce_class_weighted,2,11,1034,34,-1,-1,1,0,0.4774642288684845
3,valence,midpoint_as_high,ce_class_weighted,2,11,1035,34,-1,-1,1,0,0.48596277832984924
3,valence,midpoint_as_high,ce_class_weighted,2,11,1036,34,-1,-1,0,1,0.5308000445365906
3,valence,midpoint_as_high,ce_class_weighted,2,11,1037,34,-1,-1,1,0,0.4973614811897278
3,valence,midpoint_as_high,ce_class_weighted,2,11,1038,34,-1,-1,1,1,0.5627818703651428
3,valence,midpoint_as_high,ce_class_weighted,2,11,1039,34,-1,-1,1,1,0.5190557241439819
3,valence,midpoint_as_high,ce_class_weighted,2,11,1040,34,-1,-1,1,0,0.47006624937057495
3,valence,midpoint_as_high,ce_class_weighted,2,11,1041,34,-1,-1,1,0,0.4661151170730591
3,valence,midpoint_as_high,ce_class_weighted,2,11,1042,34,-1,-1,1,0,0.4302125871181488
3,valence,midpoint_as_high,ce_class_weighted,2,11,1043,34,-1,-1,1,0,0.3459283113479614
3,valence,midpoint_as_high,ce_class_weighted,2,11,1044,34,-1,-1,1,0,0.4647848904132843
3,valence,midpoint_as_high,ce_class_weighted,2,11,1045,34,-1,-1,1,0,0.47890904545783997
3,valence,midpoint_as_high,ce_class_weighted,2,11,1046,34,-1,-1,0,1,0.6689610481262207
3,valence,midpoint_as_high,ce_class_weighted,2,11,1047,34,-1,-1,0,0,0.29104650020599365
3,valence,midpoint_as_high,ce_class_weighted,2,11,1048,34,-1,-1,1,0,0.2965097725391388
3,valence,midpoint_as_high,ce_class_weighted,2,11,1049,34,-1,-1,0,0,0.3279918432235718
3,valence,midpoint_as_high,ce_class_weighted,2,11,1050,34,-1,-1,0,0,0.36957961320877075
3,valence,midpoint_as_high,ce_class_weighted,2,11,1051,34,-1,-1,1,0,0.4442043900489807
3,valence,midpoint_as_high,ce_class_weighted,2,11,1052,34,-1,-1,1,1,0.5105249881744385
3,valence,midpoint_as_high,ce_class_weighted,2,11,1053,34,-1,-1,1,0,0.4856380224227905
3,valence,midpoint_as_high,ce_class_weighted,2,11,1054,34,-1,-1,0,0,0.44783881306648254
3,valence,midpoint_as_high,ce_class_weighted,2,11,1055,34,-1,-1,0,1,0.5252932906150818
3,valence,midpoint_as_high,ce_class_weighted,2,11,1088,36,-1,-1,0,0,0.46294087171554565
3,valence,midpoint_as_high,ce_class_weighted,2,11,1089,36,-1,-1,0,0,0.48218363523483276
3,valence,midpoint_as_high,ce_class_weighted,2,11,1090,36,-1,-1,0,0,0.463449090719223
3,valence,midpoint_as_high,ce_class_weighted,2,11,1091,36,-1,-1,1,0,0.45076557993888855
3,valence,midpoint_as_high,ce_class_weighted,2,11,1092,36,-1,-1,0,1,0.5255309343338013
3,valence,midpoint_as_high,ce_class_weighted,2,11,1093,36,-1,-1,1,0,0.4643245041370392
3,valence,midpoint_as_high,ce_class_weighted,2,11,1094,36,-1,-1,0,0,0.4721992611885071
3,valence,midpoint_as_high,ce_class_weighted,2,11,1095,36,-1,-1,0,0,0.47054657340049744
3,valence,midpoint_as_high,ce_class_weighted,2,11,1096,36,-1,-1,0,0,0.46997201442718506
3,valence,midpoint_as_high,ce_class_weighted,2,11,1097,36,-1,-1,0,0,0.45152270793914795
3,valence,midpoint_as_high,ce_class_weighted,2,11,1098,36,-1,-1,1,0,0.42064395546913147
3,valence,midpoint_as_high,ce_class_weighted,2,11,1099,36,-1,-1,1,0,0.4585951268672943
3,valence,midpoint_as_high,ce_class_weighted,2,11,1100,36,-1,-1,0,0,0.4359593689441681
3,valence,midpoint_as_high,ce_class_weighted,2,11,1101,36,-1,-1,1,0,0.4441044330596924
3,valence,midpoint_as_high,ce_class_weighted,2,11,1102,36,-1,-1,1,0,0.4204876124858856
3,valence,midpoint_as_high,ce_class_weighted,2,11,1103,36,-1,-1,1,1,0.5904921889305115
3,valence,midpoint_as_high,ce_class_weighted,2,11,1104,36,-1,-1,1,0,0.49346688389778137
3,valence,midpoint_as_high,ce_class_weighted,2,11,1105,36,-1,-1,1,1,0.5621876120567322
3,valence,midpoint_as_high,ce_class_weighted,2,11,1106,36,-1,-1,1,0,0.4332069754600525
3,valence,midpoint_as_high,ce_class_weighted,2,11,1107,36,-1,-1,1,1,0.5568690299987793
3,valence,midpoint_as_high,ce_class_weighted,2,11,1108,36,-1,-1,0,0,0.40544095635414124
3,valence,midpoint_as_high,ce_class_weighted,2,11,1109,36,-1,-1,1,0,0.4360125660896301
3,valence,midpoint_as_high,ce_class_weighted,2,11,1110,36,-1,-1,0,0,0.4174908995628357
3,valence,midpoint_as_high,ce_class_weighted,2,11,1111,36,-1,-1,0,0,0.4170720875263214
3,valence,midpoint_as_high,ce_class_weighted,2,11,1112,36,-1,-1,1,1,0.535100519657135
3,valence,midpoint_as_high,ce_class_weighted,2,11,1113,36,-1,-1,0,0,0.49019116163253784
3,valence,midpoint_as_high,ce_class_weighted,2,11,1114,36,-1,-1,1,0,0.48018884658813477
3,valence,midpoint_as_high,ce_class_weighted,2,11,1115,36,-1,-1,1,0,0.423391193151474
3,valence,midpoint_as_high,ce_class_weighted,2,11,1116,36,-1,-1,1,0,0.4236534535884857
3,valence,midpoint_as_high,ce_class_weighted,2,11,1117,36,-1,-1,1,0,0.4541468918323517
3,valence,midpoint_as_high,ce_class_weighted,2,11,1118,36,-1,-1,0,0,0.4806578457355499
3,valence,midpoint_as_high,ce_class_weighted,2,11,1119,36,-1,-1,0,0,0.4245757460594177
3,valence,midpoint_as_high,ce_class_weighted,2,11,1120,37,-1,-1,0,0,0.4835719168186188
3,valence,midpoint_as_high,ce_class_weighted,2,11,1121,37,-1,-1,0,0,0.43717896938323975
3,valence,midpoint_as_high,ce_class_weighted,2,11,1122,37,-1,-1,0,1,0.5048342943191528
3,valence,midpoint_as_high,ce_class_weighted,2,11,1123,37,-1,-1,1,1,0.5309405326843262
3,valence,midpoint_as_high,ce_class_weighted,2,11,1124,37,-1,-1,0,1,0.6245482563972473
3,valence,midpoint_as_high,ce_class_weighted,2,11,1125,37,-1,-1,1,0,0.45731431245803833
3,valence,midpoint_as_high,ce_class_weighted,2,11,1126,37,-1,-1,0,0,0.4649466872215271
3,valence,midpoint_as_high,ce_class_weighted,2,11,1127,37,-1,-1,1,1,0.5101103186607361
3,valence,midpoint_as_high,ce_class_weighted,2,11,1128,37,-1,-1,0,0,0.4827106297016144
3,valence,midpoint_as_high,ce_class_weighted,2,11,1129,37,-1,-1,0,0,0.4903625547885895
3,valence,midpoint_as_high,ce_class_weighted,2,11,1130,37,-1,-1,1,1,0.6929013729095459
3,valence,midpoint_as_high,ce_class_weighted,2,11,1131,37,-1,-1,1,0,0.4767109453678131
3,valence,midpoint_as_high,ce_class_weighted,2,11,1132,37,-1,-1,0,1,0.5009918808937073
3,valence,midpoint_as_high,ce_class_weighted,2,11,1133,37,-1,-1,1,0,0.44253087043762207
3,valence,midpoint_as_high,ce_class_weighted,2,11,1134,37,-1,-1,1,1,0.5207185745239258
3,valence,midpoint_as_high,ce_class_weighted,2,11,1135,37,-1,-1,1,0,0.44060373306274414
3,valence,midpoint_as_high,ce_class_weighted,2,11,1136,37,-1,-1,1,0,0.4280587434768677
3,valence,midpoint_as_high,ce_class_weighted,2,11,1137,37,-1,-1,1,0,0.44101640582084656
3,valence,midpoint_as_high,ce_class_weighted,2,11,1138,37,-1,-1,1,1,0.5118858814239502
3,valence,midpoint_as_high,ce_class_weighted,2,11,1139,37,-1,-1,1,1,0.5001881718635559
3,valence,midpoint_as_high,ce_class_weighted,2,11,1140,37,-1,-1,0,0,0.4780460596084595
3,valence,midpoint_as_high,ce_class_weighted,2,11,1141,37,-1,-1,1,1,0.5010651350021362
3,valence,midpoint_as_high,ce_class_weighted,2,11,1142,37,-1,-1,1,1,0.5185663104057312
3,valence,midpoint_as_high,ce_class_weighted,2,11,1143,37,-1,-1,1,1,0.5040568709373474
3,valence,midpoint_as_high,ce_class_weighted,2,11,1144,37,-1,-1,1,0,0.47649863362312317
3,valence,midpoint_as_high,ce_class_weighted,2,11,1145,37,-1,-1,0,1,0.5082650184631348
3,valence,midpoint_as_high,ce_class_weighted,2,11,1146,37,-1,-1,1,1,0.5357255935668945
3,valence,midpoint_as_high,ce_class_weighted,2,11,1147,37,-1,-1,1,0,0.4751054644584656
3,valence,midpoint_as_high,ce_class_weighted,2,11,1148,37,-1,-1,1,1,0.5872581601142883
3,valence,midpoint_as_high,ce_class_weighted,2,11,1149,37,-1,-1,1,0,0.4871314764022827
3,valence,midpoint_as_high,ce_class_weighted,2,11,1150,37,-1,-1,0,1,0.5064473152160645
3,valence,midpoint_as_high,ce_class_weighted,2,11,1151,37,-1,-1,0,1,0.6344748735427856
3,valence,midpoint_as_high,ce_class_weighted,2,11,1280,42,-1,-1,0,0,0.444230318069458
3,valence,midpoint_as_high,ce_class_weighted,2,11,1281,42,-1,-1,0,1,0.5245323181152344
3,valence,midpoint_as_high,ce_class_weighted,2,11,1282,42,-1,-1,0,0,0.46739381551742554
3,valence,midpoint_as_high,ce_class_weighted,2,11,1283,42,-1,-1,1,0,0.3271855413913727
3,valence,midpoint_as_high,ce_class_weighted,2,11,1284,42,-1,-1,0,0,0.46434512734413147
3,valence,midpoint_as_high,ce_class_weighted,2,11,1285,42,-1,-1,1,0,0.33698052167892456
3,valence,midpoint_as_high,ce_class_weighted,2,11,1286,42,-1,-1,0,0,0.4661458432674408
3,valence,midpoint_as_high,ce_class_weighted,2,11,1287,42,-1,-1,0,1,0.5083307027816772
3,valence,midpoint_as_high,ce_class_weighted,2,11,1288,42,-1,-1,0,1,0.55302494764328
3,valence,midpoint_as_high,ce_class_weighted,2,11,1289,42,-1,-1,0,0,0.4856308102607727
3,valence,midpoint_as_high,ce_class_weighted,2,11,1290,42,-1,-1,1,0,0.4337594211101532
3,valence,midpoint_as_high,ce_class_weighted,2,11,1291,42,-1,-1,1,1,0.6296985745429993
3,valence,midpoint_as_high,ce_class_weighted,2,11,1292,42,-1,-1,0,1,0.7406942248344421
3,valence,midpoint_as_high,ce_class_weighted,2,11,1293,42,-1,-1,1,0,0.38798844814300537
3,valence,midpoint_as_high,ce_class_weighted,2,11,1294,42,-1,-1,1,1,0.534103512763977
3,valence,midpoint_as_high,ce_class_weighted,2,11,1295,42,-1,-1,1,0,0.4802621603012085
3,valence,midpoint_as_high,ce_class_weighted,2,11,1296,42,-1,-1,1,1,0.5524072647094727
3,valence,midpoint_as_high,ce_class_weighted,2,11,1297,42,-1,-1,1,0,0.46487537026405334
3,valence,midpoint_as_high,ce_class_weighted,2,11,1298,42,-1,-1,1,0,0.390389084815979
3,valence,midpoint_as_high,ce_class_weighted,2,11,1299,42,-1,-1,1,1,0.5037757158279419
3,valence,midpoint_as_high,ce_class_weighted,2,11,1300,42,-1,-1,0,0,0.47942519187927246
3,valence,midpoint_as_high,ce_class_weighted,2,11,1301,42,-1,-1,1,0,0.3922678828239441
3,valence,midpoint_as_high,ce_class_weighted,2,11,1302,42,-1,-1,1,1,0.5540326833724976
3,valence,midpoint_as_high,ce_class_weighted,2,11,1303,42,-1,-1,0,0,0.3634515702724457
3,valence,midpoint_as_high,ce_class_weighted,2,11,1304,42,-1,-1,1,0,0.3556598722934723
3,valence,midpoint_as_high,ce_class_weighted,2,11,1305,42,-1,-1,0,0,0.35666191577911377
3,valence,midpoint_as_high,ce_class_weighted,2,11,1306,42,-1,-1,1,0,0.3943883776664734
3,valence,midpoint_as_high,ce_class_weighted,2,11,1307,42,-1,-1,1,0,0.4039804935455322
3,valence,midpoint_as_high,ce_class_weighted,2,11,1308,42,-1,-1,1,0,0.38498321175575256
3,valence,midpoint_as_high,ce_class_weighted,2,11,1309,42,-1,-1,1,0,0.44515326619148254
3,valence,midpoint_as_high,ce_class_weighted,2,11,1310,42,-1,-1,0,0,0.4241025149822235
3,valence,midpoint_as_high,ce_class_weighted,2,11,1311,42,-1,-1,0,1,0.5638106465339661
3,valence,midpoint_as_high,ce_class_weighted,2,11,1504,49,-1,-1,0,1,0.5157468318939209
3,valence,midpoint_as_high,ce_class_weighted,2,11,1505,49,-1,-1,0,1,0.5435135960578918
3,valence,midpoint_as_high,ce_class_weighted,2,11,1506,49,-1,-1,0,1,0.5121166706085205
3,valence,midpoint_as_high,ce_class_weighted,2,11,1507,49,-1,-1,1,1,0.5638060569763184
3,valence,midpoint_as_high,ce_class_weighted,2,11,1508,49,-1,-1,0,1,0.5441527962684631
3,valence,midpoint_as_high,ce_class_weighted,2,11,1509,49,-1,-1,1,1,0.5500639081001282
3,valence,midpoint_as_high,ce_class_weighted,2,11,1510,49,-1,-1,1,1,0.5689306855201721
3,valence,midpoint_as_high,ce_class_weighted,2,11,1511,49,-1,-1,1,1,0.5459520220756531
3,valence,midpoint_as_high,ce_class_weighted,2,11,1512,49,-1,-1,1,0,0.49685725569725037
3,valence,midpoint_as_high,ce_class_weighted,2,11,1513,49,-1,-1,0,1,0.506007194519043
3,valence,midpoint_as_high,ce_class_weighted,2,11,1514,49,-1,-1,1,0,0.4890705943107605
3,valence,midpoint_as_high,ce_class_weighted,2,11,1515,49,-1,-1,1,1,0.5073193311691284
3,valence,midpoint_as_high,ce_class_weighted,2,11,1516,49,-1,-1,0,1,0.5614412426948547
3,valence,midpoint_as_high,ce_class_weighted,2,11,1517,49,-1,-1,1,1,0.5004570484161377
3,valence,midpoint_as_high,ce_class_weighted,2,11,1518,49,-1,-1,1,1,0.5703518986701965
3,valence,midpoint_as_high,ce_class_weighted,2,11,1519,49,-1,-1,1,1,0.5581212639808655
3,valence,midpoint_as_high,ce_class_weighted,2,11,1520,49,-1,-1,1,1,0.6432544589042664
3,valence,midpoint_as_high,ce_class_weighted,2,11,1521,49,-1,-1,1,1,0.5499674677848816
3,valence,midpoint_as_high,ce_class_weighted,2,11,1522,49,-1,-1,1,0,0.47893837094306946
3,valence,midpoint_as_high,ce_class_weighted,2,11,1523,49,-1,-1,1,0,0.4480959177017212
3,valence,midpoint_as_high,ce_class_weighted,2,11,1524,49,-1,-1,0,1,0.6064990758895874
3,valence,midpoint_as_high,ce_class_weighted,2,11,1525,49,-1,-1,1,1,0.5881402492523193
3,valence,midpoint_as_high,ce_class_weighted,2,11,1526,49,-1,-1,1,1,0.5157487988471985
3,valence,midpoint_as_high,ce_class_weighted,2,11,1527,49,-1,-1,1,0,0.37103548645973206
3,valence,midpoint_as_high,ce_class_weighted,2,11,1528,49,-1,-1,1,1,0.5882346034049988
3,valence,midpoint_as_high,ce_class_weighted,2,11,1529,49,-1,-1,0,1,0.5142502784729004
3,valence,midpoint_as_high,ce_class_weighted,2,11,1530,49,-1,-1,1,1,0.584985613822937
3,valence,midpoint_as_high,ce_class_weighted,2,11,1531,49,-1,-1,1,1,0.5438952445983887
3,valence,midpoint_as_high,ce_class_weighted,2,11,1532,49,-1,-1,1,1,0.5503494143486023
3,valence,midpoint_as_high,ce_class_weighted,2,11,1533,49,-1,-1,1,1,0.538573682308197
3,valence,midpoint_as_high,ce_class_weighted,2,11,1534,49,-1,-1,0,0,0.4571216404438019
3,valence,midpoint_as_high,ce_class_weighted,2,11,1535,49,-1,-1,0,1,0.5648344159126282
4,valence,midpoint_as_high,balanced_sampler_ce,2,11,224,9,-1,-1,0,1,0.5735955834388733
4,valence,midpoint_as_high,balanced_sampler_ce,2,11,225,9,-1,-1,0,1,0.535341203212738
4,valence,midpoint_as_high,balanced_sampler_ce,2,11,226,9,-1,-1,0,1,0.5561352968215942
4,valence,midpoint_as_high,balanced_sampler_ce,2,11,227,9,-1,-1,1,0,0.4541788399219513
4,valence,midpoint_as_high,balanced_sampler_ce,2,11,228,9,-1,-1,0,0,0.48341336846351624
4,valence,midpoint_as_high,balanced_sampler_ce,2,11,229,9,-1,-1,1,1,0.5941402912139893
4,valence,midpoint_as_high,balanced_sampler_ce,2,11,230,9,-1,-1,0,0,0.4335775375366211
4,valence,midpoint_as_high,balanced_sampler_ce,2,11,231,9,-1,-1,0,0,0.43482765555381775
4,valence,midpoint_as_high,balanced_sampler_ce,2,11,232,9,-1,-1,1,1,0.581745445728302
4,valence,midpoint_as_high,balanced_sampler_ce,2,11,233,9,-1,-1,0,1,0.5074350237846375
4,valence,midpoint_as_high,balanced_sampler_ce,2,11,234,9,-1,-1,1,1,0.5097656846046448
4,valence,midpoint_as_high,balanced_sampler_ce,2,11,235,9,-1,-1,1,0,0.42341887950897217
4,valence,midpoint_as_high,balanced_sampler_ce,2,11,236,9,-1,-1,0,1,0.5972309708595276
4,valence,midpoint_as_high,balanced_sampler_ce,2,11,237,9,-1,-1,1,0,0.448269784450531
4,valence,midpoint_as_high,balanced_sampler_ce,2,11,238,9,-1,-1,1,1,0.5265878438949585
4,valence,midpoint_as_high,balanced_sampler_ce,2,11,239,9,-1,-1,1,1,0.5268640518188477
4,valence,midpoint_as_high,balanced_sampler_ce,2,11,240,9,-1,-1,1,1,0.5612950325012207
4,valence,midpoint_as_high,balanced_sampler_ce,2,11,241,9,-1,-1,1,1,0.5369117856025696
4,valence,midpoint_as_high,balanced_sampler_ce,2,11,242,9,-1,-1,1,1,0.5544490814208984
4,valence,midpoint_as_high,balanced_sampler_ce,2,11,243,9,-1,-1,1,1,0.557956874370575
4,valence,midpoint_as_high,balanced_sampler_ce,2,11,244,9,-1,-1,1,1,0.5432752370834351
4,valence,midpoint_as_high,balanced_sampler_ce,2,11,245,9,-1,-1,1,1,0.5435435175895691
4,valence,midpoint_as_high,balanced_sampler_ce,2,11,246,9,-1,-1,1,1,0.5535691976547241
4,valence,midpoint_as_high,balanced_sampler_ce,2,11,247,9,-1,-1,1,1,0.6052058935165405
4,valence,midpoint_as_high,balanced_sampler_ce,2,11,248,9,-1,-1,1,1,0.5767052173614502
4,valence,midpoint_as_high,balanced_sampler_ce,2,11,249,9,-1,-1,0,1,0.5113312005996704
4,valence,midpoint_as_high,balanced_sampler_ce,2,11,250,9,-1,-1,1,1,0.5222777724266052
4,valence,midpoint_as_high,balanced_sampler_ce,2,11,251,9,-1,-1,1,1,0.5819556713104248
4,valence,midpoint_as_high,balanced_sampler_ce,2,11,252,9,-1,-1,1,1,0.5141788721084595
4,valence,midpoint_as_high,balanced_sampler_ce,2,11,253,9,-1,-1,1,1,0.51695716381073
4,valence,midpoint_as_high,balanced_sampler_ce,2,11,254,9,-1,-1,0,1,0.5356024503707886
4,valence,midpoint_as_high,balanced_sampler_ce,2,11,255,9,-1,-1,0,1,0.575846254825592
4,valence,midpoint_as_high,balanced_sampler_ce,2,11,384,14,-1,-1,0,1,0.5899018049240112
4,valence,midpoint_as_high,balanced_sampler_ce,2,11,385,14,-1,-1,0,1,0.5680696368217468
4,valence,midpoint_as_high,balanced_sampler_ce,2,11,386,14,-1,-1,0,1,0.6308583617210388
4,valence,midpoint_as_high,balanced_sampler_ce,2,11,387,14,-1,-1,1,1,0.5781418681144714
4,valence,midpoint_as_high,balanced_sampler_ce,2,11,388,14,-1,-1,0,1,0.5979755520820618
4,valence,midpoint_as_high,balanced_sampler_ce,2,11,389,14,-1,-1,1,1,0.5832406282424927
4,valence,midpoint_as_high,balanced_sampler_ce,2,11,390,14,-1,-1,0,1,0.5199509859085083
4,valence,midpoint_as_high,balanced_sampler_ce,2,11,391,14,-1,-1,1,1,0.5358750820159912
4,valence,midpoint_as_high,balanced_sampler_ce,2,11,392,14,-1,-1,1,1,0.6114946007728577
4,valence,midpoint_as_high,balanced_sampler_ce,2,11,393,14,-1,-1,0,1,0.5718782544136047
4,valence,midpoint_as_high,balanced_sampler_ce,2,11,394,14,-1,-1,1,1,0.5356431007385254
4,valence,midpoint_as_high,balanced_sampler_ce,2,11,395,14,-1,-1,1,0,0.46177545189857483
4,valence,midpoint_as_high,balanced_sampler_ce,2,11,396,14,-1,-1,0,1,0.5453155636787415
4,valence,midpoint_as_high,balanced_sampler_ce,2,11,397,14,-1,-1,1,1,0.5229619145393372
4,valence,midpoint_as_high,balanced_sampler_ce,2,11,398,14,-1,-1,1,0,0.4745787978172302
4,valence,midpoint_as_high,balanced_sampler_ce,2,11,399,14,-1,-1,1,1,0.5361153483390808
4,valence,midpoint_as_high,balanced_sampler_ce,2,11,400,14,-1,-1,1,1,0.5059249997138977
4,valence,midpoint_as_high,balanced_sampler_ce,2,11,401,14,-1,-1,1,1,0.5631138682365417
4,valence,midpoint_as_high,balanced_sampler_ce,2,11,402,14,-1,-1,1,0,0.40071794390678406
4,valence,midpoint_as_high,balanced_sampler_ce,2,11,403,14,-1,-1,1,0,0.40210461616516113
4,valence,midpoint_as_high,balanced_sampler_ce,2,11,404,14,-1,-1,1,0,0.4408818483352661
4,valence,midpoint_as_high,balanced_sampler_ce,2,11,405,14,-1,-1,1,0,0.497859388589859
4,valence,midpoint_as_high,balanced_sampler_ce,2,11,406,14,-1,-1,1,0,0.4575909674167633
4,valence,midpoint_as_high,balanced_sampler_ce,2,11,407,14,-1,-1,1,1,0.5511375665664673
4,valence,midpoint_as_high,balanced_sampler_ce,2,11,408,14,-1,-1,1,1,0.5409652590751648
4,valence,midpoint_as_high,balanced_sampler_ce,2,11,409,14,-1,-1,0,0,0.46706733107566833
4,valence,midpoint_as_high,balanced_sampler_ce,2,11,410,14,-1,-1,1,1,0.6248139142990112
4,valence,midpoint_as_high,balanced_sampler_ce,2,11,411,14,-1,-1,1,0,0.429196298122406
4,valence,midpoint_as_high,balanced_sampler_ce,2,11,412,14,-1,-1,1,1,0.5032823085784912
4,valence,midpoint_as_high,balanced_sampler_ce,2,11,413,14,-1,-1,1,1,0.5742183923721313
4,valence,midpoint_as_high,balanced_sampler_ce,2,11,414,14,-1,-1,0,1,0.5677160024642944
4,valence,midpoint_as_high,balanced_sampler_ce,2,11,415,14,-1,-1,0,0,0.4363688826560974
4,valence,midpoint_as_high,balanced_sampler_ce,2,11,416,15,-1,-1,0,1,0.5227047204971313
4,valence,midpoint_as_high,balanced_sampler_ce,2,11,417,15,-1,-1,0,1,0.5534108877182007
4,valence,midpoint_as_high,balanced_sampler_ce,2,11,418,15,-1,-1,0,1,0.5307701826095581
4,valence,midpoint_as_high,balanced_sampler_ce,2,11,419,15,-1,-1,1,1,0.5641871094703674
4,valence,midpoint_as_high,balanced_sampler_ce,2,11,420,15,-1,-1,0,0,0.47372445464134216
4,valence,midpoint_as_high,balanced_sampler_ce,2,11,421,15,-1,-1,1,0,0.49492016434669495
4,valence,midpoint_as_high,balanced_sampler_ce,2,11,422,15,-1,-1,0,1,0.5032979846000671
4,valence,midpoint_as_high,balanced_sampler_ce,2,11,423,15,-1,-1,0,1,0.5478761792182922
4,valence,midpoint_as_high,balanced_sampler_ce,2,11,424,15,-1,-1,1,1,0.5125386118888855
4,valence,midpoint_as_high,balanced_sampler_ce,2,11,425,15,-1,-1,0,1,0.5167003273963928
4,valence,midpoint_as_high,balanced_sampler_ce,2,11,426,15,-1,-1,1,0,0.49815383553504944
4,valence,midpoint_as_high,balanced_sampler_ce,2,11,427,15,-1,-1,1,1,0.512717604637146
4,valence,midpoint_as_high,balanced_sampler_ce,2,11,428,15,-1,-1,0,1,0.5290828943252563
4,valence,midpoint_as_high,balanced_sampler_ce,2,11,429,15,-1,-1,1,0,0.480978399515152
4,valence,midpoint_as_high,balanced_sampler_ce,2,11,430,15,-1,-1,1,1,0.5538989305496216
4,valence,midpoint_as_high,balanced_sampler_ce,2,11,431,15,-1,-1,1,0,0.4687121510505676
4,valence,midpoint_as_high,balanced_sampler_ce,2,11,432,15,-1,-1,1,1,0.5494633316993713
4,valence,midpoint_as_high,balanced_sampler_ce,2,11,433,15,-1,-1,1,0,0.4656640887260437
4,valence,midpoint_as_high,balanced_sampler_ce,2,11,434,15,-1,-1,1,1,0.5920087099075317
4,valence,midpoint_as_high,balanced_sampler_ce,2,11,435,15,-1,-1,1,0,0.416695237159729
4,valence,midpoint_as_high,balanced_sampler_ce,2,11,436,15,-1,-1,0,1,0.5691235661506653
4,valence,midpoint_as_high,balanced_sampler_ce,2,11,437,15,-1,-1,1,1,0.5458841919898987
4,valence,midpoint_as_high,balanced_sampler_ce,2,11,438,15,-1,-1,1,1,0.5301800966262817
4,valence,midpoint_as_high,balanced_sampler_ce,2,11,439,15,-1,-1,0,1,0.5614367127418518
4,valence,midpoint_as_high,balanced_sampler_ce,2,11,440,15,-1,-1,1,1,0.5689637064933777
4,valence,midpoint_as_high,balanced_sampler_ce,2,11,441,15,-1,-1,0,1,0.5529631972312927
4,valence,midpoint_as_high,balanced_sampler_ce,2,11,442,15,-1,-1,1,1,0.5460550785064697
4,valence,midpoint_as_high,balanced_sampler_ce,2,11,443,15,-1,-1,1,1,0.5827993154525757
4,valence,midpoint_as_high,balanced_sampler_ce,2,11,444,15,-1,-1,1,1,0.5778797268867493
4,valence,midpoint_as_high,balanced_sampler_ce,2,11,445,15,-1,-1,1,1,0.5516514778137207
4,valence,midpoint_as_high,balanced_sampler_ce,2,11,446,15,-1,-1,0,1,0.5599937438964844
4,valence,midpoint_as_high,balanced_sampler_ce,2,11,447,15,-1,-1,0,1,0.5066864490509033
4,valence,midpoint_as_high,balanced_sampler_ce,2,11,672,23,-1,-1,0,1,0.5158657431602478
4,valence,midpoint_as_high,balanced_sampler_ce,2,11,673,23,-1,-1,0,0,0.4946572184562683
4,valence,midpoint_as_high,balanced_sampler_ce,2,11,674,23,-1,-1,0,0,0.43630972504615784
4,valence,midpoint_as_high,balanced_sampler_ce,2,11,675,23,-1,-1,1,0,0.47706323862075806
4,valence,midpoint_as_high,balanced_sampler_ce,2,11,676,23,-1,-1,0,0,0.4818512797355652
4,valence,midpoint_as_high,balanced_sampler_ce,2,11,677,23,-1,-1,1,0,0.499066025018692
4,valence,midpoint_as_high,balanced_sampler_ce,2,11,678,23,-1,-1,1,0,0.39520370960235596
4,valence,midpoint_as_high,balanced_sampler_ce,2,11,679,23,-1,-1,1,1,0.5131680369377136
4,valence,midpoint_as_high,balanced_sampler_ce,2,11,680,23,-1,-1,0,0,0.4472593367099762
4,valence,midpoint_as_high,balanced_sampler_ce,2,11,681,23,-1,-1,0,1,0.5162795186042786
4,valence,midpoint_as_high,balanced_sampler_ce,2,11,682,23,-1,-1,1,0,0.4523700475692749
4,valence,midpoint_as_high,balanced_sampler_ce,2,11,683,23,-1,-1,1,1,0.5225127339363098
4,valence,midpoint_as_high,balanced_sampler_ce,2,11,684,23,-1,-1,0,0,0.4110299348831177
4,valence,midpoint_as_high,balanced_sampler_ce,2,11,685,23,-1,-1,1,1,0.5062215328216553
4,valence,midpoint_as_high,balanced_sampler_ce,2,11,686,23,-1,-1,1,1,0.5218222737312317
4,valence,midpoint_as_high,balanced_sampler_ce,2,11,687,23,-1,-1,1,0,0.4747771918773651
4,valence,midpoint_as_high,balanced_sampler_ce,2,11,688,23,-1,-1,1,1,0.5460918545722961
4,valence,midpoint_as_high,balanced_sampler_ce,2,11,689,23,-1,-1,1,0,0.43913689255714417
4,valence,midpoint_as_high,balanced_sampler_ce,2,11,690,23,-1,-1,1,1,0.5558515191078186
4,valence,midpoint_as_high,balanced_sampler_ce,2,11,691,23,-1,-1,1,1,0.5004372000694275
4,valence,midpoint_as_high,balanced_sampler_ce,2,11,692,23,-1,-1,0,1,0.5152211785316467
4,valence,midpoint_as_high,balanced_sampler_ce,2,11,693,23,-1,-1,1,1,0.5099040865898132
4,valence,midpoint_as_high,balanced_sampler_ce,2,11,694,23,-1,-1,1,1,0.5270571708679199
4,valence,midpoint_as_high,balanced_sampler_ce,2,11,695,23,-1,-1,0,1,0.5453965663909912
4,valence,midpoint_as_high,balanced_sampler_ce,2,11,696,23,-1,-1,1,1,0.5466391444206238
4,valence,midpoint_as_high,balanced_sampler_ce,2,11,697,23,-1,-1,0,1,0.5623929500579834
4,valence,midpoint_as_high,balanced_sampler_ce,2,11,698,23,-1,-1,1,0,0.4405876398086548
4,valence,midpoint_as_high,balanced_sampler_ce,2,11,699,23,-1,-1,1,1,0.5261421203613281
4,valence,midpoint_as_high,balanced_sampler_ce,2,11,700,23,-1,-1,1,1,0.5667834877967834
4,valence,midpoint_as_high,balanced_sampler_ce,2,11,701,23,-1,-1,1,1,0.6060724854469299
4,valence,midpoint_as_high,balanced_sampler_ce,2,11,702,23,-1,-1,0,1,0.5109978914260864
4,valence,midpoint_as_high,balanced_sampler_ce,2,11,703,23,-1,-1,0,1,0.581477165222168
4,valence,midpoint_as_high,balanced_sampler_ce,2,11,704,24,-1,-1,0,1,0.5437302589416504
4,valence,midpoint_as_high,balanced_sampler_ce,2,11,705,24,-1,-1,0,1,0.5941545367240906
4,valence,midpoint_as_high,balanced_sampler_ce,2,11,706,24,-1,-1,1,1,0.5649468898773193
4,valence,midpoint_as_high,balanced_sampler_ce,2,11,707,24,-1,-1,1,1,0.5485766530036926
4,valence,midpoint_as_high,balanced_sampler_ce,2,11,708,24,-1,-1,0,1,0.5681269764900208
4,valence,midpoint_as_high,balanced_sampler_ce,2,11,709,24,-1,-1,1,1,0.6133012771606445
4,valence,midpoint_as_high,balanced_sampler_ce,2,11,710,24,-1,-1,0,0,0.4838245213031769
4,valence,midpoint_as_high,balanced_sampler_ce,2,11,711,24,-1,-1,1,1,0.5697728991508484
4,valence,midpoint_as_high,balanced_sampler_ce,2,11,712,24,-1,-1,0,1,0.5638266801834106
4,valence,midpoint_as_high,balanced_sampler_ce,2,11,713,24,-1,-1,0,1,0.5385337471961975
4,valence,midpoint_as_high,balanced_sampler_ce,2,11,714,24,-1,-1,1,1,0.5324947834014893
4,valence,midpoint_as_high,balanced_sampler_ce,2,11,715,24,-1,-1,1,1,0.5087771415710449
4,valence,midpoint_as_high,balanced_sampler_ce,2,11,716,24,-1,-1,0,1,0.5406290292739868
4,valence,midpoint_as_high,balanced_sampler_ce,2,11,717,24,-1,-1,1,1,0.5305008888244629
4,valence,midpoint_as_high,balanced_sampler_ce,2,11,718,24,-1,-1,1,1,0.6280146837234497
4,valence,midpoint_as_high,balanced_sampler_ce,2,11,719,24,-1,-1,1,1,0.5609074831008911
4,valence,midpoint_as_high,balanced_sampler_ce,2,11,720,24,-1,-1,1,1,0.5700035691261292
4,valence,midpoint_as_high,balanced_sampler_ce,2,11,721,24,-1,-1,1,1,0.5402394533157349
4,valence,midpoint_as_high,balanced_sampler_ce,2,11,722,24,-1,-1,1,1,0.5731348395347595
4,valence,midpoint_as_high,balanced_sampler_ce,2,11,723,24,-1,-1,1,1,0.540440559387207
4,valence,midpoint_as_high,balanced_sampler_ce,2,11,724,24,-1,-1,0,1,0.6269158720970154
4,valence,midpoint_as_high,balanced_sampler_ce,2,11,725,24,-1,-1,1,1,0.5517250299453735
4,valence,midpoint_as_high,balanced_sampler_ce,2,11,726,24,-1,-1,1,1,0.6184722185134888
4,valence,midpoint_as_high,balanced_sampler_ce,2,11,727,24,-1,-1,1,1,0.5050917863845825
4,valence,midpoint_as_high,balanced_sampler_ce,2,11,728,24,-1,-1,1,1,0.5935730338096619
4,valence,midpoint_as_high,balanced_sampler_ce,2,11,729,24,-1,-1,0,1,0.6155296564102173
4,valence,midpoint_as_high,balanced_sampler_ce,2,11,730,24,-1,-1,1,1,0.551517903804779
4,valence,midpoint_as_high,balanced_sampler_ce,2,11,731,24,-1,-1,1,1,0.5660318732261658
4,valence,midpoint_as_high,balanced_sampler_ce,2,11,732,24,-1,-1,1,1,0.5971786379814148
4,valence,midpoint_as_high,balanced_sampler_ce,2,11,733,24,-1,-1,1,1,0.5013607740402222
4,valence,midpoint_as_high,balanced_sampler_ce,2,11,734,24,-1,-1,0,1,0.5557220578193665
4,valence,midpoint_as_high,balanced_sampler_ce,2,11,735,24,-1,-1,0,1,0.5203997492790222
4,valence,midpoint_as_high,balanced_sampler_ce,2,11,832,28,-1,-1,0,1,0.5392203330993652
4,valence,midpoint_as_high,balanced_sampler_ce,2,11,833,28,-1,-1,0,1,0.5476282835006714
4,valence,midpoint_as_high,balanced_sampler_ce,2,11,834,28,-1,-1,0,1,0.5747690796852112
4,valence,midpoint_as_high,balanced_sampler_ce,2,11,835,28,-1,-1,1,0,0.33786246180534363
4,valence,midpoint_as_high,balanced_sampler_ce,2,11,836,28,-1,-1,0,1,0.5888944268226624
4,valence,midpoint_as_high,balanced_sampler_ce,2,11,837,28,-1,-1,1,0,0.4316422641277313
4,valence,midpoint_as_high,balanced_sampler_ce,2,11,838,28,-1,-1,0,0,0.486408531665802
4,valence,midpoint_as_high,balanced_sampler_ce,2,11,839,28,-1,-1,1,1,0.5390579104423523
4,valence,midpoint_as_high,balanced_sampler_ce,2,11,840,28,-1,-1,0,1,0.5458216071128845
4,valence,midpoint_as_high,balanced_sampler_ce,2,11,841,28,-1,-1,0,0,0.47052696347236633
4,valence,midpoint_as_high,balanced_sampler_ce,2,11,842,28,-1,-1,1,0,0.41409218311309814
4,valence,midpoint_as_high,balanced_sampler_ce,2,11,843,28,-1,-1,1,1,0.5376139283180237
4,valence,midpoint_as_high,balanced_sampler_ce,2,11,844,28,-1,-1,0,1,0.580233633518219
4,valence,midpoint_as_high,balanced_sampler_ce,2,11,845,28,-1,-1,1,1,0.5442793369293213
4,valence,midpoint_as_high,balanced_sampler_ce,2,11,846,28,-1,-1,1,1,0.5743944644927979
4,valence,midpoint_as_high,balanced_sampler_ce,2,11,847,28,-1,-1,1,1,0.5522319078445435
4,valence,midpoint_as_high,balanced_sampler_ce,2,11,848,28,-1,-1,0,0,0.41503337025642395
4,valence,midpoint_as_high,balanced_sampler_ce,2,11,849,28,-1,-1,1,0,0.4316408932209015
4,valence,midpoint_as_high,balanced_sampler_ce,2,11,850,28,-1,-1,1,1,0.5289285778999329
4,valence,midpoint_as_high,balanced_sampler_ce,2,11,851,28,-1,-1,1,1,0.537825345993042
4,valence,midpoint_as_high,balanced_sampler_ce,2,11,852,28,-1,-1,0,1,0.5730987787246704
4,valence,midpoint_as_high,balanced_sampler_ce,2,11,853,28,-1,-1,1,0,0.4769134223461151
4,valence,midpoint_as_high,balanced_sampler_ce,2,11,854,28,-1,-1,1,1,0.5152660012245178
4,valence,midpoint_as_high,balanced_sampler_ce,2,11,855,28,-1,-1,0,1,0.5651123523712158
4,valence,midpoint_as_high,balanced_sampler_ce,2,11,856,28,-1,-1,1,1,0.5612580180168152
4,valence,midpoint_as_high,balanced_sampler_ce,2,11,857,28,-1,-1,1,1,0.5775580406188965
4,valence,midpoint_as_high,balanced_sampler_ce,2,11,858,28,-1,-1,1,1,0.5785423517227173
4,valence,midpoint_as_high,balanced_sampler_ce,2,11,859,28,-1,-1,1,1,0.5210314393043518
4,valence,midpoint_as_high,balanced_sampler_ce,2,11,860,28,-1,-1,1,1,0.5514216423034668
4,valence,midpoint_as_high,balanced_sampler_ce,2,11,861,28,-1,-1,1,0,0.4585239887237549
4,valence,midpoint_as_high,balanced_sampler_ce,2,11,862,28,-1,-1,0,1,0.5662304759025574
4,valence,midpoint_as_high,balanced_sampler_ce,2,11,863,28,-1,-1,0,1,0.5430066585540771
4,valence,midpoint_as_high,balanced_sampler_ce,2,11,1024,34,-1,-1,0,1,0.5715829133987427
4,valence,midpoint_as_high,balanced_sampler_ce,2,11,1025,34,-1,-1,0,1,0.592883288860321
4,valence,midpoint_as_high,balanced_sampler_ce,2,11,1026,34,-1,-1,0,0,0.44205400347709656
4,valence,midpoint_as_high,balanced_sampler_ce,2,11,1027,34,-1,-1,1,1,0.6041691899299622
4,valence,midpoint_as_high,balanced_sampler_ce,2,11,1028,34,-1,-1,0,0,0.4650906026363373
4,valence,midpoint_as_high,balanced_sampler_ce,2,11,1029,34,-1,-1,1,1,0.5929699540138245
4,valence,midpoint_as_high,balanced_sampler_ce,2,11,1030,34,-1,-1,1,1,0.5888369679450989
4,valence,midpoint_as_high,balanced_sampler_ce,2,11,1031,34,-1,-1,0,1,0.526195764541626
4,valence,midpoint_as_high,balanced_sampler_ce,2,11,1032,34,-1,-1,0,1,0.6068000793457031
4,valence,midpoint_as_high,balanced_sampler_ce,2,11,1033,34,-1,-1,0,0,0.41178447008132935
4,valence,midpoint_as_high,balanced_sampler_ce,2,11,1034,34,-1,-1,1,1,0.5605818033218384
4,valence,midpoint_as_high,balanced_sampler_ce,2,11,1035,34,-1,-1,1,1,0.5473210215568542
4,valence,midpoint_as_high,balanced_sampler_ce,2,11,1036,34,-1,-1,0,1,0.6133686900138855
4,valence,midpoint_as_high,balanced_sampler_ce,2,11,1037,34,-1,-1,1,1,0.5390000343322754
4,valence,midpoint_as_high,balanced_sampler_ce,2,11,1038,34,-1,-1,1,1,0.6193814873695374
4,valence,midpoint_as_high,balanced_sampler_ce,2,11,1039,34,-1,-1,1,1,0.5428633689880371
4,valence,midpoint_as_high,balanced_sampler_ce,2,11,1040,34,-1,-1,1,1,0.5348911881446838
4,valence,midpoint_as_high,balanced_sampler_ce,2,11,1041,34,-1,-1,1,1,0.5540725588798523
4,valence,midpoint_as_high,balanced_sampler_ce,2,11,1042,34,-1,-1,1,1,0.5230738520622253
4,valence,midpoint_as_high,balanced_sampler_ce,2,11,1043,34,-1,-1,1,0,0.3944462239742279
4,valence,midpoint_as_high,balanced_sampler_ce,2,11,1044,34,-1,-1,1,0,0.4970133900642395
4,valence,midpoint_as_high,balanced_sampler_ce,2,11,1045,34,-1,-1,1,1,0.5489241480827332
4,valence,midpoint_as_high,balanced_sampler_ce,2,11,1046,34,-1,-1,0,1,0.6520208120346069
4,valence,midpoint_as_high,balanced_sampler_ce,2,11,1047,34,-1,-1,0,0,0.2975357174873352
4,valence,midpoint_as_high,balanced_sampler_ce,2,11,1048,34,-1,-1,1,0,0.3033679723739624
4,valence,midpoint_as_high,balanced_sampler_ce,2,11,1049,34,-1,-1,0,0,0.35684993863105774
4,valence,midpoint_as_high,balanced_sampler_ce,2,11,1050,34,-1,-1,0,0,0.4506491422653198
4,valence,midpoint_as_high,balanced_sampler_ce,2,11,1051,34,-1,-1,1,1,0.5000629425048828
4,valence,midpoint_as_high,balanced_sampler_ce,2,11,1052,34,-1,-1,1,1,0.5618436932563782
4,valence,midpoint_as_high,balanced_sampler_ce,2,11,1053,34,-1,-1,1,1,0.5151236653327942
4,valence,midpoint_as_high,balanced_sampler_ce,2,11,1054,34,-1,-1,0,0,0.49963241815567017
4,valence,midpoint_as_high,balanced_sampler_ce,2,11,1055,34,-1,-1,0,1,0.5709619522094727
4,valence,midpoint_as_high,balanced_sampler_ce,2,11,1088,36,-1,-1,0,1,0.545565128326416
4,valence,midpoint_as_high,balanced_sampler_ce,2,11,1089,36,-1,-1,0,1,0.5531830787658691
4,valence,midpoint_as_high,balanced_sampler_ce,2,11,1090,36,-1,-1,0,1,0.5493608713150024
4,valence,midpoint_as_high,balanced_sampler_ce,2,11,1091,36,-1,-1,1,1,0.5380535125732422
4,valence,midpoint_as_high,balanced_sampler_ce,2,11,1092,36,-1,-1,0,1,0.5799703598022461
4,valence,midpoint_as_high,balanced_sampler_ce,2,11,1093,36,-1,-1,1,1,0.538654088973999
4,valence,midpoint_as_high,balanced_sampler_ce,2,11,1094,36,-1,-1,0,1,0.5507408976554871
4,valence,midpoint_as_high,balanced_sampler_ce,2,11,1095,36,-1,-1,0,1,0.5499718189239502
4,valence,midpoint_as_high,balanced_sampler_ce,2,11,1096,36,-1,-1,0,1,0.5342352390289307
4,valence,midpoint_as_high,balanced_sampler_ce,2,11,1097,36,-1,-1,0,1,0.5446792840957642
4,valence,midpoint_as_high,balanced_sampler_ce,2,11,1098,36,-1,-1,1,1,0.5143582224845886
4,valence,midpoint_as_high,balanced_sampler_ce,2,11,1099,36,-1,-1,1,1,0.5409429669380188
4,valence,midpoint_as_high,balanced_sampler_ce,2,11,1100,36,-1,-1,0,1,0.5198948383331299
4,valence,midpoint_as_high,balanced_sampler_ce,2,11,1101,36,-1,-1,1,1,0.5215603709220886
4,valence,midpoint_as_high,balanced_sampler_ce,2,11,1102,36,-1,-1,1,0,0.4687041640281677
4,valence,midpoint_as_high,balanced_sampler_ce,2,11,1103,36,-1,-1,1,1,0.6266894936561584
4,valence,midpoint_as_high,balanced_sampler_ce,2,11,1104,36,-1,-1,1,1,0.560084342956543
4,valence,midpoint_as_high,balanced_sampler_ce,2,11,1105,36,-1,-1,1,1,0.573876142501831
4,valence,midpoint_as_high,balanced_sampler_ce,2,11,1106,36,-1,-1,1,1,0.5342416763305664
4,valence,midpoint_as_high,balanced_sampler_ce,2,11,1107,36,-1,-1,1,1,0.5977030992507935
4,valence,midpoint_as_high,balanced_sampler_ce,2,11,1108,36,-1,-1,0,0,0.47886326909065247
4,valence,midpoint_as_high,balanced_sampler_ce,2,11,1109,36,-1,-1,1,1,0.5242695808410645
4,valence,midpoint_as_high,balanced_sampler_ce,2,11,1110,36,-1,-1,0,1,0.5183558464050293
4,valence,midpoint_as_high,balanced_sampler_ce,2,11,1111,36,-1,-1,0,1,0.5023313164710999
4,valence,midpoint_as_high,balanced_sampler_ce,2,11,1112,36,-1,-1,1,1,0.5666497349739075
4,valence,midpoint_as_high,balanced_sampler_ce,2,11,1113,36,-1,-1,0,1,0.5752536654472351
4,valence,midpoint_as_high,balanced_sampler_ce,2,11,1114,36,-1,-1,1,1,0.5224526524543762
4,valence,midpoint_as_high,balanced_sampler_ce,2,11,1115,36,-1,-1,1,1,0.5149520039558411
4,valence,midpoint_as_high,balanced_sampler_ce,2,11,1116,36,-1,-1,1,1,0.5024781823158264
4,valence,midpoint_as_high,balanced_sampler_ce,2,11,1117,36,-1,-1,1,1,0.5354880690574646
4,valence,midpoint_as_high,balanced_sampler_ce,2,11,1118,36,-1,-1,0,1,0.5566131472587585
4,valence,midpoint_as_high,balanced_sampler_ce,2,11,1119,36,-1,-1,0,1,0.5142536163330078
4,valence,midpoint_as_high,balanced_sampler_ce,2,11,1120,37,-1,-1,0,1,0.5456127524375916
4,valence,midpoint_as_high,balanced_sampler_ce,2,11,1121,37,-1,-1,0,0,0.49116250872612
4,valence,midpoint_as_high,balanced_sampler_ce,2,11,1122,37,-1,-1,0,1,0.5366154909133911
4,valence,midpoint_as_high,balanced_sampler_ce,2,11,1123,37,-1,-1,1,1,0.5722710490226746
4,valence,midpoint_as_high,balanced_sampler_ce,2,11,1124,37,-1,-1,0,1,0.60080486536026
4,valence,midpoint_as_high,balanced_sampler_ce,2,11,1125,37,-1,-1,1,1,0.5062276721000671
4,valence,midpoint_as_high,balanced_sampler_ce,2,11,1126,37,-1,-1,0,1,0.5345472097396851
4,valence,midpoint_as_high,balanced_sampler_ce,2,11,1127,37,-1,-1,1,1,0.5498560070991516
4,valence,midpoint_as_high,balanced_sampler_ce,2,11,1128,37,-1,-1,0,1,0.5450677275657654
4,valence,midpoint_as_high,balanced_sampler_ce,2,11,1129,37,-1,-1,0,1,0.5503209829330444
4,valence,midpoint_as_high,balanced_sampler_ce,2,11,1130,37,-1,-1,1,1,0.6615980863571167
4,valence,midpoint_as_high,balanced_sampler_ce,2,11,1131,37,-1,-1,1,1,0.5481394529342651
4,valence,midpoint_as_high,balanced_sampler_ce,2,11,1132,37,-1,-1,0,1,0.5469253063201904
4,valence,midpoint_as_high,balanced_sampler_ce,2,11,1133,37,-1,-1,1,1,0.5107978582382202
4,valence,midpoint_as_high,balanced_sampler_ce,2,11,1134,37,-1,-1,1,1,0.5665785074234009
4,valence,midpoint_as_high,balanced_sampler_ce,2,11,1135,37,-1,-1,1,0,0.4947270452976227
4,valence,midpoint_as_high,balanced_sampler_ce,2,11,1136,37,-1,-1,1,0,0.4889821410179138
4,valence,midpoint_as_high,balanced_sampler_ce,2,11,1137,37,-1,-1,1,1,0.5142228603363037
4,valence,midpoint_as_high,balanced_sampler_ce,2,11,1138,37,-1,-1,1,1,0.5621781945228577
4,valence,midpoint_as_high,balanced_sampler_ce,2,11,1139,37,-1,-1,1,1,0.5518531799316406
4,valence,midpoint_as_high,balanced_sampler_ce,2,11,1140,37,-1,-1,0,1,0.5325570702552795
4,valence,midpoint_as_high,balanced_sampler_ce,2,11,1141,37,-1,-1,1,1,0.5688909888267517
4,valence,midpoint_as_high,balanced_sampler_ce,2,11,1142,37,-1,-1,1,1,0.5678723454475403
4,valence,midpoint_as_high,balanced_sampler_ce,2,11,1143,37,-1,-1,1,1,0.566484272480011
4,valence,midpoint_as_high,balanced_sampler_ce,2,11,1144,37,-1,-1,1,1,0.507159948348999
4,valence,midpoint_as_high,balanced_sampler_ce,2,11,1145,37,-1,-1,0,1,0.5464536547660828
4,valence,midpoint_as_high,balanced_sampler_ce,2,11,1146,37,-1,-1,1,1,0.5803310871124268
4,valence,midpoint_as_high,balanced_sampler_ce,2,11,1147,37,-1,-1,1,1,0.5410775542259216
4,valence,midpoint_as_high,balanced_sampler_ce,2,11,1148,37,-1,-1,1,1,0.5659819841384888
4,valence,midpoint_as_high,balanced_sampler_ce,2,11,1149,37,-1,-1,1,1,0.5514275431632996
4,valence,midpoint_as_high,balanced_sampler_ce,2,11,1150,37,-1,-1,0,1,0.5642464756965637
4,valence,midpoint_as_high,balanced_sampler_ce,2,11,1151,37,-1,-1,0,1,0.6140009164810181
4,valence,midpoint_as_high,balanced_sampler_ce,2,11,1280,42,-1,-1,0,0,0.4917985200881958
4,valence,midpoint_as_high,balanced_sampler_ce,2,11,1281,42,-1,-1,0,1,0.5248206853866577
4,valence,midpoint_as_high,balanced_sampler_ce,2,11,1282,42,-1,-1,0,1,0.5489897131919861
4,valence,midpoint_as_high,balanced_sampler_ce,2,11,1283,42,-1,-1,1,0,0.3416847288608551
4,valence,midpoint_as_high,balanced_sampler_ce,2,11,1284,42,-1,-1,0,1,0.5309551954269409
4,valence,midpoint_as_high,balanced_sampler_ce,2,11,1285,42,-1,-1,1,0,0.3929544985294342
4,valence,midpoint_as_high,balanced_sampler_ce,2,11,1286,42,-1,-1,0,0,0.4620940089225769
4,valence,midpoint_as_high,balanced_sampler_ce,2,11,1287,42,-1,-1,0,1,0.5411328077316284
4,valence,midpoint_as_high,balanced_sampler_ce,2,11,1288,42,-1,-1,0,0,0.49186089634895325
4,valence,midpoint_as_high,balanced_sampler_ce,2,11,1289,42,-1,-1,0,1,0.5236878395080566
4,valence,midpoint_as_high,balanced_sampler_ce,2,11,1290,42,-1,-1,1,0,0.4786282777786255
4,valence,midpoint_as_high,balanced_sampler_ce,2,11,1291,42,-1,-1,1,1,0.5986658930778503
4,valence,midpoint_as_high,balanced_sampler_ce,2,11,1292,42,-1,-1,0,1,0.6762377619743347
4,valence,midpoint_as_high,balanced_sampler_ce,2,11,1293,42,-1,-1,1,0,0.4572940766811371
4,valence,midpoint_as_high,balanced_sampler_ce,2,11,1294,42,-1,-1,1,1,0.6008272171020508
4,valence,midpoint_as_high,balanced_sampler_ce,2,11,1295,42,-1,-1,1,1,0.5624411702156067
4,valence,midpoint_as_high,balanced_sampler_ce,2,11,1296,42,-1,-1,1,1,0.5519593358039856
4,valence,midpoint_as_high,balanced_sampler_ce,2,11,1297,42,-1,-1,1,1,0.5150902271270752
4,valence,midpoint_as_high,balanced_sampler_ce,2,11,1298,42,-1,-1,1,0,0.4376477301120758
4,valence,midpoint_as_high,balanced_sampler_ce,2,11,1299,42,-1,-1,1,1,0.5347774028778076
4,valence,midpoint_as_high,balanced_sampler_ce,2,11,1300,42,-1,-1,0,1,0.533061683177948
4,valence,midpoint_as_high,balanced_sampler_ce,2,11,1301,42,-1,-1,1,0,0.4548953175544739
4,valence,midpoint_as_high,balanced_sampler_ce,2,11,1302,42,-1,-1,1,1,0.5424861907958984
4,valence,midpoint_as_high,balanced_sampler_ce,2,11,1303,42,-1,-1,0,0,0.4445885121822357
4,valence,midpoint_as_high,balanced_sampler_ce,2,11,1304,42,-1,-1,1,0,0.42227935791015625
4,valence,midpoint_as_high,balanced_sampler_ce,2,11,1305,42,-1,-1,0,0,0.4238992929458618
4,valence,midpoint_as_high,balanced_sampler_ce,2,11,1306,42,-1,-1,1,0,0.4465389549732208
4,valence,midpoint_as_high,balanced_sampler_ce,2,11,1307,42,-1,-1,1,0,0.4218221604824066
4,valence,midpoint_as_high,balanced_sampler_ce,2,11,1308,42,-1,-1,1,0,0.43237772583961487
4,valence,midpoint_as_high,balanced_sampler_ce,2,11,1309,42,-1,-1,1,1,0.5008569359779358
4,valence,midpoint_as_high,balanced_sampler_ce,2,11,1310,42,-1,-1,0,0,0.48667606711387634
4,valence,midpoint_as_high,balanced_sampler_ce,2,11,1311,42,-1,-1,0,1,0.5977849364280701
4,valence,midpoint_as_high,balanced_sampler_ce,2,11,1504,49,-1,-1,0,1,0.5459733605384827
4,valence,midpoint_as_high,balanced_sampler_ce,2,11,1505,49,-1,-1,0,1,0.5768267512321472
4,valence,midpoint_as_high,balanced_sampler_ce,2,11,1506,49,-1,-1,0,1,0.5613457560539246
4,valence,midpoint_as_high,balanced_sampler_ce,2,11,1507,49,-1,-1,1,1,0.5816504955291748
4,valence,midpoint_as_high,balanced_sampler_ce,2,11,1508,49,-1,-1,0,1,0.5822892785072327
4,valence,midpoint_as_high,balanced_sampler_ce,2,11,1509,49,-1,-1,1,1,0.5872977375984192
4,valence,midpoint_as_high,balanced_sampler_ce,2,11,1510,49,-1,-1,1,1,0.5780110359191895
4,valence,midpoint_as_high,balanced_sampler_ce,2,11,1511,49,-1,-1,1,1,0.5678249597549438
4,valence,midpoint_as_high,balanced_sampler_ce,2,11,1512,49,-1,-1,1,1,0.546678364276886
4,valence,midpoint_as_high,balanced_sampler_ce,2,11,1513,49,-1,-1,0,1,0.5145065188407898
4,valence,midpoint_as_high,balanced_sampler_ce,2,11,1514,49,-1,-1,1,1,0.521933913230896
4,valence,midpoint_as_high,balanced_sampler_ce,2,11,1515,49,-1,-1,1,1,0.5161784887313843
4,valence,midpoint_as_high,balanced_sampler_ce,2,11,1516,49,-1,-1,0,1,0.5842958688735962
4,valence,midpoint_as_high,balanced_sampler_ce,2,11,1517,49,-1,-1,1,1,0.5332662463188171
4,valence,midpoint_as_high,balanced_sampler_ce,2,11,1518,49,-1,-1,1,1,0.5885361433029175
4,valence,midpoint_as_high,balanced_sampler_ce,2,11,1519,49,-1,-1,1,1,0.5751849412918091
4,valence,midpoint_as_high,balanced_sampler_ce,2,11,1520,49,-1,-1,1,1,0.6509016156196594
4,valence,midpoint_as_high,balanced_sampler_ce,2,11,1521,49,-1,-1,1,1,0.569341242313385
4,valence,midpoint_as_high,balanced_sampler_ce,2,11,1522,49,-1,-1,1,1,0.5055239796638489
4,valence,midpoint_as_high,balanced_sampler_ce,2,11,1523,49,-1,-1,1,0,0.4810166358947754
4,valence,midpoint_as_high,balanced_sampler_ce,2,11,1524,49,-1,-1,0,1,0.6302134394645691
4,valence,midpoint_as_high,balanced_sampler_ce,2,11,1525,49,-1,-1,1,1,0.6193360090255737
4,valence,midpoint_as_high,balanced_sampler_ce,2,11,1526,49,-1,-1,1,1,0.5455656051635742
4,valence,midpoint_as_high,balanced_sampler_ce,2,11,1527,49,-1,-1,1,0,0.37112313508987427
4,valence,midpoint_as_high,balanced_sampler_ce,2,11,1528,49,-1,-1,1,0,0.49573445320129395
4,valence,midpoint_as_high,balanced_sampler_ce,2,11,1529,49,-1,-1,0,1,0.5048752427101135
4,valence,midpoint_as_high,balanced_sampler_ce,2,11,1530,49,-1,-1,1,1,0.5966019034385681
4,valence,midpoint_as_high,balanced_sampler_ce,2,11,1531,49,-1,-1,1,1,0.5561428070068359
4,valence,midpoint_as_high,balanced_sampler_ce,2,11,1532,49,-1,-1,1,1,0.5511696338653564
4,valence,midpoint_as_high,balanced_sampler_ce,2,11,1533,49,-1,-1,1,1,0.5548442006111145
4,valence,midpoint_as_high,balanced_sampler_ce,2,11,1534,49,-1,-1,0,1,0.5314242243766785
4,valence,midpoint_as_high,balanced_sampler_ce,2,11,1535,49,-1,-1,0,1,0.5767086148262024
