cache_row,subject_id,subject_col,stimulus_id,eeg_file,eeg_begin_raw,energy_ratio_gt40hz,energy_ratio_gt64hz,stride_vs_poly_z_nrmse,stride_vs_poly_z_corr,stride_vs_lowpass_z_nrmse,stride_vs_lowpass_z_corr,poly_vs_lowpass_z_nrmse,poly_vs_lowpass_z_corr
0,1,sbj_P_01,Dummy_1,/mnt/HDD/AliWorks/I-DARE/raw_downloads/EEG/sbj_P_01.mat,212425.0,0.026189706915464985,0.0007640887058713167,0.02890272801058714,0.9995823161567728,0.021491547618531875,0.9997690566904802,0.024902369626492418,0.9996899359934928
1,1,sbj_P_01,3053,/mnt/HDD/AliWorks/I-DARE/raw_downloads/EEG/sbj_P_01.mat,226483.0,0.04764316216469914,0.0024434869129018664,0.03948869497066231,0.9992203214847567,0.0436031717959167,0.9990493817046675,0.024910546992293545,0.9996897323242716
2,1,sbj_P_01,Tumor_1,/mnt/HDD/AliWorks/I-DARE/raw_downloads/EEG/sbj_P_01.mat,239003.0,0.06187123789246152,0.004175604877836131,0.0538930323261128,0.9985477705333484,0.061436687878498264,0.9981127666912603,0.02993410883566871,0.9995519745641073
3,1,sbj_P_01,Dog_18,/mnt/HDD/AliWorks/I-DARE/raw_downloads/EEG/sbj_P_01.mat,253964.0,0.0421556074453431,0.0020813723593297462,0.0251263254631699,0.99968433388436,0.029407946605193355,0.9995675863382333,0.014332986068198252,0.9998972827551845
4,1,sbj_P_01,Miserable_pose_3,/mnt/HDD/AliWorks/I-DARE/raw_downloads/EEG/sbj_P_01.mat,264561.0,0.06326861859093127,0.0030883732410522317,0.05730506920365593,0.9983580645217826,0.06289006974779288,0.9980224195635595,0.039381363973000835,0.9992245540858131
5,1,sbj_P_01,Pinecone_1,/mnt/HDD/AliWorks/I-DARE/raw_downloads/EEG/sbj_P_01.mat,276235.0,0.051972946569498066,0.002823391041033098,0.05191983072502653,0.9986521655887421,0.04493155273039493,0.9989905777846175,0.03880215185043179,0.9992471965058882
6,1,sbj_P_01,Garbage_dump_6,/mnt/HDD/AliWorks/I-DARE/raw_downloads/EEG/sbj_P_01.mat,287363.0,0.021443151548268327,0.0007241278780890526,0.026893982775019476,0.9996383568452489,0.018836129990492948,0.9998226001034902,0.023411819462061147,0.9997259433547367
7,1,sbj_P_01,Depressed_pose_4,/mnt/HDD/AliWorks/I-DARE/raw_downloads/EEG/sbj_P_01.mat,296904.0,0.026694625368031744,0.0013149757096983803,0.02939927996141848,0.9995678411688753,0.031216210559993594,0.999512774099137,0.01854991575109746,0.9998279503128135
8,1,sbj_P_01,Angry_face_1,/mnt/HDD/AliWorks/I-DARE/raw_downloads/EEG/sbj_P_01.mat,305880.0,0.02317083575962771,0.0007472009445911063,0.02770934573751409,0.9996160960794003,0.021474691458609956,0.999769418813379,0.023034341110488823,0.999734709564803
9,1,sbj_P_01,Dog_26,/mnt/HDD/AliWorks/I-DARE/raw_downloads/EEG/sbj_P_01.mat,315458.0,0.020446042201632434,0.0006200973002330674,0.02397834789416459,0.9997125194161334,0.018343765592903124,0.9998317531319362,0.020346134511351564,0.9997930174052232
10,1,sbj_P_01,8370,/mnt/HDD/AliWorks/I-DARE/raw_downloads/EEG/sbj_P_01.mat,326070.0,0.06183626888649811,0.00408906951610745,0.032930132737861134,0.9994578031789324,0.037123249655852286,0.9993109321674957,0.016565436225079163,0.9998627931613367
11,1,sbj_P_01,Dog_6,/mnt/HDD/AliWorks/I-DARE/raw_downloads/EEG/sbj_P_01.mat,335422.0,0.07218767717333871,0.004703475582758691,0.05669684685368067,0.9983927337784249,0.06278621164567084,0.9980289458135922,0.023915413874956548,0.9997140264895941
12,1,sbj_P_01,9220,/mnt/HDD/AliWorks/I-DARE/raw_downloads/EEG/sbj_P_01.mat,345287.0,0.018631908554453423,0.0005834873985094968,0.02737264013207972,0.9996253692860994,0.01563475462191607,0.9998777772239561,0.024873932166602036,0.9996906437492852
13,1,sbj_P_01,Lake_12,/mnt/HDD/AliWorks/I-DARE/raw_downloads/EEG/sbj_P_01.mat,353739.0,0.029448556688355,0.001400377691919328,0.021322604959149886,0.9997726732588782,0.024400321790376052,0.9997023121482634,0.01293374630050018,0.9999163591033171
14,1,sbj_P_01,2314,/mnt/HDD/AliWorks/I-DARE/raw_downloads/EEG/sbj_P_01.mat,363963.0,0.02072667186869614,0.0008245772740341587,0.018893894527205687,0.9998215103747973,0.019022841298890196,0.9998190657544588,0.014324790731764675,0.9998974001852458
15,1,sbj_P_01,1750,/mnt/HDD/AliWorks/I-DARE/raw_downloads/EEG/sbj_P_01.mat,373509.0,0.021842074938564795,0.0005348698183459502,0.024200060186973984,0.9997071785434738,0.017872267271390015,0.9998402910312904,0.02057119751873772,0.9997884129163225
16,1,sbj_P_01,8492,/mnt/HDD/AliWorks/I-DARE/raw_downloads/EEG/sbj_P_01.mat,382155.0,0.013468887057406759,0.0004498607155717714,0.02074628996499818,0.9997847957263446,0.014340124881755146,0.9998971804091877,0.01811517646009004,0.9998359201909102
17,1,sbj_P_01,1441,/mnt/HDD/AliWorks/I-DARE/raw_downloads/EEG/sbj_P_01.mat,391442.0,0.021532090839797104,0.0005786030699167854,0.02100754631359485,0.9997793414989408,0.016734393241219562,0.9998599800414242,0.017337625728124303,0.9998497033670563
18,1,sbj_P_01,Flowers_6,/mnt/HDD/AliWorks/I-DARE/raw_downloads/EEG/sbj_P_01.mat,401067.0,0.020138941282991416,0.00043670800822104397,0.01782641803447047,0.9998411094100306,0.01733192437129888,0.9998498021987939,0.013126584723645472,0.9999138463867469
19,1,sbj_P_01,Yarn_1,/mnt/HDD/AliWorks/I-DARE/raw_downloads/EEG/sbj_P_01.mat,410923.0,0.017562702379884228,0.0007854963400773695,0.01867341807357669,0.9998256517287243,0.0199755315113032,0.9998004890704205,0.011525284123586752,0.9999335839129346
20,1,sbj_P_01,9331,/mnt/HDD/AliWorks/I-DARE/raw_downloads/EEG/sbj_P_01.mat,421544.0,0.02156271336124512,0.0009497664624753462,0.03047671098683624,0.9995355850437124,0.028202941598962764,0.9996022970425829,0.024939594252220705,0.999689008319267
21,1,sbj_P_01,Beach_1,/mnt/HDD/AliWorks/I-DARE/raw_downloads/EEG/sbj_P_01.mat,431351.0,0.031658720016813954,0.0013186522030298295,0.019090997545908185,0.9998177669063516,0.02239155761430767,0.9997493090738026,0.0100688643591124,0.9999493089852594
22,1,sbj_P_01,2491,/mnt/HDD/AliWorks/I-DARE/raw_downloads/EEG/sbj_P_01.mat,441047.0,0.01869509088711035,0.0003819229452946691,0.011903829245926525,0.9999291494246423,0.009130832628065003,0.9999583139477591,0.010282150252784512,0.9999471386930897
23,1,sbj_P_01,9360,/mnt/HDD/AliWorks/I-DARE/raw_downloads/EEG/sbj_P_01.mat,450986.0,0.021833243170933617,0.0005251333490204082,0.031590232214497964,0.9995010286143173,0.019623971424533433,0.9998074498727649,0.028664988525309944,0.9995891592164217
24,1,sbj_P_01,Lake_3,/mnt/HDD/AliWorks/I-DARE/raw_downloads/EEG/sbj_P_01.mat,461161.0,0.015023275627537773,0.00028951716557900405,0.01414595494428691,0.999899945979357,0.012762490004365846,0.999918559424444,0.011391351500335777,0.9999351185554978
25,1,sbj_P_01,3170,/mnt/HDD/AliWorks/I-DARE/raw_downloads/EEG/sbj_P_01.mat,504362.0,0.046654799211353445,0.0030034912470090144,0.04541366367798079,0.9989687995756711,0.05448062307424239,0.9985159308547217,0.02244269177564264,0.9997481627929324
26,1,sbj_P_01,8080,/mnt/HDD/AliWorks/I-DARE/raw_downloads/EEG/sbj_P_01.mat,515369.0,0.020146406700845314,0.0007746911236904542,0.029864097460074894,0.9995540678414476,0.020666380378851497,0.9997864503610182,0.026023585676513784,0.9996613864942686
27,1,sbj_P_01,Snow_1,/mnt/HDD/AliWorks/I-DARE/raw_downloads/EEG/sbj_P_01.mat,523305.0,0.04183935130279208,0.002712697812128521,0.03402653550410262,0.9994210974407939,0.03636755022086839,0.9993387006454665,0.019432289457569696,0.9998111930632182
28,1,sbj_P_01,4220,/mnt/HDD/AliWorks/I-DARE/raw_downloads/EEG/sbj_P_01.mat,532347.0,0.023569002517353884,0.000649940247697155,0.026374876537472332,0.9996521829438169,0.020073921150651555,0.9997985188448186,0.022416858588985452,0.9997487422255008
29,1,sbj_P_01,5760,/mnt/HDD/AliWorks/I-DARE/raw_downloads/EEG/sbj_P_01.mat,540812.0,0.02763491156712948,0.0012999928213961005,0.03127006985352793,0.9995110913656776,0.0260073582952881,0.9996618086572493,0.024561436209955455,0.9996983679256514
30,1,sbj_P_01,3063,/mnt/HDD/AliWorks/I-DARE/raw_downloads/EEG/sbj_P_01.mat,549436.0,0.02696846147645541,0.0011530740699275477,0.0272197220426533,0.9996295433659605,0.03162165510432231,0.9995000354642319,0.01590424034834869,0.9998735275694711
31,1,sbj_P_01,3080,/mnt/HDD/AliWorks/I-DARE/raw_downloads/EEG/sbj_P_01.mat,558453.0,0.03416952856835265,0.0011198814931433485,0.02514607679436843,0.9996838374109257,0.02500190068018274,0.9996874524811887,0.018249287468341382,0.9998334817534494
32,2,sbj_P_02,Dummy_1,/mnt/HDD/AliWorks/I-DARE/raw_downloads/EEG/sbj_P_02.mat,189235.0,0.02136218502423002,0.000679754948949577,0.030891312759099433,0.9995228633980093,0.02884472647458869,0.999583990877303,0.024028419617348497,0.9997113175253465
33,2,sbj_P_02,3053,/mnt/HDD/AliWorks/I-DARE/raw_downloads/EEG/sbj_P_02.mat,203757.0,0.01426098474427873,0.00029881892334670114,0.016190163936244114,0.9998689392958585,0.015438074030366676,0.9998808329351161,0.012546540526330687,0.9999212921604106
34,2,sbj_P_02,Tumor_1,/mnt/HDD/AliWorks/I-DARE/raw_downloads/EEG/sbj_P_02.mat,217743.0,0.07889812685213786,0.005485885174833711,0.06925413997296505,0.9976019320483027,0.08060181128657803,0.9967516740086619,0.03289585613701197,0.9994589313245063
35,2,sbj_P_02,Dog_18,/mnt/HDD/AliWorks/I-DARE/raw_downloads/EEG/sbj_P_02.mat,227464.0,0.014080968843290242,0.0003702071285985276,0.020288098503030292,0.9997941965295657,0.01675942715518802,0.9998595608007151,0.017224162065548998,0.9998516641205701
36,2,sbj_P_02,Miserable_pose_3,/mnt/HDD/AliWorks/I-DARE/raw_downloads/EEG/sbj_P_02.mat,236337.0,0.011722343146096919,0.0003228442980490132,0.032962777990156046,0.9994567276335867,0.019774287093130914,0.9998044887849791,0.029782505812063924,0.9995565011737778
37,2,sbj_P_02,Pinecone_1,/mnt/HDD/AliWorks/I-DARE/raw_downloads/EEG/sbj_P_02.mat,245587.0,0.013242639756997947,0.0002971873737621593,0.01935473987607586,0.9998126970221652,0.014413555169901483,0.9998961247136813,0.016757894468600848,0.9998595864864895
38,2,sbj_P_02,Garbage_dump_6,/mnt/HDD/AliWorks/I-DARE/raw_downloads/EEG/sbj_P_02.mat,255389.0,0.00976109759154256,0.00021595087830156702,0.020781265007309663,0.9997840695123483,0.012556723642328651,0.9999211643456853,0.018892925753344555,0.9998215286782389
39,2,sbj_P_02,Depressed_pose_4,/mnt/HDD/AliWorks/I-DARE/raw_downloads/EEG/sbj_P_02.mat,269309.0,0.011423226887289676,0.0003118150418657603,0.02031936030522941,0.999793561798393,0.015317485543943804,0.9998826873183055,0.017175194219559816,0.99985250635176
40,2,sbj_P_02,Angry_face_1,/mnt/HDD/AliWorks/I-DARE/raw_downloads/EEG/sbj_P_02.mat,276987.0,0.09639060509803868,0.005772113491754901,0.06460078027208817,0.9979133695941184,0.07719896959956167,0.997020159546383,0.02973796806582356,0.9995578266276581
41,2,sbj_P_02,Dog_26,/mnt/HDD/AliWorks/I-DARE/raw_downloads/EEG/sbj_P_02.mat,284295.0,0.012581325982250776,0.0003040626899023028,0.020151457246966785,0.9997969593854118,0.015763575709590086,0.9998757548404245,0.017008441055149617,0.9998553564664378
42,2,sbj_P_02,8370,/mnt/HDD/AliWorks/I-DARE/raw_downloads/EEG/sbj_P_02.mat,297065.0,0.019478860863262396,0.0007098165028824058,0.023100254138571363,0.9997331891293666,0.021264451360933224,0.999773911554159,0.015545308235811697,0.9998791716959268
43,2,sbj_P_02,Dog_6,/mnt/HDD/AliWorks/I-DARE/raw_downloads/EEG/sbj_P_02.mat,308805.0,0.012644543038983276,0.0002599594548616156,0.03142335399732788,0.9995062864117796,0.013545267031305824,0.9999082628705256,0.03006555765059601,0.9995480311215794
44,2,sbj_P_02,9220,/mnt/HDD/AliWorks/I-DARE/raw_downloads/EEG/sbj_P_02.mat,324024.0,0.011798298682759448,0.00028383506931619414,0.032320636725694955,0.9994776882208225,0.012347798934204188,0.99992376593074,0.031262735464217914,0.9995113206856471
45,2,sbj_P_02,Lake_12,/mnt/HDD/AliWorks/I-DARE/raw_downloads/EEG/sbj_P_02.mat,334092.0,0.014900839858640876,0.0003292698660520677,0.019800521292103083,0.9998039696782807,0.016302175260821804,0.9998671195408826,0.016133601975203492,0.9998698534436524
46,2,sbj_P_02,2314,/mnt/HDD/AliWorks/I-DARE/raw_downloads/EEG/sbj_P_02.mat,349625.0,0.011062004657215024,0.0002511076340374414,0.01841972542123713,0.9998303568577027,0.01480491063362222,0.9998904073105651,0.015256745918869809,0.9998836158519839
47,2,sbj_P_02,1750,/mnt/HDD/AliWorks/I-DARE/raw_downloads/EEG/sbj_P_02.mat,357015.0,0.010984053672216798,0.0002370368242854873,0.02177934813586797,0.9997628299973885,0.01450878493798737,0.9998947475798118,0.01955275820927664,0.9998088448232042
48,2,sbj_P_02,8492,/mnt/HDD/AliWorks/I-DARE/raw_downloads/EEG/sbj_P_02.mat,376782.0,0.012384223471159873,0.0002845651735984527,0.03839709726734278,0.9992628314607208,0.013462397205927259,0.9999093819307355,0.03731895053472498,0.9993036479654935
49,2,sbj_P_02,1441,/mnt/HDD/AliWorks/I-DARE/raw_downloads/EEG/sbj_P_02.mat,384720.0,0.011032670989088379,0.0002878663735014669,0.015424774543660907,0.9998810381651391,0.015423021912849277,0.9998810651975382,0.011195237825505437,0.9999373333250156
50,2,sbj_P_02,Flowers_6,/mnt/HDD/AliWorks/I-DARE/raw_downloads/EEG/sbj_P_02.mat,402716.0,0.0216033418984327,0.0006024327887993723,0.02760851080347827,0.9996188850656073,0.02853136099837724,0.9995929807197901,0.019813190168372793,0.9998037187476757
51,2,sbj_P_02,Yarn_1,/mnt/HDD/AliWorks/I-DARE/raw_downloads/EEG/sbj_P_02.mat,416169.0,0.013058468753589791,0.0002918217387346418,0.018489480939955942,0.9998290695472857,0.014568910327058296,0.9998938734259419,0.01572755780198667,0.9998763219627931
52,2,sbj_P_02,9331,/mnt/HDD/AliWorks/I-DARE/raw_downloads/EEG/sbj_P_02.mat,423870.0,0.010573148702849677,0.000248220785229764,0.021281326992252596,0.9997735525607243,0.013914220980768024,0.9999031972272492,0.01890826304067695,0.9998212387943924
53,2,sbj_P_02,Beach_1,/mnt/HDD/AliWorks/I-DARE/raw_downloads/EEG/sbj_P_02.mat,439349.0,0.01376384414125022,0.00037469099194482934,0.025024490643551583,0.999686887434016,0.015790463150261495,0.99987533063675,0.022582976224097582,0.9997450045924308
54,2,sbj_P_02,2491,/mnt/HDD/AliWorks/I-DARE/raw_downloads/EEG/sbj_P_02.mat,449992.0,0.014667682649415379,0.00036485357946480296,0.02522172830002107,0.9996819322107798,0.0171138421442619,0.9998535582035311,0.02233367597607968,0.9997506034586976
55,2,sbj_P_02,9360,/mnt/HDD/AliWorks/I-DARE/raw_downloads/EEG/sbj_P_02.mat,457571.0,0.04052154556477633,0.0031013280988738505,0.06324490159875293,0.9980000412108819,0.0670129076074668,0.9977546351069962,0.03325194651870948,0.9994471540263583
56,2,sbj_P_02,Lake_3,/mnt/HDD/AliWorks/I-DARE/raw_downloads/EEG/sbj_P_02.mat,470656.0,0.012719453190084388,0.0003122264235796368,0.03283571351128396,0.9994609079591028,0.015130721786262758,0.9998855306291133,0.03126544808340194,0.9995112358780718
57,2,sbj_P_02,3170,/mnt/HDD/AliWorks/I-DARE/raw_downloads/EEG/sbj_P_02.mat,479412.0,0.015565567290633086,0.00041320335427390005,0.019121361304493562,0.9998171867709316,0.018172639264849744,0.9998348775910744,0.014118321456419267,0.999900336499626
58,2,sbj_P_02,8080,/mnt/HDD/AliWorks/I-DARE/raw_downloads/EEG/sbj_P_02.mat,492289.0,0.08138816273705811,0.007016139686079428,0.07560048080188227,0.997142283651262,0.10051744220178532,0.9949481219066059,0.039007599698582106,0.9992392035828769
59,2,sbj_P_02,Snow_1,/mnt/HDD/AliWorks/I-DARE/raw_downloads/EEG/sbj_P_02.mat,500259.0,0.015108690515154712,0.0003006101446269447,0.018269377922641074,0.9998331149151596,0.017255662838538695,0.9998511210500017,0.014514633979056533,0.9998946627002271
60,2,sbj_P_02,4220,/mnt/HDD/AliWorks/I-DARE/raw_downloads/EEG/sbj_P_02.mat,509558.0,0.00991262844865456,0.00021548970730052056,0.013042569476988638,0.9999149456907185,0.012070983652452395,0.9999271456768313,0.010143369102423352,0.9999485560316259
61,2,sbj_P_02,5760,/mnt/HDD/AliWorks/I-DARE/raw_downloads/EEG/sbj_P_02.mat,519217.0,0.011442683891539514,0.0002598291619402713,0.022422250551574915,0.9997486213401008,0.013794352702229023,0.9999048579167634,0.020411635531514313,0.9997916825674642
62,2,sbj_P_02,3063,/mnt/HDD/AliWorks/I-DARE/raw_downloads/EEG/sbj_P_02.mat,527097.0,0.009741836447114334,0.00018421256197379837,0.017957303714828652,0.9998387676216467,0.01402419347136365,0.9999016609987389,0.015377071209124214,0.9998817728405147
63,2,sbj_P_02,3080,/mnt/HDD/AliWorks/I-DARE/raw_downloads/EEG/sbj_P_02.mat,534715.0,0.015862575321203845,0.00028080511037947603,0.026012125557045643,0.9996616846620022,0.018544495696770292,0.9998280508396762,0.02326096810904721,0.9997294636813149
64,3,sbj_P_03,Dummy_1,/mnt/HDD/AliWorks/I-DARE/raw_downloads/EEG/sbj_P_03.mat,212000.0,0.05797667449506206,0.0032294404198638647,0.0510315234642409,0.9986978918064595,0.06140235136237239,0.998114875623586,0.02772091050297679,0.9996157755604428
65,3,sbj_P_03,3053,/mnt/HDD/AliWorks/I-DARE/raw_downloads/EEG/sbj_P_03.mat,224907.0,0.0530930948512554,0.0023718034680627305,0.05452818037010768,0.9985133387727627,0.059268609969693575,0.99824361593613,0.03925192010103346,0.9992296433841912
66,3,sbj_P_03,Tumor_1,/mnt/HDD/AliWorks/I-DARE/raw_downloads/EEG/sbj_P_03.mat,233661.0,0.017799555582178068,0.0010213516173351576,0.024948377372398967,0.9996887892332422,0.03173584235272732,0.9994964181550815,0.012694062181584061,0.9999194303926647
67,3,sbj_P_03,Dog_18,/mnt/HDD/AliWorks/I-DARE/raw_downloads/EEG/sbj_P_03.mat,244928.0,0.03767895664142583,0.00168602690077924,0.035381198327441785,0.9993740854024562,0.04703567832611274,0.9988938224822005,0.019193713743072754,0.999815800676374
68,3,sbj_P_03,Miserable_pose_3,/mnt/HDD/AliWorks/I-DARE/raw_downloads/EEG/sbj_P_03.mat,254512.0,0.04322413660030991,0.0024240769319556874,0.04309018358202016,0.9990716180394342,0.05364277925530067,0.9985612261168835,0.023108901834674782,0.9997329893279983
69,3,sbj_P_03,Pinecone_1,/mnt/HDD/AliWorks/I-DARE/raw_downloads/EEG/sbj_P_03.mat,264450.0,0.04374216632700317,0.0020305564892114593,0.0424961273504259,0.9990970395801083,0.056353913329131866,0.9984121182262461,0.02362721651126328,0.9997208773199652
70,3,sbj_P_03,Garbage_dump_6,/mnt/HDD/AliWorks/I-DARE/raw_downloads/EEG/sbj_P_03.mat,273293.0,0.0520139662060078,0.0022943003462016277,0.04106275030309387,0.9991569252687735,0.05013547171799334,0.9987432172378078,0.020275141613084503,0.9997944593162851
71,3,sbj_P_03,Depressed_pose_4,/mnt/HDD/AliWorks/I-DARE/raw_downloads/EEG/sbj_P_03.mat,283478.0,0.06470747802341034,0.002780594225711348,0.04746503844667635,0.9988735350626277,0.061565993271762307,0.9981048142362305,0.02412724087986665,0.9997089381237625
72,3,sbj_P_03,Angry_face_1,/mnt/HDD/AliWorks/I-DARE/raw_downloads/EEG/sbj_P_03.mat,292147.0,0.04496261184761926,0.0011272162096591517,0.04603885998949555,0.9989402116854338,0.046516180934249834,0.9989181224556463,0.035322629781072916,0.999376155912675
73,3,sbj_P_03,Dog_26,/mnt/HDD/AliWorks/I-DARE/raw_downloads/EEG/sbj_P_03.mat,302306.0,0.04386658695719384,0.0013339278266289412,0.03968632233494342,0.9992124979097633,0.028369317535224255,0.9995975909112927,0.03461998078552284,0.9994007284652047
74,3,sbj_P_03,8370,/mnt/HDD/AliWorks/I-DARE/raw_downloads/EEG/sbj_P_03.mat,311428.0,0.004558576383552826,0.00020384445188914,0.020793760286910365,0.9997838097665656,0.009277512438833416,0.9999569638814737,0.019899791986902657,0.9998019991394389
75,3,sbj_P_03,Dog_6,/mnt/HDD/AliWorks/I-DARE/raw_downloads/EEG/sbj_P_03.mat,320053.0,0.06400349276952173,0.001754282061471668,0.039313808135052405,0.9992272122449599,0.051044625065436666,0.998697223125964,0.023327200799225768,0.9997279208514361
76,3,sbj_P_03,9220,/mnt/HDD/AliWorks/I-DARE/raw_downloads/EEG/sbj_P_03.mat,328709.0,0.06074785790116157,0.00153907624754333,0.03875236167306567,0.9992491272323804,0.046929949465963156,0.9988987899215618,0.025252849402521867,0.9996811467985268
77,3,sbj_P_03,Lake_12,/mnt/HDD/AliWorks/I-DARE/raw_downloads/EEG/sbj_P_03.mat,337460.0,0.09844720233127094,0.002875308059683122,0.05070507217693399,0.9987144978277658,0.05890768653591828,0.9982649422334929,0.034404677133352254,0.9994081590956752
78,3,sbj_P_03,2314,/mnt/HDD/AliWorks/I-DARE/raw_downloads/EEG/sbj_P_03.mat,346142.0,0.06732554860979927,0.0025253855159067607,0.04243967926145187,0.9990994368120932,0.053297300682833317,0.9985796988699626,0.021974802709655714,0.999758554022936
79,3,sbj_P_03,1750,/mnt/HDD/AliWorks/I-DARE/raw_downloads/EEG/sbj_P_03.mat,355095.0,0.0982159794474209,0.002385304651058284,0.045330150679447165,0.9989725887196891,0.05663780190783337,0.9983960796975241,0.027219809362820185,0.9996295409891258
80,3,sbj_P_03,8492,/mnt/HDD/AliWorks/I-DARE/raw_downloads/EEG/sbj_P_03.mat,365298.0,0.10003192470131486,0.0026607025674942717,0.04512118364745728,0.998982039393126,0.05663434937282103,0.9983962752355595,0.02624922251566058,0.9996554891586614
81,3,sbj_P_03,1441,/mnt/HDD/AliWorks/I-DARE/raw_downloads/EEG/sbj_P_03.mat,374634.0,0.08540715199947836,0.003054561813776585,0.04793309306610751,0.9988512092945577,0.059161082982966726,0.9982499831301412,0.029340783519990934,0.9995695592112165
82,3,sbj_P_03,Flowers_6,/mnt/HDD/AliWorks/I-DARE/raw_downloads/EEG/sbj_P_03.mat,383606.0,0.007639337262388768,0.00024555555295211444,0.01210654241757973,0.9999267158153455,0.01421604881989243,0.9998989519779748,0.008024642201080755,0.9999678025587719
83,3,sbj_P_03,Yarn_1,/mnt/HDD/AliWorks/I-DARE/raw_downloads/EEG/sbj_P_03.mat,391162.0,0.006708173266291148,0.00018176159956011297,0.013049774055530346,0.9999148516985501,0.013216501669322079,0.9999126620418125,0.009874627478004619,0.9999512458660856
84,3,sbj_P_03,9331,/mnt/HDD/AliWorks/I-DARE/raw_downloads/EEG/sbj_P_03.mat,399320.0,0.003968407461204404,0.00010727716404639493,0.008010552671091254,0.9999679155229523,0.009169581362162903,0.9999579593888211,0.00545900417788307,0.9999850996366929
85,3,sbj_P_03,Beach_1,/mnt/HDD/AliWorks/I-DARE/raw_downloads/EEG/sbj_P_03.mat,409620.0,0.005890149967142263,0.00016842780404072855,0.040780336806959694,0.9991684820649553,0.014891279494750916,0.9998891248975047,0.03940860557043515,0.9992234809034967
86,3,sbj_P_03,2491,/mnt/HDD/AliWorks/I-DARE/raw_downloads/EEG/sbj_P_03.mat,418566.0,0.009871574024380401,0.00037578493626277254,0.015578774076913741,0.9998786508991307,0.018599432139968508,0.9998270305620358,0.009189117717507522,0.9999577800577869
87,3,sbj_P_03,9360,/mnt/HDD/AliWorks/I-DARE/raw_downloads/EEG/sbj_P_03.mat,427471.0,0.003988305328272752,0.00013137983331444126,0.012672526352290813,0.9999197035379247,0.015068811347320913,0.9998864654622892,0.007603258475488612,0.9999710952302768
88,3,sbj_P_03,Lake_3,/mnt/HDD/AliWorks/I-DARE/raw_downloads/EEG/sbj_P_03.mat,434477.0,0.007202020540708723,0.00013783445034519262,0.014909736932732036,0.9998888498722985,0.014340343955194219,0.9998971772676231,0.012130004813155272,0.9999264314916165
89,3,sbj_P_03,3170,/mnt/HDD/AliWorks/I-DARE/raw_downloads/EEG/sbj_P_03.mat,441798.0,0.040301193271516135,0.001259265266503747,0.03773515321490401,0.9992880291059234,0.03694978880872548,0.9993173565534956,0.026391561246490967,0.9996517427474867
90,3,sbj_P_03,8080,/mnt/HDD/AliWorks/I-DARE/raw_downloads/EEG/sbj_P_03.mat,449368.0,0.007954033975243819,0.0002333858032134554,0.012966507064606404,0.9999159348472721,0.017330195076997103,0.9998498321692962,0.007364977246252885,0.9999728785550813
91,3,sbj_P_03,Snow_1,/mnt/HDD/AliWorks/I-DARE/raw_downloads/EEG/sbj_P_03.mat,458404.0,0.023011286256878774,0.0005885647979201646,0.029952867321550183,0.9995514128696089,0.024201102268731383,0.999707153324489,0.025256292358177408,0.9996810598481588
92,3,sbj_P_03,4220,/mnt/HDD/AliWorks/I-DARE/raw_downloads/EEG/sbj_P_03.mat,467481.0,0.014186472581921955,0.0004188666041887876,0.015296237135476178,0.9998830125647479,0.017263229518121,0.999850990453302,0.010153469832027265,0.9999484535251849
93,3,sbj_P_03,5760,/mnt/HDD/AliWorks/I-DARE/raw_downloads/EEG/sbj_P_03.mat,478720.0,0.08726174757451696,0.0030065336523304757,0.02600881734785211,0.9996617707100828,0.03172834592792093,0.9994966560323393,0.015970961690167883,0.9998724641913452
94,3,sbj_P_03,3063,/mnt/HDD/AliWorks/I-DARE/raw_downloads/EEG/sbj_P_03.mat,487664.0,0.06508459023928205,0.002208838959378926,0.042179908554627256,0.9991104276571614,0.052423670647851306,0.9986258793779025,0.02446904395590222,0.9997006329439424
95,3,sbj_P_03,3080,/mnt/HDD/AliWorks/I-DARE/raw_downloads/EEG/sbj_P_03.mat,495832.0,0.06063101358527517,0.002550107865760231,0.043501377886963025,0.9990538150609678,0.05056503436394281,0.9987215886498862,0.026431774146410156,0.9996506806577365
96,5,sbj_P_05,Dummy_1,/mnt/HDD/AliWorks/I-DARE/raw_downloads/EEG/sbj_P_05.mat,187037.0,0.0030557911115546964,6.663929437625464e-05,0.01373024336084683,0.9999057402086259,0.008339323315549693,0.9999652278433204,0.012676776090758598,0.9999196496739723
97,5,sbj_P_05,3053,/mnt/HDD/AliWorks/I-DARE/raw_downloads/EEG/sbj_P_05.mat,198139.0,0.003096491929162376,6.78287215708986e-05,0.011942020298811926,0.999928694075591,0.009075794836606756,0.9999588149740424,0.010247580954942328,0.9999474935422864
98,5,sbj_P_05,Tumor_1,/mnt/HDD/AliWorks/I-DARE/raw_downloads/EEG/sbj_P_05.mat,209010.0,0.0028267631712875266,7.956494168025595e-05,0.018732921045662376,0.9998245388345485,0.009110507261043656,0.999958499328723,0.017333349819070892,0.9998497774920247
99,5,sbj_P_05,Dog_18,/mnt/HDD/AliWorks/I-DARE/raw_downloads/EEG/sbj_P_05.mat,218857.0,0.0027141325786464257,5.844741986566334e-05,0.01713260488412992,0.9998532369249423,0.00880999838742109,0.9999611919642069,0.016079888591022926,0.9998707185914505
100,5,sbj_P_05,Miserable_pose_3,/mnt/HDD/AliWorks/I-DARE/raw_downloads/EEG/sbj_P_05.mat,229396.0,0.003497163217558779,7.932301761525909e-05,0.014850862999683998,0.9998897259340825,0.009188531727589417,0.9999577854423459,0.013683161862288976,0.9999063855407254
101,5,sbj_P_05,Pinecone_1,/mnt/HDD/AliWorks/I-DARE/raw_downloads/EEG/sbj_P_05.mat,238919.0,0.0037086196944183486,7.303560623968704e-05,0.016310136766515586,0.9998669897193285,0.009321963441249165,0.9999565504988001,0.015404348916284463,0.9998813530172329
102,5,sbj_P_05,Garbage_dump_6,/mnt/HDD/AliWorks/I-DARE/raw_downloads/EEG/sbj_P_05.mat,248427.0,0.002729645492786339,6.403188286491216e-05,0.010858797025972283,0.9999410432635747,0.008746340687952457,0.9999617507622846,0.00922253892146062,0.9999574723879208
103,5,sbj_P_05,Depressed_pose_4,/mnt/HDD/AliWorks/I-DARE/raw_downloads/EEG/sbj_P_05.mat,256540.0,0.004445233473423758,0.0001020213171426752,0.018252913840514366,0.9998334155681654,0.010601163845857901,0.9999438076625571,0.016836634585236272,0.9998582638679216
104,5,sbj_P_05,Angry_face_1,/mnt/HDD/AliWorks/I-DARE/raw_downloads/EEG/sbj_P_05.mat,264204.0,0.003192419636287989,6.95802797040842e-05,0.02139615598995178,0.9997711022544269,0.009784923532359178,0.9999521276357335,0.02042160507178043,0.9997914790231464
105,5,sbj_P_05,Dog_26,/mnt/HDD/AliWorks/I-DARE/raw_downloads/EEG/sbj_P_05.mat,272642.0,0.0037205978243295326,7.1977114377312e-05,0.012991543006106776,0.9999156099051603,0.008887964261868364,0.9999605020456399,0.011601262447541082,0.9999327053548116
106,5,sbj_P_05,8370,/mnt/HDD/AliWorks/I-DARE/raw_downloads/EEG/sbj_P_05.mat,282677.0,0.003492187323333991,7.724043855762092e-05,0.01926109662248267,0.9998145050784502,0.009447257376702668,0.9999553746640296,0.018114033532852184,0.9998359408945853
107,5,sbj_P_05,Dog_6,/mnt/HDD/AliWorks/I-DARE/raw_downloads/EEG/sbj_P_05.mat,291363.0,0.003039945521066741,6.733666915968405e-05,0.02034079800242505,0.9997931259683128,0.009171115249841403,0.999957945322537,0.01956297526801964,0.9998086449993313
108,5,sbj_P_05,9220,/mnt/HDD/AliWorks/I-DARE/raw_downloads/EEG/sbj_P_05.mat,300737.0,0.0045635064533862315,0.00017394534993595486,0.030135029083734048,0.9995459400110611,0.01727744408295053,0.9998507449629808,0.027285944200270532,0.9996277386245506
109,5,sbj_P_05,Lake_12,/mnt/HDD/AliWorks/I-DARE/raw_downloads/EEG/sbj_P_05.mat,308983.0,0.00302932738186964,5.9375334000354866e-05,0.01633024920358508,0.9998666614804743,0.008532421002755343,0.999963598895916,0.015425993045470616,0.9998810193692813
110,5,sbj_P_05,2314,/mnt/HDD/AliWorks/I-DARE/raw_downloads/EEG/sbj_P_05.mat,317218.0,0.004666488283462099,0.00014092899231432318,0.015517852486889845,0.9998795981270971,0.011565580154653175,0.9999331186778426,0.013352610214374238,0.999910853900231
111,5,sbj_P_05,1750,/mnt/HDD/AliWorks/I-DARE/raw_downloads/EEG/sbj_P_05.mat,326033.0,0.004540248336993648,0.00012246342384582485,0.011891529180348269,0.9999292957668766,0.012352382378190628,0.9999237093247912,0.008631822541947514,0.9999627458198017
112,5,sbj_P_05,8492,/mnt/HDD/AliWorks/I-DARE/raw_downloads/EEG/sbj_P_05.mat,335010.0,0.002857043478978326,7.193619440016874e-05,0.009980263037211763,0.9999501971748538,0.008446215045323155,0.9999643307257039,0.007875880939146866,0.9999689852497157
113,5,sbj_P_05,1441,/mnt/HDD/AliWorks/I-DARE/raw_downloads/EEG/sbj_P_05.mat,344681.0,0.002190818582562681,4.784157228921943e-05,0.008285243528179125,0.9999656773698404,0.006682426640121524,0.9999776725871004,0.006943066539233051,0.9999758969135156
114,5,sbj_P_05,Flowers_6,/mnt/HDD/AliWorks/I-DARE/raw_downloads/EEG/sbj_P_05.mat,352967.0,0.0031073229676561237,6.01411299030083e-05,0.014064934195606725,0.9999010888130366,0.007845774884623994,0.9999692219082298,0.013096305040514912,0.9999142433971433
115,5,sbj_P_05,Yarn_1,/mnt/HDD/AliWorks/I-DARE/raw_downloads/EEG/sbj_P_05.mat,360694.0,0.004407221335438828,0.00012912940541497307,0.02004564197817774,0.9997990861188416,0.011346810147528783,0.9999356249497375,0.01848584337228192,0.9998291367974078
116,5,sbj_P_05,9331,/mnt/HDD/AliWorks/I-DARE/raw_downloads/EEG/sbj_P_05.mat,369689.0,0.0035295490999890933,7.281038892239772e-05,0.026104716417422943,0.9996592718903827,0.009426435803029059,0.9999555711540259,0.0253152903141656,0.9996795680381548
117,5,sbj_P_05,Beach_1,/mnt/HDD/AliWorks/I-DARE/raw_downloads/EEG/sbj_P_05.mat,378053.0,0.003177918045986246,8.752046989440212e-05,0.016020742648453674,0.9998716679024964,0.009597887207793905,0.9999539402805732,0.01464109118692071,0.9998928192244282
118,5,sbj_P_05,2491,/mnt/HDD/AliWorks/I-DARE/raw_downloads/EEG/sbj_P_05.mat,386697.0,0.00368355753007584,8.55986173507743e-05,0.012297139562033871,0.9999243901792961,0.008391155709708715,0.9999647942529278,0.010948037709927498,0.999940070235151
119,5,sbj_P_05,9360,/mnt/HDD/AliWorks/I-DARE/raw_downloads/EEG/sbj_P_05.mat,394301.0,0.0028588462800771025,6.842845528928917e-05,0.014674266905625647,0.9998923329453917,0.007982366657940889,0.9999681409112694,0.013629316755431895,0.9999071208623898
120,5,sbj_P_05,Lake_3,/mnt/HDD/AliWorks/I-DARE/raw_downloads/EEG/sbj_P_05.mat,402186.0,0.0038581056885969287,0.00014465150657826556,0.029780712599642448,0.9995565545785287,0.014056251261737403,0.9999012109002332,0.02821503343598129,0.9996019559441027
121,5,sbj_P_05,3170,/mnt/HDD/AliWorks/I-DARE/raw_downloads/EEG/sbj_P_05.mat,411501.0,0.00404357135772368,0.0001094418236352126,0.017136532512993578,0.9998531696267157,0.009807797604517951,0.9999519035530751,0.015896769582897815,0.9998736463584144
122,5,sbj_P_05,8080,/mnt/HDD/AliWorks/I-DARE/raw_downloads/EEG/sbj_P_05.mat,419207.0,0.004723593914959906,0.00012955654349116976,0.023871281100999706,0.9997150809692981,0.011650228695324807,0.9999321360856733,0.02242952521326384,0.9997484581993535
123,5,sbj_P_05,Snow_1,/mnt/HDD/AliWorks/I-DARE/raw_downloads/EEG/sbj_P_05.mat,429236.0,0.004276490664525613,0.000110186440409978,0.02932627668789216,0.9995699847478123,0.009997205175713713,0.9999500279443371,0.02853278712272437,0.999592940029504
124,5,sbj_P_05,4220,/mnt/HDD/AliWorks/I-DARE/raw_downloads/EEG/sbj_P_05.mat,437567.0,0.003778920726585314,0.00014433314715744575,0.027502646330186106,0.9996218022224188,0.010983626102480024,0.9999396799788203,0.026416598330046975,0.999651081666334
125,5,sbj_P_05,5760,/mnt/HDD/AliWorks/I-DARE/raw_downloads/EEG/sbj_P_05.mat,447555.0,0.004430292774836827,0.00018842017738482966,0.02070987005895505,0.9997855506410709,0.013970234400452834,0.9999024162753984,0.01838299057931694,0.9998310328286806
126,5,sbj_P_05,3063,/mnt/HDD/AliWorks/I-DARE/raw_downloads/EEG/sbj_P_05.mat,455418.0,0.004608889052224529,0.00014967463413871808,0.010581381722257697,0.9999440171804237,0.011190214241205632,0.9999373895526187,0.007352396396743292,0.9999729711336128
127,5,sbj_P_05,3080,/mnt/HDD/AliWorks/I-DARE/raw_downloads/EEG/sbj_P_05.mat,462692.0,0.003519632630779716,8.686673906704047e-05,0.03090085148356481,0.9995225686887949,0.009573056685075954,0.9999541782928516,0.030156597188708778,0.9995452898229986
128,6,sbj_P_06,Dummy_1,/mnt/HDD/AliWorks/I-DARE/raw_downloads/EEG/sbj_P_06.mat,179775.0,0.005570506437041694,0.0001635472968432324,0.019303017005116774,0.9998136967672496,0.011145522170129454,0.9999378886677772,0.01758159079464539,0.9998454438325644
129,6,sbj_P_06,3053,/mnt/HDD/AliWorks/I-DARE/raw_downloads/EEG/sbj_P_06.mat,193336.0,0.005142562796648803,0.00022650065853854976,0.017607403789710187,0.9998449896658922,0.013005364884170718,0.9999154302421147,0.014842755343553251,0.9998898463069054
130,6,sbj_P_06,Tumor_1,/mnt/HDD/AliWorks/I-DARE/raw_downloads/EEG/sbj_P_06.mat,206051.0,0.0069016307790125955,0.000306523991867512,0.028621590236562564,0.9995904022861656,0.0159540259933673,0.9998727345273013,0.02649029415931766,0.9996491321576771
131,6,sbj_P_06,Dog_18,/mnt/HDD/AliWorks/I-DARE/raw_downloads/EEG/sbj_P_06.mat,217995.0,0.013806256868924132,0.0008050923280062317,0.025045518527854423,0.999686361000836,0.022792213552176588,0.9997402575006962,0.018075729229732156,0.9998366340064064
132,6,sbj_P_06,Miserable_pose_3,/mnt/HDD/AliWorks/I-DARE/raw_downloads/EEG/sbj_P_06.mat,226505.0,0.006077071277180878,0.0002776724231997224,0.0188549411422908,0.9998222455972603,0.016712755756693152,0.9998603418975084,0.014379469112629285,0.9998966154340194
133,6,sbj_P_06,Pinecone_1,/mnt/HDD/AliWorks/I-DARE/raw_downloads/EEG/sbj_P_06.mat,236981.0,0.007288056728530985,0.0003129947852408374,0.021371185057356308,0.9997716362246226,0.016843239741908426,0.9998581526374982,0.01767261419024029,0.9998438393538417
134,6,sbj_P_06,Garbage_dump_6,/mnt/HDD/AliWorks/I-DARE/raw_downloads/EEG/sbj_P_06.mat,248980.0,0.008246605882256055,0.00032501765378791474,0.039795633964156654,0.9992081537586955,0.017705405899096166,0.9998432593009743,0.037750352961993236,0.9992874554256223
135,6,sbj_P_06,Depressed_pose_4,/mnt/HDD/AliWorks/I-DARE/raw_downloads/EEG/sbj_P_06.mat,256659.0,0.006729748193373722,0.000271283840165997,0.027112126783185194,0.9996324662906465,0.015511176136401805,0.9998797017074327,0.024687750114933495,0.9996952574971312
136,6,sbj_P_06,Angry_face_1,/mnt/HDD/AliWorks/I-DARE/raw_downloads/EEG/sbj_P_06.mat,267818.0,0.005504727151265452,0.00025326496039562377,0.01955931469078302,0.9998087166044131,0.0154235460221867,0.9998810571140506,0.016278207371752784,0.9998675099823805
137,6,sbj_P_06,Dog_26,/mnt/HDD/AliWorks/I-DARE/raw_downloads/EEG/sbj_P_06.mat,283669.0,0.004192605247434541,0.0001481095408935382,0.014017902216065121,0.9999017492087304,0.011717968145320626,0.9999313446112732,0.011535296305638279,0.9999334684695707
138,6,sbj_P_06,8370,/mnt/HDD/AliWorks/I-DARE/raw_downloads/EEG/sbj_P_06.mat,298227.0,0.008375070323428475,0.0003095613851231323,0.01987283175145925,0.9998025352790899,0.015726382165871945,0.9998763404519864,0.016186592674104425,0.999868997108801
139,6,sbj_P_06,Dog_6,/mnt/HDD/AliWorks/I-DARE/raw_downloads/EEG/sbj_P_06.mat,306247.0,0.028002417417022557,0.0015895052309082675,0.037469074962442755,0.9992980342107294,0.03659507458091068,0.999330400258209,0.024497669958917914,0.9996999320832921
140,6,sbj_P_06,9220,/mnt/HDD/AliWorks/I-DARE/raw_downloads/EEG/sbj_P_06.mat,324263.0,0.002574902049505888,8.114738170127316e-05,0.017157049419433103,0.9998528178276095,0.009791231861907331,0.999952065889313,0.015718980191381002,0.9998764568308715
141,6,sbj_P_06,Lake_12,/mnt/HDD/AliWorks/I-DARE/raw_downloads/EEG/sbj_P_06.mat,333846.0,0.00476425349155248,0.00014315395964846077,0.021215122405335025,0.9997749592906641,0.011590092163785388,0.9999328348818175,0.019603233893809364,0.9998078566104525
142,6,sbj_P_06,2314,/mnt/HDD/AliWorks/I-DARE/raw_downloads/EEG/sbj_P_06.mat,342971.0,0.0036531323008350066,0.0001060844767721813,0.027774353991695696,0.999614292630172,0.011304744145176286,0.999936101379907,0.026821708758694073,0.999640297969632
143,6,sbj_P_06,1750,/mnt/HDD/AliWorks/I-DARE/raw_downloads/EEG/sbj_P_06.mat,351242.0,0.01736359610924047,0.0010609900384167907,0.04802882986897979,0.998846615750708,0.04941807242957417,0.9987789270586725,0.028061000012831554,0.9996062901391393
144,6,sbj_P_06,8492,/mnt/HDD/AliWorks/I-DARE/raw_downloads/EEG/sbj_P_06.mat,362960.0,0.007621270448897493,0.0003183065700371017,0.02150837247439977,0.999768694956751,0.01724253510421453,0.9998513474915897,0.017581133023669617,0.9998454518808022
145,6,sbj_P_06,1441,/mnt/HDD/AliWorks/I-DARE/raw_downloads/EEG/sbj_P_06.mat,372062.0,0.008834471182795164,0.0004459364064662207,0.02562226212968074,0.9996717498416788,0.019348027858694827,0.9998128269089893,0.021309043335283998,0.9997729623360672
146,6,sbj_P_06,Flowers_6,/mnt/HDD/AliWorks/I-DARE/raw_downloads/EEG/sbj_P_06.mat,380176.0,0.007282549692836971,0.0003436234177689611,0.026470023335731903,0.999649668932303,0.019096756527354417,0.9998176569450674,0.022738910703358442,0.9997414709700125
147,6,sbj_P_06,Yarn_1,/mnt/HDD/AliWorks/I-DARE/raw_downloads/EEG/sbj_P_06.mat,387898.0,0.005571767123705994,0.00028271682394797394,0.021616630124517082,0.9997663606510301,0.018033513688887327,0.9998373961920166,0.01708575499646849,0.9998540384881007
148,6,sbj_P_06,9331,/mnt/HDD/AliWorks/I-DARE/raw_downloads/EEG/sbj_P_06.mat,395474.0,0.010623731022217473,0.0006545570334147044,0.028555148937850782,0.9995923017345688,0.022915459382306057,0.9997374408606485,0.023228663754948677,0.9997302145900802
149,6,sbj_P_06,Beach_1,/mnt/HDD/AliWorks/I-DARE/raw_downloads/EEG/sbj_P_06.mat,407434.0,0.007781360490029578,0.00038355327669940104,0.02211525366681028,0.9997554577776261,0.02026161543307404,0.9997947334700209,0.016453611194627984,0.9998646393393278
150,6,sbj_P_06,2491,/mnt/HDD/AliWorks/I-DARE/raw_downloads/EEG/sbj_P_06.mat,417330.0,0.005612677329713344,0.0002880444293704147,0.022237194906999814,0.9997527535813333,0.016544691888929965,0.9998631365851507,0.019038119067570105,0.9998187750111848
151,6,sbj_P_06,9360,/mnt/HDD/AliWorks/I-DARE/raw_downloads/EEG/sbj_P_06.mat,427031.0,0.005228469782258593,0.00026390764766503686,0.02432224686190352,0.9997042141537946,0.013956633277404094,0.9999026061937801,0.022023681360272607,0.9997574787296706
152,6,sbj_P_06,Lake_3,/mnt/HDD/AliWorks/I-DARE/raw_downloads/EEG/sbj_P_06.mat,439114.0,0.005620589243827642,0.00022656675372054001,0.019633259367801848,0.9998072675632985,0.013565951153415724,0.9999079824846518,0.017303714688205647,0.9998502907289947
153,6,sbj_P_06,3170,/mnt/HDD/AliWorks/I-DARE/raw_downloads/EEG/sbj_P_06.mat,449443.0,0.03785704841103689,0.002720182721680022,0.039127609787155716,0.9992345150761719,0.04517251502485589,0.998979721943165,0.01956137060539888,0.9998086763900194
154,6,sbj_P_06,8080,/mnt/HDD/AliWorks/I-DARE/raw_downloads/EEG/sbj_P_06.mat,459831.0,0.010415208683834335,0.000555014042869677,0.0307513008390714,0.999527178748353,0.02228143006991966,0.9997517689370193,0.025819449386316622,0.9996666780166934
155,6,sbj_P_06,Snow_1,/mnt/HDD/AliWorks/I-DARE/raw_downloads/EEG/sbj_P_06.mat,468096.0,0.04139954155192375,0.002719203062086758,0.04115540505988026,0.9991531163171785,0.041216953823731146,0.9991505813587452,0.029848021740346703,0.9995545477990935
156,6,sbj_P_06,4220,/mnt/HDD/AliWorks/I-DARE/raw_downloads/EEG/sbj_P_06.mat,477911.0,0.010303881945844234,0.000696029757417877,0.02752917292373714,0.9996210723190674,0.024716799530850302,0.999694539910476,0.0203701303413137,0.9997925288949385
157,6,sbj_P_06,5760,/mnt/HDD/AliWorks/I-DARE/raw_downloads/EEG/sbj_P_06.mat,485840.0,0.005488798774371662,0.0002522936886440043,0.024422547752061527,0.9997017695806498,0.0158679098054968,0.9998741047192019,0.02153317518711724,0.9997681611831811
158,6,sbj_P_06,3063,/mnt/HDD/AliWorks/I-DARE/raw_downloads/EEG/sbj_P_06.mat,494764.0,0.018032162253270832,0.0018542500492886224,0.03746530038157836,0.9992981756336599,0.03619641167666212,0.9993449098908669,0.023046752645108776,0.9997344235962575
159,6,sbj_P_06,3080,/mnt/HDD/AliWorks/I-DARE/raw_downloads/EEG/sbj_P_06.mat,505436.0,0.034362286517140954,0.002294459792593508,0.03651415561701801,0.9993333582197879,0.037790472750928825,0.9992859400846298,0.023347601523538902,0.9997274447515487
160,7,sbj_P_07,Dummy_1,/mnt/HDD/AliWorks/I-DARE/raw_downloads/EEG/sbj_P_07.mat,175683.0,0.01911729853384626,0.001100486065545557,0.03310896799952039,0.9994518981190037,0.03346742940359163,0.999439965584558,0.02217151247700593,0.9997542120172417
161,7,sbj_P_07,3053,/mnt/HDD/AliWorks/I-DARE/raw_downloads/EEG/sbj_P_07.mat,212790.0,0.01399396831732321,0.0005995719531648409,0.02563295139396427,0.9996714759014174,0.022513115117471567,0.9997465798238537,0.02008811339286891,0.9997982338501572
162,7,sbj_P_07,Tumor_1,/mnt/HDD/AliWorks/I-DARE/raw_downloads/EEG/sbj_P_07.mat,221751.0,0.015647625651054015,0.0006223893751913698,0.022416927018735495,0.9997487406915189,0.02766141677675947,0.9996174230109519,0.012526325931670182,0.9999215455793267
163,7,sbj_P_07,Dog_18,/mnt/HDD/AliWorks/I-DARE/raw_downloads/EEG/sbj_P_07.mat,230725.0,0.014073116661954897,0.0005485671300216493,0.026279223724753928,0.9996547012002123,0.023584149302807764,0.9997218939508314,0.02012086278385744,0.9997975754404164
164,7,sbj_P_07,Miserable_pose_3,/mnt/HDD/AliWorks/I-DARE/raw_downloads/EEG/sbj_P_07.mat,241487.0,0.018221079524316036,0.0008511711545627892,0.028147267063888,0.9996038656784167,0.030427654552933604,0.9995370789192034,0.01869993660820616,0.9998251561854244
165,7,sbj_P_07,Pinecone_1,/mnt/HDD/AliWorks/I-DARE/raw_downloads/EEG/sbj_P_07.mat,249767.0,0.016852961778865406,0.0006961187035881433,0.02840206488322869,0.9995966613551848,0.027765133407001368,0.9996145486834455,0.020816936503805544,0.9997833275772989
166,7,sbj_P_07,Garbage_dump_6,/mnt/HDD/AliWorks/I-DARE/raw_downloads/EEG/sbj_P_07.mat,257701.0,0.012445159341594845,0.0005078094142454781,0.02638838874598181,0.9996518264696956,0.02339181921267167,0.9997264113969611,0.020713624082410696,0.9997854728886864
167,7,sbj_P_07,Depressed_pose_4,/mnt/HDD/AliWorks/I-DARE/raw_downloads/EEG/sbj_P_07.mat,266467.0,0.01572082046600804,0.000582112901016378,0.02361716582807338,0.9997211147391247,0.02435428091174184,0.9997034345006355,0.01638965665621749,0.9998656895773456
168,7,sbj_P_07,Angry_face_1,/mnt/HDD/AliWorks/I-DARE/raw_downloads/EEG/sbj_P_07.mat,274271.0,0.015675335162461577,0.0006123024243949045,0.03622454098347758,0.9993438913152679,0.024754755670834957,0.9996936010358389,0.03219124171027045,0.9994818619785757
169,7,sbj_P_07,Dog_26,/mnt/HDD/AliWorks/I-DARE/raw_downloads/EEG/sbj_P_07.mat,282087.0,0.022683464190964987,0.0010166811365371433,0.035063291327142115,0.9993852828006536,0.03285155381805281,0.9994603877058696,0.026489099775172234,0.9996491637965508
170,7,sbj_P_07,8370,/mnt/HDD/AliWorks/I-DARE/raw_downloads/EEG/sbj_P_07.mat,290157.0,0.016111467070415372,0.0006010271484876236,0.0268577717968451,0.9996393300470537,0.025136863217328977,0.9996840690537964,0.0211356079300045,0.9997766430387144
171,7,sbj_P_07,Dog_6,/mnt/HDD/AliWorks/I-DARE/raw_downloads/EEG/sbj_P_07.mat,297562.0,0.023657932169064658,0.0010976426039796545,0.030473665874245128,0.9995356778440928,0.033841653622652436,0.9994273712400423,0.01986404591100525,0.9998027098400231
172,7,sbj_P_07,9220,/mnt/HDD/AliWorks/I-DARE/raw_downloads/EEG/sbj_P_07.mat,305719.0,0.018354351646015166,0.0007703697129413609,0.02158985937785541,0.9997669389860226,0.023380745630864886,0.9997266703668728,0.014620721002296432,0.9998931172586872
173,7,sbj_P_07,Lake_12,/mnt/HDD/AliWorks/I-DARE/raw_downloads/EEG/sbj_P_07.mat,314052.0,0.013952413054131266,0.00045139909688788346,0.027645115724983228,0.9996178737882767,0.024328896474849978,0.999704052398158,0.02246847688909975,0.9997475837731415
174,7,sbj_P_07,2314,/mnt/HDD/AliWorks/I-DARE/raw_downloads/EEG/sbj_P_07.mat,321573.0,0.017266846236980275,0.0006123686601087658,0.026182727514825678,0.9996572323899429,0.024449459503856973,0.9997011119649843,0.020013960781145465,0.9997997206869246
175,7,sbj_P_07,1750,/mnt/HDD/AliWorks/I-DARE/raw_downloads/EEG/sbj_P_07.mat,340697.0,0.011477417369639378,0.00040006389219961566,0.03606141697748137,0.9993497871027882,0.021442457697690036,0.9997701105039413,0.03310257098053257,0.9994521098972396
176,7,sbj_P_07,8492,/mnt/HDD/AliWorks/I-DARE/raw_downloads/EEG/sbj_P_07.mat,349704.0,0.009516138304779466,0.0003160855793457546,0.01595719641419862,0.9998726839412994,0.016726032707812498,0.9998601199149285,0.01164915061566451,0.999932148644967
177,7,sbj_P_07,1441,/mnt/HDD/AliWorks/I-DARE/raw_downloads/EEG/sbj_P_07.mat,356987.0,0.014843785495241124,0.0005978025002587549,0.02441844651159956,0.9997018697349804,0.02537009288714297,0.9996781791934486,0.017067553329717832,0.9998543493116688
178,7,sbj_P_07,Flowers_6,/mnt/HDD/AliWorks/I-DARE/raw_downloads/EEG/sbj_P_07.mat,365972.0,0.011852378914712837,0.00036898000624099143,0.019959538268959864,0.9998008084160448,0.021272332042277686,0.9997737439447419,0.014400679924043373,0.9998963102088625
179,7,sbj_P_07,Yarn_1,/mnt/HDD/AliWorks/I-DARE/raw_downloads/EEG/sbj_P_07.mat,373330.0,0.00937572502945521,0.00027053487547524054,0.024387522604365115,0.9997026243706109,0.01727449211300555,0.999850795961119,0.021811164811123794,0.999762136544791
180,7,sbj_P_07,9331,/mnt/HDD/AliWorks/I-DARE/raw_downloads/EEG/sbj_P_07.mat,381033.0,0.0104479950368878,0.00036798726815454486,0.020730587194195724,0.9997851213772921,0.019289481535710723,0.9998139579510417,0.01604972943436227,0.9998712030925417
181,7,sbj_P_07,Beach_1,/mnt/HDD/AliWorks/I-DARE/raw_downloads/EEG/sbj_P_07.mat,390107.0,0.007205515090113314,0.0002533252098874956,0.032048384018112316,0.9994864505409136,0.014865173992478695,0.9998895133010867,0.030482784401642884,0.9995353999275612
182,7,sbj_P_07,2491,/mnt/HDD/AliWorks/I-DARE/raw_downloads/EEG/sbj_P_07.mat,400551.0,0.011540772100313368,0.0003400935857637115,0.026953694656241804,0.9996367491721894,0.01958390158637549,0.9998082353993278,0.02361919833066315,0.9997210667351081
183,7,sbj_P_07,9360,/mnt/HDD/AliWorks/I-DARE/raw_downloads/EEG/sbj_P_07.mat,408211.0,0.011508975267675272,0.0004157189437766279,0.01999902824258621,0.9998000194346761,0.018981529274102574,0.9998198507732088,0.015292408831971633,0.9998830711160579
184,7,sbj_P_07,Lake_3,/mnt/HDD/AliWorks/I-DARE/raw_downloads/EEG/sbj_P_07.mat,419598.0,0.009849797035157048,0.00036907235374961523,0.019815492238822903,0.9998036731336665,0.018714297435455444,0.9998248875357486,0.015357290113817031,0.99988207682018
185,7,sbj_P_07,3170,/mnt/HDD/AliWorks/I-DARE/raw_downloads/EEG/sbj_P_07.mat,427078.0,0.01449267395118837,0.00044680636110171185,0.055441873963709955,0.998463099305696,0.022739352672568155,0.9997414609200166,0.05345742353130123,0.9985711519346973
186,7,sbj_P_07,8080,/mnt/HDD/AliWorks/I-DARE/raw_downloads/EEG/sbj_P_07.mat,434598.0,0.011127713465120734,0.0003559103835290005,0.02291344238437101,0.9997374870790489,0.02149220508152947,0.9997690425603664,0.01783999555227549,0.9998408672793475
187,7,sbj_P_07,Snow_1,/mnt/HDD/AliWorks/I-DARE/raw_downloads/EEG/sbj_P_07.mat,442310.0,0.01209261215741668,0.00035403250421494974,0.01811458173016802,0.9998359309643702,0.020471555362574972,0.9997904577105184,0.01208673157406341,0.999926955459929
188,7,sbj_P_07,4220,/mnt/HDD/AliWorks/I-DARE/raw_downloads/EEG/sbj_P_07.mat,451186.0,0.009054808303190918,0.000236007172206906,0.014995088172310664,0.9998875736653525,0.017201554062629427,0.9998520532689154,0.010242806090027574,0.999947542461701
189,7,sbj_P_07,5760,/mnt/HDD/AliWorks/I-DARE/raw_downloads/EEG/sbj_P_07.mat,458117.0,0.01590008502701089,0.000539815276647913,0.02828312859174418,0.9996000323185306,0.027375287614816664,0.9996252968140026,0.022107414905631624,0.9997556311030947
190,7,sbj_P_07,3063,/mnt/HDD/AliWorks/I-DARE/raw_downloads/EEG/sbj_P_07.mat,465639.0,0.008912004128239701,0.00027118976038857136,0.01574841792390729,0.9998759936664473,0.016401596828007608,0.9998654938107452,0.011303858087722683,0.9999361113961663
191,7,sbj_P_07,3080,/mnt/HDD/AliWorks/I-DARE/raw_downloads/EEG/sbj_P_07.mat,476038.0,0.01155430008067984,0.00037603177941052167,0.031433978877733804,0.9995059524859573,0.01744923109543926,0.9998477621670889,0.029214324169594776,0.9995732616316572
192,8,sbj_P_08,Dummy_1,/mnt/HDD/AliWorks/I-DARE/raw_downloads/EEG/sbj_P_08.mat,170374.0,0.011863985065816525,0.0003976956351914294,0.025612250033815405,0.9996720063241026,0.018430992815885346,0.9998301492519106,0.02202530249966891,0.9997574430248986
193,8,sbj_P_08,3053,/mnt/HDD/AliWorks/I-DARE/raw_downloads/EEG/sbj_P_08.mat,184296.0,0.007679242825523078,0.00022380828304121515,0.01686007008795704,0.9998578690183146,0.015420193645105986,0.9998811088139739,0.013491720891962782,0.9999089867336866
194,8,sbj_P_08,Tumor_1,/mnt/HDD/AliWorks/I-DARE/raw_downloads/EEG/sbj_P_08.mat,196218.0,0.009426067236899649,0.0002779783100495608,0.024225911636653386,0.9997065526026863,0.016673956630361794,0.999860989585145,0.02125657987774884,0.9997740789059504
195,8,sbj_P_08,Dog_18,/mnt/HDD/AliWorks/I-DARE/raw_downloads/EEG/sbj_P_08.mat,207563.0,0.008850664904813786,0.00026395404465691657,0.023672056519121718,0.9997198168700779,0.015007556375526827,0.9998873866258179,0.021053130932514454,0.9997783828389698
196,8,sbj_P_08,Miserable_pose_3,/mnt/HDD/AliWorks/I-DARE/raw_downloads/EEG/sbj_P_08.mat,217920.0,0.009442416001381487,0.00029532072999206404,0.021241294962800375,0.999774403694152,0.01692980762848232,0.9998566908068313,0.01803352148323281,0.9998373960514573
197,8,sbj_P_08,Pinecone_1,/mnt/HDD/AliWorks/I-DARE/raw_downloads/EEG/sbj_P_08.mat,227332.0,0.030720999139707453,0.0021278684430285333,0.03698966240754218,0.999315882437488,0.04254003040951406,0.9990951729063794,0.01925736614972495,0.9998145769244884
198,8,sbj_P_08,Garbage_dump_6,/mnt/HDD/AliWorks/I-DARE/raw_downloads/EEG/sbj_P_08.mat,236756.0,0.00793527653149043,0.00023459251358080472,0.018558383283850326,0.9998277932049447,0.014907786981007134,0.9998888789436648,0.01533647024630483,0.9998823963401926
199,8,sbj_P_08,Depressed_pose_4,/mnt/HDD/AliWorks/I-DARE/raw_downloads/EEG/sbj_P_08.mat,249880.0,0.008006154134116343,0.0002083390972725196,0.023230717934838184,0.9997301668721161,0.016175221992148374,0.9998691810967526,0.02066894280403376,0.999786397401682
200,8,sbj_P_08,Angry_face_1,/mnt/HDD/AliWorks/I-DARE/raw_downloads/EEG/sbj_P_08.mat,259039.0,0.005906206498365991,0.00018106901062602766,0.018264596621655856,0.9998332022551245,0.013545452273604085,0.9999082603613525,0.016048034878076822,0.9998712302882764
201,8,sbj_P_08,Dog_26,/mnt/HDD/AliWorks/I-DARE/raw_downloads/EEG/sbj_P_08.mat,268811.0,0.022514992047430366,0.0013452445643494866,0.02633722035346767,0.9996531754120266,0.026310853432042623,0.9996538694958381,0.017564688331267644,0.9998457408619131
202,8,sbj_P_08,8370,/mnt/HDD/AliWorks/I-DARE/raw_downloads/EEG/sbj_P_08.mat,278173.0,0.010964889112000803,0.00034529332682922556,0.022425389801516846,0.9997485509461246,0.01772082003193997,0.9998429862686978,0.018764482285022692,0.9998239471022873
203,8,sbj_P_08,Dog_6,/mnt/HDD/AliWorks/I-DARE/raw_downloads/EEG/sbj_P_08.mat,288030.0,0.011900079179137988,0.00040593082801193564,0.019754907847491177,0.9998048718079681,0.01803368967958545,0.9998373930182702,0.015362928919406762,0.9998819902075085
204,8,sbj_P_08,9220,/mnt/HDD/AliWorks/I-DARE/raw_downloads/EEG/sbj_P_08.mat,298728.0,0.009715526828836418,0.00029691298727368715,0.020983742313182587,0.9997798412792666,0.017629931181192406,0.9998445927632728,0.016926866736884465,0.9998567405912357
205,8,sbj_P_08,Lake_12,/mnt/HDD/AliWorks/I-DARE/raw_downloads/EEG/sbj_P_08.mat,306986.0,0.011802953604296345,0.0005308151302766086,0.021773834244907662,0.9997629500711377,0.01700984413242711,0.999855332601295,0.017670771495736853,0.9998438719173729
206,8,sbj_P_08,2314,/mnt/HDD/AliWorks/I-DARE/raw_downloads/EEG/sbj_P_08.mat,316104.0,0.06624871633737958,0.005630006370942301,0.05323724519598852,0.9985828978619707,0.06841228365303412,0.9976598797226881,0.02635621311621868,0.9996526750150867
207,8,sbj_P_08,1750,/mnt/HDD/AliWorks/I-DARE/raw_downloads/EEG/sbj_P_08.mat,324427.0,0.03510559036449509,0.0016706991977785755,0.04044951137837015,0.9991819185146253,0.04827769765463178,0.9988346319545834,0.02196123582788779,0.999758852060456
208,8,sbj_P_08,8492,/mnt/HDD/AliWorks/I-DARE/raw_downloads/EEG/sbj_P_08.mat,334675.0,0.031159233807239537,0.0015204825265824915,0.03733535848579133,0.9993030355033684,0.04390848799323786,0.9990360223410736,0.019790839491467233,0.9998041613361115
209,8,sbj_P_08,1441,/mnt/HDD/AliWorks/I-DARE/raw_downloads/EEG/sbj_P_08.mat,344334.0,0.009981112879447071,0.00033576737937886356,0.026218343203520886,0.9996562992398306,0.016678241807313473,0.9998609181251074,0.023451599058991995,0.9997250112507878
210,8,sbj_P_08,Flowers_6,/mnt/HDD/AliWorks/I-DARE/raw_downloads/EEG/sbj_P_08.mat,352161.0,0.01428567939200014,0.00044810129359413523,0.028053989041010776,0.9996064868494439,0.021813100189873612,0.9997620943300535,0.0240279116204145,0.9997113297315812
211,8,sbj_P_08,Yarn_1,/mnt/HDD/AliWorks/I-DARE/raw_downloads/EEG/sbj_P_08.mat,360942.0,0.01174726435803241,0.0003470128701867373,0.028302682833615478,0.9995994790722098,0.019157686254480458,0.9998164915286877,0.025197523857744833,0.9996825423957193
212,8,sbj_P_08,9331,/mnt/HDD/AliWorks/I-DARE/raw_downloads/EEG/sbj_P_08.mat,370680.0,0.010696938346490848,0.0003523160159615855,0.021752754622372014,0.9997634088331696,0.01895469131887741,0.9998203598385028,0.01765383588670989,0.9998441710392423
213,8,sbj_P_08,Beach_1,/mnt/HDD/AliWorks/I-DARE/raw_downloads/EEG/sbj_P_08.mat,379155.0,0.011688163113205155,0.0004999438291824033,0.024130004222126654,0.9997088714481198,0.022088317626157518,0.9997560531122233,0.018301439964774173,0.9998325286476081
214,8,sbj_P_08,2491,/mnt/HDD/AliWorks/I-DARE/raw_downloads/EEG/sbj_P_08.mat,387407.0,0.011509758790415157,0.0004063297420501302,0.04039854184067818,0.9991839789085732,0.018817102890015643,0.9998229583194129,0.03808305182161142,0.9992748405819761
215,8,sbj_P_08,9360,/mnt/HDD/AliWorks/I-DARE/raw_downloads/EEG/sbj_P_08.mat,398941.0,0.01346397179834953,0.000527980257982452,0.031043727766873162,0.9995181434831681,0.02085831888976978,0.9997824652665462,0.027390749751068373,0.9996248734140369
216,8,sbj_P_08,Lake_3,/mnt/HDD/AliWorks/I-DARE/raw_downloads/EEG/sbj_P_08.mat,412178.0,0.012285927140981305,0.0004310634755814732,0.022693349869637912,0.9997425059358472,0.019975370016042934,0.9998004922963619,0.01814812838410964,0.9998353227180776
217,8,sbj_P_08,3170,/mnt/HDD/AliWorks/I-DARE/raw_downloads/EEG/sbj_P_08.mat,419930.0,0.012693230086415005,0.0004731580954526686,0.02264902304088052,0.9997435108776469,0.02099879054197789,0.9997795253978875,0.017416761438154068,0.999848328210503
218,8,sbj_P_08,8080,/mnt/HDD/AliWorks/I-DARE/raw_downloads/EEG/sbj_P_08.mat,428056.0,0.010951108988644155,0.0004491955766943113,0.02688296254546547,0.9996386531623898,0.02044558080247875,0.9997909891128245,0.02202093054645,0.9997575393089339
219,8,sbj_P_08,Snow_1,/mnt/HDD/AliWorks/I-DARE/raw_downloads/EEG/sbj_P_08.mat,436024.0,0.01113848308150007,0.00037433767931568463,0.017653577351547642,0.9998441756033462,0.019566641034103653,0.9998085732793212,0.011248451105690454,0.9999367361738613
220,8,sbj_P_08,4220,/mnt/HDD/AliWorks/I-DARE/raw_downloads/EEG/sbj_P_08.mat,443896.0,0.016154562788463275,0.0006346141463198212,0.022528242022748935,0.9997462391556825,0.025599880509966137,0.999672323058938,0.013995333224721518,0.9999020653239643
221,8,sbj_P_08,5760,/mnt/HDD/AliWorks/I-DARE/raw_downloads/EEG/sbj_P_08.mat,453410.0,0.012809611383373684,0.00044561847532969976,0.021642536919392597,0.9997658002978465,0.01904213686851478,0.9998186985117408,0.016924261519874653,0.9998567846860034
222,8,sbj_P_08,3063,/mnt/HDD/AliWorks/I-DARE/raw_downloads/EEG/sbj_P_08.mat,462686.0,0.013164823735080723,0.0004193832986665914,0.027643977297731482,0.9996179052595808,0.02038802045024406,0.9997921643110607,0.02398922780613201,0.9997122584746326
223,8,sbj_P_08,3080,/mnt/HDD/AliWorks/I-DARE/raw_downloads/EEG/sbj_P_08.mat,470658.0,0.01327415968284739,0.0003886716442995752,0.024730332632501874,0.9996942053239432,0.018264470342602885,0.9998332045615521,0.02137630763845762,0.9997715267358733
224,9,sbj_P_09,Dummy_1,/mnt/HDD/AliWorks/I-DARE/raw_downloads/EEG/sbj_P_09.mat,173478.0,0.01248962866303531,0.0003284666624071621,0.01916391019790695,0.9998163722729635,0.01708733665142009,0.9998540114630805,0.015520521264241437,0.9998795567098433
225,9,sbj_P_09,3053,/mnt/HDD/AliWorks/I-DARE/raw_downloads/EEG/sbj_P_09.mat,188974.0,0.011092393083341038,0.0003424048982279558,0.024486958717182157,0.9997001944263907,0.01917249171704856,0.9998162077806797,0.0213924334471188,0.9997711818956048
226,9,sbj_P_09,Tumor_1,/mnt/HDD/AliWorks/I-DARE/raw_downloads/EEG/sbj_P_09.mat,199094.0,0.012123260420316515,0.0005628776626290203,0.016565631688025342,0.9998627899233877,0.018904650335182276,0.9998213070978522,0.008929471290211466,0.9999601322712388
227,9,sbj_P_09,Dog_18,/mnt/HDD/AliWorks/I-DARE/raw_downloads/EEG/sbj_P_09.mat,208941.0,0.017177288630260686,0.0006299062782572596,0.020335460828677415,0.9997932345164429,0.02113299809881289,0.9997766981956775,0.012415473252319419,0.9999229280119605
228,9,sbj_P_09,Miserable_pose_3,/mnt/HDD/AliWorks/I-DARE/raw_downloads/EEG/sbj_P_09.mat,218335.0,0.004750446890464971,0.000259326914819922,0.01539690360905456,0.9998814676796267,0.0188833665530436,0.999821709233812,0.008684043086923407,0.9999622936978318
229,9,sbj_P_09,Pinecone_1,/mnt/HDD/AliWorks/I-DARE/raw_downloads/EEG/sbj_P_09.mat,227126.0,0.009430915677215202,0.000440347774434062,0.020098033636631766,0.9997980345219701,0.020897109161962964,0.9997816554143368,0.013155590213688088,0.9999134652230648
230,9,sbj_P_09,Garbage_dump_6,/mnt/HDD/AliWorks/I-DARE/raw_downloads/EEG/sbj_P_09.mat,237824.0,0.00972270268350772,0.00042759117307294487,0.0281807543108972,0.999602922543235,0.02058412864058911,0.9997881468240538,0.024271284071405174,0.999705452384763
231,9,sbj_P_09,Depressed_pose_4,/mnt/HDD/AliWorks/I-DARE/raw_downloads/EEG/sbj_P_09.mat,245656.0,0.004544603859411567,0.00015176937642347982,0.009095271426248632,0.9999586380188421,0.012087204485936334,0.9999269497438583,0.005943364181817255,0.9999823382111012
232,9,sbj_P_09,Angry_face_1,/mnt/HDD/AliWorks/I-DARE/raw_downloads/EEG/sbj_P_09.mat,256371.0,0.008382713410384162,0.0003528952492339071,0.0263300464237028,0.9996533643276633,0.01731410142457465,0.9998501109459293,0.023259614296855417,0.9997294951713811
233,9,sbj_P_09,Dog_26,/mnt/HDD/AliWorks/I-DARE/raw_downloads/EEG/sbj_P_09.mat,266021.0,0.015352270412261223,0.001235294894163717,0.02757911956506368,0.9996196960820076,0.029195209363821622,0.9995738198751014,0.013739360521515599,0.9999056149862305
234,9,sbj_P_09,8370,/mnt/HDD/AliWorks/I-DARE/raw_downloads/EEG/sbj_P_09.mat,276343.0,0.00924250941777552,0.0002513003227439458,0.012657263466824444,0.999919896840766,0.012979568943770866,0.999915765395017,0.00854799315162832,0.9999634659065402
235,9,sbj_P_09,Dog_6,/mnt/HDD/AliWorks/I-DARE/raw_downloads/EEG/sbj_P_09.mat,284906.0,0.011302630802333555,0.0004218173115315091,0.029390410684573622,0.9995681018798962,0.01928320730870022,0.9998140789579452,0.025747040865034845,0.999668544943347
236,9,sbj_P_09,9220,/mnt/HDD/AliWorks/I-DARE/raw_downloads/EEG/sbj_P_09.mat,293719.0,0.011115036463538168,0.00044617933666350296,0.02625072572278443,0.9996554496995134,0.021694746459173585,0.9997646689880364,0.022277240409860163,0.9997518622798606
237,9,sbj_P_09,Lake_12,/mnt/HDD/AliWorks/I-DARE/raw_downloads/EEG/sbj_P_09.mat,302148.0,0.0102377878370056,0.0003671320390144011,0.01984025263353438,0.9998031821877184,0.01986182337187914,0.9998027539861722,0.013735960640634358,0.9999056616926401
238,9,sbj_P_09,2314,/mnt/HDD/AliWorks/I-DARE/raw_downloads/EEG/sbj_P_09.mat,311672.0,0.008786006654971111,0.00048533007823186734,0.01893234877516589,0.9998207830849273,0.02096078425091337,0.9997803227617941,0.011525032212474931,0.9999335868162507
239,9,sbj_P_09,1750,/mnt/HDD/AliWorks/I-DARE/raw_downloads/EEG/sbj_P_09.mat,319820.0,0.009993512981257698,0.00024066091658363296,0.015273419600137898,0.9998833613268585,0.021416522671127175,0.9997706662783387,0.010180886742311969,0.9999481747725701
240,9,sbj_P_09,8492,/mnt/HDD/AliWorks/I-DARE/raw_downloads/EEG/sbj_P_09.mat,333732.0,0.0098208176222184,0.00026521454704337994,0.014656737032748068,0.9998925900297766,0.015262209328736684,0.9998835324832027,0.009748376010977645,0.9999524845825739
241,9,sbj_P_09,1441,/mnt/HDD/AliWorks/I-DARE/raw_downloads/EEG/sbj_P_09.mat,343452.0,0.010338392566950363,0.00031276481672625145,0.04500532679386114,0.998987260280089,0.018638321073441978,0.9998263064937817,0.0444201990470155,0.9990134229583121
242,9,sbj_P_09,Flowers_6,/mnt/HDD/AliWorks/I-DARE/raw_downloads/EEG/sbj_P_09.mat,352668.0,0.003934067297320074,0.0001568019483061903,0.008416183079834154,0.9999645839311828,0.009308528980525104,0.9999566756441092,0.004501273839953958,0.9999898692669088
243,9,sbj_P_09,Yarn_1,/mnt/HDD/AliWorks/I-DARE/raw_downloads/EEG/sbj_P_09.mat,362260.0,0.005206794250569907,0.00022285269408540411,0.02976750419345193,0.999556947847046,0.012885238741696193,0.9999169853112848,0.028857811870875563,0.9995836133470126
244,9,sbj_P_09,9331,/mnt/HDD/AliWorks/I-DARE/raw_downloads/EEG/sbj_P_09.mat,372249.0,0.002045735072519922,0.00017167334317945153,0.026293815609255165,0.999654317630353,0.01020532998401755,0.999947925619959,0.0249191673188011,0.9996895175500685
245,9,sbj_P_09,Beach_1,/mnt/HDD/AliWorks/I-DARE/raw_downloads/EEG/sbj_P_09.mat,379634.0,0.0074369831836021616,0.00026741054764426825,0.018600428752067247,0.9998270120251197,0.016241736443413732,0.9998681029986511,0.01451121545711437,0.999894712312978
246,9,sbj_P_09,2491,/mnt/HDD/AliWorks/I-DARE/raw_downloads/EEG/sbj_P_09.mat,389884.0,0.008093174585862083,0.0004251795110504413,0.04492712419327639,0.9989907767558605,0.01907458032533774,0.9998180801927062,0.04365752748169946,0.9990470101470926
247,9,sbj_P_09,9360,/mnt/HDD/AliWorks/I-DARE/raw_downloads/EEG/sbj_P_09.mat,398232.0,0.04603514802329103,0.0007542165482723439,0.03386474686171687,0.9994265894599962,0.023489564340890036,0.9997241201835372,0.028984219305588626,0.9995799575156229
248,9,sbj_P_09,Lake_3,/mnt/HDD/AliWorks/I-DARE/raw_downloads/EEG/sbj_P_09.mat,408218.0,0.03875398507722341,0.0003300893449513413,0.033715246643029155,0.9994316410718995,0.016838773572066562,0.9998582278522946,0.03144683462138737,0.9995055482961474
249,9,sbj_P_09,3170,/mnt/HDD/AliWorks/I-DARE/raw_downloads/EEG/sbj_P_09.mat,418130.0,0.03908812869131585,0.00032942463996915166,0.03328551419350784,0.9994460372724361,0.01672588112748245,0.9998601224502557,0.030678615086558666,0.9995294112881862
250,9,sbj_P_09,8080,/mnt/HDD/AliWorks/I-DARE/raw_downloads/EEG/sbj_P_09.mat,429220.0,0.041865817213213745,0.0004921161830029228,0.01923957698853378,0.9998149193386505,0.018168643788080602,0.9998349501914509,0.014519449246369661,0.9998945927967908
251,9,sbj_P_09,Snow_1,/mnt/HDD/AliWorks/I-DARE/raw_downloads/EEG/sbj_P_09.mat,439601.0,0.04187269930173259,0.00042350522490926343,0.041113363918586984,0.9991548456536493,0.018507452362198442,0.9998287371035306,0.03894380139842773,0.9992416901663194
252,9,sbj_P_09,4220,/mnt/HDD/AliWorks/I-DARE/raw_downloads/EEG/sbj_P_09.mat,450136.0,0.05750382741234192,0.00045419069151332966,0.031531390483138744,0.9995028857070997,0.020902752968355982,0.9997815374591716,0.028032470419430525,0.9996070903010915
253,9,sbj_P_09,5760,/mnt/HDD/AliWorks/I-DARE/raw_downloads/EEG/sbj_P_09.mat,458588.0,0.05022625530067178,0.0004012137539786257,0.02611318555287864,0.9996590507701408,0.018772173983954574,0.9998238027419584,0.022796535030782803,0.9997401589952952
254,9,sbj_P_09,3063,/mnt/HDD/AliWorks/I-DARE/raw_downloads/EEG/sbj_P_09.mat,470395.0,0.010627533290726963,0.00033309863571506586,0.014300295270638854,0.9998977507775866,0.015287048463589034,0.9998831530746356,0.008127567446570902,0.9999669713237013
255,9,sbj_P_09,3080,/mnt/HDD/AliWorks/I-DARE/raw_downloads/EEG/sbj_P_09.mat,479451.0,0.007008733183900824,0.000261957713781119,0.04865201181614637,0.9988164908731205,0.013195797351330456,0.9999129354661308,0.04697260343916572,0.9988967872630744
256,10,sbj_P_10,Dummy_1,/mnt/HDD/AliWorks/I-DARE/raw_downloads/EEG/sbj_P_10.mat,180412.0,0.013990670796035224,0.0006181235142749216,0.02255405025351321,0.9997456574085811,0.023178702137617066,0.9997313738836078,0.014838818509786477,0.9998899047326161
257,10,sbj_P_10,3053,/mnt/HDD/AliWorks/I-DARE/raw_downloads/EEG/sbj_P_10.mat,190155.0,0.00820401445648528,0.00030513978920830955,0.024177724056135916,0.9997077188297324,0.017406617998444403,0.9998485048249279,0.021072228140990613,0.9997779806005874
258,10,sbj_P_10,Tumor_1,/mnt/HDD/AliWorks/I-DARE/raw_downloads/EEG/sbj_P_10.mat,198855.0,0.009761965918338679,0.00030302974620872026,0.0291907755484582,0.9995739493114397,0.01669737722884379,0.9998605987968386,0.026982009285190338,0.9996359855874667
259,10,sbj_P_10,Dog_18,/mnt/HDD/AliWorks/I-DARE/raw_downloads/EEG/sbj_P_10.mat,207878.0,0.007117463996836428,0.00024176968089034768,0.019395412568012384,0.9998119089856583,0.015516155335624338,0.9998796244618001,0.016298354936738722,0.9998671818131779
260,10,sbj_P_10,Miserable_pose_3,/mnt/HDD/AliWorks/I-DARE/raw_downloads/EEG/sbj_P_10.mat,216627.0,0.007228299372933507,0.0002449358153338234,0.019953418531589048,0.9998009305444518,0.015762360745200446,0.9998757739918692,0.016585138875181482,0.9998624665842459
261,10,sbj_P_10,Pinecone_1,/mnt/HDD/AliWorks/I-DARE/raw_downloads/EEG/sbj_P_10.mat,225296.0,0.007730037653330521,0.00025246279801808457,0.02595395973930679,0.999663195986925,0.014435372536797388,0.9998958100098617,0.023909962430260567,0.999714156848291
262,10,sbj_P_10,Garbage_dump_6,/mnt/HDD/AliWorks/I-DARE/raw_downloads/EEG/sbj_P_10.mat,233873.0,0.007397343312895836,0.00023474857653324306,0.028179392702184853,0.999602960913468,0.01602298733161752,0.9998716319384853,0.0259991680395968,0.9996620216306248
263,10,sbj_P_10,Depressed_pose_4,/mnt/HDD/AliWorks/I-DARE/raw_downloads/EEG/sbj_P_10.mat,241484.0,0.009548452531332949,0.00044425185251198765,0.021028546911070617,0.9997789001074043,0.017621290570376136,0.999844745059317,0.01729517796766524,0.9998504384095337
264,10,sbj_P_10,Angry_face_1,/mnt/HDD/AliWorks/I-DARE/raw_downloads/EEG/sbj_P_10.mat,250947.0,0.008054306538559859,0.0002686247344637799,0.0211638353011954,0.9997760460376727,0.015928284884162078,0.999873144870325,0.01830302141810124,0.999832499703484
265,10,sbj_P_10,Dog_26,/mnt/HDD/AliWorks/I-DARE/raw_downloads/EEG/sbj_P_10.mat,260324.0,0.009673206224788549,0.00037773394895873364,0.03588852125847826,0.9993560070209401,0.019240221036552742,0.9998149069472322,0.0334158086016111,0.9994416918677501
266,10,sbj_P_10,8370,/mnt/HDD/AliWorks/I-DARE/raw_downloads/EEG/sbj_P_10.mat,269934.0,0.017664016036587085,0.0012271553517824837,0.0250300969647668,0.999686747122967,0.025109656202823016,0.999684752582688,0.01651030392987357,0.999863704932072
267,10,sbj_P_10,Dog_6,/mnt/HDD/AliWorks/I-DARE/raw_downloads/EEG/sbj_P_10.mat,278526.0,0.007448569876268106,0.0002903936257882054,0.02975755797450038,0.9995572438716975,0.01689844578878033,0.9998572212649619,0.027525455007634175,0.9996211746633112
268,10,sbj_P_10,9220,/mnt/HDD/AliWorks/I-DARE/raw_downloads/EEG/sbj_P_10.mat,286557.0,0.006905779039967781,0.0002657948775169203,0.031152123074778316,0.9995147726139669,0.016327405153896093,0.99986670792047,0.029074091131961622,0.9995773486124253
269,10,sbj_P_10,Lake_12,/mnt/HDD/AliWorks/I-DARE/raw_downloads/EEG/sbj_P_10.mat,295739.0,0.007096883525076551,0.00022992730970667667,0.02576236644923868,0.9996681502374668,0.01563670537884271,0.9998777467224478,0.023068288072540532,0.9997339270427014
270,10,sbj_P_10,2314,/mnt/HDD/AliWorks/I-DARE/raw_downloads/EEG/sbj_P_10.mat,304734.0,0.006080711956429902,0.00019147185777301304,0.03173309675347232,0.9994965052852176,0.013718674431283264,0.9999058989859247,0.030554178542775347,0.9995332210867884
271,10,sbj_P_10,1750,/mnt/HDD/AliWorks/I-DARE/raw_downloads/EEG/sbj_P_10.mat,313309.0,0.01501160535694049,0.0006626400401876603,0.021708518685918398,0.9997643701082317,0.023604947554530447,0.9997214032254742,0.013302869801748463,0.9999115168275189
272,10,sbj_P_10,8492,/mnt/HDD/AliWorks/I-DARE/raw_downloads/EEG/sbj_P_10.mat,321904.0,0.005064409994946525,0.00016138492205475466,0.015405224513398541,0.999881339528846,0.01057642438825744,0.9999440696235794,0.0134679015284986,0.9999093078142095
273,10,sbj_P_10,1441,/mnt/HDD/AliWorks/I-DARE/raw_downloads/EEG/sbj_P_10.mat,329859.0,0.009005602612709204,0.0003999794686506911,0.02253415425964311,0.999746105945901,0.01858394391976395,0.999827318514194,0.018400287854078996,0.9998307147034433
274,10,sbj_P_10,Flowers_6,/mnt/HDD/AliWorks/I-DARE/raw_downloads/EEG/sbj_P_10.mat,339286.0,0.015356712063031113,0.0007080358082255273,0.028308377931367607,0.9995993178694471,0.026566122640380725,0.9996471205639282,0.02132913132407062,0.9997725340784807
275,10,sbj_P_10,Yarn_1,/mnt/HDD/AliWorks/I-DARE/raw_downloads/EEG/sbj_P_10.mat,347774.0,0.01401452469432325,0.0005343420568889773,0.030329333631864033,0.9995400657607235,0.02302004138225321,0.9997350388473789,0.025842985945120335,0.9996660700387198
276,10,sbj_P_10,9331,/mnt/HDD/AliWorks/I-DARE/raw_downloads/EEG/sbj_P_10.mat,356405.0,0.01142160244438862,0.0004200874825034885,0.0191620552535624,0.9998164078192294,0.017533809345644275,0.9998462827649147,0.01470747475221255,0.9998918450932066
277,10,sbj_P_10,Beach_1,/mnt/HDD/AliWorks/I-DARE/raw_downloads/EEG/sbj_P_10.mat,365650.0,0.008707221588431367,0.00031799793597339323,0.03235402254712071,0.9994766086125101,0.016916708871114516,0.9998569124804851,0.02990110474974009,0.9995529619673728
278,10,sbj_P_10,2491,/mnt/HDD/AliWorks/I-DARE/raw_downloads/EEG/sbj_P_10.mat,374317.0,0.007978712673699118,0.0002859920651737956,0.023683551894432175,0.9997195446848319,0.01764903237013702,0.9998442558281986,0.020414789130188602,0.9997916181923854
279,10,sbj_P_10,9360,/mnt/HDD/AliWorks/I-DARE/raw_downloads/EEG/sbj_P_10.mat,385541.0,0.011564582240204813,0.0004308105306901724,0.02931003302399461,0.9995704609820658,0.020001875234147322,0.999799962493558,0.025680158378041485,0.999670264732839
280,10,sbj_P_10,Lake_3,/mnt/HDD/AliWorks/I-DARE/raw_downloads/EEG/sbj_P_10.mat,394143.0,0.00996793458699646,0.00030646112822774516,0.020444268814363103,0.9997910159363224,0.016429142458434798,0.9998650416390402,0.017492863748797296,0.9998469998589327
281,10,sbj_P_10,3170,/mnt/HDD/AliWorks/I-DARE/raw_downloads/EEG/sbj_P_10.mat,403481.0,0.006139094264946684,0.000212284459993113,0.02627449900372095,0.9996548253510515,0.015176513980110136,0.9998848367117055,0.02412722519457225,0.9997089385022054
282,10,sbj_P_10,8080,/mnt/HDD/AliWorks/I-DARE/raw_downloads/EEG/sbj_P_10.mat,411090.0,0.006344183193132201,0.0002066190633051951,0.023170506712842546,0.9997315638093349,0.01391919000342891,0.9999031280748242,0.02098603638824431,0.9997797931383554
283,10,sbj_P_10,Snow_1,/mnt/HDD/AliWorks/I-DARE/raw_downloads/EEG/sbj_P_10.mat,421176.0,0.0067336865079329405,0.00026111727107120926,0.032491987140075645,0.9994721353858445,0.016198812810014805,0.9998687992317729,0.030223023828206998,0.999543284415339
284,10,sbj_P_10,4220,/mnt/HDD/AliWorks/I-DARE/raw_downloads/EEG/sbj_P_10.mat,430858.0,0.00783911344045751,0.00026793766734683875,0.028335436879794874,0.9995985515084156,0.015751858550370652,0.9998759394761049,0.026127522542149544,0.9996586762829048
285,10,sbj_P_10,5760,/mnt/HDD/AliWorks/I-DARE/raw_downloads/EEG/sbj_P_10.mat,440451.0,0.00973635522642853,0.000291103863614938,0.03168452082465262,0.9994980455700555,0.01592044123128978,0.9998732697755004,0.029622086263854625,0.999561266002688
286,10,sbj_P_10,3063,/mnt/HDD/AliWorks/I-DARE/raw_downloads/EEG/sbj_P_10.mat,450314.0,0.006506272794412016,0.00020472888518290527,0.02732911621855269,0.9996265597033567,0.014875600456194875,0.9998893582555343,0.025494056060054074,0.9996750265528027
287,10,sbj_P_10,3080,/mnt/HDD/AliWorks/I-DARE/raw_downloads/EEG/sbj_P_10.mat,459160.0,0.01240789063349782,0.0006024312721064541,0.027033907205681284,0.9996345839305971,0.022255313191289667,0.9997523505173793,0.02128717650396464,0.9997734280582448
288,11,sbj_P_11,Dummy_1,/mnt/HDD/AliWorks/I-DARE/raw_downloads/EEG/sbj_P_11.mat,183167.0,0.005775090866942755,0.00016469698289494234,0.02052257965265656,0.9997894118621997,0.011086396775222138,0.9999385459032714,0.019405026847871546,0.9998117224665166
289,11,sbj_P_11,3053,/mnt/HDD/AliWorks/I-DARE/raw_downloads/EEG/sbj_P_11.mat,194022.0,0.008021591605590236,0.00030939715127550275,0.02522975846053977,0.9996817296440115,0.018178419211006713,0.9998347725374948,0.022034850563883303,0.9997572326803136
290,11,sbj_P_11,Tumor_1,/mnt/HDD/AliWorks/I-DARE/raw_downloads/EEG/sbj_P_11.mat,204048.0,0.007840453813680122,0.00033811618990910126,0.02414775533868627,0.9997084429560517,0.016934169583839188,0.9998566169502526,0.02131058199513301,0.9997729295475143
291,11,sbj_P_11,Dog_18,/mnt/HDD/AliWorks/I-DARE/raw_downloads/EEG/sbj_P_11.mat,214697.0,0.009969215815947074,0.00044249394663394866,0.03399522196618676,0.9994221624417347,0.021961922613179894,0.9997588369775666,0.02991555691743285,0.9995525297271601
292,11,sbj_P_11,Miserable_pose_3,/mnt/HDD/AliWorks/I-DARE/raw_downloads/EEG/sbj_P_11.mat,224553.0,0.006862056306374372,0.00025554833125284295,0.02574345907523901,0.9996686371574202,0.015820288977090435,0.9998748592283403,0.023229382804199502,0.9997301978872677
293,11,sbj_P_11,Pinecone_1,/mnt/HDD/AliWorks/I-DARE/raw_downloads/EEG/sbj_P_11.mat,235254.0,0.014134276085395064,0.0008561819675298726,0.03432220866537809,0.9994109929961646,0.024064844152731694,0.9997104416379526,0.02984284711666745,0.9995547022379856
294,11,sbj_P_11,Garbage_dump_6,/mnt/HDD/AliWorks/I-DARE/raw_downloads/EEG/sbj_P_11.mat,243480.0,0.008055242822605575,0.0002935890057819774,0.022601171226189747,0.999744593529602,0.016336864727554017,0.9998665534254373,0.01932897361301736,0.9998131953895342
295,11,sbj_P_11,Depressed_pose_4,/mnt/HDD/AliWorks/I-DARE/raw_downloads/EEG/sbj_P_11.mat,251160.0,0.02604094803836669,0.0017010964880005343,0.0352753162129016,0.99937782603304,0.03845396712504541,0.9992606462061726,0.022093955606520558,0.9997559285628285
296,11,sbj_P_11,Angry_face_1,/mnt/HDD/AliWorks/I-DARE/raw_downloads/EEG/sbj_P_11.mat,259309.0,0.008116062797600292,0.00036411664244349233,0.033067381439606684,0.9994532741423638,0.018421145415158713,0.9998303307007972,0.03004987187270185,0.9995485026002171
297,11,sbj_P_11,Dog_26,/mnt/HDD/AliWorks/I-DARE/raw_downloads/EEG/sbj_P_11.mat,267488.0,0.010459247674795663,0.000415196030101328,0.03402596272667764,0.9994211169302618,0.021030163547833405,0.9997788661105758,0.030636212616237727,0.9995307112382669
298,11,sbj_P_11,8370,/mnt/HDD/AliWorks/I-DARE/raw_downloads/EEG/sbj_P_11.mat,275029.0,0.010230238690610707,0.0004235215607699535,0.02684013756871716,0.9996398035076464,0.01965803350015692,0.9998067808594533,0.023099072759750768,0.9997332164188205
299,11,sbj_P_11,Dog_6,/mnt/HDD/AliWorks/I-DARE/raw_downloads/EEG/sbj_P_11.mat,283005.0,0.012669645285599569,0.0005485799173622423,0.027062159528439475,0.9996338197608288,0.021152971176588202,0.9997762759052012,0.02283398384242408,0.9997393045909416
300,11,sbj_P_11,9220,/mnt/HDD/AliWorks/I-DARE/raw_downloads/EEG/sbj_P_11.mat,292615.0,0.012282847001420509,0.0005410847325528431,0.02570663087456001,0.9996695845645394,0.02152891773301507,0.9997682528506229,0.02078992411755921,0.9997838895275929
301,11,sbj_P_11,Lake_12,/mnt/HDD/AliWorks/I-DARE/raw_downloads/EEG/sbj_P_11.mat,300569.0,0.015083332956423888,0.0007689461431718499,0.0270846911542619,0.9996332097525388,0.023613366308699903,0.9997212044657853,0.02162915782033066,0.9997660897659917
302,11,sbj_P_11,2314,/mnt/HDD/AliWorks/I-DARE/raw_downloads/EEG/sbj_P_11.mat,308697.0,0.009259604600880362,0.00047012892914238065,0.025485212663572388,0.9996752519677462,0.019154792086053102,0.9998165469700699,0.02164825444940406,0.9997656765396467
303,11,sbj_P_11,1750,/mnt/HDD/AliWorks/I-DARE/raw_downloads/EEG/sbj_P_11.mat,316246.0,0.010918853406793811,0.00044821011414675064,0.031615984538516155,0.9995002147608296,0.01866792490556752,0.9998257542898601,0.028956478572884758,0.9995807611743284
304,11,sbj_P_11,8492,/mnt/HDD/AliWorks/I-DARE/raw_downloads/EEG/sbj_P_11.mat,324360.0,0.0114357214168669,0.00044600257535811627,0.02586099808454513,0.9996656043890354,0.019705872242253782,0.9998058392995858,0.02241140052087597,0.9997488645633464
305,11,sbj_P_11,1441,/mnt/HDD/AliWorks/I-DARE/raw_downloads/EEG/sbj_P_11.mat,332601.0,0.008016839878402352,0.00036728078069506875,0.025521683578586904,0.9996743218336573,0.019654767243982896,0.9998068450622921,0.02134700818231601,0.9997721526208322
306,11,sbj_P_11,Flowers_6,/mnt/HDD/AliWorks/I-DARE/raw_downloads/EEG/sbj_P_11.mat,339998.0,0.012171758889813544,0.000562519041394685,0.023751905801314498,0.9997179234854029,0.02194911475016306,0.999759118180842,0.01840689021119003,0.9998305931963765
307,11,sbj_P_11,Yarn_1,/mnt/HDD/AliWorks/I-DARE/raw_downloads/EEG/sbj_P_11.mat,347535.0,0.010240796824413381,0.00046169935767671343,0.023018189705444825,0.9997350814713418,0.021694619776927705,0.9997646717363676,0.0174896140940401,0.9998470566994201
308,11,sbj_P_11,9331,/mnt/HDD/AliWorks/I-DARE/raw_downloads/EEG/sbj_P_11.mat,356070.0,0.01298986093425196,0.0005334030777575398,0.021456326496364097,0.9997698130266415,0.020944658352698972,0.9997806606432446,0.01534935745415649,0.9998821986128735
309,11,sbj_P_11,Beach_1,/mnt/HDD/AliWorks/I-DARE/raw_downloads/EEG/sbj_P_11.mat,363771.0,0.014031478912780513,0.0007486792552660676,0.03253968522939487,0.9994705844425856,0.022681443795051333,0.9997427760536863,0.02798024036575447,0.9996085530745374
310,11,sbj_P_11,2491,/mnt/HDD/AliWorks/I-DARE/raw_downloads/EEG/sbj_P_11.mat,373357.0,0.012340658809793644,0.0005262676483410756,0.02567570457075282,0.9996703790973976,0.020391071945757205,0.9997921020924518,0.02169748589784309,0.9997646095528567
311,11,sbj_P_11,9360,/mnt/HDD/AliWorks/I-DARE/raw_downloads/EEG/sbj_P_11.mat,381828.0,0.011415213432250848,0.000444070411416266,0.024280819568361887,0.9997052209005439,0.019189142102437037,0.9998158884126858,0.020505146674359258,0.9997897694799313
312,11,sbj_P_11,Lake_3,/mnt/HDD/AliWorks/I-DARE/raw_downloads/EEG/sbj_P_11.mat,389687.0,0.014655633893602239,0.0005105396683500754,0.04158571501705756,0.9991353141532595,0.020693775067644603,0.9997858838367253,0.039247978661142234,0.9992297980855076
313,11,sbj_P_11,3170,/mnt/HDD/AliWorks/I-DARE/raw_downloads/EEG/sbj_P_11.mat,397044.0,0.009748459809644377,0.00031984366817845326,0.030862430494957703,0.9995237551919715,0.019714407329510745,0.9998056710718224,0.02777664457326741,0.9996142290081255
314,11,sbj_P_11,8080,/mnt/HDD/AliWorks/I-DARE/raw_downloads/EEG/sbj_P_11.mat,404338.0,0.01339777625431962,0.0005678170779502684,0.022334566964280874,0.999750583559259,0.02321292894826786,0.9997305799648213,0.015988745947354603,0.9998721800015151
315,11,sbj_P_11,Snow_1,/mnt/HDD/AliWorks/I-DARE/raw_downloads/EEG/sbj_P_11.mat,412817.0,0.012261162839573762,0.00061135483517359,0.023606817022087678,0.999721359095043,0.020572947411003125,0.9997883769174121,0.01885026504424505,0.9998223337538811
316,11,sbj_P_11,4220,/mnt/HDD/AliWorks/I-DARE/raw_downloads/EEG/sbj_P_11.mat,421369.0,0.009842278262480235,0.0003351302354206393,0.03269073533498176,0.9994656579116289,0.01851511753969776,0.9998285952112453,0.030401381553292906,0.9995378779998256
317,11,sbj_P_11,5760,/mnt/HDD/AliWorks/I-DARE/raw_downloads/EEG/sbj_P_11.mat,428840.0,0.01335637222573598,0.0005697481410270667,0.03231506536669704,0.9994778682751729,0.022075569468933805,0.9997563346163112,0.028719931373305346,0.9995875827709559
318,11,sbj_P_11,3063,/mnt/HDD/AliWorks/I-DARE/raw_downloads/EEG/sbj_P_11.mat,436967.0,0.015540416749541394,0.0006914085567323393,0.043432051528797734,0.9990568284499999,0.022965287496981738,0.99973629778509,0.04053198872897708,0.9991785789448369
319,11,sbj_P_11,3080,/mnt/HDD/AliWorks/I-DARE/raw_downloads/EEG/sbj_P_11.mat,444530.0,0.00909862507465241,0.00037194496601626457,0.0241523545433828,0.9997083318850055,0.018789829160510692,0.9998234711600601,0.0205029016746062,0.9997898155114602
320,12,sbj_P_12,Dummy_1,/mnt/HDD/AliWorks/I-DARE/raw_downloads/EEG/sbj_P_12.mat,176323.0,0.021901187223476216,0.0008801480034125014,0.03378288554384696,0.999429358322166,0.03056456528604278,0.9995329036744375,0.026491596663401288,0.9996490976531122
321,12,sbj_P_12,3053,/mnt/HDD/AliWorks/I-DARE/raw_downloads/EEG/sbj_P_12.mat,185816.0,0.022203323836587036,0.0009758472621244459,0.02693526073769446,0.9996372458644961,0.030182801438664517,0.9995444992486571,0.017253715188901796,0.9998511546560901
322,12,sbj_P_12,Tumor_1,/mnt/HDD/AliWorks/I-DARE/raw_downloads/EEG/sbj_P_12.mat,193542.0,0.02796130615655818,0.0011322029517780458,0.03170882914583357,0.9994972750770998,0.03441308668824394,0.9994078697322942,0.02161263365211941,0.9997664470333099
323,12,sbj_P_12,Dog_18,/mnt/HDD/AliWorks/I-DARE/raw_downloads/EEG/sbj_P_12.mat,201190.0,0.022028392749201042,0.0007964812172712551,0.02811324410999215,0.9996048227528058,0.0281544822521874,0.9996036625645557,0.020814647014993404,0.9997833752348207
324,12,sbj_P_12,Miserable_pose_3,/mnt/HDD/AliWorks/I-DARE/raw_downloads/EEG/sbj_P_12.mat,209623.0,0.023569272107554533,0.0009753609240434413,0.0328721591970754,0.9994597105748606,0.03059750092232123,0.9995318964686544,0.02573664645757723,0.9996688125145589
325,12,sbj_P_12,Pinecone_1,/mnt/HDD/AliWorks/I-DARE/raw_downloads/EEG/sbj_P_12.mat,217200.0,0.027330035842693494,0.0011435430299550934,0.03240182077191086,0.9994750610053323,0.03272784026025176,0.9994644442359493,0.02262412867717865,0.9997440744007988
326,12,sbj_P_12,Garbage_dump_6,/mnt/HDD/AliWorks/I-DARE/raw_downloads/EEG/sbj_P_12.mat,224697.0,0.02748465302433409,0.0012764655153364092,0.036382580697683214,0.9993381539108879,0.03667321269717817,0.9993275377352335,0.025701114263209073,0.9996697263628147
327,12,sbj_P_12,Depressed_pose_4,/mnt/HDD/AliWorks/I-DARE/raw_downloads/EEG/sbj_P_12.mat,232841.0,0.02662120792864948,0.001046058340975066,0.031231493860304667,0.9995122968956275,0.03350282654146943,0.9994387803068667,0.02129650536164561,0.9997732294296909
328,12,sbj_P_12,Angry_face_1,/mnt/HDD/AliWorks/I-DARE/raw_downloads/EEG/sbj_P_12.mat,240315.0,0.02517639528001831,0.0010227032440086304,0.03206328796886431,0.9994859727823127,0.031073800286290833,0.9995172094678839,0.023848065938418914,0.9997156348754984
329,12,sbj_P_12,Dog_26,/mnt/HDD/AliWorks/I-DARE/raw_downloads/EEG/sbj_P_12.mat,247478.0,0.023651090773279666,0.0010021915312562772,0.03278443751659824,0.9994625903283599,0.03144876893966024,0.9995054874660898,0.024385151702247216,0.999702682188229
330,12,sbj_P_12,8370,/mnt/HDD/AliWorks/I-DARE/raw_downloads/EEG/sbj_P_12.mat,254602.0,0.031089207632805343,0.0014139520605646945,0.0376680095364694,0.9992905605287804,0.03962470697881056,0.9992149412984219,0.026593171815907205,0.9996464016063848
331,12,sbj_P_12,Dog_6,/mnt/HDD/AliWorks/I-DARE/raw_downloads/EEG/sbj_P_12.mat,261927.0,0.048500872777967025,0.003458626839457697,0.04575235197830923,0.9989533611442267,0.05059871540796559,0.998719884999532,0.02521596826595594,0.9996820774722053
332,12,sbj_P_12,9220,/mnt/HDD/AliWorks/I-DARE/raw_downloads/EEG/sbj_P_12.mat,269546.0,0.026551900901980834,0.001091267496824846,0.030952367667718816,0.9995209754678813,0.0337234109641167,0.999431365776472,0.02078990864311645,0.9997838898493051
333,12,sbj_P_12,Lake_12,/mnt/HDD/AliWorks/I-DARE/raw_downloads/EEG/sbj_P_12.mat,276661.0,0.025193427990288873,0.001074196544778997,0.028489668662697032,0.9995941693897452,0.029320133118864406,0.999570164896946,0.01994748958907473,0.9998010488295468
334,12,sbj_P_12,2314,/mnt/HDD/AliWorks/I-DARE/raw_downloads/EEG/sbj_P_12.mat,284908.0,0.027355967594696686,0.0012261560208722563,0.041211479503063114,0.9991508069785842,0.03421976352878854,0.9994145038920169,0.03370620434251546,0.9994319458944105
335,12,sbj_P_12,1750,/mnt/HDD/AliWorks/I-DARE/raw_downloads/EEG/sbj_P_12.mat,292629.0,0.028642464444213585,0.0017424349611489234,0.035951696625703466,0.999353737754866,0.03998459716982335,0.9992006159945839,0.020083542987622695,0.999798325650532
336,12,sbj_P_12,8492,/mnt/HDD/AliWorks/I-DARE/raw_downloads/EEG/sbj_P_12.mat,299839.0,0.020210345520386266,0.0009954120799286364,0.03458813414817236,0.9994018304880739,0.03350617046849934,0.9994386682702675,0.024796851581925287,0.999692558075812
337,12,sbj_P_12,1441,/mnt/HDD/AliWorks/I-DARE/raw_downloads/EEG/sbj_P_12.mat,306948.0,0.026293212057542245,0.001047164707357449,0.028243404938544197,0.9996011550387395,0.03307337877288299,0.9994530758082727,0.016930715804911775,0.9998566754311669
338,12,sbj_P_12,Flowers_6,/mnt/HDD/AliWorks/I-DARE/raw_downloads/EEG/sbj_P_12.mat,314873.0,0.02280132342292104,0.0008742925713814558,0.031116820593431998,0.9995158717380777,0.02860045403370365,0.9995910070145326,0.024235705706466937,0.999706315284455
339,12,sbj_P_12,Yarn_1,/mnt/HDD/AliWorks/I-DARE/raw_downloads/EEG/sbj_P_12.mat,322705.0,0.022283400731470553,0.0009417323805675295,0.03996489812608237,0.999201403458886,0.028835649586201013,0.9995842526564706,0.03496798515604515,0.9993886200070637
340,12,sbj_P_12,9331,/mnt/HDD/AliWorks/I-DARE/raw_downloads/EEG/sbj_P_12.mat,330332.0,0.042531823656234286,0.002682057905093499,0.04859602010443054,0.9988192134150051,0.049195934126461165,0.9987898800327125,0.03369643199143642,0.9994322752355228
341,12,sbj_P_12,Beach_1,/mnt/HDD/AliWorks/I-DARE/raw_downloads/EEG/sbj_P_12.mat,337380.0,0.026953472829370814,0.0012693138358430506,0.03363360636792545,0.9994343902613435,0.03527245328703031,0.9993779270195573,0.022449977826183565,0.9997479992478023
342,12,sbj_P_12,2491,/mnt/HDD/AliWorks/I-DARE/raw_downloads/EEG/sbj_P_12.mat,344903.0,0.02519601445170629,0.0011404778701175624,0.03963048353835972,0.9992147123872576,0.03352734292907957,0.9994379586380575,0.03208371031603491,0.9994853177661787
343,12,sbj_P_12,9360,/mnt/HDD/AliWorks/I-DARE/raw_downloads/EEG/sbj_P_12.mat,351975.0,0.026288558237210283,0.0014025498458029408,0.03335536206971913,0.9994437099105986,0.038829064825999134,0.9992461518623686,0.019312356761370008,0.9998135164381606
344,12,sbj_P_12,Lake_3,/mnt/HDD/AliWorks/I-DARE/raw_downloads/EEG/sbj_P_12.mat,359059.0,0.02156030181476767,0.0010043946669887757,0.02827456186944835,0.9996002745755458,0.031663975032204285,0.9994986963425803,0.017108586947157358,0.999853648126336
345,12,sbj_P_12,3170,/mnt/HDD/AliWorks/I-DARE/raw_downloads/EEG/sbj_P_12.mat,366123.0,0.0257576136941597,0.0012923107896880223,0.03961208340505457,0.9992154414241554,0.035166296428843086,0.9993816657977396,0.030859518916547986,0.9995238450461194
346,12,sbj_P_12,8080,/mnt/HDD/AliWorks/I-DARE/raw_downloads/EEG/sbj_P_12.mat,373204.0,0.024357546107661845,0.0009865024948859601,0.036144960458614935,0.9993467709167224,0.032995078000150516,0.9994556624138825,0.0282536854497919,0.9996008646292521
347,12,sbj_P_12,Snow_1,/mnt/HDD/AliWorks/I-DARE/raw_downloads/EEG/sbj_P_12.mat,380868.0,0.018596415870640294,0.0008024107991751905,0.028815270864462936,0.9995848400825043,0.026058453516665483,0.9996604785001603,0.022112680417708728,0.9997555146823721
348,12,sbj_P_12,4220,/mnt/HDD/AliWorks/I-DARE/raw_downloads/EEG/sbj_P_12.mat,388328.0,0.027818013739664027,0.0012550740086927964,0.04165800214105769,0.9991323054288076,0.03341236938443997,0.999441806786059,0.03424959876179052,0.9994134824923278
349,12,sbj_P_12,5760,/mnt/HDD/AliWorks/I-DARE/raw_downloads/EEG/sbj_P_12.mat,395289.0,0.020489557400328977,0.0009704204336423602,0.030665531709101704,0.9995298125824995,0.027774996879399542,0.9996142747741745,0.023673098040732896,0.999719792214577
350,12,sbj_P_12,3063,/mnt/HDD/AliWorks/I-DARE/raw_downloads/EEG/sbj_P_12.mat,402268.0,0.022629488512971935,0.0009638973132809601,0.02899023015962517,0.999579783277646,0.03130337444142839,0.9995100493742898,0.018617718188482603,0.9998266902847267
351,12,sbj_P_12,3080,/mnt/HDD/AliWorks/I-DARE/raw_downloads/EEG/sbj_P_12.mat,409704.0,0.021589697305410094,0.0008932720975681462,0.032909689910401295,0.9994584761550003,0.031060146335141394,0.9995176336548197,0.025424198337843103,0.9996768050694391
352,13,sbj_P_13,Dummy_1,/mnt/HDD/AliWorks/I-DARE/raw_downloads/EEG/sbj_P_13.mat,185181.0,0.030425268157108245,0.001234043073273333,0.03840894666681547,0.9992623764079731,0.03613797060468444,0.9993470235402877,0.02991829857158725,0.9995524477052905
353,13,sbj_P_13,3053,/mnt/HDD/AliWorks/I-DARE/raw_downloads/EEG/sbj_P_13.mat,282141.0,0.02181232144240146,0.000842756497251754,0.0301577055931375,0.9995452563966787,0.032077901898633014,0.9994855041048908,0.021580865226149843,0.999767133128045
354,13,sbj_P_13,Tumor_1,/mnt/HDD/AliWorks/I-DARE/raw_downloads/EEG/sbj_P_13.mat,291406.0,0.029873609193491853,0.0011896096206035261,0.03491973058991346,0.9993903062077641,0.03572611591724663,0.9993618223207339,0.02604924635380087,0.9996607183821995
355,13,sbj_P_13,Dog_18,/mnt/HDD/AliWorks/I-DARE/raw_downloads/EEG/sbj_P_13.mat,301453.0,0.023276591262583288,0.0010930455031797944,0.036866347319176346,0.999320436217671,0.03482604069179352,0.9993935734448671,0.028210568041040975,0.9996020819254008
356,13,sbj_P_13,Miserable_pose_3,/mnt/HDD/AliWorks/I-DARE/raw_downloads/EEG/sbj_P_13.mat,311739.0,0.02405592649700099,0.0009900888600029405,0.032513153591327774,0.9994714474217739,0.03363514813234913,0.9994343384050575,0.023039943602038346,0.9997345804994078
357,13,sbj_P_13,Pinecone_1,/mnt/HDD/AliWorks/I-DARE/raw_downloads/EEG/sbj_P_13.mat,321291.0,0.027053883893952337,0.0010130805360873292,0.03328070425126048,0.9994461973622696,0.03442827744024315,0.9994073468562485,0.024242029675619954,0.9997061619986026
358,13,sbj_P_13,Garbage_dump_6,/mnt/HDD/AliWorks/I-DARE/raw_downloads/EEG/sbj_P_13.mat,332998.0,0.025464350202206547,0.0010897658793107925,0.040403835759845956,0.9991837650279459,0.02979097161844295,0.9995562490050146,0.03483597214306109,0.9993932275224235
359,13,sbj_P_13,Depressed_pose_4,/mnt/HDD/AliWorks/I-DARE/raw_downloads/EEG/sbj_P_13.mat,341465.0,0.0215822075695847,0.0007225908443356063,0.028248104869744172,0.9996010222856336,0.030195682102935356,0.9995441103911694,0.019572800588966467,0.999808452738552
360,13,sbj_P_13,Angry_face_1,/mnt/HDD/AliWorks/I-DARE/raw_downloads/EEG/sbj_P_13.mat,350029.0,0.029822944559460447,0.0010015941099532806,0.028401677625806566,0.9995966723540204,0.03163894808235045,0.999499488482121,0.0183068349455514,0.9998324298971377
361,13,sbj_P_13,Dog_26,/mnt/HDD/AliWorks/I-DARE/raw_downloads/EEG/sbj_P_13.mat,358875.0,0.02658855467474092,0.0010457235454047966,0.04004875237670269,0.9991980487165352,0.03038399903966907,0.9995384063011789,0.033938161428263926,0.9994241005994349
362,13,sbj_P_13,8370,/mnt/HDD/AliWorks/I-DARE/raw_downloads/EEG/sbj_P_13.mat,367698.0,0.021004188923205033,0.0008229407361101164,0.03117834879849768,0.9995139552830996,0.028449467087221875,0.9995953139112262,0.024856835514095076,0.9996910688641124
363,13,sbj_P_13,Dog_6,/mnt/HDD/AliWorks/I-DARE/raw_downloads/EEG/sbj_P_13.mat,377171.0,0.030403005988872644,0.0010291872561251636,0.030275725570574348,0.999541690220588,0.03431635873897216,0.9994111937614493,0.020580816667614434,0.999788214992647
364,13,sbj_P_13,9220,/mnt/HDD/AliWorks/I-DARE/raw_downloads/EEG/sbj_P_13.mat,386687.0,0.017183078347330016,0.0005619899805595973,0.024021569211724755,0.9997114821063029,0.02596632821225978,0.999662874899587,0.016760361362982652,0.9998595451434907
365,13,sbj_P_13,Lake_12,/mnt/HDD/AliWorks/I-DARE/raw_downloads/EEG/sbj_P_13.mat,396017.0,0.01571676941154114,0.0005060263503827184,0.03564756570569115,0.9993646255296293,0.023298499962802165,0.9997285899497419,0.032070649338557515,0.9994857367255017
366,13,sbj_P_13,2314,/mnt/HDD/AliWorks/I-DARE/raw_downloads/EEG/sbj_P_13.mat,404121.0,0.019656217271512202,0.0005144808845309165,0.025662913760169728,0.9996707074286693,0.02472148149129197,0.999694424176438,0.02011411205078889,0.9997977112482042
367,13,sbj_P_13,1750,/mnt/HDD/AliWorks/I-DARE/raw_downloads/EEG/sbj_P_13.mat,413006.0,0.018878264635700196,0.0005653864441724799,0.02352847349372236,0.999723205467528,0.026001275970448268,0.9996619668239544,0.016343396141570862,0.9998664467012803
368,13,sbj_P_13,8492,/mnt/HDD/AliWorks/I-DARE/raw_downloads/EEG/sbj_P_13.mat,423642.0,0.0207637659101063,0.0005890557132089146,0.02714538551156487,0.9996315640227146,0.02205807231617732,0.9997567207228469,0.023184342672626982,0.9997312431274192
369,13,sbj_P_13,1441,/mnt/HDD/AliWorks/I-DARE/raw_downloads/EEG/sbj_P_13.mat,432308.0,0.020176299691473217,0.0006214664104513259,0.027425102944986998,0.9996239318642286,0.02664699572484151,0.9996449688094203,0.02147867703544264,0.9997693332164035
370,13,sbj_P_13,Flowers_6,/mnt/HDD/AliWorks/I-DARE/raw_downloads/EEG/sbj_P_13.mat,442107.0,0.01876558556094095,0.0006599367049501233,0.022565921631546797,0.9997453895904591,0.024757491664911212,0.9996935333032309,0.015768400483999412,0.9998756787730889
371,13,sbj_P_13,Yarn_1,/mnt/HDD/AliWorks/I-DARE/raw_downloads/EEG/sbj_P_13.mat,451363.0,0.014812037717623681,0.00045123846641796097,0.02882523817989682,0.9995845528219364,0.02103015964730721,0.9997788661926044,0.025181002355694516,0.9996829585601815
372,13,sbj_P_13,9331,/mnt/HDD/AliWorks/I-DARE/raw_downloads/EEG/sbj_P_13.mat,459891.0,0.016694127805391718,0.000552810690260924,0.028151597474838416,0.9996037437798072,0.02457793668778816,0.9996979625140855,0.023497449077690788,0.9997239349434206
373,13,sbj_P_13,Beach_1,/mnt/HDD/AliWorks/I-DARE/raw_downloads/EEG/sbj_P_13.mat,469522.0,0.018411708545108745,0.0005567754074113825,0.029003070270896353,0.999579410957431,0.0251667061028997,0.9996833184519656,0.024224619891893874,0.9997065838955465
374,13,sbj_P_13,2491,/mnt/HDD/AliWorks/I-DARE/raw_downloads/EEG/sbj_P_13.mat,477926.0,0.019129685663033837,0.0005819896084287673,0.039339290447781394,0.9992262101135319,0.026350991804377624,0.9996528126154622,0.035554959508145634,0.9993679224271868
375,13,sbj_P_13,9360,/mnt/HDD/AliWorks/I-DARE/raw_downloads/EEG/sbj_P_13.mat,487415.0,0.02087938262189891,0.0006840446347787399,0.02762737837675495,0.999618363982014,0.026387369729065087,0.9996518533593912,0.021063398942845337,0.9997781666124879
376,13,sbj_P_13,Lake_3,/mnt/HDD/AliWorks/I-DARE/raw_downloads/EEG/sbj_P_13.mat,495266.0,0.02058521062610696,0.0005800260480223655,0.024885679518472818,0.9996903514774514,0.027903282099805016,0.9996107034240296,0.017266162447682965,0.9998509398171654
377,13,sbj_P_13,3170,/mnt/HDD/AliWorks/I-DARE/raw_downloads/EEG/sbj_P_13.mat,504571.0,0.018059856929747552,0.0006633722362445763,0.021867736768007125,0.9997609010443228,0.024758885775602656,0.9996934987875757,0.01493124606783616,0.9998885289454313
378,13,sbj_P_13,8080,/mnt/HDD/AliWorks/I-DARE/raw_downloads/EEG/sbj_P_13.mat,514672.0,0.01707635254209536,0.0004974024576817446,0.02166993764698719,0.9997652069011879,0.023381676812804758,0.999726648594711,0.014906223877949027,0.9998889022448503
379,13,sbj_P_13,Snow_1,/mnt/HDD/AliWorks/I-DARE/raw_downloads/EEG/sbj_P_13.mat,524559.0,0.01567677134213157,0.0005373052100127053,0.025417626307387368,0.999676972136449,0.02466814981074603,0.9996957411924581,0.019513186191951123,0.9998096177823192
380,13,sbj_P_13,4220,/mnt/HDD/AliWorks/I-DARE/raw_downloads/EEG/sbj_P_13.mat,533793.0,0.015781626938525382,0.0004941400433519393,0.0242267914580443,0.9997065312878245,0.025323725508024038,0.9996793544631968,0.017943529805918318,0.9998390148690521
381,13,sbj_P_13,5760,/mnt/HDD/AliWorks/I-DARE/raw_downloads/EEG/sbj_P_13.mat,543595.0,0.01413579996179079,0.000478103825427627,0.02530546409801271,0.999679816743392,0.017105126929957904,0.9998537073163546,0.022594358411726734,0.9997447474839816
382,13,sbj_P_13,3063,/mnt/HDD/AliWorks/I-DARE/raw_downloads/EEG/sbj_P_13.mat,553002.0,0.01634736237408745,0.0004847893992293517,0.027224066363196856,0.9996294251053265,0.022696542710115186,0.9997424334745039,0.022991823200999913,0.9997356880329475
383,13,sbj_P_13,3080,/mnt/HDD/AliWorks/I-DARE/raw_downloads/EEG/sbj_P_13.mat,561038.0,0.0177881051347417,0.0005586001964566664,0.02484539362766199,0.9996913532077429,0.02286393874273426,0.9997386201525844,0.01872143782503771,0.999824753882882
384,14,sbj_P_14,Dummy_1,/mnt/HDD/AliWorks/I-DARE/raw_downloads/EEG/sbj_P_14.mat,206709.0,0.0165395623760697,0.000571514658658219,0.025443565349893518,0.9996763124911427,0.023863844614669078,0.9997152584601038,0.01936603470465826,0.9998124783499094
385,14,sbj_P_14,3053,/mnt/HDD/AliWorks/I-DARE/raw_downloads/EEG/sbj_P_14.mat,217245.0,0.023025019523718274,0.0008017600523510341,0.04450770227764539,0.9990095322189829,0.027485902450951203,0.9996222625832285,0.04037971151053727,0.9991847394491633
386,14,sbj_P_14,Tumor_1,/mnt/HDD/AliWorks/I-DARE/raw_downloads/EEG/sbj_P_14.mat,225402.0,0.019086506447868346,0.0006194599807879084,0.022356358456490203,0.999750096618283,0.021666881245989776,0.9997652731285359,0.01659565916469215,0.9998622920484446
387,14,sbj_P_14,Dog_18,/mnt/HDD/AliWorks/I-DARE/raw_downloads/EEG/sbj_P_14.mat,233276.0,0.015846808038668145,0.0005878026694420546,0.0246449011166776,0.9996963144244744,0.021185349771639734,0.9997755904775264,0.01983769103485454,0.9998032330072029
388,14,sbj_P_14,Miserable_pose_3,/mnt/HDD/AliWorks/I-DARE/raw_downloads/EEG/sbj_P_14.mat,241880.0,0.013196142358917322,0.0005769962273026546,0.026233966125818204,0.9996558895106549,0.022676402006011787,0.9997428903960314,0.021323454091413844,0.9997726551528057
389,14,sbj_P_14,Pinecone_1,/mnt/HDD/AliWorks/I-DARE/raw_downloads/EEG/sbj_P_14.mat,249513.0,0.015076635464251819,0.0005988058951936258,0.021233380094071958,0.9997745717848903,0.023888371568348356,0.9997146728519065,0.013723593824264451,0.9999058314862739
390,14,sbj_P_14,Garbage_dump_6,/mnt/HDD/AliWorks/I-DARE/raw_downloads/EEG/sbj_P_14.mat,257492.0,0.01611672837583174,0.0005766699395155084,0.02267939165309317,0.9997428225971233,0.023695183524054537,0.9997192691388809,0.01565600303694478,0.9998774447844536
391,14,sbj_P_14,Depressed_pose_4,/mnt/HDD/AliWorks/I-DARE/raw_downloads/EEG/sbj_P_14.mat,265593.0,0.016747875278625878,0.0006373565464771217,0.02528364135968215,0.9996803687397975,0.021911459886176734,0.9997599439628281,0.020255749481544873,0.9997948523064702
392,14,sbj_P_14,Angry_face_1,/mnt/HDD/AliWorks/I-DARE/raw_downloads/EEG/sbj_P_14.mat,272976.0,0.016694342955513752,0.0005901816133848299,0.028926825056427477,0.9995816193960768,0.023307862689693596,0.9997283717684189,0.024078831434320123,0.9997101049383785
393,14,sbj_P_14,Dog_26,/mnt/HDD/AliWorks/I-DARE/raw_downloads/EEG/sbj_P_14.mat,280708.0,0.014974764946421405,0.0005364837608029496,0.028507206822744987,0.9995936695795827,0.0230459949195248,0.9997344410590838,0.02365743889627679,0.9997201627924339
394,14,sbj_P_14,8370,/mnt/HDD/AliWorks/I-DARE/raw_downloads/EEG/sbj_P_14.mat,288658.0,0.01819472543921481,0.0006843637302336715,0.02544391094768358,0.999676303697843,0.02518691169268609,0.9996828097396929,0.018789385948225462,0.9998234794878436
395,14,sbj_P_14,Dog_6,/mnt/HDD/AliWorks/I-DARE/raw_downloads/EEG/sbj_P_14.mat,296797.0,0.02105182548278437,0.000815435084150276,0.024279429997696906,0.9997052546394937,0.023228931745237397,0.9997302083649878,0.018147270953170556,0.9998353382784764
396,14,sbj_P_14,9220,/mnt/HDD/AliWorks/I-DARE/raw_downloads/EEG/sbj_P_14.mat,304940.0,0.015981490066792295,0.0006450434658658838,0.02191237862515151,0.9997599238314938,0.024049084257392193,0.9997108207731902,0.014535348459471607,0.9998943618225812
397,14,sbj_P_14,Lake_12,/mnt/HDD/AliWorks/I-DARE/raw_downloads/EEG/sbj_P_14.mat,312802.0,0.014538229800554057,0.0006033047372882115,0.025174458330171207,0.9996831233238912,0.021534985216012614,0.999768122205873,0.020272705720373537,0.9997945087013873
398,14,sbj_P_14,2314,/mnt/HDD/AliWorks/I-DARE/raw_downloads/EEG/sbj_P_14.mat,320614.0,0.01569796531965875,0.0006458618442454463,0.02751696120840861,0.999621408422927,0.023666129372589207,0.9997199571602601,0.02196427583540218,0.9997587852935133
399,14,sbj_P_14,1750,/mnt/HDD/AliWorks/I-DARE/raw_downloads/EEG/sbj_P_14.mat,328569.0,0.019249398163713436,0.0007649860950585592,0.03870348998890304,0.9992510199313394,0.025823815865268464,0.9996665652670791,0.03416110796695704,0.9994165093512349
400,14,sbj_P_14,8492,/mnt/HDD/AliWorks/I-DARE/raw_downloads/EEG/sbj_P_14.mat,336156.0,0.017387904648347913,0.0007617577346465134,0.025291256952305545,0.9996801761608863,0.025762344645996735,0.9996681507991703,0.017877086845184086,0.9998402048829643
401,14,sbj_P_14,1441,/mnt/HDD/AliWorks/I-DARE/raw_downloads/EEG/sbj_P_14.mat,343574.0,0.019341683767061992,0.0007659723903611859,0.02839468509708233,0.9995968709291181,0.025781634618740567,0.9996676536581925,0.02163424228800659,0.9997659797803115
402,14,sbj_P_14,Flowers_6,/mnt/HDD/AliWorks/I-DARE/raw_downloads/EEG/sbj_P_14.mat,350993.0,0.019924171731601558,0.0007970408777079148,0.027687426622031202,0.9996167032035242,0.027277890182289377,0.9996279583536012,0.02026036808886376,0.9997947587424517
403,14,sbj_P_14,Yarn_1,/mnt/HDD/AliWorks/I-DARE/raw_downloads/EEG/sbj_P_14.mat,359681.0,0.02514394960939654,0.0011717007208206277,0.038298778455733214,0.9992666017843993,0.039087120530198784,0.9992360985043284,0.02624769836283463,0.9996555291653265
404,14,sbj_P_14,9331,/mnt/HDD/AliWorks/I-DARE/raw_downloads/EEG/sbj_P_14.mat,367449.0,0.017799015308603658,0.000813591675666573,0.028702887076564876,0.9995880721367354,0.026651987555214144,0.9996448357796784,0.021228648882261232,0.9997746722333163
405,14,sbj_P_14,Beach_1,/mnt/HDD/AliWorks/I-DARE/raw_downloads/EEG/sbj_P_14.mat,375678.0,0.018733067702293764,0.0008215396533297192,0.022791683417758942,0.9997402695834925,0.025319703929589377,0.9996794562964588,0.01519669814348775,0.9998845301827686
406,14,sbj_P_14,2491,/mnt/HDD/AliWorks/I-DARE/raw_downloads/EEG/sbj_P_14.mat,382967.0,0.015111898532707738,0.0006086738519233314,0.02718508402918862,0.9996304856031629,0.024284218479650017,0.9997051383664164,0.021712901712954865,0.9997642749496014
407,14,sbj_P_14,9360,/mnt/HDD/AliWorks/I-DARE/raw_downloads/EEG/sbj_P_14.mat,391120.0,0.019874606030068433,0.0008932609367418433,0.03282212612363507,0.9994613540183623,0.03134925305443055,0.999508612166465,0.024419817882687638,0.9997018362472886
408,14,sbj_P_14,Lake_3,/mnt/HDD/AliWorks/I-DARE/raw_downloads/EEG/sbj_P_14.mat,398687.0,0.017845493493582762,0.0007480704537968539,0.02301842919720837,0.9997350759586465,0.02590063879816139,0.9996645784549235,0.014286685632866405,0.9998979453068141
409,14,sbj_P_14,3170,/mnt/HDD/AliWorks/I-DARE/raw_downloads/EEG/sbj_P_14.mat,406775.0,0.014551060125681416,0.0006439264222392478,0.029594852261302148,0.9995620723598165,0.023846139781794805,0.9997156808087534,0.024276039059117686,0.9997053369637999
410,14,sbj_P_14,8080,/mnt/HDD/AliWorks/I-DARE/raw_downloads/EEG/sbj_P_14.mat,414138.0,0.02188913189729865,0.0010606008079270856,0.02731739902442131,0.99962687985527,0.028398458339094077,0.999596763781981,0.01863294371713752,0.9998264067042165
411,14,sbj_P_14,Snow_1,/mnt/HDD/AliWorks/I-DARE/raw_downloads/EEG/sbj_P_14.mat,422119.0,0.015466876881533627,0.0006520803734773626,0.045792679411672116,0.9989515152561506,0.023741675075846083,0.999718166432297,0.04258787504520651,0.9990931364495673
412,14,sbj_P_14,4220,/mnt/HDD/AliWorks/I-DARE/raw_downloads/EEG/sbj_P_14.mat,429832.0,0.013853341488398762,0.0006290308830065882,0.030086689211171906,0.9995473955661548,0.022387334784435865,0.9997494036206251,0.025815328999250327,0.9996667843943307
413,14,sbj_P_14,5760,/mnt/HDD/AliWorks/I-DARE/raw_downloads/EEG/sbj_P_14.mat,437331.0,0.015310322375771434,0.0006323638360800304,0.029218101470064182,0.999573151273243,0.02186838542886345,0.9997608868593668,0.025003312533831444,0.9996874171811675
414,14,sbj_P_14,3063,/mnt/HDD/AliWorks/I-DARE/raw_downloads/EEG/sbj_P_14.mat,444872.0,0.1535801795570032,0.011822711447252492,0.0993302106093609,0.9950667546301498,0.11973128100259949,0.9928322101747384,0.043503141423237586,0.999053738343155
415,14,sbj_P_14,3080,/mnt/HDD/AliWorks/I-DARE/raw_downloads/EEG/sbj_P_14.mat,453024.0,0.02553567518604614,0.0012303800940740952,0.027817375607980862,0.999613096807143,0.028028224762180132,0.9996072093083403,0.02020078020603114,0.999795964239534
416,15,sbj_P_15,Dummy_1,/mnt/HDD/AliWorks/I-DARE/raw_downloads/EEG/sbj_P_15.mat,159160.0,0.01909358020979806,0.00021644930909761668,0.038229993535173146,0.999269233797151,0.017022380985447266,0.9998551192727932,0.03650937136485503,0.9993335329012712
417,15,sbj_P_15,3053,/mnt/HDD/AliWorks/I-DARE/raw_downloads/EEG/sbj_P_15.mat,171509.0,0.024322947622241457,0.00044417897850830345,0.023947079148470864,0.9997132687001288,0.019950409094216907,0.9998009905884861,0.01965355438389513,0.9998068689000399
418,15,sbj_P_15,Tumor_1,/mnt/HDD/AliWorks/I-DARE/raw_downloads/EEG/sbj_P_15.mat,182035.0,0.021979771313315653,0.00038896399955022306,0.02134287682118452,0.9997722408044981,0.02182414572546279,0.9997618533316768,0.015090004173015755,0.9998861458870291
419,15,sbj_P_15,Dog_18,/mnt/HDD/AliWorks/I-DARE/raw_downloads/EEG/sbj_P_15.mat,191025.0,0.029458535347401067,0.000540348873218436,0.029142910248499052,0.9995753453911239,0.023997215260446687,0.9997120668298713,0.023918910182462037,0.9997139428678407
420,15,sbj_P_15,Miserable_pose_3,/mnt/HDD/AliWorks/I-DARE/raw_downloads/EEG/sbj_P_15.mat,200522.0,0.022633650113511785,0.00039118428751114834,0.02363843214771862,0.9997206122627995,0.019932998402803194,0.9998013377873374,0.019173301869323114,0.9998161922477145
421,15,sbj_P_15,Pinecone_1,/mnt/HDD/AliWorks/I-DARE/raw_downloads/EEG/sbj_P_15.mat,211093.0,0.024810169910430536,0.0004505386452935802,0.02571107675958816,0.9996694702659319,0.022994069381510298,0.9997356363866394,0.020185600111649497,0.9997962707740666
422,15,sbj_P_15,Garbage_dump_6,/mnt/HDD/AliWorks/I-DARE/raw_downloads/EEG/sbj_P_15.mat,219790.0,0.02223793196053151,0.00031498330729328003,0.02204338492575239,0.9997570445905076,0.017674748299150903,0.9998438016362806,0.018356636743805214,0.9998315169437281
423,15,sbj_P_15,Depressed_pose_4,/mnt/HDD/AliWorks/I-DARE/raw_downloads/EEG/sbj_P_15.mat,229271.0,0.017521843556009657,0.0002852841244289895,0.015245653546515176,0.9998837850239704,0.016034028312659907,0.9998714549680344,0.010179217111714867,0.9999481917694969
424,15,sbj_P_15,Angry_face_1,/mnt/HDD/AliWorks/I-DARE/raw_downloads/EEG/sbj_P_15.mat,238467.0,0.02252738607440865,0.00034535039572016363,0.026239616217965406,0.9996557412703676,0.018760248114622943,0.9998240265453391,0.02292616626957655,0.9997371954500902
425,15,sbj_P_15,Dog_26,/mnt/HDD/AliWorks/I-DARE/raw_downloads/EEG/sbj_P_15.mat,246847.0,0.02623325025697296,0.0005367706469974605,0.02343782736505671,0.9997253341242028,0.023257362181405224,0.9997295475521818,0.016892232708160763,0.9998573262370668
426,15,sbj_P_15,8370,/mnt/HDD/AliWorks/I-DARE/raw_downloads/EEG/sbj_P_15.mat,255498.0,0.02481760825353542,0.00046742064755911415,0.028971536978862795,0.9995803250225407,0.021386615991345344,0.9997713063282186,0.02504284084165574,0.9996864280612897
427,15,sbj_P_15,Dog_6,/mnt/HDD/AliWorks/I-DARE/raw_downloads/EEG/sbj_P_15.mat,264246.0,0.02364377946841694,0.00046540559780384913,0.022378234926799637,0.9997496073007809,0.020104931830873547,0.9997978958580381,0.017526639078901576,0.999846408461299
428,15,sbj_P_15,9220,/mnt/HDD/AliWorks/I-DARE/raw_downloads/EEG/sbj_P_15.mat,273096.0,0.029418291869966806,0.00046905708508575706,0.02167599722004861,0.9997650755722585,0.02586824179894349,0.9996654170331157,0.013457399672431942,0.9999094491970278
429,15,sbj_P_15,Lake_12,/mnt/HDD/AliWorks/I-DARE/raw_downloads/EEG/sbj_P_15.mat,283007.0,0.02674595840692339,0.00044240755768164725,0.02434534382255796,0.9997036521170808,0.022162962621268916,0.999754401543924,0.018694062388542345,0.9998252660157064
430,15,sbj_P_15,2314,/mnt/HDD/AliWorks/I-DARE/raw_downloads/EEG/sbj_P_15.mat,290757.0,0.024431783329544817,0.00039250754550241006,0.024911024656390907,0.9996897204252841,0.02146708813768338,0.999769582063445,0.0200220609937487,0.9997995585367817
431,15,sbj_P_15,1750,/mnt/HDD/AliWorks/I-DARE/raw_downloads/EEG/sbj_P_15.mat,298867.0,0.02593841179379332,0.00039861033094061886,0.03177741449118456,0.9994950979641282,0.020434818944290636,0.9997912090873572,0.028455421716226604,0.9995951444874759
432,15,sbj_P_15,8492,/mnt/HDD/AliWorks/I-DARE/raw_downloads/EEG/sbj_P_15.mat,307147.0,0.027130820256269384,0.0004691012609204603,0.03350979309514273,0.9994385468833604,0.022345857417006034,0.9997503313281498,0.029945713059699425,0.9995516271346734
433,15,sbj_P_15,1441,/mnt/HDD/AliWorks/I-DARE/raw_downloads/EEG/sbj_P_15.mat,315500.0,0.024760579609013872,0.00047538699905564085,0.024886707373137723,0.999690325898062,0.02511093892781649,0.9996847203730815,0.01804990372691606,0.9998371004877249
434,15,sbj_P_15,Flowers_6,/mnt/HDD/AliWorks/I-DARE/raw_downloads/EEG/sbj_P_15.mat,324415.0,0.020418956515130666,0.0004102529617689612,0.019276569719340005,0.9998142069299273,0.019467246314965526,0.9998105131604567,0.013970358751877741,0.9999024145381721
435,15,sbj_P_15,Yarn_1,/mnt/HDD/AliWorks/I-DARE/raw_downloads/EEG/sbj_P_15.mat,332773.0,0.025611621551888057,0.00039422512597453555,0.01911846314803369,0.9998172421834287,0.020254764907834618,0.9997948722492641,0.012882849825885659,0.9999170160901818
436,15,sbj_P_15,9331,/mnt/HDD/AliWorks/I-DARE/raw_downloads/EEG/sbj_P_15.mat,340711.0,0.023556527951999983,0.00035851609442979175,0.027709273094488517,0.999616098092288,0.02115383999555205,0.9997762575267211,0.023694909913988507,0.9997192756220835
437,15,sbj_P_15,Beach_1,/mnt/HDD/AliWorks/I-DARE/raw_downloads/EEG/sbj_P_15.mat,348871.0,0.028755655048351297,0.0005945613674942479,0.026542096110788914,0.9996477585670228,0.024909983972362645,0.9996897463492481,0.02000065932385932,0.9997999868133052
438,15,sbj_P_15,2491,/mnt/HDD/AliWorks/I-DARE/raw_downloads/EEG/sbj_P_15.mat,357165.0,0.02358496002344607,0.00043464326494368024,0.022855619562027574,0.9997388103272176,0.021401871259939753,0.9997709799532866,0.016927069829417638,0.9998567371534951
439,15,sbj_P_15,9360,/mnt/HDD/AliWorks/I-DARE/raw_downloads/EEG/sbj_P_15.mat,364802.0,0.028661803180884547,0.0004142522795651689,0.02886033303511281,0.999583540588551,0.022670311049775824,0.9997430284984535,0.02398992504481654,0.9997122417481726
440,15,sbj_P_15,Lake_3,/mnt/HDD/AliWorks/I-DARE/raw_downloads/EEG/sbj_P_15.mat,372841.0,0.024030135814420112,0.0004349288561181274,0.023292554054003548,0.9997287284628208,0.021566116000995027,0.9997674513203159,0.018161937133916485,0.9998350720197718
441,15,sbj_P_15,3170,/mnt/HDD/AliWorks/I-DARE/raw_downloads/EEG/sbj_P_15.mat,383678.0,0.02380467053764142,0.00038696160108149877,0.024697917942350493,0.9996950064246559,0.020350134571548623,0.99979293601146,0.01999220855426733,0.999800155798561
442,15,sbj_P_15,8080,/mnt/HDD/AliWorks/I-DARE/raw_downloads/EEG/sbj_P_15.mat,392395.0,0.023719997147071143,0.0003948337551521379,0.020656955055419403,0.9997866451039195,0.019553866243471826,0.9998088231574671,0.015417076408408269,0.9998811568775086
443,15,sbj_P_15,Snow_1,/mnt/HDD/AliWorks/I-DARE/raw_downloads/EEG/sbj_P_15.mat,400636.0,0.025014492743408816,0.0003752324946011632,0.025922475492608444,0.9996640126321675,0.02417962826602164,0.9997076727884582,0.020422109973564827,0.9997914687121144
444,15,sbj_P_15,4220,/mnt/HDD/AliWorks/I-DARE/raw_downloads/EEG/sbj_P_15.mat,408025.0,0.029564178844068208,0.00036973119772893304,0.02308433948841944,0.9997335566351918,0.02176945376551635,0.9997630454413761,0.017595109566614878,0.9998452060596701
445,15,sbj_P_15,5760,/mnt/HDD/AliWorks/I-DARE/raw_downloads/EEG/sbj_P_15.mat,416045.0,0.024989989879642634,0.000365857660731088,0.018791187201370747,0.9998234456417817,0.017843480534519365,0.9998408051012071,0.014302213749564923,0.9998977233409312
446,15,sbj_P_15,3063,/mnt/HDD/AliWorks/I-DARE/raw_downloads/EEG/sbj_P_15.mat,424000.0,0.024865543311053045,0.00038530977954518363,0.023906515503108614,0.9997142392582496,0.02100607991453499,0.9997793723033126,0.019155369832568034,0.999816535903289
447,15,sbj_P_15,3080,/mnt/HDD/AliWorks/I-DARE/raw_downloads/EEG/sbj_P_15.mat,431880.0,0.025803945362141468,0.00043351336445128426,0.025264150193831467,0.9996808613574928,0.02140228377503779,0.999770971124607,0.020569998457823303,0.9997884375817229
448,16,sbj_P_16,Dummy_1,/mnt/HDD/AliWorks/I-DARE/raw_downloads/EEG/sbj_P_16.mat,183782.0,0.00757557290536041,0.0002580403585543602,0.018259766142156113,0.9998332904702164,0.017876845753199002,0.9998402091929586,0.013960040612992297,0.999902558633042
449,16,sbj_P_16,3053,/mnt/HDD/AliWorks/I-DARE/raw_downloads/EEG/sbj_P_16.mat,195284.0,0.008845729299741024,0.0002895962475733572,0.027858681935954817,0.9996119469203956,0.018672587593422624,0.9998256672362831,0.025148421209136632,0.9996837784553444
450,16,sbj_P_16,Tumor_1,/mnt/HDD/AliWorks/I-DARE/raw_downloads/EEG/sbj_P_16.mat,205016.0,0.009588359774645639,0.00031232784191881184,0.03219035432389346,0.9994818905442511,0.019323811518741827,0.9998132951541937,0.02926964580071124,0.9995716439173499
451,16,sbj_P_16,Dog_18,/mnt/HDD/AliWorks/I-DARE/raw_downloads/EEG/sbj_P_16.mat,215010.0,0.007746766444410956,0.00028182450056129366,0.025914442725365,0.9996642208291173,0.015650675600484915,0.9998775281766239,0.023756503379302005,0.9997178142735944
452,16,sbj_P_16,Miserable_pose_3,/mnt/HDD/AliWorks/I-DARE/raw_downloads/EEG/sbj_P_16.mat,226069.0,0.011763312126020506,0.0004842042335723998,0.027441092692084453,0.9996234932159328,0.020158107117640784,0.9997968253587171,0.023499075079423032,0.9997238967352062
453,16,sbj_P_16,Pinecone_1,/mnt/HDD/AliWorks/I-DARE/raw_downloads/EEG/sbj_P_16.mat,234590.0,0.010915105911528515,0.0004273312971042737,0.02282898407641631,0.99973941874302,0.021558809852515605,0.9997676088588713,0.017908045610215837,0.9998396509512114
454,16,sbj_P_16,Garbage_dump_6,/mnt/HDD/AliWorks/I-DARE/raw_downloads/EEG/sbj_P_16.mat,244065.0,0.009675972116976477,0.00036262588522316733,0.02421525590124916,0.999706810690818,0.019129536389376808,0.9998170304187638,0.02042727913232326,0.9997913631336247
455,16,sbj_P_16,Depressed_pose_4,/mnt/HDD/AliWorks/I-DARE/raw_downloads/EEG/sbj_P_16.mat,253210.0,0.009598193871437264,0.00039698487207271435,0.020977735473838688,0.9997799673071954,0.01827058378901699,0.9998330928840046,0.016895721620087383,0.9998572672954681
456,16,sbj_P_16,Angry_face_1,/mnt/HDD/AliWorks/I-DARE/raw_downloads/EEG/sbj_P_16.mat,264262.0,0.008799825719108367,0.0003217828785109086,0.04172334641965026,0.9991295811817729,0.016381358060375575,0.9998658255540488,0.04000999668854802,0.999199600082491
457,16,sbj_P_16,Dog_26,/mnt/HDD/AliWorks/I-DARE/raw_downloads/EEG/sbj_P_16.mat,272850.0,0.006814606736304323,0.00024400659481646326,0.027878570708906127,0.9996113926476144,0.015609017470151455,0.9998781792868084,0.0259438420371613,0.9996634585301755
458,16,sbj_P_16,8370,/mnt/HDD/AliWorks/I-DARE/raw_downloads/EEG/sbj_P_16.mat,283470.0,0.006294358042627368,0.0002433753991758849,0.02712379577767633,0.999632149851305,0.016188674269246986,0.999868963412702,0.02471676349744419,0.9996945408011052
459,16,sbj_P_16,Dog_6,/mnt/HDD/AliWorks/I-DARE/raw_downloads/EEG/sbj_P_16.mat,293539.0,0.007397036304836357,0.0002727184272766112,0.034695379761880654,0.9993981153115897,0.017339623474259973,0.9998496687288858,0.032743280075926175,0.9994639388049348
460,16,sbj_P_16,9220,/mnt/HDD/AliWorks/I-DARE/raw_downloads/EEG/sbj_P_16.mat,302841.0,0.007487137025685922,0.0002926850526716628,0.024283678082644516,0.9997051514893893,0.018438473390057237,0.9998300113495221,0.02062341460205311,0.9997873373850763
461,16,sbj_P_16,Lake_12,/mnt/HDD/AliWorks/I-DARE/raw_downloads/EEG/sbj_P_16.mat,310913.0,0.0066861171520377705,0.00024457117913565847,0.02017004935135129,0.9997965845545821,0.014085815717118273,0.9999007948977913,0.017847895787705813,0.9998407263079755
462,16,sbj_P_16,2314,/mnt/HDD/AliWorks/I-DARE/raw_downloads/EEG/sbj_P_16.mat,324890.0,0.007134037263901548,0.0002636370367744532,0.0433987319092054,0.9990582750343365,0.01742676480857937,0.9998481539341533,0.041811118868864405,0.9991259151694671
463,16,sbj_P_16,1750,/mnt/HDD/AliWorks/I-DARE/raw_downloads/EEG/sbj_P_16.mat,333841.0,0.007635713681602347,0.0002753499394021242,0.02750956109013017,0.9996216120243134,0.0166997567524385,0.999860559062205,0.02515129113009126,0.9996837062772445
464,16,sbj_P_16,8492,/mnt/HDD/AliWorks/I-DARE/raw_downloads/EEG/sbj_P_16.mat,342882.0,0.007991893512986863,0.00030032664569293945,0.020563925513246442,0.9997885624837425,0.017755638357207962,0.999842368653264,0.01644252145944713,0.9998648217440278
465,16,sbj_P_16,1441,/mnt/HDD/AliWorks/I-DARE/raw_downloads/EEG/sbj_P_16.mat,352128.0,0.009914729653505558,0.0003481958775814697,0.02824725392402102,0.9996010463228764,0.021210931065849047,0.9997750482016602,0.024293564143840103,0.9997049113705948
466,16,sbj_P_16,Flowers_6,/mnt/HDD/AliWorks/I-DARE/raw_downloads/EEG/sbj_P_16.mat,363148.0,0.009020602182915758,0.00034064250024632575,0.02576898708482362,0.9996679796523109,0.01241623085603446,0.9999229186056643,0.024367237689230152,0.9997031188636974
467,16,sbj_P_16,Yarn_1,/mnt/HDD/AliWorks/I-DARE/raw_downloads/EEG/sbj_P_16.mat,372592.0,0.008098832142078127,0.0002701250839669009,0.026586463573456,0.9996465799773285,0.018094477653703984,0.9998362949392194,0.023517800332991487,0.9997234565337481
468,16,sbj_P_16,9331,/mnt/HDD/AliWorks/I-DARE/raw_downloads/EEG/sbj_P_16.mat,379776.0,0.005811432402380048,0.0001933885885718076,0.01838137265562451,0.9998310625696479,0.010556953914405122,0.9999442753620253,0.01710214566622361,0.9998537583068057
469,16,sbj_P_16,Beach_1,/mnt/HDD/AliWorks/I-DARE/raw_downloads/EEG/sbj_P_16.mat,388829.0,0.007629956773537149,0.0002836658821517174,0.022904947947974066,0.9997376816797504,0.015854425482836807,0.9998743185963045,0.02033273559072597,0.9997932899316986
470,16,sbj_P_16,2491,/mnt/HDD/AliWorks/I-DARE/raw_downloads/EEG/sbj_P_16.mat,396808.0,0.007340077613323761,0.0002773829119927233,0.024344232756796355,0.9997036791657409,0.01691888765663351,0.999856875620231,0.02129440440586038,0.9997732741704995
471,16,sbj_P_16,9360,/mnt/HDD/AliWorks/I-DARE/raw_downloads/EEG/sbj_P_16.mat,405680.0,0.0068694364905397464,0.00023611232827009792,0.02302463918241674,0.9997349329952598,0.01621514223284587,0.999868534581184,0.020344041103267804,0.9997930599957945
472,16,sbj_P_16,Lake_3,/mnt/HDD/AliWorks/I-DARE/raw_downloads/EEG/sbj_P_16.mat,414198.0,0.007695681025376815,0.0002927057252090172,0.037445547220410096,0.9992989154966824,0.018364104670341132,0.9998313798298283,0.035372840935730655,0.999374381062068
473,16,sbj_P_16,3170,/mnt/HDD/AliWorks/I-DARE/raw_downloads/EEG/sbj_P_16.mat,423550.0,0.009751933152756532,0.0003124340666278831,0.02030848117199575,0.9997937827962431,0.016772901002255824,0.999859334895984,0.01697333617582122,0.9998559529295313
474,16,sbj_P_16,8080,/mnt/HDD/AliWorks/I-DARE/raw_downloads/EEG/sbj_P_16.mat,432648.0,0.008392228255233189,0.00030840977862932074,0.040461111848581414,0.9991814492139889,0.01817031509761748,0.9998349198246265,0.03856651334707265,0.9992563120241252
475,16,sbj_P_16,Snow_1,/mnt/HDD/AliWorks/I-DARE/raw_downloads/EEG/sbj_P_16.mat,441330.0,0.0071466328244208415,0.00023318047452970114,0.020644222994811726,0.9997869080284706,0.01659389089484712,0.9998623213924852,0.017842039902459812,0.9998408308060598
476,16,sbj_P_16,4220,/mnt/HDD/AliWorks/I-DARE/raw_downloads/EEG/sbj_P_16.mat,449302.0,0.009421647269491016,0.00034638497237265124,0.023178874311485412,0.9997313698928267,0.019082607219608295,0.9998179270508509,0.019703042503765318,0.9998058950580472
477,16,sbj_P_16,5760,/mnt/HDD/AliWorks/I-DARE/raw_downloads/EEG/sbj_P_16.mat,458289.0,0.01114239401687624,0.0004702831925612197,0.041037099838886315,0.9991579782184066,0.022771853961947197,0.9997407213335681,0.03858761448909343,0.999255498004021
478,16,sbj_P_16,3063,/mnt/HDD/AliWorks/I-DARE/raw_downloads/EEG/sbj_P_16.mat,466054.0,0.00756165035793756,0.00030035991297570376,0.024964271305230837,0.9996883925790988,0.016910399967938864,0.9998570191864625,0.022181370876756906,0.9997539933930137
479,16,sbj_P_16,3080,/mnt/HDD/AliWorks/I-DARE/raw_downloads/EEG/sbj_P_16.mat,474508.0,0.011555633399296274,0.00046083904197732146,0.03493976161221121,0.9993896065292412,0.020753717684504267,0.9997846416011364,0.03196575375867462,0.9994890952933199
480,17,sbj_P_17,Dummy_1,/mnt/HDD/AliWorks/I-DARE/raw_downloads/EEG/sbj_P_17.mat,199877.0,0.03054678965381425,0.0012760303090078487,0.03992740111554911,0.9992029013200789,0.036284949554935456,0.9993417012178979,0.031482314069573115,0.9995044319504124
481,17,sbj_P_17,3053,/mnt/HDD/AliWorks/I-DARE/raw_downloads/EEG/sbj_P_17.mat,217702.0,0.033596188269642016,0.0013357283982896049,0.0395563757389996,0.9992176465691979,0.04059422867957344,0.9991760542989551,0.029313343374988234,0.9995703639500902
482,17,sbj_P_17,Tumor_1,/mnt/HDD/AliWorks/I-DARE/raw_downloads/EEG/sbj_P_17.mat,229117.0,0.03515001211408132,0.0013356545960375302,0.03533608394322865,0.9993756805857783,0.03979463531859553,0.9992081934999301,0.023801259426514693,0.9997167500248555
483,17,sbj_P_17,Dog_18,/mnt/HDD/AliWorks/I-DARE/raw_downloads/EEG/sbj_P_17.mat,241083.0,0.03988312794220037,0.0016131607290979586,0.035345274059988746,0.999375355800812,0.040524013771974655,0.9991789021539046,0.021714403036512637,0.999764242350384
484,17,sbj_P_17,Miserable_pose_3,/mnt/HDD/AliWorks/I-DARE/raw_downloads/EEG/sbj_P_17.mat,254031.0,0.03933549231233999,0.0014415605101479427,0.03473350454022264,0.999396791831177,0.040651399057448655,0.9991737318773359,0.022254478606080267,0.9997523690909854
485,17,sbj_P_17,Pinecone_1,/mnt/HDD/AliWorks/I-DARE/raw_downloads/EEG/sbj_P_17.mat,263463.0,0.03624187984125791,0.0016736395033449315,0.03779006374623846,0.9992859555410281,0.04108911296976017,0.9991558423976791,0.02450195910177589,0.9996998270000869
486,17,sbj_P_17,Garbage_dump_6,/mnt/HDD/AliWorks/I-DARE/raw_downloads/EEG/sbj_P_17.mat,274292.0,0.03303068482780229,0.001202470375484756,0.030978348891247762,0.999520170949986,0.03527691798386174,0.9993777695287805,0.017520522163933922,0.9998465156515516
487,17,sbj_P_17,Depressed_pose_4,/mnt/HDD/AliWorks/I-DARE/raw_downloads/EEG/sbj_P_17.mat,285086.0,0.028393283647381806,0.0010675373681891087,0.03113084697936006,0.9995154351831739,0.03208171331281096,0.9994853818354574,0.021057787586221177,0.9997782847909867
488,17,sbj_P_17,Angry_face_1,/mnt/HDD/AliWorks/I-DARE/raw_downloads/EEG/sbj_P_17.mat,296257.0,0.02634710571410426,0.0012095569637742012,0.03037090124033766,0.9995388041789255,0.0325815153886304,0.9994692224274903,0.020431454622761074,0.9997912778309993
489,17,sbj_P_17,Dog_26,/mnt/HDD/AliWorks/I-DARE/raw_downloads/EEG/sbj_P_17.mat,307380.0,0.030721258219030975,0.0012811331598609203,0.03245049805250019,0.9994734825880726,0.03752822688059156,0.9992958160935994,0.020309472930273242,0.9997937626546474
490,17,sbj_P_17,8370,/mnt/HDD/AliWorks/I-DARE/raw_downloads/EEG/sbj_P_17.mat,319136.0,0.03695841995597863,0.0014867629211916796,0.04198750770002426,0.9991185245985705,0.03956066987050025,0.9992174766996991,0.031802798345468175,0.9994942910086987
491,17,sbj_P_17,Dog_6,/mnt/HDD/AliWorks/I-DARE/raw_downloads/EEG/sbj_P_17.mat,328521.0,0.03134411132254872,0.0012427383187093167,0.03692108274976241,0.9993184168242922,0.03671675420727291,0.999325939980242,0.02792961438783476,0.9996099683200734
492,17,sbj_P_17,9220,/mnt/HDD/AliWorks/I-DARE/raw_downloads/EEG/sbj_P_17.mat,340790.0,0.03680462538660452,0.0012974051114979619,0.031873160602835404,0.9994920508165925,0.03595774963784105,0.9993535201204913,0.020635560480300852,0.9997870868218317
493,17,sbj_P_17,Lake_12,/mnt/HDD/AliWorks/I-DARE/raw_downloads/EEG/sbj_P_17.mat,353523.0,0.03056372602426133,0.0010867356254680833,0.03085686654351909,0.9995239268935583,0.03348201744580429,0.9994394772538792,0.021459192131339806,0.999769751536535
494,17,sbj_P_17,2314,/mnt/HDD/AliWorks/I-DARE/raw_downloads/EEG/sbj_P_17.mat,363987.0,0.028398440845184832,0.0010962430411813038,0.03857181532681474,0.9992561075311971,0.03455292916533718,0.9994030475430477,0.030319587146646832,0.9995403613176287
495,17,sbj_P_17,1750,/mnt/HDD/AliWorks/I-DARE/raw_downloads/EEG/sbj_P_17.mat,374522.0,0.025985373375107652,0.0010331661816270757,0.03887896961640153,0.9992442128607842,0.03352541261405931,0.9994380233545285,0.03085790259391894,0.9995238949237527
496,17,sbj_P_17,8492,/mnt/HDD/AliWorks/I-DARE/raw_downloads/EEG/sbj_P_17.mat,385350.0,0.03918989088032916,0.001564194957772116,0.038046224808733466,0.9992762423889023,0.040326766648963334,0.9991868759458203,0.02633803340859871,0.9996531539980842
497,17,sbj_P_17,1441,/mnt/HDD/AliWorks/I-DARE/raw_downloads/EEG/sbj_P_17.mat,395864.0,0.03802505404849721,0.0014149773675972044,0.033294038773563794,0.9994457534910725,0.037567702520376084,0.9992943338636712,0.021582241843018397,0.999767103418515
498,17,sbj_P_17,Flowers_6,/mnt/HDD/AliWorks/I-DARE/raw_downloads/EEG/sbj_P_17.mat,405184.0,0.034596326746672346,0.001362294255827588,0.037018348528020106,0.999314820936129,0.03585642928761749,0.9993571582393709,0.026939996378004833,0.9996371182975771
499,17,sbj_P_17,Yarn_1,/mnt/HDD/AliWorks/I-DARE/raw_downloads/EEG/sbj_P_17.mat,413758.0,0.02745894694915131,0.0012769275410210211,0.033333036945073634,0.9994444543240092,0.03704984901753098,0.9993136543438889,0.020830512907864307,0.9997830448659977
500,17,sbj_P_17,9331,/mnt/HDD/AliWorks/I-DARE/raw_downloads/EEG/sbj_P_17.mat,424597.0,0.0268816322978017,0.0009319919529401201,0.028496943404604305,0.9995939621082974,0.02958902871954318,0.9995622446897169,0.01971952489123951,0.9998055701690322
501,17,sbj_P_17,Beach_1,/mnt/HDD/AliWorks/I-DARE/raw_downloads/EEG/sbj_P_17.mat,435274.0,0.027938217375113126,0.0010820328188606535,0.033113921675924585,0.9994517340956204,0.03245426552465141,0.999473360324628,0.023320738488006955,0.9997280715781872
502,17,sbj_P_17,2491,/mnt/HDD/AliWorks/I-DARE/raw_downloads/EEG/sbj_P_17.mat,444947.0,0.029739808166638262,0.0011537525310395783,0.03135591736835993,0.9995084032229942,0.032905725291894644,0.9994586066215065,0.021210041922897768,0.9997750670608136
503,17,sbj_P_17,9360,/mnt/HDD/AliWorks/I-DARE/raw_downloads/EEG/sbj_P_17.mat,456238.0,0.030348259333689766,0.0011995789658207747,0.0369549443938423,0.9993171660424237,0.03483309820329039,0.9993933276347796,0.026899981338757536,0.9996381955019871
504,17,sbj_P_17,Lake_3,/mnt/HDD/AliWorks/I-DARE/raw_downloads/EEG/sbj_P_17.mat,468390.0,0.029745847108708205,0.0011368814237905866,0.03614810370400867,0.9993466572993023,0.03390540487396235,0.9994252117601663,0.027165963074157924,0.999631005225127
505,17,sbj_P_17,3170,/mnt/HDD/AliWorks/I-DARE/raw_downloads/EEG/sbj_P_17.mat,478518.0,0.026118188871577144,0.0010769571912063844,0.02936860854999842,0.999568742415919,0.029683510417480047,0.9995594446046474,0.021274906247870096,0.9997736891820718
506,17,sbj_P_17,8080,/mnt/HDD/AliWorks/I-DARE/raw_downloads/EEG/sbj_P_17.mat,488247.0,0.025245891103895995,0.0010174078321271685,0.02602865439668629,0.9996612545751488,0.028157828585300828,0.9996035683446804,0.01754766954384134,0.9998460396467903
507,17,sbj_P_17,Snow_1,/mnt/HDD/AliWorks/I-DARE/raw_downloads/EEG/sbj_P_17.mat,497983.0,0.030082835908782864,0.0011280054809046632,0.03329635322669378,0.9994456764309012,0.033601122168419845,0.9994354822945115,0.02483829716780706,0.9996915294969014
508,17,sbj_P_17,4220,/mnt/HDD/AliWorks/I-DARE/raw_downloads/EEG/sbj_P_17.mat,506766.0,0.02931835745275186,0.0014544367586086476,0.0361629216993859,0.999346121547082,0.039975799368192726,0.9992009677324368,0.024087904151373712,0.9997098864367975
509,17,sbj_P_17,5760,/mnt/HDD/AliWorks/I-DARE/raw_downloads/EEG/sbj_P_17.mat,515989.0,0.03338601156125368,0.0015684669202885443,0.0369381597628322,0.9993177861766676,0.03700304153700279,0.9993153874585051,0.025580845935427633,0.9996728101606138
510,17,sbj_P_17,3063,/mnt/HDD/AliWorks/I-DARE/raw_downloads/EEG/sbj_P_17.mat,524739.0,0.03380260457151477,0.0012276201759072185,0.03184680926643559,0.999492890369774,0.03431489703916621,0.9994112439205963,0.020756216618475116,0.9997845897358436
511,17,sbj_P_17,3080,/mnt/HDD/AliWorks/I-DARE/raw_downloads/EEG/sbj_P_17.mat,533847.0,0.02826248783386137,0.0010841788756137227,0.030847618493931445,0.9995242122166265,0.03502581652984815,0.9993865960882096,0.019967242411904635,0.999800654615233
512,18,sbj_P_18,Dummy_1,/mnt/HDD/AliWorks/I-DARE/raw_downloads/EEG/sbj_P_18.mat,180898.0,0.007834582879901889,0.0002277764068669076,0.02297865774789833,0.9997359906440529,0.01229193340906405,0.9999244541865338,0.02156095604899188,0.9997675625871264
513,18,sbj_P_18,3053,/mnt/HDD/AliWorks/I-DARE/raw_downloads/EEG/sbj_P_18.mat,194496.0,0.008351979188268488,0.00022299872340509952,0.022831378375728753,0.9997393640807327,0.011380159490500492,0.9999352459849856,0.021413834393799333,0.9997707238482776
514,18,sbj_P_18,Tumor_1,/mnt/HDD/AliWorks/I-DARE/raw_downloads/EEG/sbj_P_18.mat,208054.0,0.008136830175347436,0.00023977886347758921,0.01697096107206355,0.9998559932401454,0.014404690549034732,0.9998962524450931,0.01375242380255406,0.9999054354197779
515,18,sbj_P_18,Dog_18,/mnt/HDD/AliWorks/I-DARE/raw_downloads/EEG/sbj_P_18.mat,216803.0,0.00595656696867683,0.00015625618891152313,0.02281993668548199,0.999739625244836,0.011004654468073569,0.9999394487900194,0.021476555026023466,0.9997693787921071
516,18,sbj_P_18,Miserable_pose_3,/mnt/HDD/AliWorks/I-DARE/raw_downloads/EEG/sbj_P_18.mat,228574.0,0.0071525143062009435,0.0002256726372655134,0.017140952950852998,0.999853093865969,0.012935763932670385,0.999916333005739,0.014806930796449288,0.9998903774001947
517,18,sbj_P_18,Pinecone_1,/mnt/HDD/AliWorks/I-DARE/raw_downloads/EEG/sbj_P_18.mat,237747.0,0.005111203732007944,0.00015820088000657883,0.018029000195261883,0.99983747757598,0.009578094257614907,0.999954130055196,0.016879567102458637,0.999857540107217
518,18,sbj_P_18,Garbage_dump_6,/mnt/HDD/AliWorks/I-DARE/raw_downloads/EEG/sbj_P_18.mat,247312.0,0.00511334563626771,0.00014967340630433592,0.012811798568239415,0.999917928908724,0.011201081934254679,0.9999372678817503,0.01038819472869931,0.9999460427051389
519,18,sbj_P_18,Depressed_pose_4,/mnt/HDD/AliWorks/I-DARE/raw_downloads/EEG/sbj_P_18.mat,258183.0,0.005990392348165869,0.00016083686888919906,0.02491036005335428,0.9996897369810062,0.009677438758000943,0.9999531735895427,0.024071172203292718,0.9997102893343797
520,18,sbj_P_18,Angry_face_1,/mnt/HDD/AliWorks/I-DARE/raw_downloads/EEG/sbj_P_18.mat,265847.0,0.02989726405898814,0.001938638217711531,0.027879108807874094,0.9996113776460388,0.030407934054223686,0.9995376787732768,0.01482177976190451,0.9998901574223444
521,18,sbj_P_18,Dog_26,/mnt/HDD/AliWorks/I-DARE/raw_downloads/EEG/sbj_P_18.mat,274850.0,0.006081906518884243,0.0001947582221874627,0.021940637157410937,0.9997593042205631,0.012383174021326682,0.9999233285005791,0.020135224970900045,0.9997972863576857
522,18,sbj_P_18,8370,/mnt/HDD/AliWorks/I-DARE/raw_downloads/EEG/sbj_P_18.mat,283662.0,0.005247660686081591,0.00014988573703192528,0.012623882406473655,0.999920318796494,0.010838123984557921,0.9999412675342472,0.010282117566427803,0.9999471390291752
523,18,sbj_P_18,Dog_6,/mnt/HDD/AliWorks/I-DARE/raw_downloads/EEG/sbj_P_18.mat,291650.0,0.005570624532129013,0.00015099350237045262,0.01707053059448724,0.9998542984926121,0.011350772837763859,0.9999355799779933,0.015232107685541322,0.9998839914477281
524,18,sbj_P_18,9220,/mnt/HDD/AliWorks/I-DARE/raw_downloads/EEG/sbj_P_18.mat,300173.0,0.0058277286143856395,0.00017070109663136658,0.018730169313214286,0.9998245903787487,0.010589259186388344,0.9999439337949413,0.017308572934375942,0.9998502066514874
525,18,sbj_P_18,Lake_12,/mnt/HDD/AliWorks/I-DARE/raw_downloads/EEG/sbj_P_18.mat,309485.0,0.014614235345249676,0.0007016588777490231,0.024675502551375128,0.9996955597869188,0.022636073782101758,0.9997438040818651,0.018594043397755666,0.9998271307750617
526,18,sbj_P_18,2314,/mnt/HDD/AliWorks/I-DARE/raw_downloads/EEG/sbj_P_18.mat,317360.0,0.011928285083538314,0.0005356579397184793,0.02773025258151561,0.999615516545883,0.019752525681056354,0.9998049188646098,0.023492897800451357,0.9997240418764693
527,18,sbj_P_18,1750,/mnt/HDD/AliWorks/I-DARE/raw_downloads/EEG/sbj_P_18.mat,325886.0,0.024706927957449304,0.001839347937934723,0.03283970578975084,0.9994607768618213,0.033705761963318745,0.9994319608052363,0.02138297542690571,0.9997713841809471
528,18,sbj_P_18,8492,/mnt/HDD/AliWorks/I-DARE/raw_downloads/EEG/sbj_P_18.mat,334539.0,0.012375095768693292,0.0006642106585198496,0.026467199049034683,0.9996497436872489,0.022655487207544383,0.9997433644496947,0.020677230897849102,0.9997862260611977
529,18,sbj_P_18,1441,/mnt/HDD/AliWorks/I-DARE/raw_downloads/EEG/sbj_P_18.mat,343549.0,0.008045556502224846,0.00035783472259679546,0.02139530431931361,0.9997711204765417,0.0169603762416077,0.9998561728188715,0.01728074737442696,0.9998506878850906
530,18,sbj_P_18,Flowers_6,/mnt/HDD/AliWorks/I-DARE/raw_downloads/EEG/sbj_P_18.mat,354136.0,0.009540992385454217,0.0005111532503577101,0.02352781149371179,0.9997232210431573,0.020619677847947764,0.9997874144427231,0.018386354882866114,0.9998309709770595
531,18,sbj_P_18,Yarn_1,/mnt/HDD/AliWorks/I-DARE/raw_downloads/EEG/sbj_P_18.mat,365138.0,0.010339902145228154,0.00047583670033569996,0.02871693984957865,0.9995876686828375,0.018563962186679956,0.999827689653966,0.025433992924282677,0.9996765560019635
532,18,sbj_P_18,9331,/mnt/HDD/AliWorks/I-DARE/raw_downloads/EEG/sbj_P_18.mat,379025.0,0.014055494175388946,0.0006554026144485999,0.033917589652809714,0.999424798556072,0.021744256516078617,0.9997635936542814,0.030071898985519846,0.9995478404457023
533,18,sbj_P_18,Beach_1,/mnt/HDD/AliWorks/I-DARE/raw_downloads/EEG/sbj_P_18.mat,387369.0,0.00729834535533903,0.0003097196770796387,0.02121948091955738,0.9997748668147524,0.017457229535353915,0.9998476225684753,0.017337432872249585,0.9998497067107006
534,18,sbj_P_18,2491,/mnt/HDD/AliWorks/I-DARE/raw_downloads/EEG/sbj_P_18.mat,395287.0,0.020147282516351877,0.001207051354648354,0.027597182606643095,0.999619197756088,0.027015544499219443,0.9996350801777052,0.018443535445699915,0.9998299180001317
535,18,sbj_P_18,9360,/mnt/HDD/AliWorks/I-DARE/raw_downloads/EEG/sbj_P_18.mat,405260.0,0.007654096838213479,0.00024197490967210232,0.045414298061020604,0.9989687707658125,0.01401005346711932,0.9999018592009241,0.04442361196408454,0.9990132713500322
536,18,sbj_P_18,Lake_3,/mnt/HDD/AliWorks/I-DARE/raw_downloads/EEG/sbj_P_18.mat,415274.0,0.006289324520736603,0.00017058643434068193,0.016586064888405,0.9998624512257586,0.011820077353958762,0.9999301428856726,0.014678494160693611,0.9998922709045873
537,18,sbj_P_18,3170,/mnt/HDD/AliWorks/I-DARE/raw_downloads/EEG/sbj_P_18.mat,428147.0,0.007470164564290916,0.00022489917043759704,0.017393362885330364,0.9998487354637695,0.010296036174104753,0.9999469958195509,0.015817231045754488,0.9998749076010223
538,18,sbj_P_18,8080,/mnt/HDD/AliWorks/I-DARE/raw_downloads/EEG/sbj_P_18.mat,436627.0,0.01318249636541598,0.0012623982285158782,0.02299787312791014,0.9997355489157966,0.020657772544365335,0.9997866282167523,0.015047545297588437,0.9998867856902589
539,18,sbj_P_18,Snow_1,/mnt/HDD/AliWorks/I-DARE/raw_downloads/EEG/sbj_P_18.mat,447002.0,0.006626581298591795,0.00014652606788155347,0.026091015375119733,0.9996596294583481,0.00874329022149589,0.9999617774380515,0.025625147656420707,0.9996716759037935
540,18,sbj_P_18,4220,/mnt/HDD/AliWorks/I-DARE/raw_downloads/EEG/sbj_P_18.mat,455007.0,0.006366665898555547,0.00015368606167163667,0.024402016592296114,0.9997022707931148,0.010565621098709411,0.9999441838253992,0.02339811780344694,0.999726264041628
541,18,sbj_P_18,5760,/mnt/HDD/AliWorks/I-DARE/raw_downloads/EEG/sbj_P_18.mat,463799.0,0.004235316025343378,0.0001011238416375846,0.012053084273385065,0.9999273615797503,0.01044940969888469,0.999945404918473,0.009830328455102373,0.9999516823212323
542,18,sbj_P_18,3063,/mnt/HDD/AliWorks/I-DARE/raw_downloads/EEG/sbj_P_18.mat,475146.0,0.0061638088007990284,0.00014016153778361362,0.013229570132733187,0.9999124892370523,0.011170153494156227,0.9999376138354582,0.010864269459689128,0.9999409838245539
543,18,sbj_P_18,3080,/mnt/HDD/AliWorks/I-DARE/raw_downloads/EEG/sbj_P_18.mat,485982.0,0.028037268615337046,0.0016789416021165018,0.029367916589786557,0.9995687627375881,0.034605696620131805,0.9994012228807174,0.018371761382519478,0.999831239191852
544,19,sbj_P_19,Dummy_1,/mnt/HDD/AliWorks/I-DARE/raw_downloads/EEG/sbj_P_19.mat,172477.0,0.04395964972845314,0.002747836448252591,0.047903848836316106,0.9988526106333337,0.04986572083605422,0.9987567049427499,0.03093890936699172,0.9995213919435904
545,19,sbj_P_19,3053,/mnt/HDD/AliWorks/I-DARE/raw_downloads/EEG/sbj_P_19.mat,186409.0,0.058077514538500415,0.004117149463570585,0.05625107490176715,0.998417908286198,0.053301569759535566,0.9985794713305852,0.03799669124489886,0.9992781257272199
546,19,sbj_P_19,Tumor_1,/mnt/HDD/AliWorks/I-DARE/raw_downloads/EEG/sbj_P_19.mat,196173.0,0.08157012298854853,0.005350367198070745,0.06170983769040662,0.9980959479661116,0.06879443341407881,0.997633662965618,0.036219856743265395,0.9993440609887486
547,19,sbj_P_19,Dog_18,/mnt/HDD/AliWorks/I-DARE/raw_downloads/EEG/sbj_P_19.mat,206191.0,0.08283767181266385,0.005794842386560639,0.0642931322714059,0.9979331965713657,0.07036381326318489,0.9975244668915324,0.034826121076210664,0.9993935706453927
548,19,sbj_P_19,Miserable_pose_3,/mnt/HDD/AliWorks/I-DARE/raw_downloads/EEG/sbj_P_19.mat,215442.0,0.047876021016981095,0.0031967373441061,0.04610116795245529,0.9989373411567104,0.05284278251815104,0.9986038201678699,0.02354065815312402,0.9997229187068591
549,19,sbj_P_19,Pinecone_1,/mnt/HDD/AliWorks/I-DARE/raw_downloads/EEG/sbj_P_19.mat,227989.0,0.05327128099386891,0.003932988335485049,0.05257127185719311,0.9986181306876581,0.06080334195712739,0.9981514768034221,0.027197314587250995,0.9996301530396212
550,19,sbj_P_19,Garbage_dump_6,/mnt/HDD/AliWorks/I-DARE/raw_downloads/EEG/sbj_P_19.mat,237182.0,0.04405898389009462,0.0028195145582263744,0.04719567679068131,0.9988862840461347,0.05156784329967356,0.9986703787687109,0.02822431351966064,0.9996016940631721
551,19,sbj_P_19,Depressed_pose_4,/mnt/HDD/AliWorks/I-DARE/raw_downloads/EEG/sbj_P_19.mat,247040.0,0.04305287468926221,0.0031089457492215413,0.047416772308680036,0.998875824851913,0.05040546451638585,0.998729644573444,0.026804304866485426,0.9996407646203124
552,19,sbj_P_19,Angry_face_1,/mnt/HDD/AliWorks/I-DARE/raw_downloads/EEG/sbj_P_19.mat,257713.0,0.07147756605544178,0.004350007100421269,0.06279112913314376,0.9980286370510925,0.0663530543951897,0.9977986360862143,0.03899354582933508,0.9992397516918279
553,19,sbj_P_19,Dog_26,/mnt/HDD/AliWorks/I-DARE/raw_downloads/EEG/sbj_P_19.mat,266159.0,0.03642295001411797,0.0023297729473287856,0.04745040773576366,0.9988742294028548,0.04695303085759187,0.9988977064466428,0.031495257912912654,0.9995040243644989
554,19,sbj_P_19,8370,/mnt/HDD/AliWorks/I-DARE/raw_downloads/EEG/sbj_P_19.mat,275956.0,0.05342849269361353,0.0033289376347798143,0.049278538318987056,0.9987858128305723,0.05868924801809418,0.9982777860835358,0.02494546513643521,0.9996888618845633
555,19,sbj_P_19,Dog_6,/mnt/HDD/AliWorks/I-DARE/raw_downloads/EEG/sbj_P_19.mat,285246.0,0.04214790967878638,0.0021496273127102343,0.04332747864123574,0.9990613647972967,0.04765429382915371,0.998864534139823,0.025200576768462987,0.9996824654652687
556,19,sbj_P_19,9220,/mnt/HDD/AliWorks/I-DARE/raw_downloads/EEG/sbj_P_19.mat,295653.0,0.03730892648301934,0.002034966774970496,0.042143023243227704,0.9991119827959599,0.04777570331396231,0.998858741086428,0.022718391331250077,0.9997419373476601
557,19,sbj_P_19,Lake_12,/mnt/HDD/AliWorks/I-DARE/raw_downloads/EEG/sbj_P_19.mat,305006.0,0.038225727582135056,0.002258640258938577,0.04497092295002843,0.9989888080445115,0.04502197280488315,0.9989865109823783,0.029268084975068838,0.9995716896009461
558,19,sbj_P_19,2314,/mnt/HDD/AliWorks/I-DARE/raw_downloads/EEG/sbj_P_19.mat,315429.0,0.03984655403399833,0.0023723990187324534,0.04307275421564049,0.9990723689221395,0.049891783780626565,0.998755404955593,0.022876459755570552,0.9997383337945257
559,19,sbj_P_19,1750,/mnt/HDD/AliWorks/I-DARE/raw_downloads/EEG/sbj_P_19.mat,326100.0,0.018474908823406404,0.0007719112671899176,0.027099904101886736,0.9996327975988343,0.030116408640950085,0.9995465009652859,0.01742819965011273,0.9998481289284781
560,19,sbj_P_19,8492,/mnt/HDD/AliWorks/I-DARE/raw_downloads/EEG/sbj_P_19.mat,334564.0,0.07510012506931882,0.0044763991984873575,0.06203220978535555,0.9980760024745731,0.06836086278707508,0.9976633962195032,0.037582890700700484,0.9992937631632894
561,19,sbj_P_19,1441,/mnt/HDD/AliWorks/I-DARE/raw_downloads/EEG/sbj_P_19.mat,344514.0,0.05339591253714337,0.003891196581879341,0.059906440309267964,0.9982056092047368,0.06380225454483635,0.9979646361574979,0.03808819133927179,0.9992746448402509
562,19,sbj_P_19,Flowers_6,/mnt/HDD/AliWorks/I-DARE/raw_downloads/EEG/sbj_P_19.mat,353827.0,0.055321004234362224,0.003999424078937692,0.05911684171613979,0.9982525995127545,0.06327515701825924,0.9979981272521574,0.03702701677269811,0.9993145000144573
563,19,sbj_P_19,Yarn_1,/mnt/HDD/AliWorks/I-DARE/raw_downloads/EEG/sbj_P_19.mat,365274.0,0.03468316310910181,0.0019293165923110864,0.040286616824760306,0.9991884942524076,0.04258215855485366,0.9990933798864045,0.024655785050522603,0.9996960461317713
564,19,sbj_P_19,9331,/mnt/HDD/AliWorks/I-DARE/raw_downloads/EEG/sbj_P_19.mat,374261.0,0.08702008274750168,0.0059759853772008,0.06780980613281665,0.9977009150961147,0.08007606496239361,0.996793911910069,0.03600269578132414,0.9993519029482391
565,19,sbj_P_19,Beach_1,/mnt/HDD/AliWorks/I-DARE/raw_downloads/EEG/sbj_P_19.mat,384009.0,0.07880037373307641,0.006378894948397038,0.058763804379832155,0.9982734076474042,0.06759677021317013,0.9977153383283741,0.02551762922530476,0.9996744252993597
566,19,sbj_P_19,2491,/mnt/HDD/AliWorks/I-DARE/raw_downloads/EEG/sbj_P_19.mat,392561.0,0.05453780422352524,0.002941551611371434,0.04573230967594549,0.9989542779258521,0.0536801896580051,0.9985592186191401,0.024786403942296243,0.9996928170898051
567,19,sbj_P_19,9360,/mnt/HDD/AliWorks/I-DARE/raw_downloads/EEG/sbj_P_19.mat,400778.0,0.0572999745471696,0.0037948364283218483,0.05183681492498469,0.9986564723092164,0.059313213678073275,0.9982409713415893,0.026054189440869766,0.9996605896062893
568,19,sbj_P_19,Lake_3,/mnt/HDD/AliWorks/I-DARE/raw_downloads/EEG/sbj_P_19.mat,410237.0,0.049098854853687215,0.0036194263623219405,0.05208424742074784,0.9986436155853078,0.05936169596734413,0.99823809452594,0.026147576789312635,0.9996581521140231
569,19,sbj_P_19,3170,/mnt/HDD/AliWorks/I-DARE/raw_downloads/EEG/sbj_P_19.mat,419998.0,0.14860152417007905,0.009717547864747851,0.08358880839070663,0.9965064555559113,0.09769907160126841,0.9952274457041247,0.03968221679755138,0.9992126608350159
570,19,sbj_P_19,8080,/mnt/HDD/AliWorks/I-DARE/raw_downloads/EEG/sbj_P_19.mat,430050.0,0.06280059624454518,0.0038664614802550925,0.057314503719048004,0.9983575238317198,0.06295175688590622,0.9980185381524881,0.03433196669121248,0.9994106580315567
571,19,sbj_P_19,Snow_1,/mnt/HDD/AliWorks/I-DARE/raw_downloads/EEG/sbj_P_19.mat,438773.0,0.02577818789789212,0.001629182505339146,0.037747955078869126,0.9992875459436821,0.03977868336942835,0.999208828174698,0.024213408339025015,0.9997068554283035
572,19,sbj_P_19,4220,/mnt/HDD/AliWorks/I-DARE/raw_downloads/EEG/sbj_P_19.mat,446850.0,0.05589203830510892,0.003574456323149564,0.05786346582027367,0.9983259096616335,0.060740136481515286,0.9981553179101035,0.0355935832514234,0.999366548415662
573,19,sbj_P_19,5760,/mnt/HDD/AliWorks/I-DARE/raw_downloads/EEG/sbj_P_19.mat,457090.0,0.042601730421704675,0.0028288456087737107,0.04157130610397721,0.9991359132544054,0.04769653711161332,0.99886252017378,0.02093403981113583,0.9997808829885929
574,19,sbj_P_19,3063,/mnt/HDD/AliWorks/I-DARE/raw_downloads/EEG/sbj_P_19.mat,467633.0,0.04922862965306268,0.003344794777751316,0.05303825007234692,0.9985934720146321,0.06149242178574986,0.9981093410314616,0.029035212997179358,0.9995784782031045
575,19,sbj_P_19,3080,/mnt/HDD/AliWorks/I-DARE/raw_downloads/EEG/sbj_P_19.mat,476917.0,0.060079928097713044,0.004404619414741975,0.05892482378589414,0.9982639325709001,0.06704880595732132,0.9977522288098485,0.029283337751342065,0.9995712430650702
576,20,sbj_P_20,Dummy_1,/mnt/HDD/AliWorks/I-DARE/raw_downloads/EEG/sbj_P_20.mat,173445.0,0.005908746509752684,0.00012488639383539002,0.019223570833533283,0.9998152271622038,0.009073259027647222,0.9999588379853087,0.018113502460603552,0.9998359505143046
577,20,sbj_P_20,3053,/mnt/HDD/AliWorks/I-DARE/raw_downloads/EEG/sbj_P_20.mat,184593.0,0.007541945981548171,0.0002033400265165174,0.015244394012007204,0.9998838042256032,0.011940144130785842,0.9999287164790678,0.013014951966231397,0.9999153055126582
578,20,sbj_P_20,Tumor_1,/mnt/HDD/AliWorks/I-DARE/raw_downloads/EEG/sbj_P_20.mat,193704.0,0.015025729096832379,0.0005764168405061977,0.018848750277901553,0.9998223623064809,0.019529170325162593,0.999809305753205,0.01278698394707017,0.999918246520769
579,20,sbj_P_20,Dog_18,/mnt/HDD/AliWorks/I-DARE/raw_downloads/EEG/sbj_P_20.mat,203209.0,0.016749300206864527,0.0007778823673730953,0.02805157215256244,0.9996065546498846,0.02495191804229922,0.9996887008930054,0.02195152998731364,0.9997590651656081
580,20,sbj_P_20,Miserable_pose_3,/mnt/HDD/AliWorks/I-DARE/raw_downloads/EEG/sbj_P_20.mat,213437.0,0.010019540850346662,0.0003799243892518207,0.02143314165934274,0.9997703102193053,0.018584797703963343,0.9998273026471513,0.0167729296825901,0.9998593344149318
581,20,sbj_P_20,Pinecone_1,/mnt/HDD/AliWorks/I-DARE/raw_downloads/EEG/sbj_P_20.mat,223935.0,0.009914790757869565,0.00036699529433754366,0.019429357435067577,0.9998112500348311,0.01767908870868316,0.9998437249112155,0.015206383182495793,0.9998843829552536
582,20,sbj_P_20,Garbage_dump_6,/mnt/HDD/AliWorks/I-DARE/raw_downloads/EEG/sbj_P_20.mat,232801.0,0.008180535969038531,0.00022843942893066064,0.019331258409810734,0.9998131512241463,0.01230394871132226,0.9999243064230546,0.01749746066752993,0.9998469194350946
583,20,sbj_P_20,Depressed_pose_4,/mnt/HDD/AliWorks/I-DARE/raw_downloads/EEG/sbj_P_20.mat,242503.0,0.00844348033636257,0.0002675965575439471,0.018969495864714005,0.9998200791133193,0.015186923507613866,0.999884678677187,0.016003350690277328,0.9998719463833422
584,20,sbj_P_20,Angry_face_1,/mnt/HDD/AliWorks/I-DARE/raw_downloads/EEG/sbj_P_20.mat,251949.0,0.006566013384206154,0.00017850519057665586,0.01723892408607732,0.9998514097481774,0.0103909961172441,0.9999460135998459,0.01568841035761062,0.9998769368902256
585,20,sbj_P_20,Dog_26,/mnt/HDD/AliWorks/I-DARE/raw_downloads/EEG/sbj_P_20.mat,260619.0,0.009487296625001052,0.00025977553201816434,0.020858962682650032,0.9997824518379015,0.014708389619929605,0.9998918316373944,0.018243106871148978,0.9998335945258441
586,20,sbj_P_20,8370,/mnt/HDD/AliWorks/I-DARE/raw_downloads/EEG/sbj_P_20.mat,270085.0,0.015088904671088657,0.00053702413946309,0.03212289967201327,0.9994840596583305,0.019866907933261086,0.9998026529845855,0.02897176042098573,0.999580318549055
587,20,sbj_P_20,Dog_6,/mnt/HDD/AliWorks/I-DARE/raw_downloads/EEG/sbj_P_20.mat,278883.0,0.014716765644893425,0.0005732727246824105,0.019447743888728112,0.9998108926288192,0.017761873017931033,0.9998422579334479,0.015126640080546259,0.9998855923799368
588,20,sbj_P_20,9220,/mnt/HDD/AliWorks/I-DARE/raw_downloads/EEG/sbj_P_20.mat,288280.0,0.011485433097084233,0.0003645520200491833,0.019112194636739924,0.9998173620080847,0.014195929190261037,0.9998992377972122,0.016456416371897653,0.9998645931800973
589,20,sbj_P_20,Lake_12,/mnt/HDD/AliWorks/I-DARE/raw_downloads/EEG/sbj_P_20.mat,297000.0,0.01858259829199383,0.0007387224279812418,0.027789391423934988,0.9996138748621438,0.02307868258664743,0.9997336872050325,0.021696383081308532,0.9997646334805943
590,20,sbj_P_20,2314,/mnt/HDD/AliWorks/I-DARE/raw_downloads/EEG/sbj_P_20.mat,306681.0,0.011035471747464828,0.0003527684540174275,0.01969826765748081,0.9998059891256471,0.015278979986164554,0.9998832763852916,0.016511866680985213,0.9998636791293551
591,20,sbj_P_20,1750,/mnt/HDD/AliWorks/I-DARE/raw_downloads/EEG/sbj_P_20.mat,315982.0,0.011880208784171295,0.0003339149788561982,0.02011586730539269,0.9997976759412752,0.013907142663434183,0.9999032956914694,0.017818320653817398,0.9998412537245391
592,20,sbj_P_20,8492,/mnt/HDD/AliWorks/I-DARE/raw_downloads/EEG/sbj_P_20.mat,324523.0,0.00819192960263661,0.00023370134245091558,0.020620726734178658,0.9997873928144774,0.01319359108303642,0.9999129645771674,0.018548563405600543,0.9998279753977942
593,20,sbj_P_20,1441,/mnt/HDD/AliWorks/I-DARE/raw_downloads/EEG/sbj_P_20.mat,335031.0,0.010212378212776228,0.0002515824716340214,0.021372312116009567,0.9997716121374082,0.01600144807994299,0.9998719768296721,0.018564826277857736,0.9998276736126372
594,20,sbj_P_20,Flowers_6,/mnt/HDD/AliWorks/I-DARE/raw_downloads/EEG/sbj_P_20.mat,344427.0,0.015792892302182126,0.00044852021944351685,0.03020922737303317,0.9995437012907628,0.015864354705360156,0.9998741611248916,0.028313415360476095,0.9995991752553123
595,20,sbj_P_20,Yarn_1,/mnt/HDD/AliWorks/I-DARE/raw_downloads/EEG/sbj_P_20.mat,351959.0,0.016775366233066264,0.00048506698815341736,0.022215672531014714,0.9997532319469975,0.01947943016312898,0.9998102759002594,0.017729666673172165,0.9998428294598296
596,20,sbj_P_20,9331,/mnt/HDD/AliWorks/I-DARE/raw_downloads/EEG/sbj_P_20.mat,360705.0,0.01332609392669179,0.0003485520430956587,0.021438000542577784,0.9997702060663677,0.014943882199046426,0.9998883401924104,0.01881421209164195,0.9998230127116849
597,20,sbj_P_20,Beach_1,/mnt/HDD/AliWorks/I-DARE/raw_downloads/EEG/sbj_P_20.mat,368894.0,0.009203486409795824,0.00029377969081450963,0.016075516656913313,0.9998707888821066,0.014526487042048475,0.9998944905871093,0.012364357022757315,0.9999235613377073
598,20,sbj_P_20,2491,/mnt/HDD/AliWorks/I-DARE/raw_downloads/EEG/sbj_P_20.mat,378231.0,0.010843688720535635,0.0004024303450107778,0.01668580571080043,0.9998607919438909,0.013463022541280154,0.9999093735120264,0.013707934472316257,0.9999060462662511
599,20,sbj_P_20,9360,/mnt/HDD/AliWorks/I-DARE/raw_downloads/EEG/sbj_P_20.mat,389110.0,0.007337323753763779,0.00021281383765540943,0.012263126913488536,0.9999248078591518,0.012632849842935895,0.9999202055524231,0.008401657019545867,0.999964706079663
600,20,sbj_P_20,Lake_3,/mnt/HDD/AliWorks/I-DARE/raw_downloads/EEG/sbj_P_20.mat,398168.0,0.008497541096708786,0.00021898719364779303,0.01680118954326731,0.9998588600149654,0.012612337012305146,0.9999204644775437,0.014362012099104659,0.9998968663042329
601,20,sbj_P_20,3170,/mnt/HDD/AliWorks/I-DARE/raw_downloads/EEG/sbj_P_20.mat,407109.0,0.010541828498518143,0.0002657474976128535,0.01702917893692628,0.9998550035323668,0.012228626701191124,0.9999252303445013,0.01483339713145101,0.9998899851647702
602,20,sbj_P_20,8080,/mnt/HDD/AliWorks/I-DARE/raw_downloads/EEG/sbj_P_20.mat,416409.0,0.012832627688209265,0.0004933499185049912,0.024028336073925627,0.9997113195327592,0.018610957620784924,0.999826816128218,0.020149658175628835,0.9997969956377027
603,20,sbj_P_20,Snow_1,/mnt/HDD/AliWorks/I-DARE/raw_downloads/EEG/sbj_P_20.mat,425070.0,0.01944765416754183,0.0007070345191190158,0.022893763764738274,0.999737937790342,0.02310524299591315,0.9997330738730502,0.016303487145318502,0.9998670981534515
604,20,sbj_P_20,4220,/mnt/HDD/AliWorks/I-DARE/raw_downloads/EEG/sbj_P_20.mat,434884.0,0.007944875086174799,0.00024365313927640953,0.020043132442213302,0.9997991364209524,0.014266186337344737,0.9998982379636941,0.017293440443098197,0.9998504684588208
605,20,sbj_P_20,5760,/mnt/HDD/AliWorks/I-DARE/raw_downloads/EEG/sbj_P_20.mat,444440.0,0.010010976430009975,0.0002778334890271336,0.021123691736132905,0.9997768948237188,0.01570518561326333,0.999876673572426,0.018087098177129057,0.9998364284397654
606,20,sbj_P_20,3063,/mnt/HDD/AliWorks/I-DARE/raw_downloads/EEG/sbj_P_20.mat,453087.0,0.006641298947809231,0.00017665547628680455,0.01336508336970429,0.9999106872732608,0.009686309720589046,0.9999530877019991,0.011636561488341201,0.9999322952183647
607,20,sbj_P_20,3080,/mnt/HDD/AliWorks/I-DARE/raw_downloads/EEG/sbj_P_20.mat,460892.0,0.009397705202766464,0.00026871203814412783,0.019760823020750048,0.9998047549367711,0.018588992963826784,0.9998272246702955,0.014894288823827744,0.9998890800802164
608,21,sbj_P_21,Dummy_1,/mnt/HDD/AliWorks/I-DARE/raw_downloads/EEG/sbj_P_21.mat,169597.0,0.018748983701606627,0.0007214792474074634,0.01948033459040282,0.9998102582821233,0.02218616484412688,0.9997538870447548,0.012497288322191125,0.9999219088922963
609,21,sbj_P_21,3053,/mnt/HDD/AliWorks/I-DARE/raw_downloads/EEG/sbj_P_21.mat,180770.0,0.009516132924720411,0.0003659284098900301,0.017051834653036422,0.9998546174674829,0.012940961428300772,0.999916265758655,0.014547875267827798,0.9998941796625963
610,21,sbj_P_21,Tumor_1,/mnt/HDD/AliWorks/I-DARE/raw_downloads/EEG/sbj_P_21.mat,190628.0,0.018362749225628503,0.0008711677450470831,0.028752251422368574,0.999586654019072,0.026426447592175228,0.999650821433829,0.022498640618960935,0.9997469055851499
611,21,sbj_P_21,Dog_18,/mnt/HDD/AliWorks/I-DARE/raw_downloads/EEG/sbj_P_21.mat,201337.0,0.014716969699633221,0.0006095469309804516,0.02562701374873673,0.999671628083161,0.02226205755449121,0.9997522003967205,0.02103572037751201,0.9997787492340996
612,21,sbj_P_21,Miserable_pose_3,/mnt/HDD/AliWorks/I-DARE/raw_downloads/EEG/sbj_P_21.mat,211951.0,0.02082770723547875,0.0007463955974255628,0.02138435579120488,0.999771354663698,0.02531509573538968,0.9996795729639536,0.013556111959016005,0.9999081159142773
613,21,sbj_P_21,Pinecone_1,/mnt/HDD/AliWorks/I-DARE/raw_downloads/EEG/sbj_P_21.mat,222318.0,0.01189734119309149,0.0004378494552857998,0.014227417737905005,0.9998987902922555,0.014792014331722416,0.9998905981560046,0.010310955759791705,0.9999468420956596
614,21,sbj_P_21,Garbage_dump_6,/mnt/HDD/AliWorks/I-DARE/raw_downloads/EEG/sbj_P_21.mat,231087.0,0.014484748506559408,0.0006152955778102939,0.027727603350863512,0.9996155900062088,0.018497073837422044,0.9998289291297267,0.02433284989999806,0.9997039562078729
615,21,sbj_P_21,Depressed_pose_4,/mnt/HDD/AliWorks/I-DARE/raw_downloads/EEG/sbj_P_21.mat,239668.0,0.0189127946068416,0.0008428999595590879,0.02223313730429658,0.9997528438028045,0.02440227975000424,0.9997022643715017,0.015258699155082489,0.9998835860500477
616,21,sbj_P_21,Angry_face_1,/mnt/HDD/AliWorks/I-DARE/raw_downloads/EEG/sbj_P_21.mat,249331.0,0.018867507104719138,0.0007981192261079911,0.02568314683488616,0.9996701879843296,0.017693808518876728,0.999843464570049,0.022415251172913597,0.9997487782574277
617,21,sbj_P_21,Dog_26,/mnt/HDD/AliWorks/I-DARE/raw_downloads/EEG/sbj_P_21.mat,257033.0,0.012381873848772824,0.00047864577960656185,0.019771326486141553,0.9998045473244891,0.02213890436156288,0.9997549344568349,0.013593474635543064,0.9999076087236668
618,21,sbj_P_21,8370,/mnt/HDD/AliWorks/I-DARE/raw_downloads/EEG/sbj_P_21.mat,265848.0,0.025102096607504128,0.0011682977576448826,0.026886872490234536,0.9996385480438469,0.02523411323447022,0.999681619764635,0.02013465624905899,0.9997972978088658
619,21,sbj_P_21,Dog_6,/mnt/HDD/AliWorks/I-DARE/raw_downloads/EEG/sbj_P_21.mat,274062.0,0.014809804794735627,0.0005032615265073582,0.01899381136413093,0.9998196175649329,0.01678681198707429,0.9998591014716558,0.015589942956836664,0.9998784768393014
620,21,sbj_P_21,9220,/mnt/HDD/AliWorks/I-DARE/raw_downloads/EEG/sbj_P_21.mat,286399.0,0.017885502462626764,0.0008465328364000511,0.02171462249938677,0.9997642375848548,0.023845756064320354,0.9997156899588608,0.014642967625730368,0.9998927917495559
621,21,sbj_P_21,Lake_12,/mnt/HDD/AliWorks/I-DARE/raw_downloads/EEG/sbj_P_21.mat,297710.0,0.015750213971561452,0.0006483688373243747,0.02128856205813766,0.9997733985627486,0.02136715836286339,0.9997717222717477,0.015374059193251334,0.9998818191519612
622,21,sbj_P_21,2314,/mnt/HDD/AliWorks/I-DARE/raw_downloads/EEG/sbj_P_21.mat,307953.0,0.018940606491897584,0.0007847436985495153,0.02695903870342823,0.9996366051160938,0.030289336842420946,0.9995412780368229,0.016641448028285686,0.9998615311037609
623,21,sbj_P_21,1750,/mnt/HDD/AliWorks/I-DARE/raw_downloads/EEG/sbj_P_21.mat,319713.0,0.02190421415471434,0.0007999351412705857,0.02566025545765572,0.9996707756449241,0.028651014997790308,0.999589559669799,0.016120097851852134,0.9998700712226241
624,21,sbj_P_21,8492,/mnt/HDD/AliWorks/I-DARE/raw_downloads/EEG/sbj_P_21.mat,458825.0,0.07405173016089614,0.003371447691587914,0.05727240573136578,0.9983599357708705,0.06666670159461054,0.9977777754492476,0.03432318128564469,0.9994109596132167
625,21,sbj_P_21,1441,/mnt/HDD/AliWorks/I-DARE/raw_downloads/EEG/sbj_P_21.mat,466353.0,0.040387354412700235,0.001733963861920871,0.028098429292533984,0.9996052391356461,0.034475615867976324,0.9994057159552618,0.015462955944448725,0.9998804484967301
626,21,sbj_P_21,Flowers_6,/mnt/HDD/AliWorks/I-DARE/raw_downloads/EEG/sbj_P_21.mat,474562.0,0.038753907668398764,0.0014171288399837442,0.03759404806861016,0.9992933437749077,0.04203799422107376,0.9991164035209347,0.02359782658868752,0.9997215712901452
627,21,sbj_P_21,Yarn_1,/mnt/HDD/AliWorks/I-DARE/raw_downloads/EEG/sbj_P_21.mat,482717.0,0.030519245680397034,0.0012523077656222178,0.02279939684917709,0.9997400937516564,0.027377444678255137,0.9996252377614447,0.013082864122578856,0.9999144193331748
628,21,sbj_P_21,9331,/mnt/HDD/AliWorks/I-DARE/raw_downloads/EEG/sbj_P_21.mat,491339.0,0.012084017917599112,0.0004488227162371078,0.01648900280211059,0.9998640563932962,0.01713370582844666,0.9998532180622922,0.01124879729386637,0.9999367322797207
629,21,sbj_P_21,Beach_1,/mnt/HDD/AliWorks/I-DARE/raw_downloads/EEG/sbj_P_21.mat,499995.0,0.029039965986510374,0.001091974240738483,0.03448433212045896,0.9994054154191032,0.038229812722262384,0.9992692407096101,0.02264415842498989,0.9997436210446122
630,21,sbj_P_21,2491,/mnt/HDD/AliWorks/I-DARE/raw_downloads/EEG/sbj_P_21.mat,512618.0,0.02618877581480242,0.0009203711948517103,0.03321485499468609,0.9994483867038408,0.03493799846257438,0.9993896681317145,0.023009459619406848,0.9997352823840109
631,21,sbj_P_21,9360,/mnt/HDD/AliWorks/I-DARE/raw_downloads/EEG/sbj_P_21.mat,520896.0,0.01890566078461677,0.0006800138880271615,0.01836790133220078,0.9998313101003244,0.02193551262680802,0.9997594166428992,0.01065301847877335,0.9999432565986459
632,21,sbj_P_21,Lake_3,/mnt/HDD/AliWorks/I-DARE/raw_downloads/EEG/sbj_P_21.mat,530746.0,0.028921517379697167,0.0011758331157428667,0.028244481563901806,0.9996011246305931,0.0293964241452742,0.9995679251237357,0.019732468896527047,0.9998053148356238
633,21,sbj_P_21,3170,/mnt/HDD/AliWorks/I-DARE/raw_downloads/EEG/sbj_P_21.mat,539417.0,0.03657120662865492,0.0018992573825671274,0.036434758324468415,0.9993362541929188,0.03121843508306461,0.9995127046554823,0.02906913763026417,0.9995774926187158
634,21,sbj_P_21,8080,/mnt/HDD/AliWorks/I-DARE/raw_downloads/EEG/sbj_P_21.mat,548816.0,0.05327392904932504,0.003013845767212644,0.047506308111314066,0.9988715753448169,0.04853569257533464,0.9988221432731169,0.031535611155911664,0.9995027526145116
635,21,sbj_P_21,Snow_1,/mnt/HDD/AliWorks/I-DARE/raw_downloads/EEG/sbj_P_21.mat,558104.0,0.03057891371226605,0.0012140636354533603,0.034203274571822255,0.9994150680042819,0.024458473435249643,0.9997008915386085,0.029728361998339527,0.9995581122464482
636,21,sbj_P_21,4220,/mnt/HDD/AliWorks/I-DARE/raw_downloads/EEG/sbj_P_21.mat,565496.0,0.026770761507955168,0.0013245212018575302,0.03297820043351487,0.9994562191480829,0.027076145258499867,0.9996334411789702,0.02707132580050846,0.9996335716597016
637,21,sbj_P_21,5760,/mnt/HDD/AliWorks/I-DARE/raw_downloads/EEG/sbj_P_21.mat,573546.0,0.027776492073424267,0.0010754422015912617,0.023253558940797378,0.9997296359982936,0.017026392407872792,0.9998550509807863,0.019997312238840798,0.999800053751611
638,21,sbj_P_21,3063,/mnt/HDD/AliWorks/I-DARE/raw_downloads/EEG/sbj_P_21.mat,582105.0,0.026290029325247998,0.0012265570963921235,0.041141065016583316,0.9991537063846506,0.032228418513208616,0.9994806645200691,0.03517695675264493,0.9993812908568114
639,21,sbj_P_21,3080,/mnt/HDD/AliWorks/I-DARE/raw_downloads/EEG/sbj_P_21.mat,590359.0,0.026803354234907505,0.0009788606281627415,0.03051936405679211,0.9995342842087844,0.03726318198901151,0.9993057276340267,0.016499986691159603,0.9998638752195959
640,22,sbj_P_22,Dummy_1,/mnt/HDD/AliWorks/I-DARE/raw_downloads/EEG/sbj_P_22.mat,174564.0,0.0473743298780191,0.0028387462502043027,0.04503076565366499,0.9989861150723223,0.048819889571007,0.9988083091911378,0.026268420710780147,0.9996549850366806
641,22,sbj_P_22,3053,/mnt/HDD/AliWorks/I-DARE/raw_downloads/EEG/sbj_P_22.mat,184295.0,0.036524832336302285,0.0023436345542860253,0.038805884598996046,0.9992470516602452,0.04389376833716828,0.9990366685505816,0.021188679167064906,0.9997755199375786
642,22,sbj_P_22,Tumor_1,/mnt/HDD/AliWorks/I-DARE/raw_downloads/EEG/sbj_P_22.mat,193781.0,0.03191672554909406,0.0019071925433457545,0.04191448410386157,0.999121588011153,0.041071570348282696,0.9991565630545628,0.028863463400542654,0.9995834502402628
643,22,sbj_P_22,Dog_18,/mnt/HDD/AliWorks/I-DARE/raw_downloads/EEG/sbj_P_22.mat,202706.0,0.028811221944023704,0.001558130679785988,0.042731385678972784,0.9990870143389775,0.03676994086877725,0.9993239857242537,0.03320424681796289,0.9994487389966257
644,22,sbj_P_22,Miserable_pose_3,/mnt/HDD/AliWorks/I-DARE/raw_downloads/EEG/sbj_P_22.mat,212126.0,0.08031985213065215,0.005842185674898955,0.07394999804438411,0.9972656988946184,0.07627336314028839,0.9970911870376347,0.04748768991685482,0.9988724596531801
645,22,sbj_P_22,Pinecone_1,/mnt/HDD/AliWorks/I-DARE/raw_downloads/EEG/sbj_P_22.mat,222341.0,0.04317818152993991,0.0025944651036127653,0.04064225749021692,0.9991741034530499,0.047610430925136296,0.9988666234335619,0.01900060838968408,0.9998194884404114
646,22,sbj_P_22,Garbage_dump_6,/mnt/HDD/AliWorks/I-DARE/raw_downloads/EEG/sbj_P_22.mat,231345.0,0.03375715032153126,0.0017572257129933617,0.046248793381709216,0.9989305245553676,0.0465762317142297,0.9989153273196508,0.032256209671519195,0.9994797684688129
647,22,sbj_P_22,Depressed_pose_4,/mnt/HDD/AliWorks/I-DARE/raw_downloads/EEG/sbj_P_22.mat,239690.0,0.053681827835871346,0.0028213138996065067,0.05348308755523972,0.9985697796727796,0.053242061390799095,0.9985826414494292,0.03882031908781254,0.9992464914129597
648,22,sbj_P_22,Angry_face_1,/mnt/HDD/AliWorks/I-DARE/raw_downloads/EEG/sbj_P_22.mat,248516.0,0.11562250819870619,0.007019045351856373,0.07184019863248835,0.9974194929302229,0.07703296652567493,0.9970329610341271,0.04497834409176461,0.9989884742813818
649,22,sbj_P_22,Dog_26,/mnt/HDD/AliWorks/I-DARE/raw_downloads/EEG/sbj_P_22.mat,257566.0,0.04101076231837523,0.002037400045279574,0.04827566219596416,0.9988347302197711,0.04849613976988821,0.9988240622137105,0.03166433152443897,0.9994986850545555
650,22,sbj_P_22,8370,/mnt/HDD/AliWorks/I-DARE/raw_downloads/EEG/sbj_P_22.mat,266261.0,0.03821884678446836,0.0019362589442619674,0.04057575016861479,0.9991768042491275,0.042339046561151665,0.9991037025681461,0.026778251061605935,0.9996414626350407
651,22,sbj_P_22,Dog_6,/mnt/HDD/AliWorks/I-DARE/raw_downloads/EEG/sbj_P_22.mat,274266.0,0.10371050336843002,0.006030911985640544,0.06340015859917655,0.9979902099447997,0.07786507250796094,0.9969685152416652,0.032806791918825434,0.9994618572019973
652,22,sbj_P_22,9220,/mnt/HDD/AliWorks/I-DARE/raw_downloads/EEG/sbj_P_22.mat,282529.0,0.06805617431018168,0.0039351808442952335,0.05274592732801157,0.9986089335751537,0.062479194830471665,0.9980481751066678,0.02847219523483585,0.9995946670492545
653,22,sbj_P_22,Lake_12,/mnt/HDD/AliWorks/I-DARE/raw_downloads/EEG/sbj_P_22.mat,291712.0,0.0716409983770679,0.004553957089620013,0.05838826233321667,0.9982954054108537,0.06537425643354094,0.9978631032978809,0.03546445445838894,0.9993711362349847
654,22,sbj_P_22,2314,/mnt/HDD/AliWorks/I-DARE/raw_downloads/EEG/sbj_P_22.mat,300132.0,0.06936240935930402,0.0027540130336997145,0.04972255891683047,0.998763833567381,0.061829698707475574,0.9980885441788712,0.031060996663205515,0.9995176072431439
655,22,sbj_P_22,1750,/mnt/HDD/AliWorks/I-DARE/raw_downloads/EEG/sbj_P_22.mat,309701.0,0.04027179503827025,0.0018805152793778014,0.03915826174469251,0.9992333152685674,0.045588498617782795,0.9989608443968888,0.023455150203544002,0.9997249279644647
656,22,sbj_P_22,8492,/mnt/HDD/AliWorks/I-DARE/raw_downloads/EEG/sbj_P_22.mat,318213.0,0.08148590711114242,0.004690575318518199,0.05995403558838317,0.9982027568083343,0.07151151787969384,0.9974430514052709,0.03181951889205514,0.9994937591087395
657,22,sbj_P_22,1441,/mnt/HDD/AliWorks/I-DARE/raw_downloads/EEG/sbj_P_22.mat,325553.0,0.035996089740040836,0.0019294063878731336,0.04652073256870015,0.9989179107206354,0.04457031897720781,0.9990067433331349,0.03393906115325639,0.9994240700640178
658,22,sbj_P_22,Flowers_6,/mnt/HDD/AliWorks/I-DARE/raw_downloads/EEG/sbj_P_22.mat,333555.0,0.04092710824825911,0.0023379962173509473,0.047105225119601975,0.9988905488832159,0.04495019879572144,0.9989897398141125,0.03417077322125068,0.999416179128731
659,22,sbj_P_22,Yarn_1,/mnt/HDD/AliWorks/I-DARE/raw_downloads/EEG/sbj_P_22.mat,345077.0,0.028310190527493475,0.0013257458886826356,0.03337233776701415,0.9994431435359824,0.03555898875277082,0.9993677791594405,0.02092470017982637,0.9997810784611927
660,22,sbj_P_22,9331,/mnt/HDD/AliWorks/I-DARE/raw_downloads/EEG/sbj_P_22.mat,352764.0,0.028686710694523596,0.0014762591747266912,0.03850134563772825,0.9992588231920424,0.03473660880775645,0.9993966840042686,0.02840540268505302,0.9995965665491507
661,22,sbj_P_22,Beach_1,/mnt/HDD/AliWorks/I-DARE/raw_downloads/EEG/sbj_P_22.mat,362183.0,0.04054676652289913,0.0020657350495260937,0.031363407245152644,0.9995081683429873,0.03522979467627916,0.9993794307835335,0.019293212552731163,0.9998138859746982
662,22,sbj_P_22,2491,/mnt/HDD/AliWorks/I-DARE/raw_downloads/EEG/sbj_P_22.mat,370110.0,0.040499934824320585,0.0018993446438528806,0.03615548166051794,0.999346390572948,0.038315061214209224,0.9992659780420755,0.023044135990709137,0.9997344838982212
663,22,sbj_P_22,9360,/mnt/HDD/AliWorks/I-DARE/raw_downloads/EEG/sbj_P_22.mat,378627.0,0.038755168828527135,0.0019018660412909714,0.03740681270692002,0.9993003651815546,0.03924031980747724,0.9992300986507029,0.024518845324611075,0.9996994131119735
664,22,sbj_P_22,Lake_3,/mnt/HDD/AliWorks/I-DARE/raw_downloads/EEG/sbj_P_22.mat,386667.0,0.02601683484358455,0.0012490184033172298,0.03053592212200675,0.9995337787300796,0.0306488956945094,0.9995303225963533,0.0218576101864664,0.9997611224384687
665,22,sbj_P_22,3170,/mnt/HDD/AliWorks/I-DARE/raw_downloads/EEG/sbj_P_22.mat,394350.0,0.0689264611094684,0.004094780189624192,0.05459101828247709,0.9985099103614411,0.055746724710219596,0.9984461513420423,0.03769451338497318,0.9992895618303352
666,22,sbj_P_22,8080,/mnt/HDD/AliWorks/I-DARE/raw_downloads/EEG/sbj_P_22.mat,402280.0,0.0677055100782622,0.003628295887998798,0.05037537902394991,0.9987311605940963,0.05756039243737362,0.9983434006112276,0.030681375885473972,0.9995293265868868
667,22,sbj_P_22,Snow_1,/mnt/HDD/AliWorks/I-DARE/raw_downloads/EEG/sbj_P_22.mat,410119.0,0.032290546483499376,0.001818386773031195,0.03222147903079638,0.9994808881445338,0.03397767049697558,0.9994227589537993,0.0210645586445876,0.9997781421845547
668,22,sbj_P_22,4220,/mnt/HDD/AliWorks/I-DARE/raw_downloads/EEG/sbj_P_22.mat,418189.0,0.0701784583474805,0.0038810813170259907,0.05550720975012011,0.9984594748328774,0.05748332988549771,0.9983478333926371,0.03781150192498972,0.9992851451610882
669,22,sbj_P_22,5760,/mnt/HDD/AliWorks/I-DARE/raw_downloads/EEG/sbj_P_22.mat,427914.0,0.040332904194575345,0.0027134050196917655,0.043840229728421616,0.9990390171286804,0.04225690221490593,0.9991071771076007,0.030924545773876055,0.9995218362343408
670,22,sbj_P_22,3063,/mnt/HDD/AliWorks/I-DARE/raw_downloads/EEG/sbj_P_22.mat,436899.0,0.039087614176952834,0.002315014524048757,0.046411849437856686,0.9989229701158785,0.05546803754743892,0.9984616484053175,0.025203324962484067,0.9996823962054178
671,22,sbj_P_22,3080,/mnt/HDD/AliWorks/I-DARE/raw_downloads/EEG/sbj_P_22.mat,446696.0,0.0758248063336586,0.00502206555746389,0.0602083429817647,0.9981874777176949,0.06974566554226791,0.9975677710690336,0.027894238334077455,0.9996109557338809
672,23,sbj_P_23,Dummy_1,/mnt/HDD/AliWorks/I-DARE/raw_downloads/EEG/sbj_P_23.mat,172491.0,0.013766103141745438,0.0004441686524394897,0.01953141297094048,0.9998092619536787,0.01969991477261539,0.9998059566789759,0.013806542819087714,0.9999046896876922
673,23,sbj_P_23,3053,/mnt/HDD/AliWorks/I-DARE/raw_downloads/EEG/sbj_P_23.mat,186291.0,0.07649650115769499,0.007706547160863081,0.08113841154956676,0.9967082790856066,0.09773068997848247,0.9952243561181653,0.03629699689438608,0.9993412640082244
674,23,sbj_P_23,Tumor_1,/mnt/HDD/AliWorks/I-DARE/raw_downloads/EEG/sbj_P_23.mat,200488.0,0.018926348630811028,0.0007328200374836075,0.022506272910724236,0.999746733839834,0.026058301769166393,0.9996604824544532,0.014000937978892099,0.9999019868678558
675,23,sbj_P_23,Dog_18,/mnt/HDD/AliWorks/I-DARE/raw_downloads/EEG/sbj_P_23.mat,211833.0,0.010616241168705794,0.00035916898583279744,0.02059573497588604,0.9997879078504016,0.017933601894809494,0.9998391929615402,0.01680668112388955,0.9998587677348001
676,23,sbj_P_23,Miserable_pose_3,/mnt/HDD/AliWorks/I-DARE/raw_downloads/EEG/sbj_P_23.mat,222299.0,0.044017011567102776,0.0029408534749237277,0.04888863754495197,0.9988049505594997,0.05591415238750467,0.9984368037813934,0.026625435753339977,0.9996455430854724
677,23,sbj_P_23,Pinecone_1,/mnt/HDD/AliWorks/I-DARE/raw_downloads/EEG/sbj_P_23.mat,232114.0,0.028854963970810377,0.001011785779455386,0.03412293126524306,0.9994178127809336,0.031059193339911497,0.9995176632545371,0.02633585176941905,0.9996532114557897
678,23,sbj_P_23,Garbage_dump_6,/mnt/HDD/AliWorks/I-DARE/raw_downloads/EEG/sbj_P_23.mat,241158.0,0.014787568330443146,0.0005777874507741763,0.020987988031137977,0.9997797521792025,0.022602063618310634,0.9997445733600968,0.013336055214989236,0.9999110748156518
679,23,sbj_P_23,Depressed_pose_4,/mnt/HDD/AliWorks/I-DARE/raw_downloads/EEG/sbj_P_23.mat,253087.0,0.01240912255383358,0.00041713252055552524,0.023986756338247206,0.9997123177601848,0.023852679405045155,0.9997155248425997,0.017647588422676143,0.9998442813114325
680,23,sbj_P_23,Angry_face_1,/mnt/HDD/AliWorks/I-DARE/raw_downloads/EEG/sbj_P_23.mat,262542.0,0.011290577643852674,0.0003289922056357661,0.01973559910935247,0.999805253063897,0.018827465598648768,0.9998227632695658,0.01477423905742763,0.9998908609301371
681,23,sbj_P_23,Dog_26,/mnt/HDD/AliWorks/I-DARE/raw_downloads/EEG/sbj_P_23.mat,273292.0,0.012991071713539129,0.0004001264772292444,0.030473323029822297,0.9995356882917601,0.02183510432092178,0.9997616141096478,0.02612237879257014,0.9996588106631092
682,23,sbj_P_23,8370,/mnt/HDD/AliWorks/I-DARE/raw_downloads/EEG/sbj_P_23.mat,284095.0,0.013598848155874225,0.0004459620091056895,0.02069155378118635,0.99978592980106,0.019623898436886205,0.9998074513050698,0.01542415639217951,0.9998810476997946
683,23,sbj_P_23,Dog_6,/mnt/HDD/AliWorks/I-DARE/raw_downloads/EEG/sbj_P_23.mat,296064.0,0.01283761936956829,0.00037122377988566354,0.021917975018114905,0.999759801185552,0.01961803156152446,0.9998075664188258,0.017760804539902343,0.999842276911047
684,23,sbj_P_23,9220,/mnt/HDD/AliWorks/I-DARE/raw_downloads/EEG/sbj_P_23.mat,306939.0,0.009653906990778865,0.00024210548702505296,0.01881688735504326,0.9998229623751337,0.017005268517731358,0.9998554104213198,0.015222880531919517,0.9998841319541562
685,23,sbj_P_23,Lake_12,/mnt/HDD/AliWorks/I-DARE/raw_downloads/EEG/sbj_P_23.mat,315802.0,0.013067382944579953,0.00038243955976309817,0.018946022470820667,0.9998205241162672,0.02146294141378238,0.9997696710729342,0.012349179629136637,0.9999237488812436
686,23,sbj_P_23,2314,/mnt/HDD/AliWorks/I-DARE/raw_downloads/EEG/sbj_P_23.mat,324154.0,0.008576844854631064,0.00022736503970011642,0.012509693653630726,0.9999217537823465,0.014772873877697724,0.9998908810986967,0.007596888576588505,0.9999711436419776
687,23,sbj_P_23,1750,/mnt/HDD/AliWorks/I-DARE/raw_downloads/EEG/sbj_P_23.mat,333149.0,0.08372631012748305,0.005618066562770223,0.07800343940013102,0.9969577317208757,0.08892450014257668,0.9960462166371964,0.047903388421683055,0.9988526326888603
688,23,sbj_P_23,8492,/mnt/HDD/AliWorks/I-DARE/raw_downloads/EEG/sbj_P_23.mat,343078.0,0.00995537104527583,0.00021639697697948054,0.016940051097846694,0.9998565173344013,0.014004588345240092,0.9999019357526405,0.014195327597172737,0.9998992463372045
689,23,sbj_P_23,1441,/mnt/HDD/AliWorks/I-DARE/raw_downloads/EEG/sbj_P_23.mat,353375.0,0.03156968749021565,0.0025824107295097346,0.0364815799192018,0.9993345471632996,0.04226806232837327,0.9991067054535026,0.016857300801679905,0.9998579157048416
690,23,sbj_P_23,Flowers_6,/mnt/HDD/AliWorks/I-DARE/raw_downloads/EEG/sbj_P_23.mat,361715.0,0.008378475946202616,0.00015084228114163018,0.014051452031371476,0.9999012783479049,0.013960069366380234,0.9999025582316426,0.010821927274866323,0.9999414429450291
691,23,sbj_P_23,Yarn_1,/mnt/HDD/AliWorks/I-DARE/raw_downloads/EEG/sbj_P_23.mat,371413.0,0.070931407169587,0.007474428821249771,0.06944001702883719,0.9975890420175172,0.07688477769559435,0.9970443654793494,0.035644511266961235,0.9993647344082697
692,23,sbj_P_23,9331,/mnt/HDD/AliWorks/I-DARE/raw_downloads/EEG/sbj_P_23.mat,379434.0,0.008945097041387923,0.0001785191711423431,0.02364355257388581,0.9997204912108428,0.0151470985003167,0.9998852827035111,0.021660640208129106,0.9997654083328874
693,23,sbj_P_23,Beach_1,/mnt/HDD/AliWorks/I-DARE/raw_downloads/EEG/sbj_P_23.mat,389551.0,0.010696278546956563,0.00027395771601957454,0.014822187745865637,0.9998901513752126,0.016955089596405987,0.9998562624683889,0.00961280020061277,0.9999537970361516
694,23,sbj_P_23,2491,/mnt/HDD/AliWorks/I-DARE/raw_downloads/EEG/sbj_P_23.mat,398431.0,0.1375216082263848,0.014020398991451412,0.10498896549532287,0.9944886585621112,0.12348069257253186,0.992376259280904,0.04120091779397052,0.9991512421864672
695,23,sbj_P_23,9360,/mnt/HDD/AliWorks/I-DARE/raw_downloads/EEG/sbj_P_23.mat,409028.0,0.011116362511652043,0.0002968024777564004,0.021493136414382077,0.9997690225435368,0.01753513186280547,0.9998462595752776,0.017767025616558782,0.9998421664003707
696,23,sbj_P_23,Lake_3,/mnt/HDD/AliWorks/I-DARE/raw_downloads/EEG/sbj_P_23.mat,417043.0,0.007482755831253452,0.0001245719658915419,0.016352925741835705,0.999866290909841,0.011232552823445692,0.9999369148785346,0.014596200644965248,0.9998934754633659
697,23,sbj_P_23,3170,/mnt/HDD/AliWorks/I-DARE/raw_downloads/EEG/sbj_P_23.mat,425817.0,0.10153820495342054,0.010509640771879769,0.09433860873550315,0.9955501134509255,0.11532630258451083,0.9933499219660932,0.04106229685433376,0.9991569438885237
698,23,sbj_P_23,8080,/mnt/HDD/AliWorks/I-DARE/raw_downloads/EEG/sbj_P_23.mat,434104.0,0.009051924312391399,0.00024630348988085134,0.020529067029523746,0.9997892787034486,0.01559176470250264,0.9998784484367309,0.017416345183736966,0.9998483354602204
699,23,sbj_P_23,Snow_1,/mnt/HDD/AliWorks/I-DARE/raw_downloads/EEG/sbj_P_23.mat,444263.0,0.13683441243927116,0.00970254645112723,0.08366111032535999,0.9965004093095643,0.09834075555585887,0.9951645478983511,0.03697372636367655,0.999316471779392
700,23,sbj_P_23,4220,/mnt/HDD/AliWorks/I-DARE/raw_downloads/EEG/sbj_P_23.mat,452339.0,0.01981376726233056,0.0013342927140319201,0.034966243235288505,0.9993886809170052,0.03972441101055902,0.999210985584932,0.017342852239993843,0.9998496127380909
701,23,sbj_P_23,5760,/mnt/HDD/AliWorks/I-DARE/raw_downloads/EEG/sbj_P_23.mat,461936.0,0.009027960043594333,0.00030061765411924817,0.020044826958989025,0.9997991024560924,0.017257427199086038,0.9998510906032342,0.016121098187074193,0.9998700550966217
702,23,sbj_P_23,3063,/mnt/HDD/AliWorks/I-DARE/raw_downloads/EEG/sbj_P_23.mat,469918.0,0.0188748662194471,0.00037314782347781344,0.026053297792316604,0.9996606128370719,0.023988727922534574,0.9997122704663295,0.02119307923460597,0.9997754266962782
703,23,sbj_P_23,3080,/mnt/HDD/AliWorks/I-DARE/raw_downloads/EEG/sbj_P_23.mat,480482.0,0.016783420313242894,0.00027758727601479005,0.02114637652161499,0.9997764153800031,0.016325580784396505,0.9998667377060261,0.01780056094398905,0.9998415700150393
704,24,sbj_P_24,Dummy_1,/mnt/HDD/AliWorks/I-DARE/raw_downloads/EEG/sbj_P_24.mat,194794.0,0.012460694587765695,0.00028114275819152233,0.024817914293171338,0.9996920355650681,0.01699756166581476,0.9998555414487083,0.02216793294160291,0.9997542913745487
705,24,sbj_P_24,3053,/mnt/HDD/AliWorks/I-DARE/raw_downloads/EEG/sbj_P_24.mat,205160.0,0.011840152212688968,0.0003035198959857436,0.024885862892936608,0.9996903469140369,0.016539319497528248,0.9998632254552791,0.022710591368354245,0.9997421145198502
706,24,sbj_P_24,Tumor_1,/mnt/HDD/AliWorks/I-DARE/raw_downloads/EEG/sbj_P_24.mat,215007.0,0.013488078327985398,0.00029396492855835935,0.024027753841222653,0.9997113335226728,0.01856475540276515,0.9998276749284177,0.0206027210292531,0.9997877639430961
707,24,sbj_P_24,Dog_18,/mnt/HDD/AliWorks/I-DARE/raw_downloads/EEG/sbj_P_24.mat,225713.0,0.014544405495465864,0.0005942838426343211,0.028162910743623648,0.9996034252292235,0.027020511522086673,0.9996349459785422,0.02126194353732319,0.999773964878508
708,24,sbj_P_24,Miserable_pose_3,/mnt/HDD/AliWorks/I-DARE/raw_downloads/EEG/sbj_P_24.mat,237486.0,0.04279679249174088,0.002705135463646521,0.047895787892457714,0.9988529967510814,0.052309986215323186,0.9986318326710775,0.02939035810518021,0.9995681034252255
709,24,sbj_P_24,Pinecone_1,/mnt/HDD/AliWorks/I-DARE/raw_downloads/EEG/sbj_P_24.mat,247177.0,0.0540818663810342,0.00289704513647642,0.05296838427290711,0.9985971751337589,0.0515176065668549,0.9986729681068112,0.0365359812157111,0.9993325610383014
710,24,sbj_P_24,Garbage_dump_6,/mnt/HDD/AliWorks/I-DARE/raw_downloads/EEG/sbj_P_24.mat,256237.0,0.04004776953688748,0.002474237466197259,0.044189119278401696,0.9990236608686992,0.044285947280635604,0.9990193774367275,0.02992106194745244,0.999552365025968
711,24,sbj_P_24,Depressed_pose_4,/mnt/HDD/AliWorks/I-DARE/raw_downloads/EEG/sbj_P_24.mat,263909.0,0.052183859058318044,0.002644005893721962,0.045066543363801045,0.9989845033346195,0.052698024802224346,0.9986114590909723,0.024420458428606438,0.9997018206050683
712,24,sbj_P_24,Angry_face_1,/mnt/HDD/AliWorks/I-DARE/raw_downloads/EEG/sbj_P_24.mat,274471.0,0.04992780586313997,0.0026605379777557545,0.047094822046614776,0.9988910388681982,0.048240446258096016,0.9988364296724105,0.03143400552780291,0.9995059516482391
713,24,sbj_P_24,Dog_26,/mnt/HDD/AliWorks/I-DARE/raw_downloads/EEG/sbj_P_24.mat,282807.0,0.045170327456476596,0.0026633200595341943,0.04617104408427841,0.9989341173440842,0.05201408173678028,0.9986472676505403,0.02620674249989014,0.9996566033237727
714,24,sbj_P_24,8370,/mnt/HDD/AliWorks/I-DARE/raw_downloads/EEG/sbj_P_24.mat,292285.0,0.03927487321535254,0.002100398727763556,0.04488844796003679,0.9989925136198696,0.04729455714336806,0.9988816124323071,0.029630825166886986,0.9995610070999649
715,24,sbj_P_24,Dog_6,/mnt/HDD/AliWorks/I-DARE/raw_downloads/EEG/sbj_P_24.mat,300613.0,0.029433506515157096,0.0017028270120291516,0.036325212697251,0.9993402394612497,0.04226532543124503,0.9991068211330953,0.01894098998963275,0.9998206194491062
716,24,sbj_P_24,9220,/mnt/HDD/AliWorks/I-DARE/raw_downloads/EEG/sbj_P_24.mat,310165.0,0.026419685204752203,0.001358526252132613,0.034889559054415833,0.9993913593344944,0.03865757322237062,0.9992527960162795,0.019547846707469455,0.9998089408445506
717,24,sbj_P_24,Lake_12,/mnt/HDD/AliWorks/I-DARE/raw_downloads/EEG/sbj_P_24.mat,320151.0,0.026149032653279843,0.0011784016535130411,0.038295078484306376,0.9992667434819401,0.03465480256612312,0.9993995223295512,0.028962907660081062,0.9995805749899367
718,24,sbj_P_24,2314,/mnt/HDD/AliWorks/I-DARE/raw_downloads/EEG/sbj_P_24.mat,329372.0,0.028807600325375625,0.0013285510060691153,0.0324495171848735,0.9994735144172346,0.034417083288302036,0.9994077321889626,0.02064980669406629,0.9997867927417486
719,24,sbj_P_24,1750,/mnt/HDD/AliWorks/I-DARE/raw_downloads/EEG/sbj_P_24.mat,338006.0,0.019591747381997322,0.0008897995086423149,0.031336219733217194,0.9995090206664161,0.026764683011674274,0.9996418258716421,0.024542140029472963,0.9996988416813875
720,24,sbj_P_24,8492,/mnt/HDD/AliWorks/I-DARE/raw_downloads/EEG/sbj_P_24.mat,350337.0,0.019039943419987094,0.0007801640879280528,0.02729761944651626,0.9996274199862767,0.02551008808716354,0.9996746177028927,0.020486996730856716,0.9997901414824748
721,24,sbj_P_24,1441,/mnt/HDD/AliWorks/I-DARE/raw_downloads/EEG/sbj_P_24.mat,358703.0,0.013373240129092192,0.0004571964438682098,0.023097933636191594,0.9997332427308692,0.021362279458851066,0.9997718265081614,0.017753975491889146,0.9998423981771163
722,24,sbj_P_24,Flowers_6,/mnt/HDD/AliWorks/I-DARE/raw_downloads/EEG/sbj_P_24.mat,367207.0,0.010855867256705438,0.0003205167436900972,0.02269899398969801,0.9997423778359279,0.01890026414058275,0.999821390007708,0.018667977414754105,0.9998257533096209
723,24,sbj_P_24,Yarn_1,/mnt/HDD/AliWorks/I-DARE/raw_downloads/EEG/sbj_P_24.mat,376606.0,0.013894583331642564,0.0006352496610015415,0.039273984498458835,0.9992287770708076,0.026563144283768433,0.9996471996828795,0.0339277640881301,0.9994244534119899
724,24,sbj_P_24,9331,/mnt/HDD/AliWorks/I-DARE/raw_downloads/EEG/sbj_P_24.mat,384885.0,0.01453312545971413,0.00048571690324650236,0.02672989687389378,0.999642756306555,0.021880713414767657,0.9997606171902301,0.02211866292208535,0.9997553823752697
725,24,sbj_P_24,Beach_1,/mnt/HDD/AliWorks/I-DARE/raw_downloads/EEG/sbj_P_24.mat,392926.0,0.014228340983849577,0.00042996956169359554,0.037777206252329394,0.9992864413438841,0.021291970752664126,0.9997733259907333,0.03500765755992852,0.9993872319560831
726,24,sbj_P_24,2491,/mnt/HDD/AliWorks/I-DARE/raw_downloads/EEG/sbj_P_24.mat,401926.0,0.04729986015418873,0.0028003329292721484,0.04887714290077138,0.9988055124509286,0.05468836362345804,0.9985045914420941,0.028937568442662008,0.9995813085663134
727,24,sbj_P_24,9360,/mnt/HDD/AliWorks/I-DARE/raw_downloads/EEG/sbj_P_24.mat,412705.0,0.028234583166261783,0.0013184812091598078,0.029042519666472158,0.9995782660257116,0.034333943704153845,0.99941059015486,0.01558596482425334,0.9998785388502485
728,24,sbj_P_24,Lake_3,/mnt/HDD/AliWorks/I-DARE/raw_downloads/EEG/sbj_P_24.mat,421461.0,0.02549799989576998,0.0012998158772483713,0.03284943896116304,0.9994604571799681,0.035150648211230304,0.9993822159651646,0.019895177932092126,0.9998020909475248
729,24,sbj_P_24,3170,/mnt/HDD/AliWorks/I-DARE/raw_downloads/EEG/sbj_P_24.mat,429964.0,0.01819532902170333,0.0007042605046097832,0.02740808860634788,0.9996243983394729,0.024895921092392668,0.9996900965564808,0.021024237167018237,0.999778990725772
730,24,sbj_P_24,8080,/mnt/HDD/AliWorks/I-DARE/raw_downloads/EEG/sbj_P_24.mat,437977.0,0.021622136718709124,0.0009537754496944889,0.034933282174378,0.9993898328982623,0.032961791174554195,0.9994567601612822,0.026396089113534166,0.9996516232397555
731,24,sbj_P_24,Snow_1,/mnt/HDD/AliWorks/I-DARE/raw_downloads/EEG/sbj_P_24.mat,446538.0,0.017276839900063404,0.0007565563913609164,0.029842892994637986,0.9995547008688557,0.027306835381048448,0.9996271683707364,0.02262561514552435,0.9997440407696436
732,24,sbj_P_24,4220,/mnt/HDD/AliWorks/I-DARE/raw_downloads/EEG/sbj_P_24.mat,456728.0,0.04082232721308372,0.0023157414082549607,0.03653746680373462,0.9993325067597827,0.034863538942662115,0.9993922668261965,0.023740369289155624,0.999718197433007
733,24,sbj_P_24,5760,/mnt/HDD/AliWorks/I-DARE/raw_downloads/EEG/sbj_P_24.mat,466638.0,0.02776837001592432,0.001207779822714734,0.041915935737032554,0.9991215271656448,0.03597796955429674,0.9993527928533754,0.03338218667392,0.9994428148064334
734,24,sbj_P_24,3063,/mnt/HDD/AliWorks/I-DARE/raw_downloads/EEG/sbj_P_24.mat,475180.0,0.023506202592189968,0.001144100315181448,0.031843693987013234,0.9994929895766306,0.03192437196114946,0.9994904172374429,0.02286596113242585,0.9997385739107447
735,24,sbj_P_24,3080,/mnt/HDD/AliWorks/I-DARE/raw_downloads/EEG/sbj_P_24.mat,483184.0,0.01819587605721201,0.0007843425871716692,0.030103216037349067,0.9995468981921042,0.02808805692433686,0.9996055305291078,0.02270129320671238,0.9997423256433717
736,25,sbj_P_25,Dummy_1,/mnt/HDD/AliWorks/I-DARE/raw_downloads/EEG/sbj_P_25.mat,175846.0,0.010090860759902556,0.0003062572507577403,0.013829783276034097,0.9999043685472689,0.014581478508366556,0.9998936902422555,0.009951858116567529,0.9999504802600137
737,25,sbj_P_25,3053,/mnt/HDD/AliWorks/I-DARE/raw_downloads/EEG/sbj_P_25.mat,188146.0,0.012425702014045074,0.00034708032484689764,0.021965578284154564,0.9997587566853211,0.016036958464753136,0.9998714079816,0.01925207812384733,0.9998146787439569
738,25,sbj_P_25,Tumor_1,/mnt/HDD/AliWorks/I-DARE/raw_downloads/EEG/sbj_P_25.mat,199795.0,0.019731090161183632,0.00048497107333893703,0.033687934903600725,0.9994325615209654,0.01968546016317944,0.999806241329082,0.031063978012065483,0.9995175146350331
739,25,sbj_P_25,Dog_18,/mnt/HDD/AliWorks/I-DARE/raw_downloads/EEG/sbj_P_25.mat,213165.0,0.013208250795410693,0.00037334798601700654,0.020640145704252766,0.9997869921926535,0.016576158931418627,0.9998626154775401,0.017582168975343693,0.9998454336670614
740,25,sbj_P_25,Miserable_pose_3,/mnt/HDD/AliWorks/I-DARE/raw_downloads/EEG/sbj_P_25.mat,224042.0,0.015158940771688967,0.0004451260766582827,0.02062367800640961,0.9997873319527438,0.016129115294161587,0.9998699258199137,0.017869731382397107,0.9998403363501603
741,25,sbj_P_25,Pinecone_1,/mnt/HDD/AliWorks/I-DARE/raw_downloads/EEG/sbj_P_25.mat,234727.0,0.01164333008463521,0.00031998318817477196,0.017377487577216258,0.9998490114627515,0.014847524536741966,0.9998897755075651,0.014517119860083024,0.9998946266154838
742,25,sbj_P_25,Garbage_dump_6,/mnt/HDD/AliWorks/I-DARE/raw_downloads/EEG/sbj_P_25.mat,246245.0,0.013601362719579175,0.0003397387425311994,0.021978176536689074,0.9997584798780609,0.017172990514622045,0.9998525441983925,0.01895282679905523,0.9998203951781627
743,25,sbj_P_25,Depressed_pose_4,/mnt/HDD/AliWorks/I-DARE/raw_downloads/EEG/sbj_P_25.mat,260211.0,0.022836369759987474,0.0005982018445557812,0.02029426152430278,0.9997940714745919,0.020250633369836006,0.99979495592406,0.0157242727906309,0.9998763736226033
744,25,sbj_P_25,Angry_face_1,/mnt/HDD/AliWorks/I-DARE/raw_downloads/EEG/sbj_P_25.mat,268978.0,0.013124694325614106,0.0003204714337229838,0.02006623026975496,0.9997986732013804,0.012796685831066334,0.9999181224158702,0.01836137428366664,0.9998314299672078
745,25,sbj_P_25,Dog_26,/mnt/HDD/AliWorks/I-DARE/raw_downloads/EEG/sbj_P_25.mat,278350.0,0.014586376018750716,0.00032219124810979865,0.013568619949681837,0.9999079462763305,0.01377550096981351,0.9999051177865154,0.010268610713952854,0.9999472778170024
746,25,sbj_P_25,8370,/mnt/HDD/AliWorks/I-DARE/raw_downloads/EEG/sbj_P_25.mat,288983.0,0.010425695303629665,0.00027450872228128114,0.02236695053339471,0.9997498597619191,0.014508008758633048,0.9998947588409297,0.0202049501998241,0.9997958799937112
747,25,sbj_P_25,Dog_6,/mnt/HDD/AliWorks/I-DARE/raw_downloads/EEG/sbj_P_25.mat,301467.0,0.015720009345255744,0.00039795319249842306,0.022437661143473075,0.9997482756812055,0.01633528290298207,0.9998665792662396,0.019531877002630465,0.9998092528903769
748,25,sbj_P_25,9220,/mnt/HDD/AliWorks/I-DARE/raw_downloads/EEG/sbj_P_25.mat,311894.0,0.014540474746472305,0.00035186708795598224,0.02003642481799748,0.9997992708402569,0.01599847290033565,0.999872024432429,0.017267261729719624,0.9998509208361788
749,25,sbj_P_25,Lake_12,/mnt/HDD/AliWorks/I-DARE/raw_downloads/EEG/sbj_P_25.mat,321545.0,0.01062600097488849,0.00033754869205204286,0.018405833039524824,0.9998306126550608,0.016564040952459506,0.9998628162736622,0.01508692618281173,0.9998861923291771
750,25,sbj_P_25,2314,/mnt/HDD/AliWorks/I-DARE/raw_downloads/EEG/sbj_P_25.mat,332409.0,0.01123029244361833,0.00025944734974957164,0.015412025359835057,0.9998812347371537,0.01408196063994302,0.9999008491922671,0.012599082677423027,0.9999206315578432
751,25,sbj_P_25,1750,/mnt/HDD/AliWorks/I-DARE/raw_downloads/EEG/sbj_P_25.mat,342673.0,0.013793025820348614,0.000381899529412466,0.02404476621058708,0.999710924608939,0.017801854818678436,0.9998415469825075,0.021337204531346163,0.9997723618513938
752,25,sbj_P_25,8492,/mnt/HDD/AliWorks/I-DARE/raw_downloads/EEG/sbj_P_25.mat,352416.0,0.008370598051434143,0.0002450895751086787,0.022568470033322963,0.9997453320801774,0.011715862862170507,0.9999313692786976,0.021145010968879635,0.999776444255563
753,25,sbj_P_25,1441,/mnt/HDD/AliWorks/I-DARE/raw_downloads/EEG/sbj_P_25.mat,360819.0,0.008402171976801869,0.00022181688183808214,0.016314385706776027,0.9998669204095049,0.01204520031532387,0.9999274565746815,0.014361148340385545,0.9998968787091729
754,25,sbj_P_25,Flowers_6,/mnt/HDD/AliWorks/I-DARE/raw_downloads/EEG/sbj_P_25.mat,370444.0,0.010491340312351874,0.000306680257529203,0.021966254668654855,0.9997587418279156,0.013877860744767276,0.9999037024905744,0.02029127146818964,0.9997941321511021
755,25,sbj_P_25,Yarn_1,/mnt/HDD/AliWorks/I-DARE/raw_downloads/EEG/sbj_P_25.mat,380009.0,0.01059822411297054,0.0003029013427686603,0.020240819992651433,0.9997951546030119,0.014785804591014796,0.9998906899912984,0.017785062291359215,0.9998418457796461
756,25,sbj_P_25,9331,/mnt/HDD/AliWorks/I-DARE/raw_downloads/EEG/sbj_P_25.mat,392455.0,0.009821838343205434,0.0001693667279095804,0.015125339680763706,0.9998856120497701,0.012491928815873406,0.9999219758572298,0.013037928492131316,0.9999150062103167
757,25,sbj_P_25,Beach_1,/mnt/HDD/AliWorks/I-DARE/raw_downloads/EEG/sbj_P_25.mat,402393.0,0.009866735034063965,0.0002805734238149683,0.016870203533028916,0.9998576981163768,0.011210109598012882,0.9999371667214005,0.015257008355018944,0.9998836118480274
758,25,sbj_P_25,2491,/mnt/HDD/AliWorks/I-DARE/raw_downloads/EEG/sbj_P_25.mat,411289.0,0.011865448750480873,0.0003018756190429293,0.01916897030533486,0.9998162752887163,0.014364160447833875,0.9998968354473148,0.01673333040351016,0.9998599978268035
759,25,sbj_P_25,9360,/mnt/HDD/AliWorks/I-DARE/raw_downloads/EEG/sbj_P_25.mat,422322.0,0.014482006424851052,0.0002996368327623541,0.021266922501077406,0.999773859003667,0.014685140088707105,0.9998921733302876,0.019203481448856426,0.999815613150122
760,25,sbj_P_25,Lake_3,/mnt/HDD/AliWorks/I-DARE/raw_downloads/EEG/sbj_P_25.mat,432114.0,0.009098413835588123,0.00017308001833295984,0.019447215639628198,0.9998109029019328,0.011924936348206407,0.9999288979465458,0.018116651844533156,0.9998358934629717
761,25,sbj_P_25,3170,/mnt/HDD/AliWorks/I-DARE/raw_downloads/EEG/sbj_P_25.mat,442357.0,0.009410285899294428,0.0002624920072457615,0.01565502868497584,0.9998774600384365,0.013648203840035804,0.9999068632659703,0.012757632209295518,0.999918621410206
762,25,sbj_P_25,8080,/mnt/HDD/AliWorks/I-DARE/raw_downloads/EEG/sbj_P_25.mat,452077.0,0.030191234473428374,0.0007832944509394706,0.01963016412925119,0.9998073283281289,0.0187925355125616,0.9998234203045049,0.014985308844386269,0.9998877202594193
763,25,sbj_P_25,Snow_1,/mnt/HDD/AliWorks/I-DARE/raw_downloads/EEG/sbj_P_25.mat,461073.0,0.019702748818820316,0.0005682868086162017,0.016153026463800336,0.9998695398680298,0.017428654782730795,0.9998481209962321,0.010999513283104558,0.9999395053537672
764,25,sbj_P_25,4220,/mnt/HDD/AliWorks/I-DARE/raw_downloads/EEG/sbj_P_25.mat,475244.0,0.01790573663275183,0.0005490681928499088,0.018646251388369308,0.9998261586545809,0.01786731522577296,0.9998403795233115,0.0142232645243804,0.9998988493731343
765,25,sbj_P_25,5760,/mnt/HDD/AliWorks/I-DARE/raw_downloads/EEG/sbj_P_25.mat,486105.0,0.020550833830762037,0.00032549179749020605,0.01798113854575115,0.9998383393282994,0.014925449011037251,0.9998886154859092,0.015417526085261495,0.9998811499447053
766,25,sbj_P_25,3063,/mnt/HDD/AliWorks/I-DARE/raw_downloads/EEG/sbj_P_25.mat,496590.0,0.011271362575916067,0.0003666121977347061,0.022455252261769847,0.9997478808229299,0.015437912743572247,0.9998808354250605,0.019766729112250633,0.9998046382101008
767,25,sbj_P_25,3080,/mnt/HDD/AliWorks/I-DARE/raw_downloads/EEG/sbj_P_25.mat,505511.0,0.01119991719067151,0.00028410878969043943,0.018085063179020856,0.9998364652449047,0.013599397433749478,0.9999075281947192,0.015811324412589967,0.9998750010101598
768,26,sbj_P_26,Dummy_1,/mnt/HDD/AliWorks/I-DARE/raw_downloads/EEG/sbj_P_26.mat,173767.0,0.01642712111373153,0.0003159576673052244,0.014377353814840569,0.999896645848641,0.009914599865119762,0.999950850354757,0.012621606899500258,0.9999203475196373
769,26,sbj_P_26,3053,/mnt/HDD/AliWorks/I-DARE/raw_downloads/EEG/sbj_P_26.mat,187854.0,0.026288249295836553,0.0009883495270378835,0.02450814707159126,0.9996996753635582,0.02461276168489203,0.9996971059811214,0.016679186408731932,0.9998609023703708
770,26,sbj_P_26,Tumor_1,/mnt/HDD/AliWorks/I-DARE/raw_downloads/EEG/sbj_P_26.mat,198143.0,0.013033425356628188,0.00029230583657093105,0.018274413636061086,0.9998330229031289,0.012988255909492805,0.9999156526042144,0.015745180838731575,0.9998760446401774
771,26,sbj_P_26,Dog_18,/mnt/HDD/AliWorks/I-DARE/raw_downloads/EEG/sbj_P_26.mat,207558.0,0.013585975842370614,0.0005691306233807787,0.02008617512189247,0.9997982727844864,0.010288604027859565,0.9999470723135795,0.018404380280581153,0.9998306393932442
772,26,sbj_P_26,Miserable_pose_3,/mnt/HDD/AliWorks/I-DARE/raw_downloads/EEG/sbj_P_26.mat,216862.0,0.02361821909110054,0.0008107061189462711,0.02450879437641722,0.999699659499107,0.021564870011659742,0.9997674781906903,0.018775697334827698,0.9998237365947955
773,26,sbj_P_26,Pinecone_1,/mnt/HDD/AliWorks/I-DARE/raw_downloads/EEG/sbj_P_26.mat,226865.0,0.014809775285309683,0.00031123764743408894,0.025431218599879898,0.9996766265602622,0.011559899874388385,0.9999331843574468,0.023972329281232965,0.9997126637144162
774,26,sbj_P_26,Garbage_dump_6,/mnt/HDD/AliWorks/I-DARE/raw_downloads/EEG/sbj_P_26.mat,235777.0,0.015066545592065453,0.00037993992780228957,0.02601330199798152,0.9996616540595803,0.019208012745014845,0.9998155261231935,0.022313490528157252,0.9997510540702245
775,26,sbj_P_26,Depressed_pose_4,/mnt/HDD/AliWorks/I-DARE/raw_downloads/EEG/sbj_P_26.mat,244288.0,0.01689960211551137,0.00045660304691893725,0.02542065334637582,0.9996768951917218,0.016364181480236707,0.9998661067822405,0.02247508643846685,0.9997474352447916
776,26,sbj_P_26,Angry_face_1,/mnt/HDD/AliWorks/I-DARE/raw_downloads/EEG/sbj_P_26.mat,253970.0,0.012406762935430096,0.0002876606180098122,0.021873975175920626,0.9997607646050017,0.011439503861738833,0.999934568875699,0.020271831496132632,0.9997945264238964
777,26,sbj_P_26,Dog_26,/mnt/HDD/AliWorks/I-DARE/raw_downloads/EEG/sbj_P_26.mat,261738.0,0.046952167932630316,0.0034414922252543863,0.04798388222628316,0.9988487735232473,0.057532641425987116,0.9983449975852743,0.02330885741108611,0.999728348583095
778,26,sbj_P_26,8370,/mnt/HDD/AliWorks/I-DARE/raw_downloads/EEG/sbj_P_26.mat,271488.0,0.009143496666561161,0.00020284343190521677,0.02086866985333345,0.9997822493092764,0.013215345381286216,0.999912677323227,0.01859115086376529,0.9998271845547806
779,26,sbj_P_26,Dog_6,/mnt/HDD/AliWorks/I-DARE/raw_downloads/EEG/sbj_P_26.mat,279576.0,0.010127630849873314,0.00022761972751527383,0.019292034508540907,0.9998139087022607,0.011618829629214622,0.9999325013990235,0.017429556748183063,0.9998481052757812
780,26,sbj_P_26,9220,/mnt/HDD/AliWorks/I-DARE/raw_downloads/EEG/sbj_P_26.mat,289689.0,0.07526964976039889,0.004953773940230492,0.05117879735575866,0.9986903653506091,0.054783903582141955,0.9984993619541506,0.032442135485384216,0.999473753922574
781,26,sbj_P_26,Lake_12,/mnt/HDD/AliWorks/I-DARE/raw_downloads/EEG/sbj_P_26.mat,300897.0,0.0541361682661605,0.003300875970121399,0.039723186267217984,0.9992110342363899,0.04415331938807899,0.999025242193507,0.020587371491768737,0.9997880800675296
782,26,sbj_P_26,2314,/mnt/HDD/AliWorks/I-DARE/raw_downloads/EEG/sbj_P_26.mat,309700.0,0.044121547886955215,0.0047007601164099026,0.045232049346446125,0.9989770308559601,0.052155888760024194,0.9986398816338261,0.01722764794409237,0.9998516040731572
783,26,sbj_P_26,1750,/mnt/HDD/AliWorks/I-DARE/raw_downloads/EEG/sbj_P_26.mat,320777.0,0.033036927793165125,0.002777364619157358,0.042365104794225276,0.9991025989478869,0.04786429509688611,0.9988545046274391,0.022082407604931707,0.9997561836371847
784,26,sbj_P_26,8492,/mnt/HDD/AliWorks/I-DARE/raw_downloads/EEG/sbj_P_26.mat,329571.0,0.008625930783815421,0.0001930770128999036,0.021494958746676063,0.9997689833742394,0.0052638478525980845,0.9999861459528917,0.02123510764447759,0.9997745351016637
785,26,sbj_P_26,1441,/mnt/HDD/AliWorks/I-DARE/raw_downloads/EEG/sbj_P_26.mat,337553.0,0.016953483306074216,0.0006148519573628905,0.04061960222525346,0.9991750239575309,0.01451549938502652,0.9998946501388007,0.03924320751775915,0.9992299853318583
786,26,sbj_P_26,Flowers_6,/mnt/HDD/AliWorks/I-DARE/raw_downloads/EEG/sbj_P_26.mat,345927.0,0.005930742668631826,0.0002642377059256171,0.014013990775620285,0.9999018040312709,0.01264349103119406,0.9999200710672715,0.010988497852229566,0.9999396264574758
787,26,sbj_P_26,Yarn_1,/mnt/HDD/AliWorks/I-DARE/raw_downloads/EEG/sbj_P_26.mat,353742.0,0.004781396631717028,8.310270491883994e-05,0.03749133401177117,0.999297199937009,0.0065029377637668365,0.9999788559002202,0.03718183293209889,0.9993087556499044
788,26,sbj_P_26,9331,/mnt/HDD/AliWorks/I-DARE/raw_downloads/EEG/sbj_P_26.mat,363220.0,0.008249884308170122,0.00032112430853102164,0.019954970254897574,0.9998008995810627,0.011991447617473646,0.9999281025920191,0.01788388561701457,0.9998400833176194
789,26,sbj_P_26,Beach_1,/mnt/HDD/AliWorks/I-DARE/raw_downloads/EEG/sbj_P_26.mat,372051.0,0.005741637371770525,0.00012200792439705176,0.011717066398638327,0.9999313551775052,0.006627674408871124,0.9999780369659651,0.010558074334699834,0.9999442635331719
790,26,sbj_P_26,2491,/mnt/HDD/AliWorks/I-DARE/raw_downloads/EEG/sbj_P_26.mat,381095.0,0.010630038909236804,0.000384892241900649,0.009114887112936882,0.9999584594164598,0.010641734699336377,0.999943376741295,0.005573879511246909,0.9999844659335975
791,26,sbj_P_26,9360,/mnt/HDD/AliWorks/I-DARE/raw_downloads/EEG/sbj_P_26.mat,388591.0,0.004388016823299716,9.00899303755563e-05,0.016529459135808718,0.9998633884903385,0.00598751916438843,0.999982074807128,0.015903882935264266,0.9998735332537908
792,26,sbj_P_26,Lake_3,/mnt/HDD/AliWorks/I-DARE/raw_downloads/EEG/sbj_P_26.mat,398922.0,0.015905325625987888,0.000876642854768131,0.015089600723986445,0.9998861519749952,0.01818172340600074,0.9998347124669941,0.00765421950935015,0.9999707064618509
793,26,sbj_P_26,3170,/mnt/HDD/AliWorks/I-DARE/raw_downloads/EEG/sbj_P_26.mat,406406.0,0.021930240135135393,0.0011675875870322764,0.023201576641844652,0.9997308434206664,0.0267282092055083,0.9996428014163334,0.01534763759602447,0.9998822250101106
794,26,sbj_P_26,8080,/mnt/HDD/AliWorks/I-DARE/raw_downloads/EEG/sbj_P_26.mat,417124.0,0.011096700187070051,0.00030344207079268526,0.015248465924188694,0.9998837421434795,0.00683652452397032,0.9999766309662169,0.014471231644732862,0.9998952917273422
795,26,sbj_P_26,Snow_1,/mnt/HDD/AliWorks/I-DARE/raw_downloads/EEG/sbj_P_26.mat,424431.0,0.014486088777524069,0.0003141769461309923,0.024397366286716966,0.9997023842591356,0.00786656294551762,0.999969058593712,0.02382753668746611,0.9997161242477036
796,26,sbj_P_26,4220,/mnt/HDD/AliWorks/I-DARE/raw_downloads/EEG/sbj_P_26.mat,431442.0,0.0045026754093404585,8.465114222517849e-05,0.01104221991096127,0.9999390346897185,0.005167983705084198,0.9999866459722121,0.010395448205016615,0.9999459673283088
797,26,sbj_P_26,5760,/mnt/HDD/AliWorks/I-DARE/raw_downloads/EEG/sbj_P_26.mat,438537.0,0.018171178227277335,0.0004749265745627624,0.026617957310819302,0.9996457421742996,0.016694090274574462,0.9998606536749517,0.023826635900918842,0.9997161457108223
798,26,sbj_P_26,3063,/mnt/HDD/AliWorks/I-DARE/raw_downloads/EEG/sbj_P_26.mat,446025.0,0.008809197483520832,0.00016550544586679214,0.009826879301690511,0.9999517162215951,0.006539854648102017,0.9999786151505903,0.008613954481308035,0.9999628998940971
799,26,sbj_P_26,3080,/mnt/HDD/AliWorks/I-DARE/raw_downloads/EEG/sbj_P_26.mat,456896.0,0.044276882752409194,0.0029143592168759686,0.04385852227963698,0.9990382150117232,0.05175819946167438,0.9986605443942427,0.02554343974247754,0.9996737663430618
800,27,sbj_P_27,Dummy_1,/mnt/HDD/AliWorks/I-DARE/raw_downloads/EEG/sbj_P_27.mat,179667.0,0.025803663861470268,0.0007180730824713886,0.022946310062078486,0.9997367334272673,0.025685024599728722,0.9996701397556557,0.014269007209804436,0.9998981977166229
801,27,sbj_P_27,3053,/mnt/HDD/AliWorks/I-DARE/raw_downloads/EEG/sbj_P_27.mat,194972.0,0.016971652402103656,0.0005153111957459642,0.025174450047136417,0.9996831235324121,0.019168644237952278,0.9998162815390391,0.0215100001264051,0.9997686599472808
802,27,sbj_P_27,Tumor_1,/mnt/HDD/AliWorks/I-DARE/raw_downloads/EEG/sbj_P_27.mat,205975.0,0.0133126221942355,0.0003649817263884922,0.02342977709550176,0.9997255227726272,0.01779494193684014,0.9998416700207322,0.020038002505325874,0.9997992392277979
803,27,sbj_P_27,Dog_18,/mnt/HDD/AliWorks/I-DARE/raw_downloads/EEG/sbj_P_27.mat,216646.0,0.015024126313589124,0.00033293298874255157,0.026032415180609315,0.9996611566799319,0.018179378160659215,0.9998347551048457,0.02300408617603025,0.9997354060096025
804,27,sbj_P_27,Miserable_pose_3,/mnt/HDD/AliWorks/I-DARE/raw_downloads/EEG/sbj_P_27.mat,229305.0,0.014268922438932885,0.0003154547918922798,0.01723673005897697,0.9998514475684372,0.018318297811418905,0.999832219982646,0.012150557256468977,0.999926181979178
805,27,sbj_P_27,Pinecone_1,/mnt/HDD/AliWorks/I-DARE/raw_downloads/EEG/sbj_P_27.mat,238748.0,0.01541668502377074,0.00032233767384731943,0.01957997605352211,0.999808312268871,0.016471127108142247,0.999864350985894,0.016432171452157262,0.9998649918706835
806,27,sbj_P_27,Garbage_dump_6,/mnt/HDD/AliWorks/I-DARE/raw_downloads/EEG/sbj_P_27.mat,250410.0,0.016078021281390315,0.0003354560883000667,0.028805711923390598,0.9995851154802934,0.014672318972400403,0.999892361527986,0.02696949026180393,0.999636323297509
807,27,sbj_P_27,Depressed_pose_4,/mnt/HDD/AliWorks/I-DARE/raw_downloads/EEG/sbj_P_27.mat,260261.0,0.012187510889976078,0.0002947982422451792,0.020421329613290795,0.9997914846484124,0.017386925540645925,0.9998488474101223,0.01685475861687335,0.999857958555984
808,27,sbj_P_27,Angry_face_1,/mnt/HDD/AliWorks/I-DARE/raw_downloads/EEG/sbj_P_27.mat,270599.0,0.019852260710481545,0.0006477550082946997,0.020981734349304806,0.9997798834118469,0.022248196031379504,0.999752508886675,0.01415520078592373,0.9998998151453545
809,27,sbj_P_27,Dog_26,/mnt/HDD/AliWorks/I-DARE/raw_downloads/EEG/sbj_P_27.mat,281256.0,0.015324390965923246,0.00034096739020781286,0.029704650563966515,0.9995588168674365,0.020036625424657388,0.9997992668207957,0.026725473132102086,0.999642874542933
810,27,sbj_P_27,8370,/mnt/HDD/AliWorks/I-DARE/raw_downloads/EEG/sbj_P_27.mat,293094.0,0.012388909527796022,0.0002181165051635469,0.03670878164892104,0.999326232674926,0.014233865145006862,0.9998986985415174,0.03552438601862033,0.999369008999
811,27,sbj_P_27,Dog_6,/mnt/HDD/AliWorks/I-DARE/raw_downloads/EEG/sbj_P_27.mat,303793.0,0.01550928686535868,0.00030912989277071033,0.031513349728984286,0.9995034543944293,0.01732820671751738,0.9998498666259771,0.029401435487983015,0.9995677777956221
812,27,sbj_P_27,9220,/mnt/HDD/AliWorks/I-DARE/raw_downloads/EEG/sbj_P_27.mat,316370.0,0.01572384345287212,0.0004166057182587434,0.021326404264544168,0.999772592240573,0.017634609217798282,0.9998445102788678,0.017836833815051127,0.9998409236797278
813,27,sbj_P_27,Lake_12,/mnt/HDD/AliWorks/I-DARE/raw_downloads/EEG/sbj_P_27.mat,327667.0,0.014060870758769878,0.0003910798029202489,0.020391811133656488,0.9997920870193447,0.018789280911684032,0.9998234814614111,0.01607830298675484,0.9998707440865331
814,27,sbj_P_27,2314,/mnt/HDD/AliWorks/I-DARE/raw_downloads/EEG/sbj_P_27.mat,336802.0,0.017639183939097625,0.0005321615710206361,0.023983420203368737,0.9997123977776742,0.02354356619512695,0.9997228502454077,0.01742223343104844,0.9998482328911373
815,27,sbj_P_27,1750,/mnt/HDD/AliWorks/I-DARE/raw_downloads/EEG/sbj_P_27.mat,349119.0,0.01587221719871589,0.0004246886393499804,0.019311305056462925,0.9998135367485084,0.02060554438078123,0.9997877057703856,0.01334821541482562,0.9999109125726197
816,27,sbj_P_27,8492,/mnt/HDD/AliWorks/I-DARE/raw_downloads/EEG/sbj_P_27.mat,359244.0,0.019243471799433344,0.0004833173890762136,0.018557899816614678,0.9998278021771987,0.018561970754905916,0.9998277266208472,0.013443297315228454,0.9999096388786476
817,27,sbj_P_27,1441,/mnt/HDD/AliWorks/I-DARE/raw_downloads/EEG/sbj_P_27.mat,374003.0,0.018100024122202525,0.0005460852068006801,0.020752017028504332,0.9997846768946249,0.02143680839233491,0.9997702316229755,0.01464008836324744,0.9998928339063576
818,27,sbj_P_27,Flowers_6,/mnt/HDD/AliWorks/I-DARE/raw_downloads/EEG/sbj_P_27.mat,386922.0,0.02061292457491585,0.0006117227268864949,0.0254341499705157,0.9996765520076388,0.022394376125447604,0.9997492459589756,0.019766572318927894,0.9998046413093802
819,27,sbj_P_27,Yarn_1,/mnt/HDD/AliWorks/I-DARE/raw_downloads/EEG/sbj_P_27.mat,396939.0,0.01626909743737642,0.0004366092447872728,0.026598746160638093,0.9996462533513409,0.020678834287469812,0.9997861929062563,0.022311207842770266,0.9997511050022981
820,27,sbj_P_27,9331,/mnt/HDD/AliWorks/I-DARE/raw_downloads/EEG/sbj_P_27.mat,409232.0,0.03862563352721759,0.001112876914332569,0.03246346066738707,0.9994730618607484,0.03074453945946457,0.9995273866467126,0.02527309163327964,0.999680635419648
821,27,sbj_P_27,Beach_1,/mnt/HDD/AliWorks/I-DARE/raw_downloads/EEG/sbj_P_27.mat,421594.0,0.031622620848807986,0.00103159951532429,0.027702654334240448,0.9996162814714193,0.02772398591290539,0.9996156903025503,0.019182573575736703,0.9998160144355055
822,27,sbj_P_27,2491,/mnt/HDD/AliWorks/I-DARE/raw_downloads/EEG/sbj_P_27.mat,434914.0,0.02448883627376691,0.0006123471491425355,0.02581837824210109,0.9996667056724742,0.024470738611291284,0.9997005914759095,0.019384720281248477,0.9998121163098092
823,27,sbj_P_27,9360,/mnt/HDD/AliWorks/I-DARE/raw_downloads/EEG/sbj_P_27.mat,443632.0,0.024264484990270493,0.0007226865561302155,0.026201127016492794,0.9996567504715328,0.026963607955481937,0.9996364819230111,0.018652169325477835,0.999826048289727
824,27,sbj_P_27,Lake_3,/mnt/HDD/AliWorks/I-DARE/raw_downloads/EEG/sbj_P_27.mat,453944.0,0.017798297949011332,0.0005008684867127598,0.028123007038698144,0.999604548237551,0.024101137640411795,0.9997095675822186,0.02276950893048939,0.999740774731532
825,27,sbj_P_27,3170,/mnt/HDD/AliWorks/I-DARE/raw_downloads/EEG/sbj_P_27.mat,464626.0,0.023338199020787348,0.0006372734299553003,0.028467186885639716,0.9995948096354094,0.020597677791671046,0.9997878678347953,0.024606315293240897,0.9996972646238451
826,27,sbj_P_27,8080,/mnt/HDD/AliWorks/I-DARE/raw_downloads/EEG/sbj_P_27.mat,474973.0,0.021434163985078837,0.0006116299425670466,0.033713958376173414,0.9994316845053047,0.023945206325525555,0.9997133135470143,0.02949121245774669,0.999565134193886
827,27,sbj_P_27,Snow_1,/mnt/HDD/AliWorks/I-DARE/raw_downloads/EEG/sbj_P_27.mat,486375.0,0.017568848513751217,0.0005516288719972867,0.02918100002093446,0.999574234618889,0.0236217952293648,0.9997210053950708,0.02453923963079664,0.9996989128591707
828,27,sbj_P_27,4220,/mnt/HDD/AliWorks/I-DARE/raw_downloads/EEG/sbj_P_27.mat,495313.0,0.01898708089077291,0.0007117293400114179,0.039764918934980645,0.999209375611048,0.02113154813271975,0.999776728836758,0.03686659317087196,0.999320427153987
829,27,sbj_P_27,5760,/mnt/HDD/AliWorks/I-DARE/raw_downloads/EEG/sbj_P_27.mat,509838.0,0.017710778781077536,0.0005021333843115924,0.028804082022499632,0.9995851624294207,0.022949040890736266,0.9997366707610976,0.023887910475522533,0.9997146838665563
830,27,sbj_P_27,3063,/mnt/HDD/AliWorks/I-DARE/raw_downloads/EEG/sbj_P_27.mat,518644.0,0.01776256160883696,0.0005025585569558306,0.03105264456355355,0.9995178666328046,0.023392996134319874,0.9997263838659305,0.02642551282112228,0.9996508461360706
831,27,sbj_P_27,3080,/mnt/HDD/AliWorks/I-DARE/raw_downloads/EEG/sbj_P_27.mat,528623.0,0.015510813984118582,0.00037897939069898406,0.020680052417647275,0.9997861677160023,0.015693879495919806,0.9998768510731835,0.017754176633315036,0.9998423946060369
832,28,sbj_P_28,Dummy_1,/mnt/HDD/AliWorks/I-DARE/raw_downloads/EEG/sbj_P_28.mat,173119.0,0.010514427241563658,0.0003686906924044982,0.024552082504591566,0.9996985976223437,0.01737102163904133,0.9998491238036081,0.021753809611861272,0.9997633858836857
833,28,sbj_P_28,3053,/mnt/HDD/AliWorks/I-DARE/raw_downloads/EEG/sbj_P_28.mat,236911.0,0.01875322708125491,0.0008990718661278346,0.032450137517449344,0.9994734942875492,0.03189839701931838,0.9994912461337988,0.022632655116838256,0.9997438814611813
834,28,sbj_P_28,Tumor_1,/mnt/HDD/AliWorks/I-DARE/raw_downloads/EEG/sbj_P_28.mat,248675.0,0.019002345808114746,0.0008507701087642815,0.028206506791071936,0.9996021964873228,0.030016220371043362,0.9995495132573191,0.019063848137453453,0.9998182848470958
835,28,sbj_P_28,Dog_18,/mnt/HDD/AliWorks/I-DARE/raw_downloads/EEG/sbj_P_28.mat,261345.0,0.027183469237914735,0.0011943414527894488,0.03263927938247074,0.9994673387206964,0.0291488284591274,0.9995751728997304,0.025046156283432836,0.9996863450277128
836,28,sbj_P_28,Miserable_pose_3,/mnt/HDD/AliWorks/I-DARE/raw_downloads/EEG/sbj_P_28.mat,272604.0,0.020385142926717878,0.0008378301568804723,0.024979166885170084,0.9996880206108613,0.027881508507633178,0.9996113107416699,0.015417389580076829,0.9998811520492683
837,28,sbj_P_28,Pinecone_1,/mnt/HDD/AliWorks/I-DARE/raw_downloads/EEG/sbj_P_28.mat,287003.0,0.017179104938258246,0.0007599539548192788,0.026299642768959016,0.9996541643951123,0.0277978455847276,0.9996136398904238,0.017356874739199567,0.9998493694496439
838,28,sbj_P_28,Garbage_dump_6,/mnt/HDD/AliWorks/I-DARE/raw_downloads/EEG/sbj_P_28.mat,296145.0,0.012206314572769274,0.00044288061336656033,0.01990659345805299,0.9998018637684483,0.020467668121411257,0.9997905372808352,0.014085911977341903,0.9999007935418833
839,28,sbj_P_28,Depressed_pose_4,/mnt/HDD/AliWorks/I-DARE/raw_downloads/EEG/sbj_P_28.mat,304040.0,0.010479655936989183,0.00039823201716496876,0.02364548714231237,0.9997204454689012,0.01765949789043486,0.9998440710671287,0.020318609027394668,0.9997935770635955
840,28,sbj_P_28,Angry_face_1,/mnt/HDD/AliWorks/I-DARE/raw_downloads/EEG/sbj_P_28.mat,315405.0,0.014394081863604014,0.0005184419759219294,0.026419065203041662,0.9996510164968991,0.022073081096315474,0.999756389545458,0.02182197582231819,0.9997619006856046
841,28,sbj_P_28,Dog_26,/mnt/HDD/AliWorks/I-DARE/raw_downloads/EEG/sbj_P_28.mat,324742.0,0.011220998880317565,0.0003799106614227412,0.02208923070717054,0.9997560329433823,0.01740285814496987,0.9998485702641934,0.018687113965066896,0.9998253958858287
842,28,sbj_P_28,8370,/mnt/HDD/AliWorks/I-DARE/raw_downloads/EEG/sbj_P_28.mat,335285.0,0.02125344366286146,0.0006845323479753074,0.0387118466923928,0.9992506964628328,0.02669922206756242,0.9996435757704935,0.034481426399788476,0.9994055156167173
843,28,sbj_P_28,Dog_6,/mnt/HDD/AliWorks/I-DARE/raw_downloads/EEG/sbj_P_28.mat,343744.0,0.0132380614246419,0.0004977254754483711,0.033292655637372666,0.9994457995403058,0.022351549661053054,0.9997502041138748,0.030109367535491236,0.9995467129933057
844,28,sbj_P_28,9220,/mnt/HDD/AliWorks/I-DARE/raw_downloads/EEG/sbj_P_28.mat,355095.0,0.015146046636291726,0.0005528469411437093,0.023691051062666394,0.9997193670497732,0.022229626433810667,0.999752921854306,0.018455329429049722,0.9998297004078321
845,28,sbj_P_28,Lake_12,/mnt/HDD/AliWorks/I-DARE/raw_downloads/EEG/sbj_P_28.mat,363961.0,0.015245780805787102,0.0005754167305824063,0.02250672016718553,0.9997467237736581,0.022454610020387938,0.999747895244416,0.016211842307718462,0.9998685880844947
846,28,sbj_P_28,2314,/mnt/HDD/AliWorks/I-DARE/raw_downloads/EEG/sbj_P_28.mat,374080.0,0.014194641889116373,0.0005219610682734296,0.03308624197152473,0.9994526502961002,0.02177152773134847,0.9997630002901221,0.029598856280545333,0.9995619538534418
847,28,sbj_P_28,1750,/mnt/HDD/AliWorks/I-DARE/raw_downloads/EEG/sbj_P_28.mat,382811.0,0.015343937241441561,0.0006328037042947252,0.027633928483113475,0.9996181829982952,0.027020671237342492,0.9996349416629416,0.020849949436115622,0.9997826398042556
848,28,sbj_P_28,8492,/mnt/HDD/AliWorks/I-DARE/raw_downloads/EEG/sbj_P_28.mat,390369.0,0.01108974458837058,0.00045494590175366404,0.034468913812676756,0.9994059469902873,0.020157640981322503,0.9997968347550343,0.03153591576830457,0.9995027430083271
849,28,sbj_P_28,1441,/mnt/HDD/AliWorks/I-DARE/raw_downloads/EEG/sbj_P_28.mat,399431.0,0.013300526668513854,0.00044493631942333083,0.025224507435341683,0.999681862112323,0.021810184946534247,0.9997621579162992,0.020658897506454037,0.9997866049769094
850,28,sbj_P_28,Flowers_6,/mnt/HDD/AliWorks/I-DARE/raw_downloads/EEG/sbj_P_28.mat,407425.0,0.011634575868158787,0.0004172630427811546,0.01957267922579957,0.9998084551139627,0.01937433629032375,0.9998123175466547,0.014211706741986827,0.9998990136957402
851,28,sbj_P_28,Yarn_1,/mnt/HDD/AliWorks/I-DARE/raw_downloads/EEG/sbj_P_28.mat,415517.0,0.014794074152164287,0.0005913217213856728,0.03315390240750879,0.9994504093775763,0.02430038042175954,0.9997047457556786,0.028472922149885123,0.9995946463521236
852,28,sbj_P_28,9331,/mnt/HDD/AliWorks/I-DARE/raw_downloads/EEG/sbj_P_28.mat,423565.0,0.012939030044304418,0.0004005111473317966,0.024058933084453293,0.9997105838694188,0.019344575351038777,0.9998128937022441,0.020247153324713663,0.9997950263911229
853,28,sbj_P_28,Beach_1,/mnt/HDD/AliWorks/I-DARE/raw_downloads/EEG/sbj_P_28.mat,431273.0,0.012949021692444806,0.0004478948054389651,0.03132604587177163,0.9995093394250198,0.01995609900392902,0.9998008770562726,0.027982157618721203,0.9996084994275006
854,28,sbj_P_28,2491,/mnt/HDD/AliWorks/I-DARE/raw_downloads/EEG/sbj_P_28.mat,441276.0,0.010548530878350686,0.0003521661467885089,0.019006550911898266,0.9998193755112171,0.016782031003285635,0.9998591817177027,0.0153077902798223,0.9998828357783748
855,28,sbj_P_28,9360,/mnt/HDD/AliWorks/I-DARE/raw_downloads/EEG/sbj_P_28.mat,449358.0,0.012559469761885697,0.00042017424149251505,0.024139897810722795,0.9997086326668443,0.01773339910266036,0.9998427632781334,0.02096344683134353,0.9997802669484747
856,28,sbj_P_28,Lake_3,/mnt/HDD/AliWorks/I-DARE/raw_downloads/EEG/sbj_P_28.mat,458398.0,0.014507878562680224,0.0004879133408466908,0.02442727634031845,0.9997016540852969,0.021548255381736093,0.999767836345002,0.01929420255446057,0.9998138668738942
857,28,sbj_P_28,3170,/mnt/HDD/AliWorks/I-DARE/raw_downloads/EEG/sbj_P_28.mat,466591.0,0.012201234697622645,0.0004107125920322372,0.020389968512090198,0.9997921245920386,0.016163745053047202,0.9998693666729296,0.017169007131223386,0.9998526125970643
858,28,sbj_P_28,8080,/mnt/HDD/AliWorks/I-DARE/raw_downloads/EEG/sbj_P_28.mat,474863.0,0.013732839394497664,0.00043929865921317,0.021356919013596907,0.9997719410051231,0.019809277052287064,0.9998037962713328,0.016775209013422745,0.9998592961812782
859,28,sbj_P_28,Snow_1,/mnt/HDD/AliWorks/I-DARE/raw_downloads/EEG/sbj_P_28.mat,482801.0,0.015024649407614147,0.000602899336389514,0.0231984688888409,0.9997309155206066,0.022660862168255,0.9997432426628958,0.0174980819655981,0.9998469085637632
860,28,sbj_P_28,4220,/mnt/HDD/AliWorks/I-DARE/raw_downloads/EEG/sbj_P_28.mat,491533.0,0.016062208408153224,0.00045973719456797295,0.02206042484357706,0.9997566688278609,0.020132008960668194,0.9997973511076031,0.017236954311276587,0.9998514437030362
861,28,sbj_P_28,5760,/mnt/HDD/AliWorks/I-DARE/raw_downloads/EEG/sbj_P_28.mat,499927.0,0.017622662409301597,0.0007289466575736577,0.025565886302834327,0.9996731927287753,0.024434430822057113,0.9997014792952015,0.018883285448233013,0.9998217107653404
862,28,sbj_P_28,3063,/mnt/HDD/AliWorks/I-DARE/raw_downloads/EEG/sbj_P_28.mat,507471.0,0.013979394623030427,0.0004769374197096285,0.025639708084668655,0.9996713026846666,0.022208682278125325,0.9997533872157346,0.020537144428805203,0.9997891128493551
863,28,sbj_P_28,3080,/mnt/HDD/AliWorks/I-DARE/raw_downloads/EEG/sbj_P_28.mat,515930.0,0.011995159036942725,0.0003781526268758405,0.030821928906207847,0.9995250043492506,0.01880905807415872,0.9998231096671818,0.028147026095616118,0.9996038724609866
864,29,sbj_P_29,Dummy_1,/mnt/HDD/AliWorks/I-DARE/raw_downloads/EEG/sbj_P_29.mat,176191.0,0.010439013372955861,0.00031990672942080166,0.027013406443983624,0.9996351379361464,0.01826467838561893,0.9998332007617354,0.02385618372692567,0.9997154412489938
865,29,sbj_P_29,3053,/mnt/HDD/AliWorks/I-DARE/raw_downloads/EEG/sbj_P_29.mat,187885.0,0.013846071667259619,0.0005183542992034927,0.022761430983526787,0.9997409586297913,0.022830830750683057,0.9997393765836158,0.01614316611251509,0.9998696990939313
866,29,sbj_P_29,Tumor_1,/mnt/HDD/AliWorks/I-DARE/raw_downloads/EEG/sbj_P_29.mat,196250.0,0.0137328736584012,0.0005330728803473602,0.03279818327404286,0.9994621395869608,0.026873331580565058,0.9996389120248805,0.026658482265494804,0.9996446626616496
867,29,sbj_P_29,Dog_18,/mnt/HDD/AliWorks/I-DARE/raw_downloads/EEG/sbj_P_29.mat,204053.0,0.010874506687141504,0.0004653496769626504,0.03024054137083998,0.9995427548287995,0.021671985945997424,0.999765162512578,0.025778843697579344,0.9996677256088077
868,29,sbj_P_29,Miserable_pose_3,/mnt/HDD/AliWorks/I-DARE/raw_downloads/EEG/sbj_P_29.mat,212288.0,0.018484899234131047,0.000830563991965923,0.02746679901068661,0.9996227874760533,0.025634476637817195,0.9996714368037529,0.020495586146888487,0.9997899654742476
869,29,sbj_P_29,Pinecone_1,/mnt/HDD/AliWorks/I-DARE/raw_downloads/EEG/sbj_P_29.mat,220792.0,0.013842787414548943,0.0004658324806948478,0.0359305747186782,0.9993544969001928,0.020378375598501627,0.9997923609039828,0.032816136183893355,0.99946155060298
870,29,sbj_P_29,Garbage_dump_6,/mnt/HDD/AliWorks/I-DARE/raw_downloads/EEG/sbj_P_29.mat,230174.0,0.015051124783312433,0.0006467768266651904,0.029642005784082562,0.9995606757465477,0.02162570696344678,0.9997661643991659,0.025068590606191484,0.9996857828825099
871,29,sbj_P_29,Depressed_pose_4,/mnt/HDD/AliWorks/I-DARE/raw_downloads/EEG/sbj_P_29.mat,238528.0,0.012658237930820977,0.0004638390176733237,0.023834046393239043,0.999715969116262,0.025857215884796888,0.9996657021933443,0.015689988624167,0.9998769121284866
872,29,sbj_P_29,Angry_face_1,/mnt/HDD/AliWorks/I-DARE/raw_downloads/EEG/sbj_P_29.mat,248029.0,0.009573924420842954,0.00032949995136791524,0.022076768722023188,0.9997563081413964,0.01815344418485032,0.9998352262321133,0.017979122323225526,0.9998383755802429
873,29,sbj_P_29,Dog_26,/mnt/HDD/AliWorks/I-DARE/raw_downloads/EEG/sbj_P_29.mat,257001.0,0.007976882223342351,0.0002701465389576345,0.018049699402536933,0.9998371041757396,0.018421006166145445,0.9998303332659139,0.012420451240938869,0.9999228661954856
874,29,sbj_P_29,8370,/mnt/HDD/AliWorks/I-DARE/raw_downloads/EEG/sbj_P_29.mat,267706.0,0.011925694405661883,0.00047345859633384304,0.02639344469610279,0.9996516930385366,0.020624416952538093,0.999787316712684,0.02173224240531897,0.9997638548200184
875,29,sbj_P_29,Dog_6,/mnt/HDD/AliWorks/I-DARE/raw_downloads/EEG/sbj_P_29.mat,277506.0,0.012566745193503199,0.0004877963376723465,0.03075102040043685,0.9995271873721654,0.022389261903683882,0.999749360475704,0.026295142738159246,0.9996542827341899
876,29,sbj_P_29,9220,/mnt/HDD/AliWorks/I-DARE/raw_downloads/EEG/sbj_P_29.mat,285912.0,0.010663275493628567,0.0003447176079479195,0.02619414867520385,0.9996569332875901,0.018877640506367553,0.9998218173444557,0.023008358116398495,0.9997353077283938
877,29,sbj_P_29,Lake_12,/mnt/HDD/AliWorks/I-DARE/raw_downloads/EEG/sbj_P_29.mat,294127.0,0.010172416227748053,0.00031877076140301574,0.017874681993329516,0.999840247871818,0.018825825801667695,0.9998227941414426,0.01222589370789125,0.9999252637615217
878,29,sbj_P_29,2314,/mnt/HDD/AliWorks/I-DARE/raw_downloads/EEG/sbj_P_29.mat,302655.0,0.012688368279242655,0.0004219674302955473,0.024036234806742246,0.9997111297081579,0.023868408776612914,0.9997151495312365,0.017103731564988876,0.9998537311832773
879,29,sbj_P_29,1750,/mnt/HDD/AliWorks/I-DARE/raw_downloads/EEG/sbj_P_29.mat,311580.0,0.010812544181101764,0.0003797184705954892,0.02053701827549669,0.9997891154401757,0.017718800212426892,0.9998430220595156,0.016536919901686056,0.9998632651400825
880,29,sbj_P_29,8492,/mnt/HDD/AliWorks/I-DARE/raw_downloads/EEG/sbj_P_29.mat,320216.0,0.008480940125870997,0.0002564108825836259,0.02858961368422181,0.9995913169946937,0.017196728933329134,0.9998521362569968,0.026140030027391188,0.9996583494150836
881,29,sbj_P_29,1441,/mnt/HDD/AliWorks/I-DARE/raw_downloads/EEG/sbj_P_29.mat,328829.0,0.011457053206361544,0.0003822177783856331,0.02977085717113999,0.9995568480316477,0.01820978218701163,0.9998342019163504,0.02668118212031507,0.999644057260331
882,29,sbj_P_29,Flowers_6,/mnt/HDD/AliWorks/I-DARE/raw_downloads/EEG/sbj_P_29.mat,338477.0,0.01074818500548346,0.0003536540645996804,0.028840365216489278,0.9995841166670901,0.018204784408350612,0.9998342929123228,0.025976925034612196,0.9996625996828731
883,29,sbj_P_29,Yarn_1,/mnt/HDD/AliWorks/I-DARE/raw_downloads/EEG/sbj_P_29.mat,347408.0,0.012397569001323123,0.0003623970501038594,0.024743172691919665,0.9996938877025691,0.019012208834033588,0.9998192679576252,0.02087433041335351,0.9997821311648977
884,29,sbj_P_29,9331,/mnt/HDD/AliWorks/I-DARE/raw_downloads/EEG/sbj_P_29.mat,355655.0,0.02987107075138558,0.0012897372242573497,0.035266258353891806,0.9993781455108589,0.03744125436311081,0.9992990762358582,0.021260759582841255,0.9997739900509809
885,29,sbj_P_29,Beach_1,/mnt/HDD/AliWorks/I-DARE/raw_downloads/EEG/sbj_P_29.mat,363582.0,0.04542570074340801,0.001841055883160847,0.038652679296004654,0.9992529851916206,0.04285088733725577,0.9990819007272052,0.024269067356173846,0.9997055061848316
886,29,sbj_P_29,2491,/mnt/HDD/AliWorks/I-DARE/raw_downloads/EEG/sbj_P_29.mat,372999.0,0.009938996210453587,0.0003279514799998261,0.02899280711938662,0.9995797085676694,0.019392935807947393,0.999811957020374,0.025591937685827546,0.9996725263627422
887,29,sbj_P_29,9360,/mnt/HDD/AliWorks/I-DARE/raw_downloads/EEG/sbj_P_29.mat,381389.0,0.010043943939319512,0.00029906902394606844,0.01851356896408246,0.999828623882106,0.016284986815830075,0.9998673996022037,0.014788101396246523,0.9998906560285474
888,29,sbj_P_29,Lake_3,/mnt/HDD/AliWorks/I-DARE/raw_downloads/EEG/sbj_P_29.mat,389650.0,0.009383247952978818,0.0002736587530206258,0.023618096094159147,0.9997210927684438,0.01527082052240599,0.9998834010202861,0.020884668922900713,0.9997819153019906
889,29,sbj_P_29,3170,/mnt/HDD/AliWorks/I-DARE/raw_downloads/EEG/sbj_P_29.mat,398616.0,0.012720523748566115,0.00039324989528606374,0.03277262523251434,0.9994629775176853,0.022382288572043278,0.9997495165791397,0.028753582043652384,0.9995866157598292
890,29,sbj_P_29,8080,/mnt/HDD/AliWorks/I-DARE/raw_downloads/EEG/sbj_P_29.mat,406940.0,0.008152110479415829,0.0001945752249502516,0.018738137482349527,0.9998244411018461,0.013907903354617843,0.9999032851121398,0.0162535831712345,0.9998679105170478
891,29,sbj_P_29,Snow_1,/mnt/HDD/AliWorks/I-DARE/raw_downloads/EEG/sbj_P_29.mat,415107.0,0.008924049998542552,0.0002113848504164441,0.018543138470758704,0.9998280760078279,0.013764309844943815,0.999905271887246,0.016172418520638058,0.9998692264395966
892,29,sbj_P_29,4220,/mnt/HDD/AliWorks/I-DARE/raw_downloads/EEG/sbj_P_29.mat,422996.0,0.009051748377715945,0.00021754635663757897,0.02644731373095856,0.9996502697982086,0.015396592098888976,0.9998814724758706,0.024119085734088084,0.999709134851676
893,29,sbj_P_29,5760,/mnt/HDD/AliWorks/I-DARE/raw_downloads/EEG/sbj_P_29.mat,431386.0,0.012798106345892433,0.00047315588511278965,0.025492508523981314,0.9996750660045771,0.02126510838930759,0.9997738975825956,0.020412763632098818,0.9997916595404505
894,29,sbj_P_29,3063,/mnt/HDD/AliWorks/I-DARE/raw_downloads/EEG/sbj_P_29.mat,439974.0,0.010094226814999871,0.00032271686042403857,0.01961201854516286,0.9998076843642921,0.018158184545048642,0.9998351401670139,0.015290331297871265,0.9998831028844012
895,29,sbj_P_29,3080,/mnt/HDD/AliWorks/I-DARE/raw_downloads/EEG/sbj_P_29.mat,448793.0,0.011460217642875201,0.00041490486746030824,0.024643701151191338,0.9996963439967856,0.018475072363522863,0.9998293358505815,0.020673729418551164,0.999786298455964
896,30,sbj_P_30,Dummy_1,/mnt/HDD/AliWorks/I-DARE/raw_downloads/EEG/sbj_P_30.mat,193553.0,0.017793507832067488,0.0004730371305668328,0.03259757040150716,0.9994686992019592,0.021693830098200376,0.9997646888678354,0.02947766795298888,0.9995655335460265
897,30,sbj_P_30,3053,/mnt/HDD/AliWorks/I-DARE/raw_downloads/EEG/sbj_P_30.mat,204262.0,0.026245660012435928,0.000837404835281236,0.026799538319901485,0.9996408923729198,0.032844982101125,0.9994606035753887,0.016952073885001112,0.9998563135954991
898,30,sbj_P_30,Tumor_1,/mnt/HDD/AliWorks/I-DARE/raw_downloads/EEG/sbj_P_30.mat,215383.0,0.0339221821470688,0.0009493839139209931,0.03041976999853502,0.999537318796619,0.03661816786162252,0.9993295548912294,0.02048547100480904,0.9997901727388564
899,30,sbj_P_30,Dog_18,/mnt/HDD/AliWorks/I-DARE/raw_downloads/EEG/sbj_P_30.mat,224839.0,0.03008879594885448,0.0009285339649906625,0.0471098246303923,0.9988903322116468,0.03307728092729524,0.9994529467432283,0.04204476539078362,0.9991161188516169
900,30,sbj_P_30,Miserable_pose_3,/mnt/HDD/AliWorks/I-DARE/raw_downloads/EEG/sbj_P_30.mat,234938.0,0.025646162768018156,0.0008372619583369292,0.02757249236236057,0.9996198788324636,0.030824619391688138,0.9995249214196786,0.018373549633597972,0.9998312063369301
901,30,sbj_P_30,Pinecone_1,/mnt/HDD/AliWorks/I-DARE/raw_downloads/EEG/sbj_P_30.mat,244121.0,0.030126367321669987,0.0012690999829943314,0.035165117408018136,0.9993817072588402,0.037949711629096806,0.9992799096936346,0.0241263947905155,0.9997089585372059
902,30,sbj_P_30,Garbage_dump_6,/mnt/HDD/AliWorks/I-DARE/raw_downloads/EEG/sbj_P_30.mat,254650.0,0.03823823767100351,0.0011082453487707492,0.03947020736933823,0.9992210513651104,0.03655417051515826,0.9993318963089746,0.03211488922520265,0.9994843169450264
903,30,sbj_P_30,Depressed_pose_4,/mnt/HDD/AliWorks/I-DARE/raw_downloads/EEG/sbj_P_30.mat,263654.0,0.027678508925805576,0.0010340556147845977,0.033238092657419005,0.9994476145982484,0.030984158739929844,0.99951999095359,0.02558877031336822,0.999672607416925
904,30,sbj_P_30,Angry_face_1,/mnt/HDD/AliWorks/I-DARE/raw_downloads/EEG/sbj_P_30.mat,272811.0,0.03885764333273666,0.001370497057552498,0.032967330812060144,0.9994565775495643,0.03827881001616793,0.9992673663518732,0.019969275202260595,0.9998006140239483
905,30,sbj_P_30,Dog_26,/mnt/HDD/AliWorks/I-DARE/raw_downloads/EEG/sbj_P_30.mat,282086.0,0.02761119607778857,0.000800661150456592,0.03137315524545772,0.9995078625649728,0.03058298137802102,0.9995323406250158,0.02467222065528799,0.999695640763969
906,30,sbj_P_30,8370,/mnt/HDD/AliWorks/I-DARE/raw_downloads/EEG/sbj_P_30.mat,290643.0,0.030595659467558614,0.0009527337990755453,0.030302574169342445,0.9995408769993565,0.03339158418738074,0.9994425010527285,0.020730440820884,0.999785124411686
907,30,sbj_P_30,Dog_6,/mnt/HDD/AliWorks/I-DARE/raw_downloads/EEG/sbj_P_30.mat,299774.0,0.0324319346090569,0.001299031776842878,0.04407343742373667,0.9990287660568277,0.039894450966310696,0.9992042163910487,0.03484305432287404,0.9993929807827265
908,30,sbj_P_30,9220,/mnt/HDD/AliWorks/I-DARE/raw_downloads/EEG/sbj_P_30.mat,308774.0,0.02905034003092893,0.0009565857515295308,0.032557230309048266,0.9994700133773025,0.028070369940258147,0.9996060271657085,0.026026761541307824,0.9996613038418363
909,30,sbj_P_30,Lake_12,/mnt/HDD/AliWorks/I-DARE/raw_downloads/EEG/sbj_P_30.mat,318261.0,0.024957555412536896,0.0007446482457354228,0.030399988036302946,0.9995379203636967,0.029135327015343344,0.9995755663598549,0.02363970287528625,0.9997205822239845
910,30,sbj_P_30,2314,/mnt/HDD/AliWorks/I-DARE/raw_downloads/EEG/sbj_P_30.mat,326974.0,0.019150918676241403,0.0006313898032084968,0.02281677830430499,0.9997396973139064,0.02493290168704917,0.9996891752067323,0.016010224282347517,0.9998718363592147
911,30,sbj_P_30,1750,/mnt/HDD/AliWorks/I-DARE/raw_downloads/EEG/sbj_P_30.mat,335562.0,0.0213398837663837,0.000591647544850359,0.028583954808746672,0.9995914787637455,0.026725844156961463,0.9996428646270491,0.022638224578497287,0.999743755393967
912,30,sbj_P_30,8492,/mnt/HDD/AliWorks/I-DARE/raw_downloads/EEG/sbj_P_30.mat,343689.0,0.021253615107111927,0.0006308478095356265,0.03154535612815633,0.9995024452533744,0.02599449810117781,0.999662143034234,0.026512848956024772,0.9996485344201179
913,30,sbj_P_30,1441,/mnt/HDD/AliWorks/I-DARE/raw_downloads/EEG/sbj_P_30.mat,352594.0,0.021167709963457456,0.0005745494111737971,0.030786009713393066,0.9995261108029639,0.027908377217028966,0.999610561240555,0.025036917551861305,0.999686576379751
914,30,sbj_P_30,Flowers_6,/mnt/HDD/AliWorks/I-DARE/raw_downloads/EEG/sbj_P_30.mat,361727.0,0.023300331166450458,0.0006454219070591378,0.028053740494376624,0.9996064938221368,0.026131408429835305,0.9996585747467367,0.022223055926925125,0.9997530678926343
915,30,sbj_P_30,Yarn_1,/mnt/HDD/AliWorks/I-DARE/raw_downloads/EEG/sbj_P_30.mat,370076.0,0.03451197506474179,0.0014335351161788672,0.038126765326897245,0.9992731748828538,0.04223723133729709,0.9991080081444796,0.024359773147070378,0.9997033007261115
916,30,sbj_P_30,9331,/mnt/HDD/AliWorks/I-DARE/raw_downloads/EEG/sbj_P_30.mat,378406.0,0.018033939236514068,0.000556778415972684,0.023982079557603297,0.9997124299300463,0.024838540239743807,0.9996915234593793,0.01746078688985327,0.9998475604605938
917,30,sbj_P_30,Beach_1,/mnt/HDD/AliWorks/I-DARE/raw_downloads/EEG/sbj_P_30.mat,388950.0,0.020366714629405487,0.0005917954453014106,0.024543293230301806,0.9996988133787058,0.02437909113613979,0.9997028299576876,0.017808523632863227,0.9998414282430084
918,30,sbj_P_30,2491,/mnt/HDD/AliWorks/I-DARE/raw_downloads/EEG/sbj_P_30.mat,397751.0,0.01876422703412544,0.0005198595130612329,0.024790022717032335,0.9996927273868441,0.022078455932016836,0.9997562708918285,0.020219217318977235,0.9997955916255041
919,30,sbj_P_30,9360,/mnt/HDD/AliWorks/I-DARE/raw_downloads/EEG/sbj_P_30.mat,407570.0,0.02492548592804742,0.0006545681420626521,0.038708543371532726,0.9992508243350272,0.027645492386924056,0.9996178633753421,0.03397058774416518,0.9994229995841579
920,30,sbj_P_30,Lake_3,/mnt/HDD/AliWorks/I-DARE/raw_downloads/EEG/sbj_P_30.mat,416423.0,0.06289915274547717,0.004135175764607603,0.06018671639443497,0.9981887795848273,0.06913105063422777,0.9976104489191039,0.03532581268246743,0.9993760434791616
921,30,sbj_P_30,3170,/mnt/HDD/AliWorks/I-DARE/raw_downloads/EEG/sbj_P_30.mat,425494.0,0.03180367691056353,0.0011710054304727032,0.04127059723947185,0.9991483689017485,0.03513465816447659,0.9993827778978324,0.03273520214430925,0.9994642032702852
922,30,sbj_P_30,8080,/mnt/HDD/AliWorks/I-DARE/raw_downloads/EEG/sbj_P_30.mat,434055.0,0.018233555972377746,0.0006194937297211369,0.0338741779654619,0.9994262700335825,0.02335665114202926,0.9997272334237153,0.02951117311658408,0.9995645453306417
923,30,sbj_P_30,Snow_1,/mnt/HDD/AliWorks/I-DARE/raw_downloads/EEG/sbj_P_30.mat,443754.0,0.02106718748635626,0.0006491950357739637,0.02532245576334093,0.9996793866170571,0.029099110550294634,0.9995766208825908,0.01686743593658932,0.9998577448024624
924,30,sbj_P_30,4220,/mnt/HDD/AliWorks/I-DARE/raw_downloads/EEG/sbj_P_30.mat,453945.0,0.014473409381566524,0.000419923423100212,0.0282189732982707,0.9996018447729954,0.018953611048660887,0.9998203803141076,0.02526421710400899,0.9996808596670606
925,30,sbj_P_30,5760,/mnt/HDD/AliWorks/I-DARE/raw_downloads/EEG/sbj_P_30.mat,462882.0,0.023918379928984674,0.0011501639856609626,0.02913937110196179,0.9995754485258916,0.031308283997415434,0.9995098956765691,0.01776995159464442,0.9998421144101622
926,30,sbj_P_30,3063,/mnt/HDD/AliWorks/I-DARE/raw_downloads/EEG/sbj_P_30.mat,471888.0,0.01677519468844971,0.0005724791948183924,0.02811459739709295,0.9996047847065991,0.02503185846264883,0.9996867030309526,0.022899499476368174,0.9997378064618659
927,30,sbj_P_30,3080,/mnt/HDD/AliWorks/I-DARE/raw_downloads/EEG/sbj_P_30.mat,480661.0,0.017539581859167493,0.0004726845966744367,0.020304430835526147,0.9997938650442232,0.02283246783924949,0.999739339206185,0.013530308024602441,0.9999084653823797
928,31,sbj_P_31,Dummy_1,/mnt/HDD/AliWorks/I-DARE/raw_downloads/EEG/sbj_P_31.mat,181750.0,0.010163057003756217,0.0004199460931202903,0.025389223047463827,0.9996776936765233,0.01905373925742902,0.999818477510155,0.0216612776728818,0.9997653945247891
929,31,sbj_P_31,3053,/mnt/HDD/AliWorks/I-DARE/raw_downloads/EEG/sbj_P_31.mat,192956.0,0.010128529791682984,0.00048082635276080284,0.020382124852495808,0.9997922844932482,0.01995356980997655,0.9998009275259191,0.014766248653291333,0.9998909789503546
930,31,sbj_P_31,Tumor_1,/mnt/HDD/AliWorks/I-DARE/raw_downloads/EEG/sbj_P_31.mat,203210.0,0.009132427005908618,0.0003439821264938234,0.018467799526793276,0.9998294701903184,0.017810924370596653,0.9998413854865321,0.013892203002136136,0.9999035033478734
931,31,sbj_P_31,Dog_18,/mnt/HDD/AliWorks/I-DARE/raw_downloads/EEG/sbj_P_31.mat,212638.0,0.012385035243415474,0.000553333785647885,0.02066585262362111,0.9997864612676696,0.02220832124374784,0.9997533952337668,0.013916820555757966,0.9999031610528095
932,31,sbj_P_31,Miserable_pose_3,/mnt/HDD/AliWorks/I-DARE/raw_downloads/EEG/sbj_P_31.mat,222085.0,0.011423158614981789,0.0005500636848674254,0.027557336564946622,0.999620296600723,0.02198660685335839,0.9997582945595379,0.022639123788203215,0.9997437350370516
933,31,sbj_P_31,Pinecone_1,/mnt/HDD/AliWorks/I-DARE/raw_downloads/EEG/sbj_P_31.mat,231656.0,0.010450226298377895,0.00046316107752169243,0.022701059645663397,0.9997423309454819,0.020135359389723193,0.9997972836511233,0.017775407312578432,0.9998420174474356
934,31,sbj_P_31,Garbage_dump_6,/mnt/HDD/AliWorks/I-DARE/raw_downloads/EEG/sbj_P_31.mat,240463.0,0.00734720105649381,0.0004394750377298053,0.02111672133122516,0.9997770420401099,0.018805684934543102,0.9998231731070713,0.01578273062055005,0.9998754527070793
935,31,sbj_P_31,Depressed_pose_4,/mnt/HDD/AliWorks/I-DARE/raw_downloads/EEG/sbj_P_31.mat,249643.0,0.007343369238357634,0.0003217734240603362,0.014503300859273763,0.9998948271320928,0.012961972302268077,0.9999159936370178,0.011328289469554938,0.9999358349288469
936,31,sbj_P_31,Angry_face_1,/mnt/HDD/AliWorks/I-DARE/raw_downloads/EEG/sbj_P_31.mat,258452.0,0.00451042212518323,0.00017628680153879833,0.015022580823026025,0.999887161032708,0.011729354521188158,0.999931211121258,0.012696692012465725,0.9999193970059701
937,31,sbj_P_31,Dog_26,/mnt/HDD/AliWorks/I-DARE/raw_downloads/EEG/sbj_P_31.mat,268633.0,0.00757203213082387,0.000268802205042854,0.01936772828746233,0.999812445550492,0.01635388575288154,0.9998662752103906,0.0157669585338718,0.9998757015092958
938,31,sbj_P_31,8370,/mnt/HDD/AliWorks/I-DARE/raw_downloads/EEG/sbj_P_31.mat,278228.0,0.008924205953042176,0.00036873356888060364,0.01890500570653566,0.9998213003796181,0.01891775690815797,0.9998210592367818,0.013940039876594439,0.9999028376441197
939,31,sbj_P_31,Dog_6,/mnt/HDD/AliWorks/I-DARE/raw_downloads/EEG/sbj_P_31.mat,286401.0,0.009176361191420457,0.0003923673385482858,0.02209521271542615,0.9997559007875298,0.02115594645892843,0.9997762129647138,0.016338193310708855,0.9998665317196711
940,31,sbj_P_31,9220,/mnt/HDD/AliWorks/I-DARE/raw_downloads/EEG/sbj_P_31.mat,294767.0,0.008323358073832669,0.00032794927917804447,0.026450629364760576,0.9996501821031032,0.01771092553267891,0.9998431615583878,0.023407360412636746,0.9997260477392561
941,31,sbj_P_31,Lake_12,/mnt/HDD/AliWorks/I-DARE/raw_downloads/EEG/sbj_P_31.mat,303807.0,0.009622031477226383,0.00038469396652048677,0.01825832611844145,0.9998333167636768,0.017448982181369,0.9998477665104167,0.013372618677745004,0.9999105865348497
942,31,sbj_P_31,2314,/mnt/HDD/AliWorks/I-DARE/raw_downloads/EEG/sbj_P_31.mat,313000.0,0.008041490091056282,0.0002900556590902051,0.01671061473180722,0.9998603776776425,0.016975442683017306,0.9998559171728579,0.011449623171542299,0.9999344530646157
943,31,sbj_P_31,1750,/mnt/HDD/AliWorks/I-DARE/raw_downloads/EEG/sbj_P_31.mat,321564.0,0.016456421105488304,0.0009313297730690766,0.02538502240179684,0.9996778003188296,0.025583533898594777,0.9996727413966294,0.01760503680469033,0.9998450313395528
944,31,sbj_P_31,8492,/mnt/HDD/AliWorks/I-DARE/raw_downloads/EEG/sbj_P_31.mat,331017.0,0.00878247845079832,0.0003669636618858348,0.0254183928936958,0.999676952651351,0.018220190820786363,0.9998340123232258,0.021906037422540353,0.9997600627622213
945,31,sbj_P_31,1441,/mnt/HDD/AliWorks/I-DARE/raw_downloads/EEG/sbj_P_31.mat,339723.0,0.005850080897111193,0.00020634513543292944,0.01717353248163984,0.9998525348910507,0.014176378595432736,0.9998995151449597,0.014188006822454457,0.9998993502312037
946,31,sbj_P_31,Flowers_6,/mnt/HDD/AliWorks/I-DARE/raw_downloads/EEG/sbj_P_31.mat,348981.0,0.0065358755247682645,0.00021469633788905273,0.029660834937244685,0.9995601174354128,0.014592976411237553,0.9998935225197304,0.027905700146880912,0.9996106359496562
947,31,sbj_P_31,Yarn_1,/mnt/HDD/AliWorks/I-DARE/raw_downloads/EEG/sbj_P_31.mat,357853.0,0.013463711897313142,0.0008410715633158426,0.024451862672621973,0.9997010532059191,0.024325201498942028,0.9997041422860179,0.016516860813395196,0.9998635966544349
948,31,sbj_P_31,9331,/mnt/HDD/AliWorks/I-DARE/raw_downloads/EEG/sbj_P_31.mat,365928.0,0.017485928707669046,0.0008708716495460152,0.027992742247176124,0.9996082031907415,0.026775682081207446,0.9996415314245426,0.020441564065916552,0.9997910712292696
949,31,sbj_P_31,Beach_1,/mnt/HDD/AliWorks/I-DARE/raw_downloads/EEG/sbj_P_31.mat,374353.0,0.010392909903360144,0.000448238567089875,0.02593965389339943,0.9996635671779447,0.021707975133981865,0.9997643819077908,0.020708525196850597,0.9997855784920859
950,31,sbj_P_31,2491,/mnt/HDD/AliWorks/I-DARE/raw_downloads/EEG/sbj_P_31.mat,382653.0,0.008720266949141962,0.00036487167657212277,0.034354457594596585,0.9994098856216903,0.017495073835812412,0.9998469611957393,0.03204755536663685,0.9994864770975116
951,31,sbj_P_31,9360,/mnt/HDD/AliWorks/I-DARE/raw_downloads/EEG/sbj_P_31.mat,391221.0,0.01934199927447731,0.0010338509294001406,0.026134855380971232,0.9996584846671082,0.029674954783559648,0.9995596985292972,0.015087947325393904,0.9998861769227528
952,31,sbj_P_31,Lake_3,/mnt/HDD/AliWorks/I-DARE/raw_downloads/EEG/sbj_P_31.mat,399933.0,0.00947149184573078,0.00037422515563062005,0.02716757115781256,0.999630961538693,0.018482348836080475,0.9998292013907505,0.02382219563247106,0.9997162514976242
953,31,sbj_P_31,3170,/mnt/HDD/AliWorks/I-DARE/raw_downloads/EEG/sbj_P_31.mat,409681.0,0.009598992111737684,0.00035712976427313027,0.028112675672823613,0.9996048387332578,0.01790635192979764,0.9998396812802833,0.025327293043684706,0.9996792641135401
954,31,sbj_P_31,8080,/mnt/HDD/AliWorks/I-DARE/raw_downloads/EEG/sbj_P_31.mat,418091.0,0.010176853666547364,0.00044408364478766365,0.022279111149179805,0.999751820603202,0.01947239835357547,0.9998104128511796,0.017612445440849056,0.9998449008827968
955,31,sbj_P_31,Snow_1,/mnt/HDD/AliWorks/I-DARE/raw_downloads/EEG/sbj_P_31.mat,427068.0,0.008207058118468141,0.0003165675311059211,0.027371138850178348,0.9996254103790218,0.017000861812080624,0.9998554853488228,0.02463897189680498,0.9996964605319344
956,31,sbj_P_31,4220,/mnt/HDD/AliWorks/I-DARE/raw_downloads/EEG/sbj_P_31.mat,436342.0,0.008029644376865867,0.00034286670894976147,0.0178873197744019,0.9998400218956444,0.017670799487831963,0.9998438714227306,0.013054593383209053,0.9999147887957996
957,31,sbj_P_31,5760,/mnt/HDD/AliWorks/I-DARE/raw_downloads/EEG/sbj_P_31.mat,445876.0,0.012349015618626322,0.0004718438938240089,0.02007974163898553,0.9997984019878555,0.021268792284547845,0.9997738192373785,0.013981195797717266,0.999902263082033
958,31,sbj_P_31,3063,/mnt/HDD/AliWorks/I-DARE/raw_downloads/EEG/sbj_P_31.mat,454400.0,0.0266977042852385,0.0015100929376251756,0.028895091746058036,0.9995825368364938,0.031823941332484174,0.9994936183790333,0.01839483107065238,0.9998308150949409
959,31,sbj_P_31,3080,/mnt/HDD/AliWorks/I-DARE/raw_downloads/EEG/sbj_P_31.mat,462652.0,0.015096675388472059,0.000665497617970938,0.020725449406050755,0.9997852278734591,0.022367785621902992,0.9997498410831863,0.013236827361605558,0.9999123932006995
960,32,sbj_P_32,Dummy_1,/mnt/HDD/AliWorks/I-DARE/raw_downloads/EEG/sbj_P_32.mat,193750.0,0.03812101308802863,0.002366287798653567,0.04547444914707454,0.9989660372373851,0.05185218736917923,0.9986556753325158,0.02243346262372624,0.9997483698773556
961,32,sbj_P_32,3053,/mnt/HDD/AliWorks/I-DARE/raw_downloads/EEG/sbj_P_32.mat,205182.0,0.014310181452852044,0.00044273797864097746,0.026158656127366398,0.9996578623548054,0.02173974167039335,0.9997636918160524,0.020717506230407443,0.9997853924677967
962,32,sbj_P_32,Tumor_1,/mnt/HDD/AliWorks/I-DARE/raw_downloads/EEG/sbj_P_32.mat,217065.0,0.0031376410237228085,0.00010308037509914437,0.009570485538045289,0.999954202903283,0.01102383988570259,0.999939237477087,0.006305358325573729,0.9999801212281925
963,32,sbj_P_32,Dog_18,/mnt/HDD/AliWorks/I-DARE/raw_downloads/EEG/sbj_P_32.mat,226954.0,0.0031872940345358766,9.176289222708573e-05,0.028019451986032888,0.9996074551552009,0.006153667385971126,0.9999810661888509,0.027587889409775385,0.9996194541789569
964,32,sbj_P_32,Miserable_pose_3,/mnt/HDD/AliWorks/I-DARE/raw_downloads/EEG/sbj_P_32.mat,236250.0,0.002462161014298215,8.653639325741555e-05,0.015066961776628966,0.9998864933314102,0.010888848314316885,0.9999407164911938,0.013254991429344333,0.9999121526011044
965,32,sbj_P_32,Pinecone_1,/mnt/HDD/AliWorks/I-DARE/raw_downloads/EEG/sbj_P_32.mat,245401.0,0.0041847096872251865,0.00012302397925133244,0.01402493606458323,0.9999016505841926,0.010454768680141292,0.9999453489059223,0.012084509356761327,0.9999269823168029
966,32,sbj_P_32,Garbage_dump_6,/mnt/HDD/AliWorks/I-DARE/raw_downloads/EEG/sbj_P_32.mat,255452.0,0.003943953190270115,0.00012888462289019847,0.018863693849155785,0.9998220805271832,0.010601095211365551,0.9999438083901604,0.01731461850731615,0.999850101992973
967,32,sbj_P_32,Depressed_pose_4,/mnt/HDD/AliWorks/I-DARE/raw_downloads/EEG/sbj_P_32.mat,265504.0,0.004965849971192673,0.00017446866916059678,0.015016164695762411,0.999887257398915,0.012418921867662653,0.9999228851898224,0.01213750523379102,0.9999263404833502
968,32,sbj_P_32,Angry_face_1,/mnt/HDD/AliWorks/I-DARE/raw_downloads/EEG/sbj_P_32.mat,279242.0,0.0017379217166128098,6.728360214952882e-05,0.01309696213952194,0.9999142347913575,0.004563289208754424,0.999989588195799,0.012706460661525261,0.9999192729287286
969,32,sbj_P_32,Dog_26,/mnt/HDD/AliWorks/I-DARE/raw_downloads/EEG/sbj_P_32.mat,290997.0,0.004294398963609274,0.00016938439011815112,0.032758506754114326,0.9994634401176207,0.015963045347666984,0.9998725905916144,0.030917563217321312,0.9995220521423511
970,32,sbj_P_32,8370,/mnt/HDD/AliWorks/I-DARE/raw_downloads/EEG/sbj_P_32.mat,300730.0,0.005722287842672997,0.0002801613031883503,0.016034747243821222,0.9998714434404126,0.018190122470139965,0.9998345597222604,0.009866729245687987,0.9999513238269965
971,32,sbj_P_32,Dog_6,/mnt/HDD/AliWorks/I-DARE/raw_downloads/EEG/sbj_P_32.mat,308963.0,0.0059631878130514075,0.00026813706640032783,0.023887894708874268,0.9997146842431885,0.01607468445982664,0.9998708022597589,0.021050020035140657,0.9997784483282596
972,32,sbj_P_32,9220,/mnt/HDD/AliWorks/I-DARE/raw_downloads/EEG/sbj_P_32.mat,318384.0,0.006543091627895497,0.0003039972323906414,0.02764338099957229,0.9996179217434561,0.016885867428742696,0.9998574337405891,0.024964162192866478,0.999688395303004
973,32,sbj_P_32,Lake_12,/mnt/HDD/AliWorks/I-DARE/raw_downloads/EEG/sbj_P_32.mat,327230.0,0.028467585802212158,0.001443451771894132,0.033648851793165985,0.9994338773865011,0.04117559717763719,0.9991522850985327,0.017332173282661855,0.9998497978846501
974,32,sbj_P_32,2314,/mnt/HDD/AliWorks/I-DARE/raw_downloads/EEG/sbj_P_32.mat,335715.0,0.0045122739793675565,0.00014447755323105746,0.0157303164787519,0.9998762785717388,0.01331507549550162,0.9999113543822744,0.013857765198484282,0.9999039811718518
975,32,sbj_P_32,1750,/mnt/HDD/AliWorks/I-DARE/raw_downloads/EEG/sbj_P_32.mat,345663.0,0.00286504701167352,6.774117589162349e-05,0.018480408575706,0.9998292372494372,0.01261545689897731,0.9999204251236156,0.018012269630890837,0.9998377790713716
976,32,sbj_P_32,8492,/mnt/HDD/AliWorks/I-DARE/raw_downloads/EEG/sbj_P_32.mat,354027.0,0.004894412561029688,0.00017973386077474275,0.016787716108444036,0.9998590862939312,0.016629652789843605,0.9998617273240447,0.014730517222859651,0.9998915059311735
977,32,sbj_P_32,1441,/mnt/HDD/AliWorks/I-DARE/raw_downloads/EEG/sbj_P_32.mat,362762.0,0.005510985497719906,0.00017244174941919948,0.01780179348699534,0.9998415480743225,0.01455576864468624,0.9998940647995812,0.01619221569660984,0.9998689060754168
978,32,sbj_P_32,Flowers_6,/mnt/HDD/AliWorks/I-DARE/raw_downloads/EEG/sbj_P_32.mat,373900.0,0.004953565081247052,0.00019775142334436694,0.016349971326260208,0.9998663392188151,0.015625401860964325,0.999877923408342,0.013376516346790691,0.9999105344052118
979,32,sbj_P_32,Yarn_1,/mnt/HDD/AliWorks/I-DARE/raw_downloads/EEG/sbj_P_32.mat,382731.0,0.008804594353258841,0.0002372676807968994,0.021199975028979114,0.9997752805293858,0.02083927776271555,0.9997828622511639,0.018046244886891983,0.9998371665227417
980,32,sbj_P_32,9331,/mnt/HDD/AliWorks/I-DARE/raw_downloads/EEG/sbj_P_32.mat,391439.0,0.009730659316892223,0.00018818647691883653,0.015547545324381835,0.9998791369171929,0.01780549572869874,0.9998414821609276,0.011604317772975905,0.999932669904512
981,32,sbj_P_32,Beach_1,/mnt/HDD/AliWorks/I-DARE/raw_downloads/EEG/sbj_P_32.mat,400959.0,0.0034114274234654084,0.00010152423363145443,0.010090746800486489,0.9999490884145044,0.010695968710694876,0.99994279812667,0.007065822233174013,0.9999750370780848
982,32,sbj_P_32,2491,/mnt/HDD/AliWorks/I-DARE/raw_downloads/EEG/sbj_P_32.mat,411106.0,0.0048640068824573985,0.00017183042796289972,0.010745724961453559,0.9999422646975266,0.012674167825516487,0.999919682734965,0.007063337181248224,0.999975054633932
983,32,sbj_P_32,9360,/mnt/HDD/AliWorks/I-DARE/raw_downloads/EEG/sbj_P_32.mat,419446.0,0.002054573147671907,6.989996964920708e-05,0.026256320357249324,0.999655302820649,0.006646642668147463,0.9999779110706212,0.02588103439623178,0.9996650860292909
984,32,sbj_P_32,Lake_3,/mnt/HDD/AliWorks/I-DARE/raw_downloads/EEG/sbj_P_32.mat,429803.0,0.0033331086008841766,0.0001296390395151114,0.015023636477558954,0.9998871451734953,0.005312947077937442,0.9999858862966733,0.014576291060253141,0.9998937658694634
985,32,sbj_P_32,3170,/mnt/HDD/AliWorks/I-DARE/raw_downloads/EEG/sbj_P_32.mat,438334.0,0.0024216981940672396,7.321928127339819e-05,0.0076652151347266426,0.9999706222384696,0.006811524929588346,0.9999768015640672,0.005990953485967204,0.999982054238164
986,32,sbj_P_32,8080,/mnt/HDD/AliWorks/I-DARE/raw_downloads/EEG/sbj_P_32.mat,447021.0,0.0015274138973928677,4.213831592865966e-05,0.00753073520373818,0.9999716440136464,0.0048297022573944555,0.9999883369880532,0.006666232662901938,0.9999777806710423
987,32,sbj_P_32,Snow_1,/mnt/HDD/AliWorks/I-DARE/raw_downloads/EEG/sbj_P_32.mat,454754.0,0.001997225413191545,5.5917914637770375e-05,0.010485114975201786,0.9999450311819784,0.006834593865029655,0.9999766441633499,0.009310591261244257,0.9999566564451827
988,32,sbj_P_32,4220,/mnt/HDD/AliWorks/I-DARE/raw_downloads/EEG/sbj_P_32.mat,462178.0,0.005147177925472881,0.00016129539590161717,0.027439257287260654,0.9996235435797619,0.012888778767449977,0.9999169396909416,0.025998802487176984,0.9996620311346165
989,32,sbj_P_32,5760,/mnt/HDD/AliWorks/I-DARE/raw_downloads/EEG/sbj_P_32.mat,471138.0,0.00272700778131571,6.807566111278024e-05,0.011366717894270604,0.999935398862156,0.0061745455537462355,0.9999809374936025,0.010569056143342971,0.9999441475261196
990,32,sbj_P_32,3063,/mnt/HDD/AliWorks/I-DARE/raw_downloads/EEG/sbj_P_32.mat,480573.0,0.009747912243347054,0.0012264699539212866,0.02513684620573153,0.9996840694814146,0.0221319092999015,0.9997550892953706,0.015408532340036042,0.999881288565563
991,32,sbj_P_32,3080,/mnt/HDD/AliWorks/I-DARE/raw_downloads/EEG/sbj_P_32.mat,488323.0,0.003432347879803184,8.328534539386753e-05,0.018664732280200515,0.9998258138844549,0.003912964805884928,0.9999923443532135,0.018454320295731855,0.9998297190312112
992,33,sbj_P_33,Dummy_1,/mnt/HDD/AliWorks/I-DARE/raw_downloads/EEG/sbj_P_33.mat,176174.0,0.011499195818796097,0.0004510051058197323,0.02358962982641628,0.9997217646823258,0.01805088181440866,0.9998370828328609,0.02017254958766722,0.9997965341215664
993,33,sbj_P_33,3053,/mnt/HDD/AliWorks/I-DARE/raw_downloads/EEG/sbj_P_33.mat,190342.0,0.013949257778002952,0.0006387009766997077,0.025026551522823175,0.9996868358594376,0.024459778068427033,0.999700859628421,0.018804760357135315,0.9998231904939551
994,33,sbj_P_33,Tumor_1,/mnt/HDD/AliWorks/I-DARE/raw_downloads/EEG/sbj_P_33.mat,201758.0,0.018783032803612022,0.0008923220676114326,0.028356125980271665,0.9995979650596959,0.03000738287302179,0.9995497784865557,0.01899271269326986,0.9998196384322755
995,33,sbj_P_33,Dog_18,/mnt/HDD/AliWorks/I-DARE/raw_downloads/EEG/sbj_P_33.mat,212752.0,0.013834007906315234,0.0005857043853340773,0.028480104847213708,0.9995944418139466,0.02502941891442718,0.999686764094403,0.022580651336021836,0.9997450570926206
996,33,sbj_P_33,Miserable_pose_3,/mnt/HDD/AliWorks/I-DARE/raw_downloads/EEG/sbj_P_33.mat,222623.0,0.01407873245002185,0.0005848065415838318,0.025763152002735466,0.999668129999442,0.025609989923816547,0.999672064208051,0.0192857253691571,0.9998140303984921
997,33,sbj_P_33,Pinecone_1,/mnt/HDD/AliWorks/I-DARE/raw_downloads/EEG/sbj_P_33.mat,232754.0,0.013400787052200444,0.00048598052409501235,0.022498405994585458,0.9997469108638518,0.022353154349724083,0.9997501682453085,0.0165775409066929,0.9998625925687434
998,33,sbj_P_33,Garbage_dump_6,/mnt/HDD/AliWorks/I-DARE/raw_downloads/EEG/sbj_P_33.mat,242008.0,0.01594851055134827,0.0005668942015864875,0.03123336124963423,0.9995122385725252,0.02643014343449844,0.9996507237590158,0.025748104492309243,0.9996685175575266
999,33,sbj_P_33,Depressed_pose_4,/mnt/HDD/AliWorks/I-DARE/raw_downloads/EEG/sbj_P_33.mat,251545.0,0.013469209727883841,0.0005982645203899273,0.02551259990306252,0.999674553623093,0.023433604213815015,0.9997254330967754,0.019567912685016613,0.9998085483965753
1000,33,sbj_P_33,Angry_face_1,/mnt/HDD/AliWorks/I-DARE/raw_downloads/EEG/sbj_P_33.mat,260169.0,0.017094627280557433,0.0007106914300232408,0.026748759278415923,0.9996422519385328,0.027175560960804722,0.9996307444432331,0.019580484921768577,0.9998083023051145
1001,33,sbj_P_33,Dog_26,/mnt/HDD/AliWorks/I-DARE/raw_downloads/EEG/sbj_P_33.mat,269248.0,0.010749114760122426,0.0003975737653263247,0.02569287171793191,0.9996699381714432,0.02111622908721969,0.9997770524345682,0.021202473100227857,0.9997752275672165
1002,33,sbj_P_33,8370,/mnt/HDD/AliWorks/I-DARE/raw_downloads/EEG/sbj_P_33.mat,278677.0,0.008242617767374326,0.0003181838296004747,0.030380027453193292,0.9995385269659715,0.017158056519818183,0.999852800548231,0.028225642436496518,0.9996016565545232
1003,33,sbj_P_33,Dog_6,/mnt/HDD/AliWorks/I-DARE/raw_downloads/EEG/sbj_P_33.mat,287675.0,0.013606687690157285,0.0005518584167097845,0.02560462413120012,0.9996722016115501,0.02313455215195518,0.9997323962483639,0.020023257072885072,0.9997995345880959
1004,33,sbj_P_33,9220,/mnt/HDD/AliWorks/I-DARE/raw_downloads/EEG/sbj_P_33.mat,296056.0,0.015018599847445817,0.0006036870303294876,0.028496126060703293,0.9995939853997663,0.026632381260717375,0.9996453581341916,0.022365042871382343,0.9997499024286813
1005,33,sbj_P_33,Lake_12,/mnt/HDD/AliWorks/I-DARE/raw_downloads/EEG/sbj_P_33.mat,305352.0,0.016688179720422636,0.000632298663695629,0.025610075013032824,0.9996720620289132,0.025001055689014926,0.9996874736072172,0.019056041204375828,0.9998184336468086
1006,33,sbj_P_33,2314,/mnt/HDD/AliWorks/I-DARE/raw_downloads/EEG/sbj_P_33.mat,315012.0,0.016551981263479267,0.0006168458797571167,0.028799765954197882,0.9995852867404917,0.026340528668539715,0.9996530882747313,0.02264516427635764,0.9997435982674484
1007,33,sbj_P_33,1750,/mnt/HDD/AliWorks/I-DARE/raw_downloads/EEG/sbj_P_33.mat,324490.0,0.016184994821326355,0.0006023536673566151,0.025226536217486904,0.9996818109352343,0.02635112958616282,0.999652808984767,0.01793728494079234,0.9998391269044767
1008,33,sbj_P_33,8492,/mnt/HDD/AliWorks/I-DARE/raw_downloads/EEG/sbj_P_33.mat,334149.0,0.009877733653964958,0.0003611003960822866,0.01972948877109853,0.9998053736364153,0.01918319140553038,0.999816002583749,0.01475249090679272,0.9998911820060224
1009,33,sbj_P_33,1441,/mnt/HDD/AliWorks/I-DARE/raw_downloads/EEG/sbj_P_33.mat,343053.0,0.011691386418747734,0.000480211587582407,0.032289902830946154,0.9994786810875839,0.022368660242591237,0.999749821519476,0.02843206407277108,0.9995958088662803
1010,33,sbj_P_33,Flowers_6,/mnt/HDD/AliWorks/I-DARE/raw_downloads/EEG/sbj_P_33.mat,351528.0,0.011953263017357309,0.0004203285984966875,0.03412565076064414,0.9994177199800816,0.021561350276727367,0.9997675540871229,0.030941565253677347,0.9995213097698264
1011,33,sbj_P_33,Yarn_1,/mnt/HDD/AliWorks/I-DARE/raw_downloads/EEG/sbj_P_33.mat,359606.0,0.015390419872890256,0.0004782039927787996,0.02365362318951468,0.9997202530550036,0.02347757238989312,0.9997244017973388,0.018099328114922788,0.9998362071608939
1012,33,sbj_P_33,9331,/mnt/HDD/AliWorks/I-DARE/raw_downloads/EEG/sbj_P_33.mat,369325.0,0.01245005274568123,0.0005473584093678325,0.028040454761308523,0.9996068664483896,0.024022146553710173,0.9997114682374758,0.02284569501720561,0.9997390371095909
1013,33,sbj_P_33,Beach_1,/mnt/HDD/AliWorks/I-DARE/raw_downloads/EEG/sbj_P_33.mat,378328.0,0.020531505001769635,0.0008342850518043235,0.035922509102930066,0.9993547866698747,0.02968523189379214,0.9995593935037063,0.029435951917332163,0.99956676236736
1014,33,sbj_P_33,2491,/mnt/HDD/AliWorks/I-DARE/raw_downloads/EEG/sbj_P_33.mat,387007.0,0.01955280747567476,0.0006531527135094332,0.02468673722430783,0.9996952825026089,0.02531671262990199,0.9996795320308072,0.018116489785633075,0.9998358963989238
1015,33,sbj_P_33,9360,/mnt/HDD/AliWorks/I-DARE/raw_downloads/EEG/sbj_P_33.mat,395658.0,0.012582062765951302,0.0005199118611106585,0.032835815696960625,0.9994609046037577,0.022103037939060374,0.9997557278569321,0.02886354040513595,0.9995834480176407
1016,33,sbj_P_33,Lake_3,/mnt/HDD/AliWorks/I-DARE/raw_downloads/EEG/sbj_P_33.mat,403776.0,0.009197967538146792,0.00036531884134455734,0.021499464927547417,0.9997688865039152,0.018143648904387022,0.9998354040022178,0.01750519675063485,0.9998467840433609
1017,33,sbj_P_33,3170,/mnt/HDD/AliWorks/I-DARE/raw_downloads/EEG/sbj_P_33.mat,412457.0,0.013797026253431714,0.0006648041326586792,0.033564525910421125,0.9994367113002044,0.023672164122194455,0.9997198143228857,0.02908599010733359,0.9995770025897375
1018,33,sbj_P_33,8080,/mnt/HDD/AliWorks/I-DARE/raw_downloads/EEG/sbj_P_33.mat,421336.0,0.014547932629304707,0.0006009191250970635,0.031140525305274315,0.9995151338418555,0.022877253382813684,0.9997383156388293,0.02696055545745684,0.9996365642247126
1019,33,sbj_P_33,Snow_1,/mnt/HDD/AliWorks/I-DARE/raw_downloads/EEG/sbj_P_33.mat,429806.0,0.010972346408563994,0.0004429990294541722,0.02869398893075259,0.9995883274996213,0.020265009263611456,0.9997946646997729,0.024987108631122884,0.9996878222011285
1020,33,sbj_P_33,4220,/mnt/HDD/AliWorks/I-DARE/raw_downloads/EEG/sbj_P_33.mat,438588.0,0.012419780036154179,0.0004884559694899207,0.023175121801227955,0.9997314568647485,0.019360275005004486,0.9998125898758647,0.01889826416725043,0.999821427805732
1021,33,sbj_P_33,5760,/mnt/HDD/AliWorks/I-DARE/raw_downloads/EEG/sbj_P_33.mat,448017.0,0.014715135063382945,0.0005590545289796211,0.02428332052813654,0.9997051601720639,0.023066235023373176,0.9997339744009234,0.0185383304421976,0.9998281651522078
1022,33,sbj_P_33,3063,/mnt/HDD/AliWorks/I-DARE/raw_downloads/EEG/sbj_P_33.mat,456955.0,0.010720570512096201,0.00043383145382433426,0.021642531726059972,0.9997658004102431,0.020466719562679574,0.9997905566951706,0.016729796939663318,0.9998600569471786
1023,33,sbj_P_33,3080,/mnt/HDD/AliWorks/I-DARE/raw_downloads/EEG/sbj_P_33.mat,465434.0,0.007383415169075818,0.0003272230725908977,0.016868581425440347,0.9998577254803469,0.017226551119338546,0.9998516229682671,0.011814383071104695,0.999930210176325
1024,34,sbj_P_34,Dummy_1,/mnt/HDD/AliWorks/I-DARE/raw_downloads/EEG/sbj_P_34.mat,174674.0,0.011790596679851936,0.00089085690575752,0.028038488560115756,0.9996069215796323,0.02474685650860941,0.9996937965464717,0.01920983052250919,0.9998154912056482
1025,34,sbj_P_34,3053,/mnt/HDD/AliWorks/I-DARE/raw_downloads/EEG/sbj_P_34.mat,184610.0,0.006495012566232669,0.00021858452065640733,0.017215620186460733,0.9998518112107979,0.011157610556539722,0.9999377538633345,0.0152911535341747,0.9998830903117975
1026,34,sbj_P_34,Tumor_1,/mnt/HDD/AliWorks/I-DARE/raw_downloads/EEG/sbj_P_34.mat,195678.0,0.007055154113933626,0.00025108487824711506,0.026517776455253564,0.9996484037659349,0.01810524340945094,0.9998361000805422,0.02392800712800237,0.9997137252374417
1027,34,sbj_P_34,Dog_18,/mnt/HDD/AliWorks/I-DARE/raw_downloads/EEG/sbj_P_34.mat,205417.0,0.0075239283306198015,0.0003066514063299427,0.017010910730749854,0.9998553144580545,0.018731898567404936,0.9998245579880305,0.010990480369741557,0.9999396046706208
1028,34,sbj_P_34,Miserable_pose_3,/mnt/HDD/AliWorks/I-DARE/raw_downloads/EEG/sbj_P_34.mat,215625.0,0.008763248329865705,0.00046342472653540274,0.021313993115127612,0.999772856848744,0.023111581699394017,0.9997329273956761,0.011562672671996328,0.99993315230034
1029,34,sbj_P_34,Pinecone_1,/mnt/HDD/AliWorks/I-DARE/raw_downloads/EEG/sbj_P_34.mat,226408.0,0.007980207495492211,0.0003460148683803819,0.01605518245268241,0.9998711155582051,0.019446928492096352,0.9998109084861113,0.007974736864876012,0.999968201785968
1030,34,sbj_P_34,Garbage_dump_6,/mnt/HDD/AliWorks/I-DARE/raw_downloads/EEG/sbj_P_34.mat,235826.0,0.006624159189511062,0.0002394854389244851,0.012726884827115498,0.9999190132012988,0.011921066559782798,0.9999289440860385,0.009622131318023409,0.9999537072944497
1031,34,sbj_P_34,Depressed_pose_4,/mnt/HDD/AliWorks/I-DARE/raw_downloads/EEG/sbj_P_34.mat,245971.0,0.003972227405776192,0.00016859517891823657,0.024489822801768823,0.999700124289569,0.013455953748021944,0.9999094686543663,0.02215619972508667,0.9997545514068708
1032,34,sbj_P_34,Angry_face_1,/mnt/HDD/AliWorks/I-DARE/raw_downloads/EEG/sbj_P_34.mat,255422.0,0.0037696517744039214,0.0001288060123420639,0.01146666069391069,0.9999342578462649,0.010778424472338842,0.9999419127829472,0.008654663383065949,0.9999625484008624
1033,34,sbj_P_34,Dog_26,/mnt/HDD/AliWorks/I-DARE/raw_downloads/EEG/sbj_P_34.mat,265930.0,0.015650545623031344,0.0006290897539461413,0.02563355537031441,0.9996714604195386,0.031843470406036516,0.9994929966962498,0.013678955883381826,0.9999064430829705
1034,34,sbj_P_34,8370,/mnt/HDD/AliWorks/I-DARE/raw_downloads/EEG/sbj_P_34.mat,274380.0,0.005367076688178603,0.00021440999787484158,0.022588896611470198,0.9997448708749387,0.016475456852856365,0.9998642796607452,0.018986635533881597,0.9998197538355517
1035,34,sbj_P_34,Dog_6,/mnt/HDD/AliWorks/I-DARE/raw_downloads/EEG/sbj_P_34.mat,284593.0,0.006177717399008663,0.0002466610509003932,0.01408617540240105,0.9999007898312664,0.012492456602094845,0.999921969264022,0.01059680974592007,0.999943853811605
1036,34,sbj_P_34,9220,/mnt/HDD/AliWorks/I-DARE/raw_downloads/EEG/sbj_P_34.mat,294808.0,0.00492319734199157,0.00015113617667789913,0.018343704991138143,0.9998317542435989,0.008883097509625857,0.9999605452893174,0.017168938172294795,0.9998526137810178
1037,34,sbj_P_34,Lake_12,/mnt/HDD/AliWorks/I-DARE/raw_downloads/EEG/sbj_P_34.mat,305082.0,0.005657830313301716,0.0003759013239500352,0.033766221205925866,0.999429921152736,0.020076667208850617,0.9997984637168925,0.030649773123016526,0.9995302957037535
1038,34,sbj_P_34,2314,/mnt/HDD/AliWorks/I-DARE/raw_downloads/EEG/sbj_P_34.mat,315595.0,0.008729648026570985,0.00026589082577931035,0.017088894114493117,0.9998539848489709,0.018937595190109763,0.9998206837442073,0.0108055234767985,0.9999416203311956
1039,34,sbj_P_34,1750,/mnt/HDD/AliWorks/I-DARE/raw_downloads/EEG/sbj_P_34.mat,324864.0,0.00846435370250598,0.0004544264630758099,0.02015244874029159,0.9997969394048842,0.02383321210633782,0.9997159890003471,0.010184107990318495,0.9999481419722203
1040,34,sbj_P_34,8492,/mnt/HDD/AliWorks/I-DARE/raw_downloads/EEG/sbj_P_34.mat,335972.0,0.006997260396965972,0.00023278755807895,0.034493007788426566,0.9994051162068538,0.01678446819059349,0.9998591408137798,0.03205356094162057,0.9994862846154814
1041,34,sbj_P_34,1441,/mnt/HDD/AliWorks/I-DARE/raw_downloads/EEG/sbj_P_34.mat,346510.0,0.006316428337473107,0.00024012950373161906,0.024716980483872164,0.9996945354378796,0.0162776762577551,0.9998675186278236,0.021873753949618775,0.9997607694440754
1042,34,sbj_P_34,Flowers_6,/mnt/HDD/AliWorks/I-DARE/raw_downloads/EEG/sbj_P_34.mat,356656.0,0.011057141156131201,0.0003297161195443067,0.020298125403391647,0.9997939930525546,0.020847122637901488,0.9997826987388595,0.014422334950395839,0.9998959981272891
1043,34,sbj_P_34,Yarn_1,/mnt/HDD/AliWorks/I-DARE/raw_downloads/EEG/sbj_P_34.mat,366512.0,0.009936860944681127,0.000480297816545088,0.030633679081317738,0.9995307888529708,0.023204719471605992,0.9997307704971216,0.025684796671249614,0.9996701456099776
1044,34,sbj_P_34,9331,/mnt/HDD/AliWorks/I-DARE/raw_downloads/EEG/sbj_P_34.mat,376283.0,0.007208653353817117,0.0002652738036268153,0.04219642842714836,0.9991097307139962,0.05296208281887871,0.9985975088917439,0.02099715606108597,0.9997795597186742
1045,34,sbj_P_34,Beach_1,/mnt/HDD/AliWorks/I-DARE/raw_downloads/EEG/sbj_P_34.mat,385555.0,0.008728044542977419,0.00022289223589788514,0.015094603003685085,0.9998860764800807,0.018619073757708916,0.9998266650462028,0.009056813558907573,0.9999589870640802
1046,34,sbj_P_34,2491,/mnt/HDD/AliWorks/I-DARE/raw_downloads/EEG/sbj_P_34.mat,394623.0,0.011891052986739696,0.0005591238333961131,0.022288974805106346,0.9997516008010683,0.027243053007440537,0.9996289080314167,0.010299642571454238,0.9999469586814499
1047,34,sbj_P_34,9360,/mnt/HDD/AliWorks/I-DARE/raw_downloads/EEG/sbj_P_34.mat,405673.0,0.005166522915603815,0.00022743870334315206,0.03447641061699942,0.9994056885554841,0.014368474261282327,0.9998967734737016,0.0327748513773372,0.9994629045585962
1048,34,sbj_P_34,Lake_3,/mnt/HDD/AliWorks/I-DARE/raw_downloads/EEG/sbj_P_34.mat,417297.0,0.010961620557703961,0.000426018269227706,0.023510003491088376,0.9997236398679246,0.026749762310541506,0.9996422251081651,0.015943257284813942,0.9998729062735747
1049,34,sbj_P_34,3170,/mnt/HDD/AliWorks/I-DARE/raw_downloads/EEG/sbj_P_34.mat,445569.0,0.007241752223694685,0.0003236526222012289,0.019014590948365055,0.9998192226655335,0.02158012554425863,0.9997671490907474,0.011797825352984827,0.9999304056584706
1050,34,sbj_P_34,8080,/mnt/HDD/AliWorks/I-DARE/raw_downloads/EEG/sbj_P_34.mat,454131.0,0.007194192488833471,0.00017757684320177192,0.022882113430260587,0.9997382044424822,0.014083549876558157,0.9999008268114374,0.020636132362376887,0.9997870750205615
1051,34,sbj_P_34,Snow_1,/mnt/HDD/AliWorks/I-DARE/raw_downloads/EEG/sbj_P_34.mat,462510.0,0.007925170722496953,0.0003823633147102821,0.021437106579948826,0.9997702252307398,0.01849167245471426,0.9998290290249137,0.01545538824587257,0.9998805654870845
1052,34,sbj_P_34,4220,/mnt/HDD/AliWorks/I-DARE/raw_downloads/EEG/sbj_P_34.mat,471230.0,0.005439532986102969,0.00020730435397166443,0.015409496117690592,0.9998812737147001,0.015211848512637658,0.9998842998324143,0.010725496784331696,0.9999424818593645
1053,34,sbj_P_34,5760,/mnt/HDD/AliWorks/I-DARE/raw_downloads/EEG/sbj_P_34.mat,479918.0,0.013405937488124233,0.0003955291301415837,0.014355490678579413,0.9998969599436881,0.016628798009409775,0.999861741538381,0.0071300810301736985,0.9999745809722513
1054,34,sbj_P_34,3063,/mnt/HDD/AliWorks/I-DARE/raw_downloads/EEG/sbj_P_34.mat,487666.0,0.009171875818993917,0.0003984986837909727,0.02010974626974828,0.9997977990524831,0.022057762968000518,0.9997567275464236,0.012877085671226361,0.9999170903323078
1055,34,sbj_P_34,3080,/mnt/HDD/AliWorks/I-DARE/raw_downloads/EEG/sbj_P_34.mat,495802.0,0.011326750887972834,0.0005146938866674947,0.026618792663240003,0.9996457199385754,0.02500164850046689,0.9996874587861286,0.02031537631543144,0.9997936427425812
1056,35,sbj_P_35,Dummy_1,/mnt/HDD/AliWorks/I-DARE/raw_downloads/EEG/sbj_P_35.mat,178013.0,0.013835585091353483,0.00047916903801504347,0.02186436457986144,0.9997609747807596,0.024178849510160205,0.999707691618183,0.014256637622587538,0.9998983741418493
1057,35,sbj_P_35,3053,/mnt/HDD/AliWorks/I-DARE/raw_downloads/EEG/sbj_P_35.mat,188574.0,0.011580685127408716,0.0003805787423534287,0.025837144208449774,0.9996662209895761,0.02328205552748761,0.9997289729452076,0.020759499678326285,0.9997845215865528
1058,35,sbj_P_35,Tumor_1,/mnt/HDD/AliWorks/I-DARE/raw_downloads/EEG/sbj_P_35.mat,198305.0,0.016749752092917725,0.0006723867886183649,0.03064471189318358,0.9995304508164917,0.02510654468313777,0.9996848307070372,0.025484540853385976,0.9996752690887464
1059,35,sbj_P_35,Dog_18,/mnt/HDD/AliWorks/I-DARE/raw_downloads/EEG/sbj_P_35.mat,210458.0,0.018813672331980814,0.0007734886751368282,0.031088575339926962,0.9995167502416672,0.03022686192606257,0.9995431684090521,0.022812070223609666,0.9997398047260568
1060,35,sbj_P_35,Miserable_pose_3,/mnt/HDD/AliWorks/I-DARE/raw_downloads/EEG/sbj_P_35.mat,220734.0,0.012424852800072429,0.0005115849475037761,0.02319784738287604,0.9997309299384008,0.024413017825878437,0.9997020022803162,0.015878025274191434,0.9998739441566963
1061,35,sbj_P_35,Pinecone_1,/mnt/HDD/AliWorks/I-DARE/raw_downloads/EEG/sbj_P_35.mat,230829.0,0.016761153292762655,0.0006863813611748706,0.045669957526206444,0.9989571274897774,0.02913200694421327,0.9995756630857021,0.04105281122876463,0.9991573333451077
1062,35,sbj_P_35,Garbage_dump_6,/mnt/HDD/AliWorks/I-DARE/raw_downloads/EEG/sbj_P_35.mat,239235.0,0.015989937648586718,0.000689036936518586,0.023532804686955282,0.9997231035517822,0.027111869208759177,0.9996324732740033,0.013982006147857365,0.9999022517520403
1063,35,sbj_P_35,Depressed_pose_4,/mnt/HDD/AliWorks/I-DARE/raw_downloads/EEG/sbj_P_35.mat,247955.0,0.01903135897692009,0.0008764649095991222,0.03230115510686333,0.9994783176893822,0.030936419880925357,0.9995214689624748,0.023180284606352557,0.9997313372027847
1064,35,sbj_P_35,Angry_face_1,/mnt/HDD/AliWorks/I-DARE/raw_downloads/EEG/sbj_P_35.mat,258794.0,0.03372887008050607,0.002332823268329012,0.048849561322896765,0.9988068601792801,0.04946800190744916,0.9987764583936425,0.03332600661526399,0.9994446886415395
1065,35,sbj_P_35,Dog_26,/mnt/HDD/AliWorks/I-DARE/raw_downloads/EEG/sbj_P_35.mat,269173.0,0.015449483713226294,0.0006371466241814147,0.02672180800532834,0.9996429724884625,0.025757970715627874,0.9996682634723062,0.019623224752430897,0.9998074645251578
1066,35,sbj_P_35,8370,/mnt/HDD/AliWorks/I-DARE/raw_downloads/EEG/sbj_P_35.mat,278390.0,0.02649971357127963,0.001199161573122645,0.02589906681958329,0.9996646191689378,0.028570856026214446,0.9995918530929646,0.016488654643083536,0.9998640621340303
1067,35,sbj_P_35,Dog_6,/mnt/HDD/AliWorks/I-DARE/raw_downloads/EEG/sbj_P_35.mat,289257.0,0.01391384573521765,0.0005316306760915101,0.028802078007290437,0.9995852201512305,0.022916827608432232,0.9997374095061822,0.024068191870333055,0.9997103610700462
1068,35,sbj_P_35,9220,/mnt/HDD/AliWorks/I-DARE/raw_downloads/EEG/sbj_P_35.mat,297092.0,0.01380939669626377,0.0006028671409992088,0.022213330203160526,0.9997532839806433,0.02294340237398535,0.9997368001437531,0.015495361892081951,0.9998799468799168
1069,35,sbj_P_35,Lake_12,/mnt/HDD/AliWorks/I-DARE/raw_downloads/EEG/sbj_P_35.mat,307081.0,0.011715890616781246,0.0005363367778619697,0.024931511556936525,0.9996892098657438,0.024034392633871707,0.9997111739853606,0.018497713973569693,0.9998289172888758
1070,35,sbj_P_35,2314,/mnt/HDD/AliWorks/I-DARE/raw_downloads/EEG/sbj_P_35.mat,318823.0,0.03561446746449972,0.0016233553240587255,0.028901758170375012,0.9995823441873303,0.03348994488996869,0.9994392117956328,0.017386779509868437,0.999848849949137
1071,35,sbj_P_35,1750,/mnt/HDD/AliWorks/I-DARE/raw_downloads/EEG/sbj_P_35.mat,328631.0,0.06064491472647099,0.006610654533719171,0.07034068830610883,0.9975260937843116,0.08442148665854332,0.9964365062951801,0.030732827808702744,0.9995277466474405
1072,35,sbj_P_35,8492,/mnt/HDD/AliWorks/I-DARE/raw_downloads/EEG/sbj_P_35.mat,338129.0,0.014073447740945539,0.0006229643952424509,0.021523736459496602,0.9997683643844111,0.019206053795610786,0.9998155637488,0.016333689339877337,0.9998666052962738
1073,35,sbj_P_35,1441,/mnt/HDD/AliWorks/I-DARE/raw_downloads/EEG/sbj_P_35.mat,350561.0,0.01098064504618676,0.00047968255699612565,0.023571843138419476,0.9997221841055285,0.02249916720164322,0.9997468937376165,0.017941566514387358,0.9998390500955047
1074,35,sbj_P_35,Flowers_6,/mnt/HDD/AliWorks/I-DARE/raw_downloads/EEG/sbj_P_35.mat,361288.0,0.01505186763581059,0.0007111695917459755,0.02201773424237574,0.9997576096894166,0.02436564495388575,0.9997031576729905,0.01305824458671087,0.999914741124157
1075,35,sbj_P_35,Yarn_1,/mnt/HDD/AliWorks/I-DARE/raw_downloads/EEG/sbj_P_35.mat,372178.0,0.00859385335221706,0.00036940977120766935,0.024766168780143656,0.999693318441977,0.018852633074282598,0.999822289113083,0.02075844383421955,0.9997845435047914
1076,35,sbj_P_35,9331,/mnt/HDD/AliWorks/I-DARE/raw_downloads/EEG/sbj_P_35.mat,381142.0,0.010596025098410428,0.0004673708300517544,0.0244328189642014,0.9997015186787315,0.024837209693188145,0.9996915565073283,0.017031384268002575,0.999854965974958
1077,35,sbj_P_35,Beach_1,/mnt/HDD/AliWorks/I-DARE/raw_downloads/EEG/sbj_P_35.mat,390259.0,0.009792931761091365,0.00038568129258838264,0.03305017889275412,0.9994538428375781,0.0208221931728322,0.9997832181357365,0.029698650925321573,0.9995589950666081
1078,35,sbj_P_35,2491,/mnt/HDD/AliWorks/I-DARE/raw_downloads/EEG/sbj_P_35.mat,398728.0,0.01042464521634641,0.00043540435678327216,0.024627353244796407,0.9996967467360781,0.020723487160391636,0.999785268539956,0.02006048173361924,0.9997987885363072
1079,35,sbj_P_35,9360,/mnt/HDD/AliWorks/I-DARE/raw_downloads/EEG/sbj_P_35.mat,408561.0,0.024819426032387595,0.0011671548224688778,0.029471689458238175,0.9995657097602384,0.03271039263169974,0.9994650151069402,0.01704718672178641,0.9998546967124361
1080,35,sbj_P_35,Lake_3,/mnt/HDD/AliWorks/I-DARE/raw_downloads/EEG/sbj_P_35.mat,417244.0,0.013846664167998306,0.0006388323140767242,0.027686139608986096,0.9996167388367759,0.02684708048676988,0.9996396171346679,0.01984827727704589,0.9998030229445665
1081,35,sbj_P_35,3170,/mnt/HDD/AliWorks/I-DARE/raw_downloads/EEG/sbj_P_35.mat,426886.0,0.012470523464469046,0.0005492009865576767,0.022870080818457227,0.9997384797016786,0.023573419969145686,0.9997221469354787,0.016217765869848976,0.9998684920350952
1082,35,sbj_P_35,8080,/mnt/HDD/AliWorks/I-DARE/raw_downloads/EEG/sbj_P_35.mat,436400.0,0.012018936177914073,0.000498993996294358,0.027812933183483036,0.9996132203738655,0.025656953881309445,0.9996708603587665,0.021204218582411637,0.9997751905571551
1083,35,sbj_P_35,Snow_1,/mnt/HDD/AliWorks/I-DARE/raw_downloads/EEG/sbj_P_35.mat,447606.0,0.012196252368387705,0.0005311084333694652,0.025768174288303677,0.9996680005969238,0.02308505294557642,0.99973354016525,0.01987665727936548,0.9998024592476996
1084,35,sbj_P_35,4220,/mnt/HDD/AliWorks/I-DARE/raw_downloads/EEG/sbj_P_35.mat,456819.0,0.009710133728298398,0.0003730492488353343,0.01944978279054679,0.9998108529747002,0.016888484535384603,0.9998573895450494,0.016008975700021733,0.9998718563485177
1085,35,sbj_P_35,5760,/mnt/HDD/AliWorks/I-DARE/raw_downloads/EEG/sbj_P_35.mat,464193.0,0.006427669838528279,0.00028054648485034586,0.021698978836240848,0.9997645771587329,0.018859095089136125,0.9998221672662093,0.017236298770074574,0.9998514550023545
1086,35,sbj_P_35,3063,/mnt/HDD/AliWorks/I-DARE/raw_downloads/EEG/sbj_P_35.mat,473528.0,0.00762779911338003,0.00027810249574789197,0.024091166573681107,0.9997098078465588,0.01804340982127556,0.9998372176810103,0.02064717359125783,0.999786847111346
1087,35,sbj_P_35,3080,/mnt/HDD/AliWorks/I-DARE/raw_downloads/EEG/sbj_P_35.mat,483146.0,0.012891316990547975,0.0008102596226032035,0.044964811407625684,0.9989890828675384,0.026507490127446687,0.9996486764835717,0.04042087814362304,0.9991830763050492
1088,36,sbj_P_36,Dummy_1,/mnt/HDD/AliWorks/I-DARE/raw_downloads/EEG/sbj_P_36.mat,192514.0,0.003472007782592349,0.00013521789189614472,0.02845627256793837,0.9995951202757699,0.010665548859352746,0.9999431230337646,0.027509300029878243,0.9996216192059334
1089,36,sbj_P_36,3053,/mnt/HDD/AliWorks/I-DARE/raw_downloads/EEG/sbj_P_36.mat,202394.0,0.005629347446467118,0.0002694279992881575,0.016328364202727756,0.999866692261231,0.0160668697457581,0.9998709278482866,0.011541457880236061,0.9999333973749996
1090,36,sbj_P_36,Tumor_1,/mnt/HDD/AliWorks/I-DARE/raw_downloads/EEG/sbj_P_36.mat,213117.0,0.0042573020607387215,0.00016977093366330015,0.03809878341685625,0.9992742413510778,0.011857307779768234,0.9999297021261073,0.03702605679146978,0.9993145355592374
1091,36,sbj_P_36,Dog_18,/mnt/HDD/AliWorks/I-DARE/raw_downloads/EEG/sbj_P_36.mat,224034.0,0.0037020491757352066,0.0001242298394542689,0.0215764608648336,0.9997672281682737,0.010315088632871512,0.9999467994732474,0.020306997698769223,0.9997938129222314
1092,36,sbj_P_36,Miserable_pose_3,/mnt/HDD/AliWorks/I-DARE/raw_downloads/EEG/sbj_P_36.mat,232909.0,0.021264331176392107,0.0016953344048055837,0.02938075507907155,0.9995683856154924,0.032218705345330056,0.9994809775129359,0.01630598193000756,0.9998670574766491
1093,36,sbj_P_36,Pinecone_1,/mnt/HDD/AliWorks/I-DARE/raw_downloads/EEG/sbj_P_36.mat,242305.0,0.014105074323485123,0.0009385226594332248,0.027027318658134902,0.999634762023076,0.028814320438015652,0.9995848674688483,0.017049046000575992,0.9998546650152351
1094,36,sbj_P_36,Garbage_dump_6,/mnt/HDD/AliWorks/I-DARE/raw_downloads/EEG/sbj_P_36.mat,253217.0,0.0158214497061066,0.0009724322656505232,0.0289988457623744,0.9995795334722251,0.029808674850695095,0.9995557214518226,0.01916187883234694,0.999816411199807
1095,36,sbj_P_36,Depressed_pose_4,/mnt/HDD/AliWorks/I-DARE/raw_downloads/EEG/sbj_P_36.mat,262553.0,0.01741197488485124,0.0009667186083548922,0.038988610559650784,0.9992399441233136,0.02913489329293091,0.9995755789964047,0.0327414131323641,0.9994639999330471
1096,36,sbj_P_36,Angry_face_1,/mnt/HDD/AliWorks/I-DARE/raw_downloads/EEG/sbj_P_36.mat,271125.0,0.01597435408972472,0.0010650527598065494,0.03056777171965857,0.9995328056660472,0.029522917393795,0.9995641986742791,0.02211525243959169,0.9997554578047663
1097,36,sbj_P_36,Dog_26,/mnt/HDD/AliWorks/I-DARE/raw_downloads/EEG/sbj_P_36.mat,280269.0,0.013911182958936355,0.0009690234033551188,0.03593444448498317,0.9993543578497781,0.0285997853889587,0.9995910261378524,0.028601166560467163,0.9995909866356898
1098,36,sbj_P_36,8370,/mnt/HDD/AliWorks/I-DARE/raw_downloads/EEG/sbj_P_36.mat,290753.0,0.011545398909832132,0.0007130437728165506,0.03319539825776746,0.9994490327672544,0.02265224901493417,0.9997434378072824,0.028591007522729424,0.9995912771444173
1099,36,sbj_P_36,Dog_6,/mnt/HDD/AliWorks/I-DARE/raw_downloads/EEG/sbj_P_36.mat,299910.0,0.014524753020921244,0.0009098360843774765,0.030106081054358694,0.9995468119417744,0.027695929599082347,0.9996164677418208,0.021991443139748372,0.9997581882143156
1100,36,sbj_P_36,9220,/mnt/HDD/AliWorks/I-DARE/raw_downloads/EEG/sbj_P_36.mat,308890.0,0.011704307275683938,0.0006205445050812725,0.023770673856040675,0.9997174775322148,0.022722369899083772,0.9997418469530844,0.017311293825269556,0.9998501595530472
1101,36,sbj_P_36,Lake_12,/mnt/HDD/AliWorks/I-DARE/raw_downloads/EEG/sbj_P_36.mat,318429.0,0.004943097200371883,0.0002151639985942236,0.015876958210540876,0.9998739610989907,0.013330918653539294,0.9999111433039268,0.012756613605266707,0.9999186344046634
1102,36,sbj_P_36,2314,/mnt/HDD/AliWorks/I-DARE/raw_downloads/EEG/sbj_P_36.mat,328370.0,0.004724867139657938,0.00020541805556758454,0.011973564633253992,0.9999283168749868,0.011951854155237362,0.9999285765911257,0.008067683078482496,0.9999674562448728
1103,36,sbj_P_36,1750,/mnt/HDD/AliWorks/I-DARE/raw_downloads/EEG/sbj_P_36.mat,338108.0,0.019228952931163796,0.0011566703542303593,0.03463812746658361,0.9994001000628046,0.031049437881450776,0.9995179662036227,0.02631588180403964,0.9996537371824376
1104,36,sbj_P_36,8492,/mnt/HDD/AliWorks/I-DARE/raw_downloads/EEG/sbj_P_36.mat,347187.0,0.008131652960713462,0.0004902355055952124,0.025739108782619615,0.9996687491395381,0.02191617232745495,0.9997598406952564,0.020213605544842753,0.9997957050754388
1105,36,sbj_P_36,1441,/mnt/HDD/AliWorks/I-DARE/raw_downloads/EEG/sbj_P_36.mat,356789.0,0.005832498795743925,0.00027618188359093714,0.01884617861476338,0.99982241077581,0.013904931097391986,0.9999033264455887,0.015703108546018738,0.999876706190996
1106,36,sbj_P_36,Flowers_6,/mnt/HDD/AliWorks/I-DARE/raw_downloads/EEG/sbj_P_36.mat,364968.0,0.007957634804634328,0.00040337670893482853,0.020747515082006264,0.9997847703089607,0.019347574729601743,0.9998128356760414,0.015556331676721217,0.9998790002723822
1107,36,sbj_P_36,Yarn_1,/mnt/HDD/AliWorks/I-DARE/raw_downloads/EEG/sbj_P_36.mat,374581.0,0.0067765119712983974,0.0003216022739277,0.028682617346179114,0.9995886537310869,0.019171535789761968,0.9998162261077315,0.025207827634833976,0.9996822827129661
1108,36,sbj_P_36,9331,/mnt/HDD/AliWorks/I-DARE/raw_downloads/EEG/sbj_P_36.mat,383183.0,0.011566078143936679,0.0006109887906035697,0.02147956800852921,0.9997693140790834,0.021177823352766276,0.9997757498990198,0.015472495955249844,0.9998803009344569
1109,36,sbj_P_36,Beach_1,/mnt/HDD/AliWorks/I-DARE/raw_downloads/EEG/sbj_P_36.mat,391335.0,0.0067447241996162815,0.00037037052881850794,0.035793174992051514,0.9993594243119944,0.017816723343066488,0.999841282184658,0.033323152235162606,0.9994447837625561
1110,36,sbj_P_36,2491,/mnt/HDD/AliWorks/I-DARE/raw_downloads/EEG/sbj_P_36.mat,399911.0,0.009056133810357485,0.00040302182009768674,0.03463798555009336,0.9994001049785156,0.020353531437629992,0.9997928668790091,0.03167888047401386,0.9994982242659564
1111,36,sbj_P_36,9360,/mnt/HDD/AliWorks/I-DARE/raw_downloads/EEG/sbj_P_36.mat,407914.0,0.009543671719241453,0.00044374063363108416,0.01976199857598119,0.9998047317061418,0.020017311229644782,0.9997996536255689,0.013872218429226674,0.9999037807779259
1112,36,sbj_P_36,Lake_3,/mnt/HDD/AliWorks/I-DARE/raw_downloads/EEG/sbj_P_36.mat,417303.0,0.0066842931254066235,0.0003205064901780874,0.03331276538118373,0.9994451298313293,0.01718066545094433,0.9998524123673311,0.030813327436389832,0.9995252694261487
1113,36,sbj_P_36,3170,/mnt/HDD/AliWorks/I-DARE/raw_downloads/EEG/sbj_P_36.mat,426076.0,0.008256055367862508,0.0003908662295011943,0.03607513610637218,0.9993492922774535,0.019547471098451247,0.9998089481868271,0.03349699631163899,0.9994389756190488
1114,36,sbj_P_36,8080,/mnt/HDD/AliWorks/I-DARE/raw_downloads/EEG/sbj_P_36.mat,434334.0,0.006565760580306251,0.0002990961772510062,0.03457612543928741,0.9994022457748037,0.014909142004772492,0.9998888587423409,0.03275456954522288,0.9994635690869529
1115,36,sbj_P_36,Snow_1,/mnt/HDD/AliWorks/I-DARE/raw_downloads/EEG/sbj_P_36.mat,442271.0,0.013640169757139506,0.0007158336805290068,0.027975946396583858,0.9996086732116078,0.02296789082206237,0.9997362379955933,0.02226875884518423,0.9997520511897475
1116,36,sbj_P_36,4220,/mnt/HDD/AliWorks/I-DARE/raw_downloads/EEG/sbj_P_36.mat,450966.0,0.008135817300340105,0.00041649309483664406,0.025704546228946103,0.9996696381515813,0.017946130213520557,0.9998389682051803,0.022461780732485153,0.9997477342031625
1117,36,sbj_P_36,5760,/mnt/HDD/AliWorks/I-DARE/raw_downloads/EEG/sbj_P_36.mat,459729.0,0.006206640976638623,0.0003963967258762614,0.032400045676057934,0.9994751185200939,0.020033086187419766,0.9997993377289033,0.02844905800966458,0.9995953255491805
1118,36,sbj_P_36,3063,/mnt/HDD/AliWorks/I-DARE/raw_downloads/EEG/sbj_P_36.mat,469321.0,0.012229726957652242,0.0006166473280687481,0.027888952816748965,0.9996111031553931,0.023163376542795756,0.9997317289935687,0.02261002687074043,0.9997443933424525
1119,36,sbj_P_36,3080,/mnt/HDD/AliWorks/I-DARE/raw_downloads/EEG/sbj_P_36.mat,477719.0,0.00941796288403599,0.00047665720345448537,0.030014154956399308,0.9995495752511256,0.018768966023077798,0.999823862957212,0.026557203904035973,0.9996473574603995
1120,37,sbj_P_37,Dummy_1,/mnt/HDD/AliWorks/I-DARE/raw_downloads/EEG/sbj_P_37.mat,180649.0,0.008169885744503431,0.000391261684783908,0.02602691983151787,0.9996612997220423,0.021012540528372085,0.9997792365702715,0.02160587198890157,0.9997665931477995
1121,37,sbj_P_37,3053,/mnt/HDD/AliWorks/I-DARE/raw_downloads/EEG/sbj_P_37.mat,194073.0,0.0067725918672771925,0.00026837704310031047,0.02048013341638297,0.9997902820676229,0.016827185269738688,0.9998584229179491,0.016958646218019558,0.9998562021592263
1122,37,sbj_P_37,Tumor_1,/mnt/HDD/AliWorks/I-DARE/raw_downloads/EEG/sbj_P_37.mat,206887.0,0.010094856612738649,0.00038793221308005757,0.023534053822463357,0.9997230741553411,0.021080705915202134,0.9997778019190589,0.018890231072676872,0.9998215795850106
1123,37,sbj_P_37,Dog_18,/mnt/HDD/AliWorks/I-DARE/raw_downloads/EEG/sbj_P_37.mat,218877.0,0.012816152478922,0.0005371924050546475,0.04920123346720537,0.9987896193126528,0.024135107212628373,0.9997087482999178,0.046383785188815994,0.998924272235779
1124,37,sbj_P_37,Miserable_pose_3,/mnt/HDD/AliWorks/I-DARE/raw_downloads/EEG/sbj_P_37.mat,228105.0,0.07391104604362345,0.004865910840653596,0.052591131395242664,0.998617086449284,0.06456202999468509,0.9979158721414829,0.025378635804362077,0.9996779624223548
1125,37,sbj_P_37,Pinecone_1,/mnt/HDD/AliWorks/I-DARE/raw_downloads/EEG/sbj_P_37.mat,236391.0,0.009629235582903087,0.0003087339058158096,0.021187900040656578,0.999775536445934,0.020463909761780127,0.9997906141986307,0.016159442794765264,0.9998694362042814
1126,37,sbj_P_37,Garbage_dump_6,/mnt/HDD/AliWorks/I-DARE/raw_downloads/EEG/sbj_P_37.mat,245066.0,0.00952337823749057,0.00040600455720163917,0.0402237355169476,0.9991910255505312,0.020214131962249377,0.9997956944345066,0.03757721960165574,0.9992939762835045
1127,37,sbj_P_37,Depressed_pose_4,/mnt/HDD/AliWorks/I-DARE/raw_downloads/EEG/sbj_P_37.mat,252430.0,0.007857297435098394,0.00032188681718485013,0.025131627144128352,0.9996842006585444,0.018432834698292145,0.9998301153024926,0.021778475847274686,0.9997628489948845
1128,37,sbj_P_37,Angry_face_1,/mnt/HDD/AliWorks/I-DARE/raw_downloads/EEG/sbj_P_37.mat,259837.0,0.014728210256357569,0.00047483723657294643,0.027930666634783597,0.9996099389306692,0.025875308452202192,0.9996652342062519,0.022216715689893664,0.9997532087719783
1129,37,sbj_P_37,Dog_26,/mnt/HDD/AliWorks/I-DARE/raw_downloads/EEG/sbj_P_37.mat,269448.0,0.00886849266244236,0.0004131900281063659,0.028309106103859654,0.9995992972557993,0.023108293482274448,0.9997330033861691,0.023448506643895826,0.9997250837680861
1130,37,sbj_P_37,8370,/mnt/HDD/AliWorks/I-DARE/raw_downloads/EEG/sbj_P_37.mat,278027.0,0.04411829154885436,0.0027449259113638256,0.04671673738093482,0.9989087732242402,0.05665927610688445,0.9983948632155226,0.02616494774249831,0.9996576977548158
1131,37,sbj_P_37,Dog_6,/mnt/HDD/AliWorks/I-DARE/raw_downloads/EEG/sbj_P_37.mat,286192.0,0.006011492322592164,0.00023783417578042976,0.022949595156762606,0.9997366580410708,0.017685491102772656,0.999843611702227,0.01969941747636985,0.999805966475546
1132,37,sbj_P_37,9220,/mnt/HDD/AliWorks/I-DARE/raw_downloads/EEG/sbj_P_37.mat,294112.0,0.006714680155512166,0.0002519897970034198,0.036023206681392736,0.9993511642901953,0.017631240679065272,0.9998445696760583,0.0340831985271236,0.9994191677890806
1133,37,sbj_P_37,Lake_12,/mnt/HDD/AliWorks/I-DARE/raw_downloads/EEG/sbj_P_37.mat,301799.0,0.005211889616332476,0.00022355689462189374,0.019034043809197987,0.9998188525881353,0.016815280404571222,0.9998586231724571,0.01527567339784802,0.9998833269011211
1134,37,sbj_P_37,2314,/mnt/HDD/AliWorks/I-DARE/raw_downloads/EEG/sbj_P_37.mat,308664.0,0.006276008791839107,0.00026035990861568084,0.025637134450407044,0.9996713686685865,0.01858941696436458,0.9998272167884631,0.02247728462286377,0.9997473858379912
1135,37,sbj_P_37,1750,/mnt/HDD/AliWorks/I-DARE/raw_downloads/EEG/sbj_P_37.mat,316513.0,0.010384144684338088,0.00036197236878444613,0.05580466652549208,0.9984429195969885,0.020627005589660883,0.999787263320202,0.054096524018029196,0.9985367830445834
1136,37,sbj_P_37,8492,/mnt/HDD/AliWorks/I-DARE/raw_downloads/EEG/sbj_P_37.mat,324359.0,0.0063971825694616935,0.00025196346220910244,0.01605889396725905,0.9998710559622742,0.01630694122716948,0.9998670418339068,0.011723494881665106,0.99993127983388
1137,37,sbj_P_37,1441,/mnt/HDD/AliWorks/I-DARE/raw_downloads/EEG/sbj_P_37.mat,334019.0,0.00474058910619266,0.00019044308183908718,0.019765885215277935,0.9998046548908281,0.014803471047770352,0.9998904286224695,0.016719980864407236,0.9998602211199475
1138,37,sbj_P_37,Flowers_6,/mnt/HDD/AliWorks/I-DARE/raw_downloads/EEG/sbj_P_37.mat,341220.0,0.007706996685631244,0.00029260594920301305,0.02882826572709493,0.9995844655475842,0.01843706689857665,0.9998300372820891,0.02578379240801355,0.9996675980245304
1139,37,sbj_P_37,Yarn_1,/mnt/HDD/AliWorks/I-DARE/raw_downloads/EEG/sbj_P_37.mat,348232.0,0.0029310546341323246,0.00012215315723153195,0.013566880107059153,0.9999079698820803,0.012370183732673937,0.9999234892772102,0.010480036191649058,0.999945084420711
1140,37,sbj_P_37,9331,/mnt/HDD/AliWorks/I-DARE/raw_downloads/EEG/sbj_P_37.mat,355186.0,0.004511003406111884,0.00018000068186408197,0.02481742797442364,0.9996920476343671,0.014144269586196915,0.999899969818937,0.02289817396186284,0.9997378368146059
1141,37,sbj_P_37,Beach_1,/mnt/HDD/AliWorks/I-DARE/raw_downloads/EEG/sbj_P_37.mat,362465.0,0.00559991004421358,0.0002070496898597135,0.02065073175784487,0.9997867736389324,0.01556015220723781,0.9998789408316441,0.01796547505157713,0.9998386208530857
1142,37,sbj_P_37,2491,/mnt/HDD/AliWorks/I-DARE/raw_downloads/EEG/sbj_P_37.mat,372749.0,0.011416916932566669,0.000508914776695702,0.037048477348266676,0.9993137051630882,0.023424686711429995,0.9997256420262358,0.03374188200430641,0.999430742699404
1143,37,sbj_P_37,9360,/mnt/HDD/AliWorks/I-DARE/raw_downloads/EEG/sbj_P_37.mat,380647.0,0.008727206748983283,0.0003279005534986786,0.03880657497086634,0.9992470248695151,0.017962016168433695,0.9998386829875827,0.03678045291262183,0.999323599141771
1144,37,sbj_P_37,Lake_3,/mnt/HDD/AliWorks/I-DARE/raw_downloads/EEG/sbj_P_37.mat,389635.0,0.011638916813536867,0.0005432313000882147,0.029799864380694853,0.9995559840414463,0.025467566510068873,0.9996757015280271,0.02438976422789478,0.9997025697004535
1145,37,sbj_P_37,3170,/mnt/HDD/AliWorks/I-DARE/raw_downloads/EEG/sbj_P_37.mat,396827.0,0.0047256972061080985,0.00017190238486771187,0.02431443659401422,0.9997044040865581,0.013932328059903139,0.9999029451174157,0.022469322067307115,0.999747564782918
1146,37,sbj_P_37,8080,/mnt/HDD/AliWorks/I-DARE/raw_downloads/EEG/sbj_P_37.mat,407219.0,0.009284147671252256,0.0003386374239123057,0.02791691509280977,0.9996103229258504,0.01895532458940237,0.9998203478348543,0.02473762451103834,0.9996940249667753
1147,37,sbj_P_37,Snow_1,/mnt/HDD/AliWorks/I-DARE/raw_downloads/EEG/sbj_P_37.mat,417263.0,0.004614110413352664,0.00020527796003119164,0.022188504148836247,0.9997538351418179,0.015434311468387293,0.9998808910147482,0.019613558316170204,0.9998076541650893
1148,37,sbj_P_37,4220,/mnt/HDD/AliWorks/I-DARE/raw_downloads/EEG/sbj_P_37.mat,424664.0,0.05122046891889096,0.00634164588083734,0.06741133593101857,0.9977278558939983,0.07858057740480379,0.9969125464273636,0.02862888915644911,0.9995901933528342
1149,37,sbj_P_37,5760,/mnt/HDD/AliWorks/I-DARE/raw_downloads/EEG/sbj_P_37.mat,432904.0,0.009956954123208288,0.0003502227237888677,0.02041480151942621,0.9997916179394615,0.01889413887098382,0.9998215057581619,0.01577109552913598,0.9998756362729059
1150,37,sbj_P_37,3063,/mnt/HDD/AliWorks/I-DARE/raw_downloads/EEG/sbj_P_37.mat,440774.0,0.007951486262036565,0.00034633627280091514,0.02632137793183402,0.9996535925318851,0.019298511601009895,0.9998137837249927,0.022722610992501557,0.9997418414748416
1151,37,sbj_P_37,3080,/mnt/HDD/AliWorks/I-DARE/raw_downloads/EEG/sbj_P_37.mat,448625.0,0.04001605238772788,0.004203533789678968,0.05222106030379697,0.9986364804303739,0.0595639939665741,0.9982260653113743,0.025594084270203668,0.999672471425185
1152,38,sbj_P_38,Dummy_1,/mnt/HDD/AliWorks/I-DARE/raw_downloads/EEG/sbj_P_38.mat,171300.0,0.006252673257337508,0.00012146768181378098,0.017143372616172405,0.9998530523876714,0.008578456825598572,0.9999632050392447,0.01622566126562539,0.9998683639582463
1153,38,sbj_P_38,3053,/mnt/HDD/AliWorks/I-DARE/raw_downloads/EEG/sbj_P_38.mat,180318.0,0.006765613861528739,0.00013280941836479589,0.020096634630696258,0.99979806263826,0.01030540532749387,0.9999468993105182,0.01904047598222869,0.9998187301371853
1154,38,sbj_P_38,Tumor_1,/mnt/HDD/AliWorks/I-DARE/raw_downloads/EEG/sbj_P_38.mat,189460.0,0.005183951767897908,0.00011958257440791583,0.02320541606944963,0.9997307543325217,0.008490797679127969,0.9999639531773858,0.022448563049225972,0.9997480310085125
1155,38,sbj_P_38,Dog_18,/mnt/HDD/AliWorks/I-DARE/raw_downloads/EEG/sbj_P_38.mat,201132.0,0.006833551712063368,0.0001457837962509581,0.016997270216557888,0.9998555464025924,0.010356659127723947,0.9999463698058562,0.01572195364199037,0.9998764100868394
1156,38,sbj_P_38,Miserable_pose_3,/mnt/HDD/AliWorks/I-DARE/raw_downloads/EEG/sbj_P_38.mat,210383.0,0.004994701214315482,0.00012244367369170615,0.015044814371616094,0.999886826780262,0.009101325771110943,0.9999585829346047,0.013866860141114061,0.9999038550949141
1157,38,sbj_P_38,Pinecone_1,/mnt/HDD/AliWorks/I-DARE/raw_downloads/EEG/sbj_P_38.mat,220280.0,0.004318431576393188,9.49711140061603e-05,0.014559059196889986,0.999894016897651,0.009285988574476737,0.9999568852080972,0.013212123447150257,0.9999127198970086
1158,38,sbj_P_38,Garbage_dump_6,/mnt/HDD/AliWorks/I-DARE/raw_downloads/EEG/sbj_P_38.mat,228781.0,0.005369007843352961,0.00011429767749756092,0.022805413184720905,0.9997399565647366,0.00961008063549475,0.9999538231750889,0.0218953868648915,0.9997602960170188
1159,38,sbj_P_38,Depressed_pose_4,/mnt/HDD/AliWorks/I-DARE/raw_downloads/EEG/sbj_P_38.mat,238251.0,0.00543605519666345,0.0001259010343402796,0.016843981976755584,0.9998581401355832,0.009519988174751364,0.9999546849125763,0.015678366906878547,0.9998770944055667
1160,38,sbj_P_38,Angry_face_1,/mnt/HDD/AliWorks/I-DARE/raw_downloads/EEG/sbj_P_38.mat,249786.0,0.007560182171213904,0.00016559577786326687,0.020065174543891277,0.9997986943852614,0.01102454763398479,0.9999392296747331,0.01879857429004203,0.9998233068023311
1161,38,sbj_P_38,Dog_26,/mnt/HDD/AliWorks/I-DARE/raw_downloads/EEG/sbj_P_38.mat,259711.0,0.0071300652807248475,0.00018925282340729867,0.023235483418036867,0.9997300561551647,0.012712027033781602,0.9999192021843463,0.02171587122788482,0.9997642104684069
1162,38,sbj_P_38,8370,/mnt/HDD/AliWorks/I-DARE/raw_downloads/EEG/sbj_P_38.mat,270460.0,0.004320626796980728,8.516584315090862e-05,0.02496658460208141,0.9996883348266541,0.00939232370320019,0.9999558921277272,0.02414176977048533,0.9997085874761745
1163,38,sbj_P_38,Dog_6,/mnt/HDD/AliWorks/I-DARE/raw_downloads/EEG/sbj_P_38.mat,283195.0,0.00599227608824841,0.00010432690606027487,0.01754478913046694,0.9998460901871834,0.009981491375622807,0.9999501849149589,0.01659171545373425,0.9998623574891513
1164,38,sbj_P_38,9220,/mnt/HDD/AliWorks/I-DARE/raw_downloads/EEG/sbj_P_38.mat,292868.0,0.0043712202998749195,0.00010463123764020884,0.018274394858072085,0.999833023246286,0.009007720144769419,0.9999594304888973,0.017229685986651255,0.9998515689604004
1165,38,sbj_P_38,Lake_12,/mnt/HDD/AliWorks/I-DARE/raw_downloads/EEG/sbj_P_38.mat,303620.0,0.020649596793251915,0.0009701522722122565,0.021946537495376017,0.9997591747459823,0.020749058540099192,0.99978473828485,0.015448864583884286,0.9998806662915343
1166,38,sbj_P_38,2314,/mnt/HDD/AliWorks/I-DARE/raw_downloads/EEG/sbj_P_38.mat,315254.0,0.004892530830677488,0.00010762266001624928,0.029350071993191194,0.9995692866369972,0.008690983173521656,0.999962233405739,0.028816430066846126,0.9995848066791015
1167,38,sbj_P_38,1750,/mnt/HDD/AliWorks/I-DARE/raw_downloads/EEG/sbj_P_38.mat,325630.0,0.006467533419442177,0.00016481908363157803,0.017936516258519667,0.9998391406922541,0.010762522408367104,0.9999420840557047,0.01646726757528983,0.9998644145493025
1168,38,sbj_P_38,8492,/mnt/HDD/AliWorks/I-DARE/raw_downloads/EEG/sbj_P_38.mat,335802.0,0.005113997083572666,9.652917977415216e-05,0.021363944371942587,0.9997717909404364,0.008950225868753799,0.9999599467284491,0.02071834901352656,0.9997853750070768
1169,38,sbj_P_38,1441,/mnt/HDD/AliWorks/I-DARE/raw_downloads/EEG/sbj_P_38.mat,347487.0,0.0049366213718482505,9.641929830081418e-05,0.023985194528945597,0.9997123552217042,0.009586354420118848,0.9999540509044658,0.02322188339055203,0.9997303720658978
1170,38,sbj_P_38,Flowers_6,/mnt/HDD/AliWorks/I-DARE/raw_downloads/EEG/sbj_P_38.mat,357169.0,0.005448444893028453,0.00010965597933422571,0.020980167329869404,0.9997799162894053,0.008217386000289019,0.9999662372836619,0.020257004074701362,0.9997948268929594
1171,38,sbj_P_38,Yarn_1,/mnt/HDD/AliWorks/I-DARE/raw_downloads/EEG/sbj_P_38.mat,368046.0,0.004415881107336137,8.858803440969416e-05,0.019294672823567744,0.9998138578003163,0.008663989135551966,0.99996246764613,0.018443151363945032,0.9998299250838838
1172,38,sbj_P_38,9331,/mnt/HDD/AliWorks/I-DARE/raw_downloads/EEG/sbj_P_38.mat,377434.0,0.003891512774144671,7.375475302150726e-05,0.026085894995749065,0.999659763041135,0.0076834417460784465,0.9999704823614668,0.025640873911529215,0.9996712727925262
1173,38,sbj_P_38,Beach_1,/mnt/HDD/AliWorks/I-DARE/raw_downloads/EEG/sbj_P_38.mat,389566.0,0.005090937389590047,9.376951314717841e-05,0.019550101034872522,0.9998088967747627,0.008351278905438898,0.9999651280703213,0.01892955369214645,0.9998208359985077
1174,38,sbj_P_38,2491,/mnt/HDD/AliWorks/I-DARE/raw_downloads/EEG/sbj_P_38.mat,399757.0,0.005482192302449164,0.00010431456492320934,0.01616118978558284,0.9998694079723566,0.00844959440270714,0.9999643021772154,0.015181698889473001,0.9998847580094142
1175,38,sbj_P_38,9360,/mnt/HDD/AliWorks/I-DARE/raw_downloads/EEG/sbj_P_38.mat,408019.0,0.005062362877630039,9.057928607815239e-05,0.01921514846398533,0.9998153890347533,0.008475507983001491,0.9999640828822149,0.018388727804369436,0.9998309273448684
1176,38,sbj_P_38,Lake_3,/mnt/HDD/AliWorks/I-DARE/raw_downloads/EEG/sbj_P_38.mat,420114.0,0.006131847650879413,0.00010815277915581085,0.017853230250289624,0.9998406310848156,0.008208270119655983,0.9999663121508211,0.017055051356140938,0.99985456261162
1177,38,sbj_P_38,3170,/mnt/HDD/AliWorks/I-DARE/raw_downloads/EEG/sbj_P_38.mat,430401.0,0.005267667154208345,0.00012345689488219185,0.018426008089317145,0.999830241112946,0.009750422013205116,0.9999524646352821,0.017333579808973563,0.9998497735055032
1178,38,sbj_P_38,8080,/mnt/HDD/AliWorks/I-DARE/raw_downloads/EEG/sbj_P_38.mat,440095.0,0.0036574188645625565,6.491608560805974e-05,0.016032629279781756,0.999871477399189,0.007415846194208106,0.9999725026126122,0.01533171712811297,0.9998824692249518
1179,38,sbj_P_38,Snow_1,/mnt/HDD/AliWorks/I-DARE/raw_downloads/EEG/sbj_P_38.mat,449974.0,0.003659210827350392,5.6883036637115106e-05,0.01969587292194809,0.9998060362949214,0.006203248227573322,0.9999807598557141,0.019302135193067043,0.9998137137884943
1180,38,sbj_P_38,4220,/mnt/HDD/AliWorks/I-DARE/raw_downloads/EEG/sbj_P_38.mat,460238.0,0.00323852383530141,6.281010328650178e-05,0.014338733378347493,0.9998972003625526,0.006986814195790872,0.999975592213697,0.013646834339292133,0.999906881956258
1181,38,sbj_P_38,5760,/mnt/HDD/AliWorks/I-DARE/raw_downloads/EEG/sbj_P_38.mat,471002.0,0.004167062421371088,7.005971792689088e-05,0.017762432424410425,0.9998422479971837,0.007650338619837943,0.9999707361595008,0.01716646925703038,0.9998526561666237
1182,38,sbj_P_38,3063,/mnt/HDD/AliWorks/I-DARE/raw_downloads/EEG/sbj_P_38.mat,480088.0,0.003744606410805493,6.394876584092798e-05,0.020535440733192547,0.9997891478369468,0.007204945284467309,0.9999740443817234,0.02017345840335573,0.9997965157880241
1183,38,sbj_P_38,3080,/mnt/HDD/AliWorks/I-DARE/raw_downloads/EEG/sbj_P_38.mat,491158.0,0.003933465601350407,7.15538363271069e-05,0.012595490375442716,0.9999206768111016,0.007134814144908953,0.9999745472135588,0.011848117354770394,0.9999298110575741
1184,39,sbj_P_39,Dummy_1,/mnt/HDD/AliWorks/I-DARE/raw_downloads/EEG/sbj_P_39.mat,190203.0,0.00748432881959621,0.00033081407829080686,0.025147658813040156,0.9996837976281119,0.018613299958074397,0.9998267725323351,0.021782367411334738,0.9997627642349788
1185,39,sbj_P_39,3053,/mnt/HDD/AliWorks/I-DARE/raw_downloads/EEG/sbj_P_39.mat,200754.0,0.006056170942066641,0.0002829263064095086,0.01939293580328142,0.9998119570204649,0.017062101553434652,0.9998544423452909,0.015160610407932347,0.9998850779460293
1186,39,sbj_P_39,Tumor_1,/mnt/HDD/AliWorks/I-DARE/raw_downloads/EEG/sbj_P_39.mat,214150.0,0.007374100701371548,0.0003638315729402543,0.022960285590701346,0.9997364126427968,0.019279656375761962,0.9998141474250161,0.018527097667461127,0.99982837332601
1187,39,sbj_P_39,Dog_18,/mnt/HDD/AliWorks/I-DARE/raw_downloads/EEG/sbj_P_39.mat,223022.0,0.008341550993100584,0.00038604018243781267,0.01941869351450799,0.999811457171095,0.018773693633204077,0.999823774213683,0.014358419558225439,0.999896917893895
1188,39,sbj_P_39,Miserable_pose_3,/mnt/HDD/AliWorks/I-DARE/raw_downloads/EEG/sbj_P_39.mat,242008.0,0.01094947369637066,0.0005288416940150634,0.023099675169185718,0.9997332025035399,0.019656913401139064,0.99980680287777,0.018662357530812156,0.9998258582056957
1189,39,sbj_P_39,Pinecone_1,/mnt/HDD/AliWorks/I-DARE/raw_downloads/EEG/sbj_P_39.mat,252493.0,0.00957094397123816,0.00045456357992546475,0.019770702474818633,0.9998045596618261,0.01877464527273207,0.9998237563474416,0.014741490302126917,0.9998913442318358
1190,39,sbj_P_39,Garbage_dump_6,/mnt/HDD/AliWorks/I-DARE/raw_downloads/EEG/sbj_P_39.mat,262578.0,0.007062476467889568,0.0002794706617160133,0.01799865948002674,0.9998380241284612,0.018864555286589813,0.9998220642769192,0.012987174845407304,0.999915666644767
1191,39,sbj_P_39,Depressed_pose_4,/mnt/HDD/AliWorks/I-DARE/raw_downloads/EEG/sbj_P_39.mat,271762.0,0.006490954285687814,0.00029266201480169807,0.02020188380756248,0.9997959419453131,0.017432593766300793,0.9998480523372896,0.016500930569373674,0.9998638596451723
1192,39,sbj_P_39,Angry_face_1,/mnt/HDD/AliWorks/I-DARE/raw_downloads/EEG/sbj_P_39.mat,285047.0,0.00772941320358953,0.00031943877282071905,0.028625375266219326,0.9995902939454335,0.018170853726631186,0.9998349100374232,0.025721004080450863,0.9996692149745466
1193,39,sbj_P_39,Dog_26,/mnt/HDD/AliWorks/I-DARE/raw_downloads/EEG/sbj_P_39.mat,297764.0,0.007203826932772352,0.0003344138277966097,0.01807241432878333,0.9998366939201643,0.016727053746884504,0.9998601028364746,0.013353578054593808,0.99991084097657
1194,39,sbj_P_39,8370,/mnt/HDD/AliWorks/I-DARE/raw_downloads/EEG/sbj_P_39.mat,319150.0,0.007789614518906315,0.00033870648508691994,0.019883579407549007,0.9998023216349717,0.01820228333429865,0.9998343384407093,0.015300131448786957,0.9998829529888249
1195,39,sbj_P_39,Dog_6,/mnt/HDD/AliWorks/I-DARE/raw_downloads/EEG/sbj_P_39.mat,328484.0,0.006681471577797081,0.00032175072539540085,0.016814597731968983,0.9998586346515558,0.018473989198399262,0.9998293558615491,0.010737070009943367,0.9999423576638008
1196,39,sbj_P_39,9220,/mnt/HDD/AliWorks/I-DARE/raw_downloads/EEG/sbj_P_39.mat,341867.0,0.008262897583074158,0.00039989141384897525,0.0201639860414308,0.9997967068334599,0.018835180977698554,0.9998226179787683,0.015716198108999442,0.9998765005584987
1197,39,sbj_P_39,Lake_12,/mnt/HDD/AliWorks/I-DARE/raw_downloads/EEG/sbj_P_39.mat,358620.0,0.018274176547069355,0.0009985329030106746,0.02738410244319217,0.9996250554666906,0.028905564258238887,0.9995822341774566,0.01790368781332585,0.9998397289813414
1198,39,sbj_P_39,2314,/mnt/HDD/AliWorks/I-DARE/raw_downloads/EEG/sbj_P_39.mat,366680.0,0.017060167871750086,0.00108313146651151,0.029668384845901362,0.9995598934703176,0.031072434277511055,0.9995172519140352,0.018066908056281514,0.9998367934166432
1199,39,sbj_P_39,1750,/mnt/HDD/AliWorks/I-DARE/raw_downloads/EEG/sbj_P_39.mat,375343.0,0.009481160272076669,0.00044938476864735783,0.024027944611064694,0.9997113289388836,0.021105990913876507,0.9997772685737719,0.018686994468343265,0.9998253981188704
1200,39,sbj_P_39,8492,/mnt/HDD/AliWorks/I-DARE/raw_downloads/EEG/sbj_P_39.mat,389780.0,0.02585328495756686,0.0016808031832591095,0.039406006498968214,0.9992235833259016,0.0407269078556795,0.9991706594882577,0.02617074256108104,0.9996575461169008
1201,39,sbj_P_39,1441,/mnt/HDD/AliWorks/I-DARE/raw_downloads/EEG/sbj_P_39.mat,399000.0,0.07754767813088122,0.009137529946581957,0.08425589309478919,0.9964504722393994,0.09804157394966491,0.9951939248887355,0.031603646441505734,0.9995006047658
1202,39,sbj_P_39,Flowers_6,/mnt/HDD/AliWorks/I-DARE/raw_downloads/EEG/sbj_P_39.mat,408636.0,0.015031609093568616,0.0008236893880362278,0.040779581193953564,0.9991685128788231,0.02740102802320971,0.9996245918316359,0.0356106356425129,0.9993659413145686
1203,39,sbj_P_39,Yarn_1,/mnt/HDD/AliWorks/I-DARE/raw_downloads/EEG/sbj_P_39.mat,419737.0,0.01068107143053718,0.0004477261945488898,0.022109695645108715,0.99975558067924,0.02113887661593326,0.9997765739477088,0.017061413296877995,0.9998544540881565
1204,39,sbj_P_39,9331,/mnt/HDD/AliWorks/I-DARE/raw_downloads/EEG/sbj_P_39.mat,434094.0,0.018524416853232674,0.0008564211463033019,0.030466544112418475,0.9995358948449228,0.028552730646837374,0.9995923707863053,0.02200036099110358,0.9997579920581308
1205,39,sbj_P_39,Beach_1,/mnt/HDD/AliWorks/I-DARE/raw_downloads/EEG/sbj_P_39.mat,448694.0,0.02291285668088608,0.0011774922975271505,0.029242705401120277,0.9995724320904118,0.03424426033053152,0.9994136653172082,0.01541092312793268,0.9998812517241731
1206,39,sbj_P_39,2491,/mnt/HDD/AliWorks/I-DARE/raw_downloads/EEG/sbj_P_39.mat,463596.0,0.011476868846070543,0.0005515162306295633,0.029090711645656846,0.9995768652479741,0.02178863709760399,0.9997626276467143,0.0247451478035399,0.9996938388300909
1207,39,sbj_P_39,9360,/mnt/HDD/AliWorks/I-DARE/raw_downloads/EEG/sbj_P_39.mat,478534.0,0.011801124338175017,0.00043793218710481236,0.020434109535037107,0.9997912235837547,0.020735886374395374,0.9997850115081345,0.015464716547598118,0.9998804212710513
1208,39,sbj_P_39,Lake_3,/mnt/HDD/AliWorks/I-DARE/raw_downloads/EEG/sbj_P_39.mat,493354.0,0.009837404166966698,0.00041369337842531184,0.03801980413985653,0.9992772472465836,0.020162471313547023,0.9997967373752651,0.03519418801147659,0.9993806845651061
1209,39,sbj_P_39,3170,/mnt/HDD/AliWorks/I-DARE/raw_downloads/EEG/sbj_P_39.mat,501950.0,0.019647294370146444,0.0011448706743155132,0.028281285615201737,0.9996000844419761,0.02919027751075232,0.9995739638494225,0.018108631197205762,0.9998360387380814
1210,39,sbj_P_39,8080,/mnt/HDD/AliWorks/I-DARE/raw_downloads/EEG/sbj_P_39.mat,511738.0,0.01056480241761524,0.0004428780569125138,0.020755629366934068,0.9997846019247917,0.020214522339393984,0.9997956865432958,0.01552660705987814,0.9998794622366048
1211,39,sbj_P_39,Snow_1,/mnt/HDD/AliWorks/I-DARE/raw_downloads/EEG/sbj_P_39.mat,521330.0,0.012480733483400053,0.000533282261449198,0.02024131657091026,0.9997951445517373,0.02378505830247184,0.9997171355007732,0.011869331891143324,0.9999295594802288
1212,39,sbj_P_39,4220,/mnt/HDD/AliWorks/I-DARE/raw_downloads/EEG/sbj_P_39.mat,532667.0,0.007609442608851239,0.0003110376905875754,0.027489699866248,0.9996221582006318,0.016193009768480208,0.9998688932173186,0.0249135945910984,0.9996896564022745
1213,39,sbj_P_39,5760,/mnt/HDD/AliWorks/I-DARE/raw_downloads/EEG/sbj_P_39.mat,546647.0,0.033577870248462004,0.003070863727520957,0.040347159830952314,0.9991860533467879,0.04666106013221881,0.9989113727336689,0.020888784388573528,0.9997818293433843
1214,39,sbj_P_39,3063,/mnt/HDD/AliWorks/I-DARE/raw_downloads/EEG/sbj_P_39.mat,562519.0,0.007733772001890164,0.0003298918086758468,0.030680783644607672,0.9995293447574765,0.017061427842547484,0.999854453839986,0.02820590606377502,0.9996022134315607
1215,39,sbj_P_39,3080,/mnt/HDD/AliWorks/I-DARE/raw_downloads/EEG/sbj_P_39.mat,572721.0,0.013231380847594777,0.0007265714121249093,0.025363508766162914,0.9996783462115345,0.024799750416343882,0.999692486189643,0.01766236546030164,0.9998440204231733
1216,40,sbj_P_40,Dummy_1,/mnt/HDD/AliWorks/I-DARE/raw_downloads/EEG/sbj_P_40.mat,173477.0,0.012126669818141575,0.00020050906295538987,0.023183419588340203,0.9997312645280954,0.014411443170443187,0.9998961551528726,0.02151399431834477,0.9997685740242344
1217,40,sbj_P_40,3053,/mnt/HDD/AliWorks/I-DARE/raw_downloads/EEG/sbj_P_40.mat,186759.0,0.017157103348314665,0.00032254102370942193,0.023014106758133215,0.9997351754450629,0.022175506534448074,0.9997541234549701,0.017957946597627374,0.9998387560769978
1218,40,sbj_P_40,Tumor_1,/mnt/HDD/AliWorks/I-DARE/raw_downloads/EEG/sbj_P_40.mat,196698.0,0.014806197371294762,0.00032806124732254194,0.020023635932937,0.9997995270020122,0.015100853733956518,0.9998859821082531,0.017267060480947113,0.9998509243111737
1219,40,sbj_P_40,Dog_18,/mnt/HDD/AliWorks/I-DARE/raw_downloads/EEG/sbj_P_40.mat,206221.0,0.015183488444454376,0.0002643932835303318,0.02369195551500624,0.9997193456219379,0.01772047443173342,0.9998429923929569,0.02070466681532311,0.9997856583860335
1220,40,sbj_P_40,Miserable_pose_3,/mnt/HDD/AliWorks/I-DARE/raw_downloads/EEG/sbj_P_40.mat,214577.0,0.010934961777138619,0.00026019546685196514,0.02443428225545524,0.99970148292533,0.016192643851627424,0.9998688991425473,0.021998731263972154,0.999758027911388
1221,40,sbj_P_40,Pinecone_1,/mnt/HDD/AliWorks/I-DARE/raw_downloads/EEG/sbj_P_40.mat,222331.0,0.017004294055600052,0.000395224632935197,0.0177713701144032,0.999842089202128,0.016133086192458512,0.9998698617649524,0.014233414847775596,0.999898704950886
1222,40,sbj_P_40,Garbage_dump_6,/mnt/HDD/AliWorks/I-DARE/raw_downloads/EEG/sbj_P_40.mat,231755.0,0.024312472128349926,0.001309212040497123,0.030410590291596262,0.9995375979990583,0.028350514303956634,0.9995981241693505,0.021842538348529825,0.9997614517592464
1223,40,sbj_P_40,Depressed_pose_4,/mnt/HDD/AliWorks/I-DARE/raw_downloads/EEG/sbj_P_40.mat,239226.0,0.01394651877789646,0.0003148512937679416,0.02571173102857806,0.9996694534437565,0.014078097254726928,0.9999009035888426,0.023916176860464884,0.999714008242189
1224,40,sbj_P_40,Angry_face_1,/mnt/HDD/AliWorks/I-DARE/raw_downloads/EEG/sbj_P_40.mat,254955.0,0.015395578562393732,0.0002644252550979762,0.015999954264536757,0.9998720007317662,0.015467230865903498,0.9998803823846701,0.013109785332832588,0.9999140667642628
1225,40,sbj_P_40,Dog_26,/mnt/HDD/AliWorks/I-DARE/raw_downloads/EEG/sbj_P_40.mat,265489.0,0.019429447561400585,0.0014225982813984202,0.026766611691826255,0.9996417742492698,0.026010277905647586,0.9996617327216358,0.01734813572372314,0.9998495210934556
1226,40,sbj_P_40,8370,/mnt/HDD/AliWorks/I-DARE/raw_downloads/EEG/sbj_P_40.mat,273994.0,0.014761316962680824,0.00031845771983982687,0.01715902201170509,0.9998527839818008,0.016030093676989526,0.9998715180483536,0.013134586263113712,0.9999137413218488
1227,40,sbj_P_40,Dog_6,/mnt/HDD/AliWorks/I-DARE/raw_downloads/EEG/sbj_P_40.mat,282670.0,0.014361788820923854,0.0002984165230672107,0.01876849211927242,0.9998238718517845,0.019660334740106554,0.9998067356189535,0.013917517255438466,0.9999031513567228
1228,40,sbj_P_40,9220,/mnt/HDD/AliWorks/I-DARE/raw_downloads/EEG/sbj_P_40.mat,289715.0,0.023960337930510965,0.0010607978354368885,0.03116852970446516,0.9995142613780309,0.02704882999492858,0.9996341803979527,0.02400282048500568,0.9997119323043825
1229,40,sbj_P_40,Lake_12,/mnt/HDD/AliWorks/I-DARE/raw_downloads/EEG/sbj_P_40.mat,297762.0,0.013733059078906837,0.0004480889539085714,0.020830980400143494,0.9997830351277848,0.017270343180564324,0.999850867623213,0.016509145282027318,0.9998637240610285
1230,40,sbj_P_40,2314,/mnt/HDD/AliWorks/I-DARE/raw_downloads/EEG/sbj_P_40.mat,305872.0,0.012734240565408998,0.00035636805983300994,0.02229080396949685,0.9997515600291969,0.0184320073322419,0.9998301305528516,0.017793594240543487,0.9998416940020018
1231,40,sbj_P_40,1750,/mnt/HDD/AliWorks/I-DARE/raw_downloads/EEG/sbj_P_40.mat,314884.0,0.012104132963356435,0.00021980836567006356,0.016595998370052878,0.9998622864190507,0.01723118761765374,0.9998515430866436,0.012464076274044826,0.9999223234013174
1232,40,sbj_P_40,8492,/mnt/HDD/AliWorks/I-DARE/raw_downloads/EEG/sbj_P_40.mat,323519.0,0.014610233085586974,0.00026255239732387686,0.028114213236892418,0.9996047955070351,0.015461510430031978,0.9998804708476104,0.025910371012527245,0.9996643263369961
1233,40,sbj_P_40,1441,/mnt/HDD/AliWorks/I-DARE/raw_downloads/EEG/sbj_P_40.mat,334102.0,0.014872266126402914,0.0003547118488583995,0.017898580959723315,0.9998398203998141,0.017311511066278592,0.9998501557923015,0.013787398704743931,0.9999049538184778
1234,40,sbj_P_40,Flowers_6,/mnt/HDD/AliWorks/I-DARE/raw_downloads/EEG/sbj_P_40.mat,342929.0,0.012584545251803345,0.00022246543905423536,0.020605413666198474,0.999787708463823,0.013703114220810463,0.999906112330326,0.018608214773727746,0.9998268671714672
1235,40,sbj_P_40,Yarn_1,/mnt/HDD/AliWorks/I-DARE/raw_downloads/EEG/sbj_P_40.mat,351470.0,0.012057317608537777,0.00029643546623181455,0.015250457280464938,0.9998837117763687,0.01694865462970502,0.999856371553122,0.009582363674240148,0.9999540891532079
1236,40,sbj_P_40,9331,/mnt/HDD/AliWorks/I-DARE/raw_downloads/EEG/sbj_P_40.mat,358907.0,0.010344266503786786,0.00020961274085769913,0.024682499923060115,0.9996953870987737,0.014543744546511736,0.9998942397472825,0.022740212252809006,0.9997414413733485
1237,40,sbj_P_40,Beach_1,/mnt/HDD/AliWorks/I-DARE/raw_downloads/EEG/sbj_P_40.mat,366569.0,0.01379860919402385,0.000350198384483317,0.02014812781405335,0.9997970264727947,0.01752086646304541,0.9998465096191925,0.016242768761210204,0.9998680862314845
1238,40,sbj_P_40,2491,/mnt/HDD/AliWorks/I-DARE/raw_downloads/EEG/sbj_P_40.mat,376084.0,0.013226112353669158,0.00032012655106004634,0.017942544240133647,0.999839032553095,0.016885248261971863,0.9998574441955654,0.014866176452449859,0.9998894983988422
1239,40,sbj_P_40,9360,/mnt/HDD/AliWorks/I-DARE/raw_downloads/EEG/sbj_P_40.mat,383844.0,0.007647841625690975,0.0003014655724950948,0.01647081029516039,0.9998643562041105,0.017928279323720573,0.9998392884002453,0.011366254909794886,0.9999354041246626
1240,40,sbj_P_40,Lake_3,/mnt/HDD/AliWorks/I-DARE/raw_downloads/EEG/sbj_P_40.mat,391955.0,0.013151202366276066,0.00022105486826861178,0.015192816529960327,0.9998845891629436,0.013787937556790326,0.9999049463889657,0.012255894286221085,0.9999248965276224
1241,40,sbj_P_40,3170,/mnt/HDD/AliWorks/I-DARE/raw_downloads/EEG/sbj_P_40.mat,399246.0,0.0075044864449686196,0.00010779824411800333,0.00937066885663466,0.9999560952825898,0.007870914988070962,0.9999690243486252,0.007768660230592796,0.9999698239591105
1242,40,sbj_P_40,8080,/mnt/HDD/AliWorks/I-DARE/raw_downloads/EEG/sbj_P_40.mat,407090.0,0.008335541607404025,0.00016112033972303733,0.014920255327550975,0.9998886929904804,0.008763619868048063,0.9999615994834041,0.013828390833863578,0.9999043878034723
1243,40,sbj_P_40,Snow_1,/mnt/HDD/AliWorks/I-DARE/raw_downloads/EEG/sbj_P_40.mat,415492.0,0.02203985362710278,0.0010097532417916882,0.035878896850985685,0.9993563523803771,0.03372876191632742,0.9994311853097962,0.026324115327599994,0.9996535204761089
1244,40,sbj_P_40,4220,/mnt/HDD/AliWorks/I-DARE/raw_downloads/EEG/sbj_P_40.mat,423981.0,0.021130478589080477,0.0010413714556118748,0.0315237440093363,0.999503126781817,0.034810246143906466,0.9993941233816996,0.01663323421929217,0.9998616677597033
1245,40,sbj_P_40,5760,/mnt/HDD/AliWorks/I-DARE/raw_downloads/EEG/sbj_P_40.mat,431963.0,0.006155117055698715,0.00019400964619358823,0.011638864048747227,0.9999322684218285,0.01151872613862186,0.999933659474072,0.008255107590099108,0.9999659265993383
1246,40,sbj_P_40,3063,/mnt/HDD/AliWorks/I-DARE/raw_downloads/EEG/sbj_P_40.mat,438974.0,0.006410523133405849,0.0001776010213244942,0.028623833747293076,0.9995903380708034,0.0154949959503518,0.9998799525502493,0.02653984521484134,0.9996478183079859
1247,40,sbj_P_40,3080,/mnt/HDD/AliWorks/I-DARE/raw_downloads/EEG/sbj_P_40.mat,447653.0,0.010268708959261751,0.0002512040239113231,0.01556819491881109,0.9998788156534854,0.016948250168710207,0.9998563784081096,0.010149006535051207,0.9999484988331762
1248,41,sbj_P_41,Dummy_1,/mnt/HDD/AliWorks/I-DARE/raw_downloads/EEG/sbj_P_41.mat,195869.0,0.006203821971861733,0.00017051520221892242,0.01944653854723657,0.9998109160692651,0.013073913051830454,0.9999145363987566,0.017429061999156333,0.9998481138989149
1249,41,sbj_P_41,3053,/mnt/HDD/AliWorks/I-DARE/raw_downloads/EEG/sbj_P_41.mat,209006.0,0.006308479430001596,0.00017745879357863986,0.023528256965627686,0.9997232105620794,0.013984928664138542,0.9999022108851296,0.02184206304782448,0.9997614621409069
1250,41,sbj_P_41,Tumor_1,/mnt/HDD/AliWorks/I-DARE/raw_downloads/EEG/sbj_P_41.mat,218022.0,0.006371944406981756,0.000213738667150208,0.027741768207960385,0.9996151971483479,0.013371023539755415,0.9999106078647505,0.026294836700823127,0.9996542907814386
1251,41,sbj_P_41,Dog_18,/mnt/HDD/AliWorks/I-DARE/raw_downloads/EEG/sbj_P_41.mat,226544.0,0.006010834401528129,0.0001505403011594208,0.0206891757607899,0.9997859790031689,0.012162302720903148,0.999926039196263,0.01913315942182023,0.9998169611052693
1252,41,sbj_P_41,Miserable_pose_3,/mnt/HDD/AliWorks/I-DARE/raw_downloads/EEG/sbj_P_41.mat,238585.0,0.10573157284829167,0.006472436216432136,0.07372255263784418,0.9972824926162804,0.08921805177287895,0.9960200696189261,0.03273638068304446,0.9994641646898874
1253,41,sbj_P_41,Pinecone_1,/mnt/HDD/AliWorks/I-DARE/raw_downloads/EEG/sbj_P_41.mat,357109.0,0.00848892426430559,0.0002551468930992373,0.022254371655537432,0.9997523714711091,0.01611000617858851,0.9998702338504628,0.019618816355674966,0.9998075510224012
1254,41,sbj_P_41,Garbage_dump_6,/mnt/HDD/AliWorks/I-DARE/raw_downloads/EEG/sbj_P_41.mat,365856.0,0.007640858253963076,0.00026817527313137646,0.01876557859992445,0.999823926529905,0.01696238246743203,0.9998561387905144,0.015142212241218412,0.9998853567042209
1255,41,sbj_P_41,Depressed_pose_4,/mnt/HDD/AliWorks/I-DARE/raw_downloads/EEG/sbj_P_41.mat,374325.0,0.008303868099614843,0.00020442496544805902,0.0203099719516151,0.9997937525196623,0.015937568341245836,0.9998729969576838,0.01756260339152982,0.999845777481056
1256,41,sbj_P_41,Angry_face_1,/mnt/HDD/AliWorks/I-DARE/raw_downloads/EEG/sbj_P_41.mat,382055.0,0.007121621492592189,0.0001811953761942621,0.026529896334039873,0.9996480823002528,0.013507447851142485,0.9999087744262746,0.02493126162778825,0.9996892160968233
1257,41,sbj_P_41,Dog_26,/mnt/HDD/AliWorks/I-DARE/raw_downloads/EEG/sbj_P_41.mat,390331.0,0.0057851628619916004,0.00016086613044627885,0.01593624811692634,0.9998730179979788,0.012805412060441633,0.9999180107109819,0.013307966398675807,0.9999114490151662
1258,41,sbj_P_41,8370,/mnt/HDD/AliWorks/I-DARE/raw_downloads/EEG/sbj_P_41.mat,398238.0,0.00615640686498388,0.00018000933059545904,0.024186707273752755,0.9997075015956272,0.014059911237513822,0.9999011594479971,0.022434142294085094,0.9997483546297647
1259,41,sbj_P_41,Dog_6,/mnt/HDD/AliWorks/I-DARE/raw_downloads/EEG/sbj_P_41.mat,406082.0,0.005803731097690751,0.0001621228040938467,0.016431966393801723,0.9998649952402165,0.013394663645362176,0.9999102914929137,0.013992331747010579,0.9999021073261407
1260,41,sbj_P_41,9220,/mnt/HDD/AliWorks/I-DARE/raw_downloads/EEG/sbj_P_41.mat,415493.0,0.006992937902403145,0.00020879339517204787,0.021460839862104092,0.9997697161762068,0.01424889413056943,0.9998984845080279,0.019149191505463754,0.999816654232344
1261,41,sbj_P_41,Lake_12,/mnt/HDD/AliWorks/I-DARE/raw_downloads/EEG/sbj_P_41.mat,423178.0,0.005402305083782139,0.00014933261911014996,0.022401511368860417,0.9997490861441958,0.011996241836945178,0.9999280450908951,0.02089531729343852,0.9997816928576037
1262,41,sbj_P_41,2314,/mnt/HDD/AliWorks/I-DARE/raw_downloads/EEG/sbj_P_41.mat,431885.0,0.005862793664247352,0.00018848389773564353,0.019524823190193642,0.9998093906396956,0.013278553102673991,0.9999118400137502,0.017405526157270083,0.9998485238295949
1263,41,sbj_P_41,1750,/mnt/HDD/AliWorks/I-DARE/raw_downloads/EEG/sbj_P_41.mat,439898.0,0.0071242028711122115,0.00021778597497819775,0.01837961349031407,0.999831094903973,0.014699638331923708,0.9998919603164551,0.015604631502886004,0.9998782477378297
1264,41,sbj_P_41,8492,/mnt/HDD/AliWorks/I-DARE/raw_downloads/EEG/sbj_P_41.mat,448572.0,0.006822896241244855,0.00019908265877131991,0.024592985052385906,0.9996975925431068,0.010760419838846964,0.9999421066824458,0.023481894885405318,0.9997243003062951
1265,41,sbj_P_41,1441,/mnt/HDD/AliWorks/I-DARE/raw_downloads/EEG/sbj_P_41.mat,458804.0,0.0062092747364068555,0.0001659015056820849,0.01738738359142503,0.9998488394459223,0.013949478480804082,0.9999027060250573,0.014872320544675742,0.9998894070408081
1266,41,sbj_P_41,Flowers_6,/mnt/HDD/AliWorks/I-DARE/raw_downloads/EEG/sbj_P_41.mat,466552.0,0.005833983774972108,0.00017174112946000768,0.02824530525279518,0.9996011013655877,0.013235721375925949,0.9999124078398297,0.026878607936557036,0.9996387702176962
1267,41,sbj_P_41,Yarn_1,/mnt/HDD/AliWorks/I-DARE/raw_downloads/EEG/sbj_P_41.mat,474434.0,0.005382194286253757,0.00014902221059699653,0.018916961216754513,0.9998210742891623,0.011260921940944598,0.9999365958185205,0.017324537737619352,0.9998499301960891
1268,41,sbj_P_41,9331,/mnt/HDD/AliWorks/I-DARE/raw_downloads/EEG/sbj_P_41.mat,483783.0,0.007245457171014523,0.00023442859840720615,0.016958243066764515,0.9998562089960445,0.015227486147436171,0.9998840618328152,0.013629706370936367,0.9999071155521214
1269,41,sbj_P_41,Beach_1,/mnt/HDD/AliWorks/I-DARE/raw_downloads/EEG/sbj_P_41.mat,493317.0,0.009736802043291743,0.0002454530204363004,0.017468125696100227,0.9998474322923324,0.01504255582985699,0.9998868607570531,0.014415969210501124,0.9998960899158609
1270,41,sbj_P_41,2491,/mnt/HDD/AliWorks/I-DARE/raw_downloads/EEG/sbj_P_41.mat,501027.0,0.006506747989469913,0.00016348831625674377,0.03000792633910894,0.9995497621784135,0.012405221408105198,0.9999230552409082,0.029023593307401594,0.999578815515763
1271,41,sbj_P_41,9360,/mnt/HDD/AliWorks/I-DARE/raw_downloads/EEG/sbj_P_41.mat,509116.0,0.006072686307858624,0.00017522887435338923,0.018276357348659476,0.9998329873810323,0.012131492945996296,0.9999264134394505,0.016428161384213807,0.999865057756767
1272,41,sbj_P_41,Lake_3,/mnt/HDD/AliWorks/I-DARE/raw_downloads/EEG/sbj_P_41.mat,517707.0,0.006198901184694126,0.00016620077105577142,0.02681741790477978,0.9996404130484604,0.012509166638422543,0.9999217603750065,0.025503985973030593,0.9996747733497442
1273,41,sbj_P_41,3170,/mnt/HDD/AliWorks/I-DARE/raw_downloads/EEG/sbj_P_41.mat,525351.0,0.008159868100626955,0.00020533147644798152,0.034507312046619394,0.9994046227076587,0.014472938962277557,0.9998952670188971,0.03314846818916451,0.9994505895283561
1274,41,sbj_P_41,8080,/mnt/HDD/AliWorks/I-DARE/raw_downloads/EEG/sbj_P_41.mat,533498.0,0.006972483891349643,0.000201564278533574,0.025589323397003365,0.9996725932640417,0.014791330580156964,0.999890608269834,0.023684795803609215,0.9997195152238707
1275,41,sbj_P_41,Snow_1,/mnt/HDD/AliWorks/I-DARE/raw_downloads/EEG/sbj_P_41.mat,541438.0,0.006674275179407012,0.00019130536179056082,0.025126252285515415,0.9996843357230423,0.013960918318594244,0.9999025463798514,0.02317748557800923,0.9997314020811403
1276,41,sbj_P_41,4220,/mnt/HDD/AliWorks/I-DARE/raw_downloads/EEG/sbj_P_41.mat,549066.0,0.006849639029954857,0.00017178724343360543,0.029690606922665962,0.9995592339302819,0.01264378802534574,0.9999200673121854,0.028488198764327927,0.9995942112655823
1277,41,sbj_P_41,5760,/mnt/HDD/AliWorks/I-DARE/raw_downloads/EEG/sbj_P_41.mat,557105.0,0.005216959856536386,0.00014118960462471746,0.02519975558524009,0.9996824861592218,0.010957823625147172,0.9999399630507001,0.024175094005868068,0.9997077824149034
1278,41,sbj_P_41,3063,/mnt/HDD/AliWorks/I-DARE/raw_downloads/EEG/sbj_P_41.mat,564634.0,0.005256701888275356,0.00012793324486888745,0.01650151599250062,0.9998638499849744,0.012082916372109094,0.9999270015659724,0.014523271594485444,0.9998945372910966
1279,41,sbj_P_41,3080,/mnt/HDD/AliWorks/I-DARE/raw_downloads/EEG/sbj_P_41.mat,611710.0,0.008930275788438951,0.00025648041899145715,0.019198145840066943,0.9998157155981523,0.017158744174020274,0.9998527887491855,0.01532749710724038,0.9998825339162135
1280,42,sbj_P_42,Dummy_1,/mnt/HDD/AliWorks/I-DARE/raw_downloads/EEG/sbj_P_42.mat,164606.0,0.015814133228839424,0.0006802510277326272,0.02722608210343405,0.9996293702266483,0.02181862720765997,0.9997619737533863,0.02250009060638633,0.9997468729613525
1281,42,sbj_P_42,3053,/mnt/HDD/AliWorks/I-DARE/raw_downloads/EEG/sbj_P_42.mat,177497.0,0.017335619448769116,0.0007485868350736573,0.03510054839729872,0.9993839757511043,0.028071382920934373,0.9996059987304535,0.028094589337010607,0.9996053470249925
1282,42,sbj_P_42,Tumor_1,/mnt/HDD/AliWorks/I-DARE/raw_downloads/EEG/sbj_P_42.mat,191615.0,0.016559393054811144,0.0006538364493776441,0.02320758937539803,0.9997307038976915,0.0224033622601065,0.999749044679721,0.017106429062286058,0.9998536850423686
1283,42,sbj_P_42,Dog_18,/mnt/HDD/AliWorks/I-DARE/raw_downloads/EEG/sbj_P_42.mat,204996.0,0.02818481671828106,0.0010786033360763935,0.02899713561403384,0.9995795830630905,0.033294459068704034,0.999445739497661,0.016086441152206598,0.999870613205528
1284,42,sbj_P_42,Miserable_pose_3,/mnt/HDD/AliWorks/I-DARE/raw_downloads/EEG/sbj_P_42.mat,215184.0,0.02789435440543546,0.001183897356893285,0.03099898047364349,0.9995195316047976,0.033978049047519464,0.9994227460914623,0.01970496496420209,0.9998058571778804
1285,42,sbj_P_42,Pinecone_1,/mnt/HDD/AliWorks/I-DARE/raw_downloads/EEG/sbj_P_42.mat,224047.0,0.03588253756242008,0.0013107169635519062,0.036898356181618686,0.9993192556555471,0.042713290652042435,0.999087787400837,0.022768869465769385,0.9997407892916252
1286,42,sbj_P_42,Garbage_dump_6,/mnt/HDD/AliWorks/I-DARE/raw_downloads/EEG/sbj_P_42.mat,235062.0,0.12042812869940857,0.010025404142531424,0.08331573840258001,0.9965292438672164,0.09905539170382523,0.9950940146872005,0.03624944526738641,0.9993429888589035
1287,42,sbj_P_42,Depressed_pose_4,/mnt/HDD/AliWorks/I-DARE/raw_downloads/EEG/sbj_P_42.mat,244982.0,0.04040365684350998,0.002704331367062374,0.04148102666455699,0.999139662213427,0.05042419181257327,0.9987287004400243,0.021932279044644457,0.9997594875679539
1288,42,sbj_P_42,Angry_face_1,/mnt/HDD/AliWorks/I-DARE/raw_downloads/EEG/sbj_P_42.mat,255085.0,0.0323401163448926,0.0015660589673262724,0.039842935370194066,0.9992062702505435,0.04397488043976809,0.9990331049451541,0.0248906020312707,0.9996902289652606
1289,42,sbj_P_42,Dog_26,/mnt/HDD/AliWorks/I-DARE/raw_downloads/EEG/sbj_P_42.mat,264519.0,0.017251416576837975,0.0007930169417250008,0.030041512807501124,0.9995487537541184,0.03091106918152289,0.999522252901028,0.02235318532487237,0.9997501675529161
1290,42,sbj_P_42,8370,/mnt/HDD/AliWorks/I-DARE/raw_downloads/EEG/sbj_P_42.mat,275954.0,0.024197087550272722,0.0012353689670858378,0.028091576234114186,0.9996054316723414,0.03011133740130148,0.9995466536799528,0.01777578554625163,0.9998420107241066
1291,42,sbj_P_42,Dog_6,/mnt/HDD/AliWorks/I-DARE/raw_downloads/EEG/sbj_P_42.mat,285793.0,0.02950938679070133,0.001255589990700323,0.030346326991964795,0.9995395502190481,0.033996419933842226,0.9994221217158409,0.01913547776559671,0.9998169167453413
1292,42,sbj_P_42,9220,/mnt/HDD/AliWorks/I-DARE/raw_downloads/EEG/sbj_P_42.mat,298909.0,0.043888566833091336,0.003121229547847745,0.05445325365333503,0.9985174215832825,0.06366169822373746,0.9979735940896355,0.02941540054647754,0.9995673671053451
1293,42,sbj_P_42,Lake_12,/mnt/HDD/AliWorks/I-DARE/raw_downloads/EEG/sbj_P_42.mat,309750.0,0.016264892156445478,0.0006734725768327246,0.02919623732203575,0.9995737898631175,0.029635703295952373,0.9995608625450777,0.020390530109384235,0.9997921131409282
1294,42,sbj_P_42,2314,/mnt/HDD/AliWorks/I-DARE/raw_downloads/EEG/sbj_P_42.mat,323094.0,0.027668051652523024,0.001109443949182536,0.03186640303838645,0.999492266178698,0.03500409224045483,0.9993873567632112,0.019171722298017314,0.9998162225320635
1295,42,sbj_P_42,1750,/mnt/HDD/AliWorks/I-DARE/raw_downloads/EEG/sbj_P_42.mat,334111.0,0.02202803607515005,0.0009776868156642956,0.030355576317114333,0.9995392694932287,0.035718204163831445,0.9993621049456556,0.016052476649919937,0.9998711589967015
1296,42,sbj_P_42,8492,/mnt/HDD/AliWorks/I-DARE/raw_downloads/EEG/sbj_P_42.mat,344936.0,0.028661205399357542,0.0013641377769956792,0.028014692763774305,0.9996075884946752,0.030194828815587275,0.9995441361563985,0.017403373085035433,0.9998485613026313
1297,42,sbj_P_42,1441,/mnt/HDD/AliWorks/I-DARE/raw_downloads/EEG/sbj_P_42.mat,380561.0,0.0323425899598533,0.0011620179489835924,0.03139891617847316,0.9995070540314077,0.032834706837344824,0.9994609410134531,0.021513880325470205,0.9997685764766706
1298,42,sbj_P_42,Flowers_6,/mnt/HDD/AliWorks/I-DARE/raw_downloads/EEG/sbj_P_42.mat,391988.0,0.027285589783357784,0.0011916413901800736,0.03072391264362411,0.9995280205959333,0.03295142098321764,0.9994571019275931,0.019388966578698468,0.9998120339875056
1299,42,sbj_P_42,Yarn_1,/mnt/HDD/AliWorks/I-DARE/raw_downloads/EEG/sbj_P_42.mat,404153.0,0.02400634878614856,0.0010030366124535236,0.029572954070528824,0.9995627201937707,0.03189596732218557,0.9994913236342906,0.019178160464590754,0.9998160990805978
1300,42,sbj_P_42,9331,/mnt/HDD/AliWorks/I-DARE/raw_downloads/EEG/sbj_P_42.mat,416607.0,0.015916125348447607,0.0005245051682480575,0.029271006615962724,0.9995716040858447,0.023228231368756683,0.9997302246337398,0.02491280611683136,0.9996896760456925
1301,42,sbj_P_42,Beach_1,/mnt/HDD/AliWorks/I-DARE/raw_downloads/EEG/sbj_P_42.mat,428137.0,0.016780950107544858,0.0006283321416110593,0.0326739895056568,0.9994662052048924,0.025357554195179714,0.9996784972226198,0.02751549353008248,0.9996214488078977
1302,42,sbj_P_42,2491,/mnt/HDD/AliWorks/I-DARE/raw_downloads/EEG/sbj_P_42.mat,436442.0,0.02774077694127678,0.0013226944948930906,0.030230273026609987,0.9995430652963692,0.03512279444638448,0.9993831946551388,0.017210156804067483,0.9998519052513897
1303,42,sbj_P_42,9360,/mnt/HDD/AliWorks/I-DARE/raw_downloads/EEG/sbj_P_42.mat,445837.0,0.02264432204404688,0.0008613738776803427,0.029250960669435448,0.9995721906499578,0.029218020390205036,0.9995731536422385,0.021667436710326334,0.9997652610932015
1304,42,sbj_P_42,Lake_3,/mnt/HDD/AliWorks/I-DARE/raw_downloads/EEG/sbj_P_42.mat,453890.0,0.019272818696854137,0.0007434250779670793,0.025778738472435316,0.999667728321385,0.02813372228190782,0.9996042468352825,0.01804315955214793,0.9998372221966877
1305,42,sbj_P_42,3170,/mnt/HDD/AliWorks/I-DARE/raw_downloads/EEG/sbj_P_42.mat,466097.0,0.021126485535487707,0.0008777970794387921,0.0319499995188251,0.999489598765373,0.027517710043310866,0.999621387816986,0.025611250518642173,0.9996720319234353
1306,42,sbj_P_42,8080,/mnt/HDD/AliWorks/I-DARE/raw_downloads/EEG/sbj_P_42.mat,477882.0,0.020829398846383004,0.000860712960051506,0.029748036751239434,0.9995575271547232,0.027905298801836696,0.99961064714939,0.021597964706741236,0.9997667639602631
1307,42,sbj_P_42,Snow_1,/mnt/HDD/AliWorks/I-DARE/raw_downloads/EEG/sbj_P_42.mat,488057.0,0.023798154245066656,0.000923073586254034,0.028239226469365095,0.9996012730442059,0.030628380136552197,0.9995309511651056,0.019131734544974074,0.9998169883666503
1308,42,sbj_P_42,4220,/mnt/HDD/AliWorks/I-DARE/raw_downloads/EEG/sbj_P_42.mat,498632.0,0.025838973103279074,0.0010611119495953854,0.03179172618210528,0.9994946430731809,0.031962748305552284,0.9994891913603778,0.022610566713587788,0.9997443811364455
1309,42,sbj_P_42,5760,/mnt/HDD/AliWorks/I-DARE/raw_downloads/EEG/sbj_P_42.mat,509663.0,0.027248471673136074,0.001042496384602689,0.03101603082105883,0.9995190029160539,0.032542973856656644,0.999470477426283,0.021038290966315917,0.9997786951566086
1310,42,sbj_P_42,3063,/mnt/HDD/AliWorks/I-DARE/raw_downloads/EEG/sbj_P_42.mat,518407.0,0.020424386008481926,0.0007020346138482558,0.03482472756314078,0.9993936191750765,0.026741768666759355,0.9996424389042867,0.029480576355870862,0.9995654478088629
1311,42,sbj_P_42,3080,/mnt/HDD/AliWorks/I-DARE/raw_downloads/EEG/sbj_P_42.mat,528861.0,0.025669131180669543,0.0009257993540926313,0.029080915945882226,0.9995771501638743,0.029707771895027,0.999558724144517,0.01922302358646521,0.9998152376820975
1312,43,sbj_P_43,Dummy_1,/mnt/HDD/AliWorks/I-DARE/raw_downloads/EEG/sbj_P_43.mat,175818.0,0.009022945460660037,0.0001872377690902147,0.014189889580176767,0.9998993235168511,0.012849075305435389,0.9999174506318977,0.011492937874168706,0.99993395618951
1313,43,sbj_P_43,3053,/mnt/HDD/AliWorks/I-DARE/raw_downloads/EEG/sbj_P_43.mat,185969.0,0.011292225150905446,0.00022974380737175905,0.021554078082765184,0.999767710859001,0.01573894467979551,0.9998761428101831,0.01879365840956593,0.9998233992017925
1314,43,sbj_P_43,Tumor_1,/mnt/HDD/AliWorks/I-DARE/raw_downloads/EEG/sbj_P_43.mat,196909.0,0.0094092404416703,0.00016954969404821952,0.031839926683850016,0.9994931095343843,0.01230309199157136,0.9999243169637237,0.030870169995418226,0.9995235163022272
1315,43,sbj_P_43,Dog_18,/mnt/HDD/AliWorks/I-DARE/raw_downloads/EEG/sbj_P_43.mat,208545.0,0.011103817892288164,0.0002314569993662411,0.023535949862655392,0.9997230295320317,0.014585785806261376,0.9998936274262077,0.021723047478405044,0.9997640546041254
1316,43,sbj_P_43,Miserable_pose_3,/mnt/HDD/AliWorks/I-DARE/raw_downloads/EEG/sbj_P_43.mat,217983.0,0.012557997966759788,0.0003221638749770257,0.023752828333705414,0.999717901573074,0.01554510521962527,0.9998791748518564,0.021346733502392565,0.9997721584843887
1317,43,sbj_P_43,Pinecone_1,/mnt/HDD/AliWorks/I-DARE/raw_downloads/EEG/sbj_P_43.mat,231026.0,0.010358116563034248,0.0002589393304144676,0.023254370227188348,0.9997296171326688,0.013650348638136805,0.9999068339910284,0.021265354815053258,0.999773892342295
1318,43,sbj_P_43,Garbage_dump_6,/mnt/HDD/AliWorks/I-DARE/raw_downloads/EEG/sbj_P_43.mat,241671.0,0.010365247136084724,0.00018934906503438665,0.025882792653081188,0.9996650405222384,0.011767586836002127,0.9999307619500282,0.024691108492853317,0.999695174580697
1319,43,sbj_P_43,Depressed_pose_4,/mnt/HDD/AliWorks/I-DARE/raw_downloads/EEG/sbj_P_43.mat,251840.0,0.006204385801387535,0.00011531072077049761,0.018429603430856437,0.9998301748586907,0.010069561234649946,0.9999493019682709,0.017205591865127046,0.9998519838042855
1320,43,sbj_P_43,Angry_face_1,/mnt/HDD/AliWorks/I-DARE/raw_downloads/EEG/sbj_P_43.mat,261942.0,0.00812274942331944,0.00016863786286275208,0.027974104103407706,0.9996087247498064,0.011606874209641729,0.9999326402355411,0.026959398166715286,0.9996365954252443
1321,43,sbj_P_43,Dog_26,/mnt/HDD/AliWorks/I-DARE/raw_downloads/EEG/sbj_P_43.mat,271376.0,0.010131273835503456,0.00022927458338363598,0.02181665248649634,0.9997620168371419,0.014427247954119059,0.9998959272582355,0.019654964998663437,0.9998068411754505
1322,43,sbj_P_43,8370,/mnt/HDD/AliWorks/I-DARE/raw_downloads/EEG/sbj_P_43.mat,279793.0,0.010007765714193954,0.00019732188108164276,0.025418147734408,0.9996769588828754,0.012939671370505805,0.9999162824524117,0.023886119941210624,0.9997147266370773
1323,43,sbj_P_43,Dog_6,/mnt/HDD/AliWorks/I-DARE/raw_downloads/EEG/sbj_P_43.mat,288378.0,0.009162692014678456,0.00016726456896871348,0.027078709035934678,0.9996333717584734,0.010989771010048827,0.9999396124665728,0.026125189005043927,0.9996587372497258
1324,43,sbj_P_43,9220,/mnt/HDD/AliWorks/I-DARE/raw_downloads/EEG/sbj_P_43.mat,297512.0,0.011257642982004115,0.000250328979612541,0.02803160660346546,0.9996071145156136,0.012375799164583264,0.9999234197975192,0.026780421631975714,0.9996414045086068
1325,43,sbj_P_43,Lake_12,/mnt/HDD/AliWorks/I-DARE/raw_downloads/EEG/sbj_P_43.mat,305992.0,0.009867072636230744,0.00017047491844011112,0.01778655656622514,0.9998418192027584,0.012101188346843794,0.9999267806202972,0.015848773081986383,0.9998744081958983
1326,43,sbj_P_43,2314,/mnt/HDD/AliWorks/I-DARE/raw_downloads/EEG/sbj_P_43.mat,320422.0,0.009737414229648154,0.00032762575489741173,0.023731170612559,0.9997184157706784,0.018686175807639104,0.9998254134168433,0.01959966928833221,0.999807926481894
1327,43,sbj_P_43,1750,/mnt/HDD/AliWorks/I-DARE/raw_downloads/EEG/sbj_P_43.mat,329559.0,0.01072847590869271,0.00031584790308675096,0.027267883914654505,0.9996282312534086,0.01891127113094012,0.9998211819121059,0.023503936719288826,0.9997237824793479
1328,43,sbj_P_43,8492,/mnt/HDD/AliWorks/I-DARE/raw_downloads/EEG/sbj_P_43.mat,339116.0,0.011406138210894362,0.0002181761130376349,0.026971968759850525,0.9996362564506093,0.013570916816732476,0.9999079151083768,0.025537979506689706,0.9996739058013583
1329,43,sbj_P_43,1441,/mnt/HDD/AliWorks/I-DARE/raw_downloads/EEG/sbj_P_43.mat,347072.0,0.010153420838646439,0.00023879564325526473,0.02239194366569288,0.9997493004294357,0.014311073313527352,0.9998975965903077,0.020086851362322442,0.9997982592011743
1330,43,sbj_P_43,Flowers_6,/mnt/HDD/AliWorks/I-DARE/raw_downloads/EEG/sbj_P_43.mat,355214.0,0.011996350818924358,0.0002372751118703517,0.032262788521148104,0.9994795562384193,0.01607500699434196,0.9998707970750663,0.030413842929714843,0.9995374990791231
1331,43,sbj_P_43,Yarn_1,/mnt/HDD/AliWorks/I-DARE/raw_downloads/EEG/sbj_P_43.mat,364367.0,0.013028728365762857,0.00028063315182378404,0.02347195722482509,0.9997245336120175,0.013991656079985787,0.9999021167800696,0.021642730564130956,0.9997657961068643
1332,43,sbj_P_43,9331,/mnt/HDD/AliWorks/I-DARE/raw_downloads/EEG/sbj_P_43.mat,374177.0,0.011269353595609594,0.00019111527787254713,0.03006776084499175,0.999547964878884,0.013570660913597854,0.9999079185811843,0.028613644496507,0.9995906296743134
1333,43,sbj_P_43,Beach_1,/mnt/HDD/AliWorks/I-DARE/raw_downloads/EEG/sbj_P_43.mat,383580.0,0.01030135403002807,0.00020299035301539237,0.025176210553754755,0.9996830792110767,0.012950786031641143,0.9999161385705811,0.0238161042483179,0.9997163965892168
1334,43,sbj_P_43,2491,/mnt/HDD/AliWorks/I-DARE/raw_downloads/EEG/sbj_P_43.mat,392013.0,0.01060695486954799,0.00017107307264006797,0.026770282962738944,0.9996416759750475,0.0132551443301771,0.999912150574393,0.025257344702129533,0.9996810332692994
1335,43,sbj_P_43,9360,/mnt/HDD/AliWorks/I-DARE/raw_downloads/EEG/sbj_P_43.mat,399953.0,0.009384622241780048,0.0002280349764160409,0.029631861785353125,0.999560976383567,0.014670056662884557,0.9998923947187536,0.02805748399398608,0.9996063887959638
1336,43,sbj_P_43,Lake_3,/mnt/HDD/AliWorks/I-DARE/raw_downloads/EEG/sbj_P_43.mat,408441.0,0.008471073003122704,0.00012955179386128904,0.01538580110907507,0.9998816385621156,0.009202276717561098,0.9999576590516067,0.014197523952156106,0.9998992151568142
1337,43,sbj_P_43,3170,/mnt/HDD/AliWorks/I-DARE/raw_downloads/EEG/sbj_P_43.mat,416649.0,0.011279977417958316,0.00021276345817755445,0.022293297018373386,0.9997515044540258,0.013771032746505043,0.9999051793285478,0.020327614524654987,0.9997933940438699
1338,43,sbj_P_43,8080,/mnt/HDD/AliWorks/I-DARE/raw_downloads/EEG/sbj_P_43.mat,424647.0,0.01369119031457691,0.00027696447782928323,0.03308327276355732,0.9994527485316257,0.014054103052629132,0.999901241093693,0.03170599097617323,0.9994973650681098
1339,43,sbj_P_43,Snow_1,/mnt/HDD/AliWorks/I-DARE/raw_downloads/EEG/sbj_P_43.mat,432733.0,0.009734777160664343,0.0002307055347062185,0.025698440021046383,0.9996697950902419,0.012908529018856849,0.9999166849392849,0.024007433947536745,0.9997118215576271
1340,43,sbj_P_43,4220,/mnt/HDD/AliWorks/I-DARE/raw_downloads/EEG/sbj_P_43.mat,440506.0,0.007626332061438559,0.00011820877252981067,0.024630102466043954,0.9996966790262563,0.009976047504226402,0.9999502392380966,0.023769415573092086,0.9997175074416568
1341,43,sbj_P_43,5760,/mnt/HDD/AliWorks/I-DARE/raw_downloads/EEG/sbj_P_43.mat,450258.0,0.010924273434685848,0.00017326309741790553,0.03286587520975038,0.9994599171233484,0.011919167843179031,0.999928966718963,0.03199844215300265,0.999488049849891
1342,43,sbj_P_43,3063,/mnt/HDD/AliWorks/I-DARE/raw_downloads/EEG/sbj_P_43.mat,458019.0,0.007837436961896403,0.00015229039872597644,0.01738718914969112,0.9998488428267364,0.01124407584300983,0.9999367853792178,0.015801672522742817,0.9998751535727419
1343,43,sbj_P_43,3080,/mnt/HDD/AliWorks/I-DARE/raw_downloads/EEG/sbj_P_43.mat,466914.0,0.010349809282322082,0.00014243485204207493,0.01364969509907271,0.9999068429118506,0.010768231998528208,0.9999420225898134,0.011683741633384752,0.9999317450907219
1344,44,sbj_P_44,Dummy_1,/mnt/HDD/AliWorks/I-DARE/raw_downloads/EEG/sbj_P_44.mat,177552.0,0.006663122906831436,0.00015122103290750118,0.01873406007680293,0.9998245174965193,0.013200660510603012,0.9999128712810419,0.01678463811020459,0.9998591379617551
1345,44,sbj_P_44,3053,/mnt/HDD/AliWorks/I-DARE/raw_downloads/EEG/sbj_P_44.mat,187489.0,0.005285803519805968,0.00011865633427977592,0.014642262187682173,0.9998928020790138,0.011080543558552274,0.9999386107772235,0.013059934732991487,0.9999147190523847
1346,44,sbj_P_44,Tumor_1,/mnt/HDD/AliWorks/I-DARE/raw_downloads/EEG/sbj_P_44.mat,197041.0,0.005158059723126626,0.00010417190882237787,0.026473005512992913,0.9996495899895543,0.009620138903803853,0.9999537264637359,0.025804712657185907,0.9996670584023398
1347,44,sbj_P_44,Dog_18,/mnt/HDD/AliWorks/I-DARE/raw_downloads/EEG/sbj_P_44.mat,206547.0,0.007691354119883576,0.0001992152880888027,0.03616471353549751,0.999346056747448,0.013034958320720212,0.9999150449307885,0.034985048455457614,0.9993880231922844
1348,44,sbj_P_44,Miserable_pose_3,/mnt/HDD/AliWorks/I-DARE/raw_downloads/EEG/sbj_P_44.mat,214551.0,0.007921429567789472,0.00018702920001181463,0.03152350280466579,0.9995031343854621,0.01185256428465598,0.9999297583599389,0.030585313241616924,0.999532269306956
1349,44,sbj_P_44,Pinecone_1,/mnt/HDD/AliWorks/I-DARE/raw_downloads/EEG/sbj_P_44.mat,223600.0,0.004931701011254134,0.00012646404259635926,0.01130664505489788,0.9999360798888013,0.010482446787058687,0.9999450591546781,0.008949373799760916,0.9999599543542962
1350,44,sbj_P_44,Garbage_dump_6,/mnt/HDD/AliWorks/I-DARE/raw_downloads/EEG/sbj_P_44.mat,231011.0,0.006578338599216064,0.00013554715066015075,0.02780221824641695,0.9996135183302893,0.011918957808197085,0.999928969222383,0.026629280850915243,0.9996454407006816
1351,44,sbj_P_44,Depressed_pose_4,/mnt/HDD/AliWorks/I-DARE/raw_downloads/EEG/sbj_P_44.mat,238776.0,0.00475602199525355,0.0001036367080743768,0.032353577121004215,0.9994766230237372,0.01083048993873289,0.9999413502438439,0.031837358483199574,0.999493191302406
1352,44,sbj_P_44,Angry_face_1,/mnt/HDD/AliWorks/I-DARE/raw_downloads/EEG/sbj_P_44.mat,246664.0,0.004003047701222587,8.085850002692438e-05,0.024924274886185416,0.9996893902606989,0.01004713783456515,0.9999495275106666,0.024178754596596724,0.9997076939130783
1353,44,sbj_P_44,Dog_26,/mnt/HDD/AliWorks/I-DARE/raw_downloads/EEG/sbj_P_44.mat,254400.0,0.00549345651186842,0.00010615396835005712,0.017417647215523316,0.9998483127827376,0.011250651574095837,0.999936711419579,0.01606437698058819,0.9998709678961122
1354,44,sbj_P_44,8370,/mnt/HDD/AliWorks/I-DARE/raw_downloads/EEG/sbj_P_44.mat,263216.0,0.0048439110951210545,9.246791260637948e-05,0.012749760736079566,0.9999187218005863,0.009980528179743403,0.9999501945286265,0.011072622168031081,0.9999386985191618
1355,44,sbj_P_44,Dog_6,/mnt/HDD/AliWorks/I-DARE/raw_downloads/EEG/sbj_P_44.mat,271799.0,0.009268850590801118,0.00033793370180871645,0.023910439240264775,0.9997141454476695,0.019167749919754604,0.9998162986815078,0.02004554889977411,0.9997990879846536
1356,44,sbj_P_44,9220,/mnt/HDD/AliWorks/I-DARE/raw_downloads/EEG/sbj_P_44.mat,280010.0,0.0059798395046398055,0.000157703476009075,0.03680003120470841,0.9993228788516664,0.013284965549909709,0.9999117548451687,0.03573434346742103,0.9993615283484762
1357,44,sbj_P_44,Lake_12,/mnt/HDD/AliWorks/I-DARE/raw_downloads/EEG/sbj_P_44.mat,287736.0,0.00560202544399722,0.00014253199665409177,0.01775921639126551,0.9998423051165846,0.013166024482947083,0.9999133278996574,0.015637797700886327,0.9998777296415329
1358,44,sbj_P_44,2314,/mnt/HDD/AliWorks/I-DARE/raw_downloads/EEG/sbj_P_44.mat,298074.0,0.006062520099040224,0.00016267585225074422,0.03277913758339923,0.9994627640696441,0.013745375578954559,0.9999055323250965,0.03148973014550799,0.9995041984476809
1359,44,sbj_P_44,1750,/mnt/HDD/AliWorks/I-DARE/raw_downloads/EEG/sbj_P_44.mat,307656.0,0.007692277655973259,0.00020011094077160676,0.02792920956013579,0.9996099796266733,0.01431934541238682,0.999897478173481,0.026353864953506775,0.9996527369010064
1360,44,sbj_P_44,8492,/mnt/HDD/AliWorks/I-DARE/raw_downloads/EEG/sbj_P_44.mat,315202.0,0.009016103026795614,0.0003020302316701765,0.03006203874156722,0.9995481369133501,0.016569483027963513,0.999862726116093,0.028023895373075498,0.9996073306440596
1361,44,sbj_P_44,1441,/mnt/HDD/AliWorks/I-DARE/raw_downloads/EEG/sbj_P_44.mat,323648.0,0.007126108536042907,0.0001742047213497182,0.02177112173901702,0.9997630091291121,0.013844928053126204,0.9999041589836017,0.01998034847486489,0.9998003928374113
1362,44,sbj_P_44,Flowers_6,/mnt/HDD/AliWorks/I-DARE/raw_downloads/EEG/sbj_P_44.mat,331489.0,0.006602254857221875,0.00017121751795196881,0.02889421452119246,0.9995825621836021,0.013655019427403702,0.9999067702222187,0.027488037854836528,0.9996222038874448
1363,44,sbj_P_44,Yarn_1,/mnt/HDD/AliWorks/I-DARE/raw_downloads/EEG/sbj_P_44.mat,339622.0,0.008877064948806372,0.0002465265500056984,0.02408145679336558,0.9997100417193548,0.016786977841561856,0.9998590986874738,0.021460038480183838,0.9997697333742149
1364,44,sbj_P_44,9331,/mnt/HDD/AliWorks/I-DARE/raw_downloads/EEG/sbj_P_44.mat,348018.0,0.007119967453342793,0.00018582017755296677,0.02103334238839375,0.9997787992539863,0.013543721173893932,0.9999082838083821,0.019318471325703922,0.9998133983328196
1365,44,sbj_P_44,Beach_1,/mnt/HDD/AliWorks/I-DARE/raw_downloads/EEG/sbj_P_44.mat,355663.0,0.008093015412129513,0.0002142594169812521,0.019859472447174176,0.9998028006770601,0.01559218084119462,0.9998784419483082,0.017056436958011442,0.9998545389791487
1366,44,sbj_P_44,2491,/mnt/HDD/AliWorks/I-DARE/raw_downloads/EEG/sbj_P_44.mat,364465.0,0.007340422620816017,0.00019102776566508412,0.026542762666752796,0.999647740875008,0.015051074493914286,0.9998867325782895,0.02472773038633502,0.9996942696749708
1367,44,sbj_P_44,9360,/mnt/HDD/AliWorks/I-DARE/raw_downloads/EEG/sbj_P_44.mat,372033.0,0.007357437482852708,0.00021437915410062858,0.033033998514253385,0.9994543774710798,0.015024045948564909,0.9998871390216676,0.03155912352979814,0.9995020108610161
1368,44,sbj_P_44,Lake_3,/mnt/HDD/AliWorks/I-DARE/raw_downloads/EEG/sbj_P_44.mat,380427.0,0.00926129555367612,0.00024032575756379075,0.02514886893254245,0.9996837671957061,0.016796183138349168,0.999858944115992,0.02268103290951316,0.9997427853730789
1369,44,sbj_P_44,3170,/mnt/HDD/AliWorks/I-DARE/raw_downloads/EEG/sbj_P_44.mat,388296.0,0.007132809881000781,0.00020749183323173084,0.026713936407358127,0.9996431828008117,0.015172507938995033,0.9998848975014206,0.025099553151446678,0.9996850062157991
1370,44,sbj_P_44,8080,/mnt/HDD/AliWorks/I-DARE/raw_downloads/EEG/sbj_P_44.mat,397065.0,0.00777114153334829,0.00023173477850016994,0.01702098931023874,0.9998551429614506,0.014120953830061985,0.9999002993314645,0.014260282594297917,0.9998983221701659
1371,44,sbj_P_44,Snow_1,/mnt/HDD/AliWorks/I-DARE/raw_downloads/EEG/sbj_P_44.mat,405864.0,0.006712024672283886,0.00019310017910038963,0.018220796892653008,0.9998340012802981,0.015228668590529657,0.99988404382648,0.015667512141923568,0.9998772645316414
1372,44,sbj_P_44,4220,/mnt/HDD/AliWorks/I-DARE/raw_downloads/EEG/sbj_P_44.mat,414602.0,0.00888604759847056,0.00021308804624309359,0.03262653727355689,0.9994677545327691,0.013020379337966938,0.9999152348609481,0.03151343582219154,0.9995034516813402
1373,44,sbj_P_44,5760,/mnt/HDD/AliWorks/I-DARE/raw_downloads/EEG/sbj_P_44.mat,423331.0,0.00572722928974643,0.0001428560628907974,0.02533989454455955,0.9996789448722354,0.012263372731697258,0.9999248048446218,0.024102984695813436,0.9997095230643768
1374,44,sbj_P_44,3063,/mnt/HDD/AliWorks/I-DARE/raw_downloads/EEG/sbj_P_44.mat,431147.0,0.008478949732443994,0.00018512358577108917,0.019182811247327736,0.9998160098763241,0.014181076286285592,0.9998994485376813,0.017086540593252774,0.9998540250652771
1375,44,sbj_P_44,3080,/mnt/HDD/AliWorks/I-DARE/raw_downloads/EEG/sbj_P_44.mat,439311.0,0.009189984528492663,0.0002304270648935001,0.018490807942377,0.9998290450108188,0.014143783091306898,0.9998999766999327,0.015893586272389664,0.9998736969577009
1376,45,sbj_P_45,Dummy_1,/mnt/HDD/AliWorks/I-DARE/raw_downloads/EEG/sbj_P_45.mat,174376.0,0.041816331641727045,0.0016857494806418695,0.03683005858325277,0.9993217733923767,0.043670087882575565,0.9990464617121638,0.020310580262633028,0.9997937401646978
1377,45,sbj_P_45,3053,/mnt/HDD/AliWorks/I-DARE/raw_downloads/EEG/sbj_P_45.mat,184910.0,0.05451312468370959,0.0020567929590496682,0.04963195373425001,0.9987683345842602,0.04951464752616619,0.99877414984018,0.03490751780075074,0.9993907326004953
1378,45,sbj_P_45,Tumor_1,/mnt/HDD/AliWorks/I-DARE/raw_downloads/EEG/sbj_P_45.mat,194322.0,0.045120581716603936,0.0022349937933555286,0.04155340586518568,0.9991366572305012,0.04782534625614894,0.9988563681277395,0.022651274809768748,0.9997434598747459
1379,45,sbj_P_45,Dog_18,/mnt/HDD/AliWorks/I-DARE/raw_downloads/EEG/sbj_P_45.mat,203376.0,0.046993059186421625,0.001786107282784054,0.04257950669084847,0.9990934928049827,0.044167635372124814,0.9990246099928178,0.028781875869969713,0.999585801810703
1380,45,sbj_P_45,Miserable_pose_3,/mnt/HDD/AliWorks/I-DARE/raw_downloads/EEG/sbj_P_45.mat,212821.0,0.04685805162227592,0.0024318383610072223,0.041592709472827796,0.9991350232593545,0.04766627018558281,0.9988639633432974,0.02554801538340641,0.9996736494549848
1381,45,sbj_P_45,Pinecone_1,/mnt/HDD/AliWorks/I-DARE/raw_downloads/EEG/sbj_P_45.mat,221954.0,0.061552612227711315,0.0027213436219722313,0.04862205135384414,0.9988179480610723,0.052538314448172585,0.9986198627574725,0.03274744950148849,0.9994638022755732
1382,45,sbj_P_45,Garbage_dump_6,/mnt/HDD/AliWorks/I-DARE/raw_downloads/EEG/sbj_P_45.mat,230596.0,0.07582257557102455,0.00442731134471259,0.061398749599984224,0.9981150967737797,0.07160541903762838,0.9974363319822223,0.030676949974990722,0.9995294623701161
1383,45,sbj_P_45,Depressed_pose_4,/mnt/HDD/AliWorks/I-DARE/raw_downloads/EEG/sbj_P_45.mat,240575.0,0.08383802774074782,0.004911187797097508,0.06646478156835744,0.9977912164055353,0.07391547646545656,0.9972682511694426,0.03788532098548072,0.9992823512269137
1384,45,sbj_P_45,Angry_face_1,/mnt/HDD/AliWorks/I-DARE/raw_downloads/EEG/sbj_P_45.mat,248942.0,0.03578809781262424,0.0014787107120934851,0.034004486072705856,0.9994218474634651,0.039221139840842724,0.9992308510947923,0.019238500986636393,0.9998149400398936
1385,45,sbj_P_45,Dog_26,/mnt/HDD/AliWorks/I-DARE/raw_downloads/EEG/sbj_P_45.mat,256894.0,0.05938721646876843,0.002851845208691802,0.04457231136980634,0.9990066545295758,0.0507418196895221,0.9987126338672984,0.025013533062229545,0.9996871615818729
1386,45,sbj_P_45,8370,/mnt/HDD/AliWorks/I-DARE/raw_downloads/EEG/sbj_P_45.mat,265932.0,0.04284491428883668,0.0019399198929700148,0.04490031316202345,0.9989919809389757,0.045250621228162556,0.9989761906392324,0.031386110040261435,0.99950745604827
1387,45,sbj_P_45,Dog_6,/mnt/HDD/AliWorks/I-DARE/raw_downloads/EEG/sbj_P_45.mat,274354.0,0.05248530908320375,0.00188312628713669,0.03422489040451255,0.9994143284383995,0.03926720653303737,0.9992290432455458,0.018841273182924174,0.9998225032124233
1388,45,sbj_P_45,9220,/mnt/HDD/AliWorks/I-DARE/raw_downloads/EEG/sbj_P_45.mat,283313.0,0.03923607905099432,0.0015989051604705384,0.043241708653372735,0.9990650773163681,0.04206654970216786,0.9991152026980776,0.030991715557582754,0.9995197567833989
1389,45,sbj_P_45,Lake_12,/mnt/HDD/AliWorks/I-DARE/raw_downloads/EEG/sbj_P_45.mat,291521.0,0.04941221062379879,0.0018596740225803245,0.0410985528928024,0.9991554544750586,0.04537558793327105,0.9989705280098548,0.023939780122534386,0.9997134434638424
1390,45,sbj_P_45,2314,/mnt/HDD/AliWorks/I-DARE/raw_downloads/EEG/sbj_P_45.mat,300530.0,0.04400814959731682,0.0017940118190411243,0.041783501971366474,0.9991270694815046,0.04525949504015706,0.9989757890543554,0.026646204853856655,0.9996449898834436
1391,45,sbj_P_45,1750,/mnt/HDD/AliWorks/I-DARE/raw_downloads/EEG/sbj_P_45.mat,311541.0,0.04019247741468293,0.0018509568765835743,0.039545403727122154,0.9992180805220299,0.04277216759561859,0.999085270839586,0.02580503003111197,0.9996670502125469
1392,45,sbj_P_45,8492,/mnt/HDD/AliWorks/I-DARE/raw_downloads/EEG/sbj_P_45.mat,319417.0,0.09236138468165249,0.005466652052974245,0.06303047648838767,0.9980135795168237,0.0769719533850981,0.9970376591960419,0.031310364280638756,0.9995098305443073
1393,45,sbj_P_45,1441,/mnt/HDD/AliWorks/I-DARE/raw_downloads/EEG/sbj_P_45.mat,328456.0,0.04404974496060093,0.0022597177308050272,0.04485172836045018,0.9989941612315404,0.05165763290508896,0.9986657444813216,0.025651012187647742,0.9996710127868746
1394,45,sbj_P_45,Flowers_6,/mnt/HDD/AliWorks/I-DARE/raw_downloads/EEG/sbj_P_45.mat,336815.0,0.03327816124766316,0.00140966367205545,0.037182182171980646,0.9993087426644637,0.03953310077414483,0.9992185669715904,0.02358331835618933,0.9997219135476547
1395,45,sbj_P_45,Yarn_1,/mnt/HDD/AliWorks/I-DARE/raw_downloads/EEG/sbj_P_45.mat,346400.0,0.04568912808338768,0.0017250673265427384,0.03801090364584319,0.9992775856020126,0.044961960019412696,0.9989892110756068,0.022404101336337644,0.9997490281216562
1396,45,sbj_P_45,9331,/mnt/HDD/AliWorks/I-DARE/raw_downloads/EEG/sbj_P_45.mat,354474.0,0.04860721025381586,0.002074650968019232,0.04028301953261896,0.9991886391686671,0.04684487819924227,0.9989027786932493,0.024235636763608757,0.9997063169553312
1397,45,sbj_P_45,Beach_1,/mnt/HDD/AliWorks/I-DARE/raw_downloads/EEG/sbj_P_45.mat,363472.0,0.04055420693090575,0.0018031912058290229,0.036765446125636744,0.9993241509855914,0.03567794376420701,0.9993635421643788,0.025967768668370247,0.999662837495193
1398,45,sbj_P_45,2491,/mnt/HDD/AliWorks/I-DARE/raw_downloads/EEG/sbj_P_45.mat,372540.0,0.10170306862799096,0.00980149211187326,0.08476367815227155,0.996407559433049,0.10138810412273142,0.9948602261711991,0.03854561669058907,0.9992571177169711
1399,45,sbj_P_45,9360,/mnt/HDD/AliWorks/I-DARE/raw_downloads/EEG/sbj_P_45.mat,380515.0,0.04734888047914373,0.002213883344952487,0.040721106875035704,0.9991708957274352,0.047482069508152334,0.9988727265376118,0.02206368999151288,0.9997565967919793
1400,45,sbj_P_45,Lake_3,/mnt/HDD/AliWorks/I-DARE/raw_downloads/EEG/sbj_P_45.mat,388024.0,0.04337690309315119,0.0019310901751796185,0.040904771612757546,0.9991633998296541,0.04567971355850825,0.9989566818846057,0.025697317408366845,0.9996698239390066
1401,45,sbj_P_45,3170,/mnt/HDD/AliWorks/I-DARE/raw_downloads/EEG/sbj_P_45.mat,396805.0,0.09437793651451952,0.007352211810334067,0.06981721034627332,0.9975627785697321,0.07968166809120433,0.9968254158851019,0.030384248874697282,0.9995383987101599
1402,45,sbj_P_45,8080,/mnt/HDD/AliWorks/I-DARE/raw_downloads/EEG/sbj_P_45.mat,404254.0,0.034458723703184785,0.0013349601239508219,0.0495979609033241,0.9987700211371162,0.03915667930555517,0.999233377232881,0.04096022651108286,0.9991611299220803
1403,45,sbj_P_45,Snow_1,/mnt/HDD/AliWorks/I-DARE/raw_downloads/EEG/sbj_P_45.mat,411362.0,0.08183970023640576,0.005522973658530314,0.06828083308155165,0.9976688639168447,0.08264996619317645,0.9965844915441333,0.031564094626428216,0.9995018539652069
1404,45,sbj_P_45,4220,/mnt/HDD/AliWorks/I-DARE/raw_downloads/EEG/sbj_P_45.mat,419908.0,0.03959904855074878,0.0014615391861124444,0.03537639857400128,0.9993742552119665,0.03789400533785571,0.9992820221797272,0.022918028423248544,0.9997373819865957
1405,45,sbj_P_45,5760,/mnt/HDD/AliWorks/I-DARE/raw_downloads/EEG/sbj_P_45.mat,428328.0,0.03568205332484281,0.0014622957320983376,0.037059993685011686,0.9993132784340337,0.038025774280128016,0.9992770202451978,0.02540888894787377,0.9996771941812171
1406,45,sbj_P_45,3063,/mnt/HDD/AliWorks/I-DARE/raw_downloads/EEG/sbj_P_45.mat,439305.0,0.03247645185323466,0.0011929849630371813,0.03042255496469971,0.9995372340747098,0.03266825525822715,0.9994663925491918,0.01966504881110546,0.9998066429276289
1407,45,sbj_P_45,3080,/mnt/HDD/AliWorks/I-DARE/raw_downloads/EEG/sbj_P_45.mat,446758.0,0.03059990661904234,0.00114782248268182,0.03693756806634107,0.9993178080326724,0.03593614138007281,0.9993542968713561,0.027063738316384783,0.9996337770341714
1408,46,sbj_P_46,Dummy_1,/mnt/HDD/AliWorks/I-DARE/raw_downloads/EEG/sbj_P_46.mat,179876.0,0.029036553867769915,0.0010543205408078931,0.030009035014889836,0.9995497289087371,0.03271926274750858,0.9994647249226299,0.01991088200232387,0.9998017783889448
1409,46,sbj_P_46,3053,/mnt/HDD/AliWorks/I-DARE/raw_downloads/EEG/sbj_P_46.mat,188067.0,0.024306224616306795,0.0007384987996467378,0.027866136681008305,0.9996117392132378,0.030065747979850278,0.9995480253992065,0.019619029372195278,0.9998075468432461
1410,46,sbj_P_46,Tumor_1,/mnt/HDD/AliWorks/I-DARE/raw_downloads/EEG/sbj_P_46.mat,197837.0,0.020386288676518743,0.0006279741591804482,0.02898257028208261,0.9995800053099219,0.027687152916824234,0.9996167107816802,0.021836712885186415,0.9997615789851847
1411,46,sbj_P_46,Dog_18,/mnt/HDD/AliWorks/I-DARE/raw_downloads/EEG/sbj_P_46.mat,207777.0,0.13564100444121574,0.008694025418818805,0.0840714013384778,0.9964659997384924,0.10041083012562928,0.9949588325967412,0.03677646237473847,0.9993237459075994
1412,46,sbj_P_46,Miserable_pose_3,/mnt/HDD/AliWorks/I-DARE/raw_downloads/EEG/sbj_P_46.mat,216883.0,0.07984278040163703,0.005223314792072734,0.06433526438940046,0.9979304868779728,0.07721805522021565,0.9970186859740038,0.03400668462588846,0.9994217727003772
1413,46,sbj_P_46,Pinecone_1,/mnt/HDD/AliWorks/I-DARE/raw_downloads/EEG/sbj_P_46.mat,227055.0,0.03447928010372613,0.0016231479959023254,0.03780776335272995,0.9992852865151318,0.043997410112802865,0.9990321139516829,0.02048019475894768,0.9997902808113176
1414,46,sbj_P_46,Garbage_dump_6,/mnt/HDD/AliWorks/I-DARE/raw_downloads/EEG/sbj_P_46.mat,236210.0,0.03012693996162006,0.001525494770917753,0.036860958968861636,0.999320634851948,0.0393066086963493,0.999227495256396,0.02481006957271123,0.9996922302238981
1415,46,sbj_P_46,Depressed_pose_4,/mnt/HDD/AliWorks/I-DARE/raw_downloads/EEG/sbj_P_46.mat,245760.0,0.030614492848938763,0.0016578973972079774,0.03580696019098111,0.9993589308009403,0.04176742762774037,0.9991277409946809,0.019910337972220138,0.9998017892209154
1416,46,sbj_P_46,Angry_face_1,/mnt/HDD/AliWorks/I-DARE/raw_downloads/EEG/sbj_P_46.mat,254975.0,0.033294711223471746,0.0017513688502250528,0.059721328009563375,0.9982166814903873,0.043772951245262696,0.9990419643696402,0.05034922762080121,0.9987324776389942
1417,46,sbj_P_46,Dog_26,/mnt/HDD/AliWorks/I-DARE/raw_downloads/EEG/sbj_P_46.mat,263041.0,0.025491318272789276,0.0013025231797352441,0.038458103090184,0.9992604871533521,0.03421633202966254,0.9994146213112184,0.029299965082756316,0.9995707560230744
1418,46,sbj_P_46,8370,/mnt/HDD/AliWorks/I-DARE/raw_downloads/EEG/sbj_P_46.mat,271453.0,0.025411785077741996,0.001270893765462765,0.03252489771653091,0.9994710655142645,0.035145072461698915,0.999382411940831,0.020921422725554,0.9997811470355689
1419,46,sbj_P_46,Dog_6,/mnt/HDD/AliWorks/I-DARE/raw_downloads/EEG/sbj_P_46.mat,281464.0,0.030889492858810933,0.0013592241975124626,0.03332212540217227,0.9994448179793409,0.03899903321597934,0.9992395377041092,0.019437130548820875,0.9998110989780139
1420,46,sbj_P_46,9220,/mnt/HDD/AliWorks/I-DARE/raw_downloads/EEG/sbj_P_46.mat,290200.0,0.02873641612015777,0.00132969403409229,0.03844878997070255,0.999260845274894,0.03551961034730988,0.9993691786403874,0.029156239801659538,0.9995749568403142
1421,46,sbj_P_46,Lake_12,/mnt/HDD/AliWorks/I-DARE/raw_downloads/EEG/sbj_P_46.mat,299274.0,0.026983385964525732,0.001375949457754831,0.04416431480183214,0.9990247566490427,0.036104475936921676,0.9993482334086606,0.03560955687493128,0.9993659797295864
1422,46,sbj_P_46,2314,/mnt/HDD/AliWorks/I-DARE/raw_downloads/EEG/sbj_P_46.mat,308189.0,0.11345618581450151,0.00874100567015066,0.08511605632093715,0.9963776284781857,0.10288683880591946,0.9947071492002625,0.0379402905973847,0.9992802671746928
1423,46,sbj_P_46,1750,/mnt/HDD/AliWorks/I-DARE/raw_downloads/EEG/sbj_P_46.mat,316842.0,0.03019607707346935,0.0013774492558063089,0.040905773171114206,0.9991633588606372,0.03959467832036321,0.9992161307243536,0.029803820959836524,0.9995558661280972
1424,46,sbj_P_46,8492,/mnt/HDD/AliWorks/I-DARE/raw_downloads/EEG/sbj_P_46.mat,325362.0,0.03542570316655572,0.0014973536257638454,0.04417084251307619,0.9990244683358427,0.0409990753338106,0.9991595379108864,0.03426027019696055,0.9994131169430154
1425,46,sbj_P_46,1441,/mnt/HDD/AliWorks/I-DARE/raw_downloads/EEG/sbj_P_46.mat,333287.0,0.0783935385385359,0.003650070933989404,0.05660651504110648,0.9983978512274504,0.06726670790352131,0.9977375950039109,0.028651893521345315,0.9995895344988203
1426,46,sbj_P_46,Flowers_6,/mnt/HDD/AliWorks/I-DARE/raw_downloads/EEG/sbj_P_46.mat,340998.0,0.03796132650264805,0.0017836472502454966,0.03588639815428475,0.9993560832137556,0.04131355526633707,0.9991465950756276,0.021425969484179457,0.9997704639158315
1427,46,sbj_P_46,Yarn_1,/mnt/HDD/AliWorks/I-DARE/raw_downloads/EEG/sbj_P_46.mat,350584.0,0.0361790987155655,0.0018625512832324703,0.03711836246760411,0.9993111135838613,0.04245934437736615,0.9990986020375221,0.020703340948254743,0.9997856858367904
1428,46,sbj_P_46,9331,/mnt/HDD/AliWorks/I-DARE/raw_downloads/EEG/sbj_P_46.mat,360742.0,0.07334195473118256,0.004416285405282418,0.06148852682249547,0.9981095805346004,0.07113383852024512,0.9974699885086878,0.032221966251971414,0.9994808724454285
1429,46,sbj_P_46,Beach_1,/mnt/HDD/AliWorks/I-DARE/raw_downloads/EEG/sbj_P_46.mat,368717.0,0.038411926960142895,0.0018055214389940926,0.050853463163460184,0.9987069626421416,0.045082712132108606,0.9989837745334067,0.039760884247548194,0.9992095360419269
1430,46,sbj_P_46,2491,/mnt/HDD/AliWorks/I-DARE/raw_downloads/EEG/sbj_P_46.mat,378638.0,0.037957569196000095,0.0018875272495683876,0.055057321528345735,0.9984843456730621,0.04436935031671388,0.9990156803762359,0.04510875240703423,0.9989826002281399
1431,46,sbj_P_46,9360,/mnt/HDD/AliWorks/I-DARE/raw_downloads/EEG/sbj_P_46.mat,387968.0,0.07776844851430191,0.004331955474644238,0.061799643656454344,0.9980904020219674,0.07331279957408098,0.9973126167093055,0.03274654085949875,0.9994638320308685
1432,46,sbj_P_46,Lake_3,/mnt/HDD/AliWorks/I-DARE/raw_downloads/EEG/sbj_P_46.mat,397184.0,0.03160208610700201,0.0014322431377031288,0.03052062476509906,0.9995342457319744,0.03558175775360042,0.9993669692575818,0.017784799660825877,0.9998418504505118
1433,46,sbj_P_46,3170,/mnt/HDD/AliWorks/I-DARE/raw_downloads/EEG/sbj_P_46.mat,406794.0,0.03810237385433502,0.0019375050121126737,0.06425556652557025,0.9979356110852388,0.04420026789681041,0.9990231681589259,0.05625240390247909,0.9984178335275963
1434,46,sbj_P_46,8080,/mnt/HDD/AliWorks/I-DARE/raw_downloads/EEG/sbj_P_46.mat,415100.0,0.02858527418250933,0.0012476363565297154,0.032876623264551236,0.9994595638213601,0.03960590031559365,0.9992156863300956,0.01846917341602728,0.9998294448166639
1435,46,sbj_P_46,Snow_1,/mnt/HDD/AliWorks/I-DARE/raw_downloads/EEG/sbj_P_46.mat,423243.0,0.022899341926545146,0.0013670427992042101,0.027392043531665144,0.9996248379755791,0.030938113720642552,0.9995214165597042,0.01576819908364536,0.9998756819488293
1436,46,sbj_P_46,4220,/mnt/HDD/AliWorks/I-DARE/raw_downloads/EEG/sbj_P_46.mat,431747.0,0.06459152391095059,0.004137754789015609,0.05576774836142109,0.9984449791213489,0.06327866286008589,0.99799790541332,0.029434550350917528,0.9995668036228199
1437,46,sbj_P_46,5760,/mnt/HDD/AliWorks/I-DARE/raw_downloads/EEG/sbj_P_46.mat,440914.0,0.02357970816386167,0.0009552790779936368,0.028774276388426903,0.9995860205091615,0.031304253520332774,0.9995100218557679,0.01989044334840619,0.9998021851317008
1438,46,sbj_P_46,3063,/mnt/HDD/AliWorks/I-DARE/raw_downloads/EEG/sbj_P_46.mat,450162.0,0.022163755451781904,0.001128058375887879,0.030014637541111843,0.9995495607666384,0.03262661217714233,0.9994677520889208,0.01923990797919155,0.9998149129704763
1439,46,sbj_P_46,3080,/mnt/HDD/AliWorks/I-DARE/raw_downloads/EEG/sbj_P_46.mat,458387.0,0.030789155822203953,0.0012425614852775357,0.03562966189194847,0.9993652635967327,0.0394036202596042,0.9992236773552191,0.02270989158636815,0.9997421304120677
1440,47,sbj_P_47,Dummy_1,/mnt/HDD/AliWorks/I-DARE/raw_downloads/EEG/sbj_P_47.mat,165576.0,0.007252415120448226,0.00027248363839983366,0.019146608309737082,0.999816703695117,0.016748627663993328,0.9998597417356868,0.015679875795662865,0.9998770707475159
1441,47,sbj_P_47,3053,/mnt/HDD/AliWorks/I-DARE/raw_downloads/EEG/sbj_P_47.mat,177292.0,0.0056000974469877784,0.00019661169674343147,0.03174652709254184,0.9994960790087808,0.012214620471041849,0.9999254015233738,0.03070558187267013,0.9995285836209304
1442,47,sbj_P_47,Tumor_1,/mnt/HDD/AliWorks/I-DARE/raw_downloads/EEG/sbj_P_47.mat,188503.0,0.006277743797199599,0.00023227736327431807,0.03600630680292477,0.9993517729352068,0.015406057034994553,0.9998813267033175,0.034670918570745855,0.9993989637027311
1443,47,sbj_P_47,Dog_18,/mnt/HDD/AliWorks/I-DARE/raw_downloads/EEG/sbj_P_47.mat,201313.0,0.007027659873453174,0.0002304339950442707,0.022131198374900962,0.9997551050292451,0.013587587519876418,0.9999076887326945,0.020197956515830864,0.999796021276292
1444,47,sbj_P_47,Miserable_pose_3,/mnt/HDD/AliWorks/I-DARE/raw_downloads/EEG/sbj_P_47.mat,211075.0,0.007345726733204771,0.0002515245331785807,0.027885627526676227,0.9996111958887212,0.01588170058364191,0.9998738857932856,0.025896241625846535,0.9996646923348279
1445,47,sbj_P_47,Pinecone_1,/mnt/HDD/AliWorks/I-DARE/raw_downloads/EEG/sbj_P_47.mat,219587.0,0.004770747991462822,0.0001866054137590301,0.01878940819435275,0.9998234790698527,0.013590162233523178,0.9999076537452339,0.016661879396937435,0.9998611908874804
1446,47,sbj_P_47,Garbage_dump_6,/mnt/HDD/AliWorks/I-DARE/raw_downloads/EEG/sbj_P_47.mat,227844.0,0.002668587398118103,9.931817603453316e-05,0.028458711863139856,0.9995950508595458,0.010538967738693568,0.9999444650795014,0.027561139047868274,0.9996201918071913
1447,47,sbj_P_47,Depressed_pose_4,/mnt/HDD/AliWorks/I-DARE/raw_downloads/EEG/sbj_P_47.mat,237109.0,0.003036383745862269,9.842646222876444e-05,0.03207166975292085,0.9994857039996304,0.009525425076407166,0.9999546331385568,0.03142391533629623,0.9995062687724686
1448,47,sbj_P_47,Angry_face_1,/mnt/HDD/AliWorks/I-DARE/raw_downloads/EEG/sbj_P_47.mat,246256.0,0.0030136256658150587,9.67712300758466e-05,0.01266431692222759,0.9999198075384464,0.008589281357940636,0.9999631121228765,0.011273193227727503,0.999936457557225
1449,47,sbj_P_47,Dog_26,/mnt/HDD/AliWorks/I-DARE/raw_downloads/EEG/sbj_P_47.mat,255834.0,0.003734724574565552,0.00012449972889660998,0.014053938561728934,0.9999012434054515,0.010665991349416596,0.9999431183142672,0.011913613319232484,0.9999290329088399
1450,47,sbj_P_47,8370,/mnt/HDD/AliWorks/I-DARE/raw_downloads/EEG/sbj_P_47.mat,264424.0,0.004022136244414697,0.00013687084765881828,0.01978881745479781,0.9998042013518705,0.011525536598124646,0.9999335810030626,0.018181319640778407,0.9998347198080594
1451,47,sbj_P_47,Dog_6,/mnt/HDD/AliWorks/I-DARE/raw_downloads/EEG/sbj_P_47.mat,272279.0,0.0027388148053548557,9.588026768918119e-05,0.024992474858777,0.9996876881002171,0.009982789788190944,0.9999501719540221,0.02412666862919713,0.9997089519304291
1452,47,sbj_P_47,9220,/mnt/HDD/AliWorks/I-DARE/raw_downloads/EEG/sbj_P_47.mat,279952.0,0.004704059382307141,0.00015424370989385456,0.025978980535775766,0.999662546285161,0.013217180610107288,0.9999126530683595,0.024565104200651285,0.9996982778278057
1453,47,sbj_P_47,Lake_12,/mnt/HDD/AliWorks/I-DARE/raw_downloads/EEG/sbj_P_47.mat,288276.0,0.0031176772861539123,0.00010591942214808076,0.022199146247988945,0.9997535989529299,0.009957223350777743,0.9999504268515712,0.021139967251522538,0.9997765508923018
1454,47,sbj_P_47,2314,/mnt/HDD/AliWorks/I-DARE/raw_downloads/EEG/sbj_P_47.mat,297174.0,0.003177302920824855,9.808060646227528e-05,0.029606032239945294,0.9995617414275036,0.009407262030558377,0.9999557517105436,0.02888826923415857,0.9995827339503272
1455,47,sbj_P_47,1750,/mnt/HDD/AliWorks/I-DARE/raw_downloads/EEG/sbj_P_47.mat,304936.0,0.002653747059790785,8.690370474941759e-05,0.010910885526297185,0.9999404762885161,0.007853728952215432,0.9999691594707725,0.009559677600529245,0.9999543062820869
1456,47,sbj_P_47,8492,/mnt/HDD/AliWorks/I-DARE/raw_downloads/EEG/sbj_P_47.mat,313769.0,0.0039027615591474595,0.00014045880474317313,0.0385259362527856,0.9992578761179234,0.011322234533219322,0.9999359035025873,0.03781725411162379,0.9992849276457283
1457,47,sbj_P_47,1441,/mnt/HDD/AliWorks/I-DARE/raw_downloads/EEG/sbj_P_47.mat,321486.0,0.0037790788936805765,0.00012748798210704236,0.024893111712309977,0.9996901664946396,0.010645046877733284,0.9999433414884847,0.023814714763779603,0.9997164296803589
1458,47,sbj_P_47,Flowers_6,/mnt/HDD/AliWorks/I-DARE/raw_downloads/EEG/sbj_P_47.mat,330862.0,0.005096726662105564,0.00015386212587585032,0.03266749948487551,0.9994664172387033,0.012645214904694103,0.9999200492700068,0.031585828934868984,0.9995011677052488
1459,47,sbj_P_47,Yarn_1,/mnt/HDD/AliWorks/I-DARE/raw_downloads/EEG/sbj_P_47.mat,338087.0,0.0036968689727327544,0.00012937079857519107,0.02664126061703966,0.9996451216163674,0.010988642456875164,0.9999396248684775,0.025732834916806762,0.9996689106035723
1460,47,sbj_P_47,9331,/mnt/HDD/AliWorks/I-DARE/raw_downloads/EEG/sbj_P_47.mat,345604.0,0.0061828571578921585,0.00021865746266351243,0.02612944093152006,0.9996586261583033,0.01472641081988465,0.9998915664121818,0.02438453933367323,0.999702697120742
1461,47,sbj_P_47,Beach_1,/mnt/HDD/AliWorks/I-DARE/raw_downloads/EEG/sbj_P_47.mat,357507.0,0.006332549142905185,0.00022824866530725825,0.0169098207585098,0.9998570289809576,0.01281623788534215,0.9999178720232335,0.014808668646692669,0.999890351666456
1462,47,sbj_P_47,2491,/mnt/HDD/AliWorks/I-DARE/raw_downloads/EEG/sbj_P_47.mat,366779.0,0.004088741803078478,0.00014557661052849282,0.020102987839730996,0.9997979349399579,0.009914608359523227,0.9999508502705388,0.01891252444057348,0.9998211582096431
1463,47,sbj_P_47,9360,/mnt/HDD/AliWorks/I-DARE/raw_downloads/EEG/sbj_P_47.mat,376741.0,0.004222972352288067,0.0001367541813107477,0.019109994934269244,0.999817404046806,0.011597167084366665,0.999932752857809,0.017496243853889638,0.999846940725503
1464,47,sbj_P_47,Lake_3,/mnt/HDD/AliWorks/I-DARE/raw_downloads/EEG/sbj_P_47.mat,385031.0,0.003866965173865078,0.00012684396128418885,0.025419285482760352,0.9996769299627728,0.01116405970324149,0.9999376818854709,0.024194558544268788,0.9997073116684242
1465,47,sbj_P_47,3170,/mnt/HDD/AliWorks/I-DARE/raw_downloads/EEG/sbj_P_47.mat,393878.0,0.004054282746227449,0.00013832993920376903,0.016869844080744583,0.999857704180346,0.010481360880766146,0.9999450705370438,0.015481230694307528,0.9998801657480949
1466,47,sbj_P_47,8080,/mnt/HDD/AliWorks/I-DARE/raw_downloads/EEG/sbj_P_47.mat,402063.0,0.004729377410739095,0.00017813356094498176,0.015751685458760042,0.9998759422026033,0.011864091461612198,0.9999296216668953,0.01363751698288649,0.9999070090652706
1467,47,sbj_P_47,Snow_1,/mnt/HDD/AliWorks/I-DARE/raw_downloads/EEG/sbj_P_47.mat,409581.0,0.0034761669969166804,0.00011591879956851803,0.038226003224769455,0.9992693863387295,0.009568258673980206,0.9999542242129739,0.037633711430683385,0.9992918518819761
1468,47,sbj_P_47,4220,/mnt/HDD/AliWorks/I-DARE/raw_downloads/EEG/sbj_P_47.mat,417611.0,0.003679618064353488,0.00012654262043802002,0.024784169665395275,0.9996928724669985,0.012186873573970962,0.9999257400562458,0.02355440139061109,0.9997225950875647
1469,47,sbj_P_47,5760,/mnt/HDD/AliWorks/I-DARE/raw_downloads/EEG/sbj_P_47.mat,425390.0,0.0040787448730686205,0.00015137727422297992,0.02034302368600558,0.9997930806936554,0.010933845831703037,0.9999402255076649,0.019027687830064102,0.999818973547921
1470,47,sbj_P_47,3063,/mnt/HDD/AliWorks/I-DARE/raw_downloads/EEG/sbj_P_47.mat,434233.0,0.0031239535425178116,0.0001100979758537869,0.019453804922400765,0.9998107747370208,0.007493312067892917,0.9999719251371264,0.018819692944801753,0.9998229095787324
1471,47,sbj_P_47,3080,/mnt/HDD/AliWorks/I-DARE/raw_downloads/EEG/sbj_P_47.mat,443186.0,0.0035068544669409943,0.00011790283054066152,0.01483989452137512,0.9998898887652974,0.00970831819348236,0.9999528742789275,0.013401541892203819,0.9999101993374555
1472,48,sbj_P_48,Dummy_1,/mnt/HDD/AliWorks/I-DARE/raw_downloads/EEG/sbj_P_48.mat,164174.0,0.017623772107878917,0.000556798149378019,0.03122578271458871,0.9995124752469302,0.021574862692141535,0.9997672626499081,0.027647592968453694,0.9996178053015253
1473,48,sbj_P_48,3053,/mnt/HDD/AliWorks/I-DARE/raw_downloads/EEG/sbj_P_48.mat,176187.0,0.016938323746627567,0.0005257195725333726,0.027605628373266085,0.9996189646410581,0.021392411276727738,0.9997711823698833,0.023749448802625358,0.9997179818407858
1474,48,sbj_P_48,Tumor_1,/mnt/HDD/AliWorks/I-DARE/raw_downloads/EEG/sbj_P_48.mat,188544.0,0.01820667232096911,0.0006084075248270618,0.029322800408791178,0.9995700866880929,0.022871956856940233,0.9997384367947677,0.024805484851454125,0.9996923439606422
1475,48,sbj_P_48,Dog_18,/mnt/HDD/AliWorks/I-DARE/raw_downloads/EEG/sbj_P_48.mat,199014.0,0.013552071726285163,0.00034576892470092167,0.0196671771811413,0.9998066010708627,0.016140406386760005,0.9998697436408348,0.016472183256998237,0.9998643335893743
1476,48,sbj_P_48,Miserable_pose_3,/mnt/HDD/AliWorks/I-DARE/raw_downloads/EEG/sbj_P_48.mat,206747.0,0.02336395592434994,0.0008867226906844663,0.03929746006438275,0.9992278548162439,0.02703896162838606,0.9996344472770292,0.035085992791435434,0.9993844865549196
1477,48,sbj_P_48,Pinecone_1,/mnt/HDD/AliWorks/I-DARE/raw_downloads/EEG/sbj_P_48.mat,216084.0,0.009983487866917629,0.0002783278131526195,0.022298274410015,0.999751393479168,0.013904342466795718,0.9999033346302834,0.020169618629722087,0.9997965932421659
1478,48,sbj_P_48,Garbage_dump_6,/mnt/HDD/AliWorks/I-DARE/raw_downloads/EEG/sbj_P_48.mat,225318.0,0.025824834621773023,0.0016590050246724174,0.04216909879476781,0.9991108835534186,0.04683555271843434,0.9989032155007797,0.023090806347650403,0.999733407331108
1479,48,sbj_P_48,Depressed_pose_4,/mnt/HDD/AliWorks/I-DARE/raw_downloads/EEG/sbj_P_48.mat,233384.0,0.012259930391988905,0.0003613280876932336,0.02270285412718519,0.9997422902072395,0.017728685653692854,0.9998428468524967,0.019222909777282388,0.999815239869847
1480,48,sbj_P_48,Angry_face_1,/mnt/HDD/AliWorks/I-DARE/raw_downloads/EEG/sbj_P_48.mat,241356.0,0.016365816899996572,0.0005610601133907442,0.02659611136336613,0.9996463234301736,0.023217546446889257,0.9997304727684928,0.021321125393170885,0.9997727048059842
1481,48,sbj_P_48,Dog_26,/mnt/HDD/AliWorks/I-DARE/raw_downloads/EEG/sbj_P_48.mat,252925.0,0.013609302045956704,0.00044419551272467656,0.02294962607091838,0.9997366573316031,0.0188208020372915,0.9998228887053368,0.01841033919210415,0.9998305297054159
1482,48,sbj_P_48,8370,/mnt/HDD/AliWorks/I-DARE/raw_downloads/EEG/sbj_P_48.mat,262292.0,0.015424437986035624,0.0005095366218248604,0.026919370160293107,0.999637673755086,0.020210592206794196,0.9997957659813249,0.023225022450856753,0.9997302991660781
1483,48,sbj_P_48,Dog_6,/mnt/HDD/AliWorks/I-DARE/raw_downloads/EEG/sbj_P_48.mat,270915.0,0.014273844738808788,0.00046671554001092235,0.02482265644039941,0.9996919178636209,0.020755029780969752,0.9997846143693958,0.020643959856411206,0.9997869134607237
1484,48,sbj_P_48,9220,/mnt/HDD/AliWorks/I-DARE/raw_downloads/EEG/sbj_P_48.mat,279038.0,0.009592774098221249,0.0003120110955317615,0.02677370316426275,0.9996415844094357,0.01663980463178653,0.9998615584509081,0.02419084482600127,0.9997074015133018
1485,48,sbj_P_48,Lake_12,/mnt/HDD/AliWorks/I-DARE/raw_downloads/EEG/sbj_P_48.mat,288765.0,0.01103668042142794,0.0003001132509124343,0.014176028296841758,0.9998995201108634,0.013259323832950372,0.9999120951657469,0.01149631055826702,0.9999339174217746
1486,48,sbj_P_48,2314,/mnt/HDD/AliWorks/I-DARE/raw_downloads/EEG/sbj_P_48.mat,298767.0,0.013835280994688243,0.0005213814500618735,0.016151771688086687,0.999869560135668,0.016397658168552983,0.9998655584032937,0.011475847974443757,0.9999341524566342
1487,48,sbj_P_48,1750,/mnt/HDD/AliWorks/I-DARE/raw_downloads/EEG/sbj_P_48.mat,306848.0,0.012792126700727137,0.00046087535025128665,0.02166323141367216,0.9997653522023587,0.018674982065929893,0.9998256225224182,0.0173574678150771,0.9998493591555245
1488,48,sbj_P_48,8492,/mnt/HDD/AliWorks/I-DARE/raw_downloads/EEG/sbj_P_48.mat,317609.0,0.014455093896055596,0.00048741676372128284,0.014898299203650371,0.9998890203404193,0.014728139180695654,0.999891540958137,0.010208177652967792,0.9999478965545028
1489,48,sbj_P_48,1441,/mnt/HDD/AliWorks/I-DARE/raw_downloads/EEG/sbj_P_48.mat,327294.0,0.011579559414213902,0.0002489756647363606,0.025129515096119118,0.9996842537355167,0.013745176440088417,0.9999055350623154,0.023406727498927523,0.999726062553896
1490,48,sbj_P_48,Flowers_6,/mnt/HDD/AliWorks/I-DARE/raw_downloads/EEG/sbj_P_48.mat,339400.0,0.016033149128522096,0.00043474744026412423,0.028232975307890228,0.9996014495526316,0.02442918073996458,0.9997016075641875,0.022872533998356107,0.9997384235942468
1491,48,sbj_P_48,Yarn_1,/mnt/HDD/AliWorks/I-DARE/raw_downloads/EEG/sbj_P_48.mat,347458.0,0.014817627232659582,0.00044997657313140826,0.026959512299331995,0.9996365923482907,0.025075332984558565,0.9996856138378564,0.02093592527337417,0.9997808435164739
1492,48,sbj_P_48,9331,/mnt/HDD/AliWorks/I-DARE/raw_downloads/EEG/sbj_P_48.mat,356472.0,0.01687524273842181,0.00042321808428296987,0.024467140465382783,0.9997006795187242,0.02308812659740738,0.9997334692051113,0.019211043813307852,0.9998154678978022
1493,48,sbj_P_48,Beach_1,/mnt/HDD/AliWorks/I-DARE/raw_downloads/EEG/sbj_P_48.mat,365180.0,0.011257390835242579,0.0002699684415688986,0.0207668251934508,0.9997843694856924,0.014642032587648577,0.9998928054408514,0.01828139878503755,0.9998328952292308
1494,48,sbj_P_48,2491,/mnt/HDD/AliWorks/I-DARE/raw_downloads/EEG/sbj_P_48.mat,372889.0,0.013204795132935161,0.0002739136532443943,0.01441347893546852,0.9998961258124885,0.01526910013756954,0.9998834272904945,0.010153959253979595,0.9999484485557343
1495,48,sbj_P_48,9360,/mnt/HDD/AliWorks/I-DARE/raw_downloads/EEG/sbj_P_48.mat,382072.0,0.01246734123864288,0.0003624284973702804,0.028572298068392687,0.9995918118915459,0.017307413144832112,0.9998502267251173,0.026111012336294277,0.9996591075173867
1496,48,sbj_P_48,Lake_3,/mnt/HDD/AliWorks/I-DARE/raw_downloads/EEG/sbj_P_48.mat,389980.0,0.013182684284098042,0.0003051054528653385,0.018848848726017362,0.9998223604508518,0.015943271014688277,0.9998729060546762,0.015524234884456175,0.9998794990656266
1497,48,sbj_P_48,3170,/mnt/HDD/AliWorks/I-DARE/raw_downloads/EEG/sbj_P_48.mat,398866.0,0.013188284416418413,0.0003478920707993619,0.030028152383359923,0.9995491550322209,0.01897979782639509,0.9998198836372346,0.02706989369795203,0.999633610427591
1498,48,sbj_P_48,8080,/mnt/HDD/AliWorks/I-DARE/raw_downloads/EEG/sbj_P_48.mat,408922.0,0.012546515281946934,0.00031344313228884893,0.022495495909855973,0.9997469763318851,0.020032845174219122,0.999799342557112,0.01785324580657227,0.999840630807085
1499,48,sbj_P_48,Snow_1,/mnt/HDD/AliWorks/I-DARE/raw_downloads/EEG/sbj_P_48.mat,418510.0,0.013613663656920058,0.0004159081182169416,0.027651334083651946,0.9996177018616969,0.01964945670643972,0.9998069494255707,0.024083496743927124,0.9997099925922925
1500,48,sbj_P_48,4220,/mnt/HDD/AliWorks/I-DARE/raw_downloads/EEG/sbj_P_48.mat,430454.0,0.03747913180847785,0.0017741784963348644,0.02697242455811667,0.9996362441567285,0.03147439060621052,0.9995046813679845,0.015640294292968215,0.9998776905972151
1501,48,sbj_P_48,5760,/mnt/HDD/AliWorks/I-DARE/raw_downloads/EEG/sbj_P_48.mat,438138.0,0.013169070098702534,0.00038826495919799624,0.030225596279589324,0.999543206664772,0.016754197931186175,0.9998596484258409,0.028066917215972792,0.9996061240789962
1502,48,sbj_P_48,3063,/mnt/HDD/AliWorks/I-DARE/raw_downloads/EEG/sbj_P_48.mat,446062.0,0.013154534566681714,0.00039689417779863233,0.03580185245825402,0.9993591136802786,0.013777019371419166,0.9999050968686198,0.03441250879025591,0.9994078896193799
1503,48,sbj_P_48,3080,/mnt/HDD/AliWorks/I-DARE/raw_downloads/EEG/sbj_P_48.mat,454129.0,0.009435915345954792,0.00021462697735891148,0.02416419529386654,0.9997080458329004,0.013657666305842146,0.9999067340755398,0.022753475439676544,0.999741139677709
1504,49,sbj_P_49,Dummy_1,/mnt/HDD/AliWorks/I-DARE/raw_downloads/EEG/sbj_P_49.mat,172021.0,0.024756352939825768,0.0007856910832334781,0.0313724545390869,0.9995078845480965,0.028474311087969918,0.9995946068040332,0.024539208503782012,0.9996989136230038
1505,49,sbj_P_49,3053,/mnt/HDD/AliWorks/I-DARE/raw_downloads/EEG/sbj_P_49.mat,187092.0,0.02291313639643321,0.0007499964319371199,0.027879553080519714,0.9996113652600157,0.02801061260444347,0.9996077027907618,0.020564901883320694,0.9997885424052647
1506,49,sbj_P_49,Tumor_1,/mnt/HDD/AliWorks/I-DARE/raw_downloads/EEG/sbj_P_49.mat,200366.0,0.03180912100279957,0.0010727338786191785,0.039018319719373244,0.9992387853631385,0.03497819067775682,0.9993882630884552,0.03076067787273806,0.9995268903484046
1507,49,sbj_P_49,Dog_18,/mnt/HDD/AliWorks/I-DARE/raw_downloads/EEG/sbj_P_49.mat,210228.0,0.028495140646179636,0.0010817911312669397,0.038838710660856056,0.9992457772771011,0.03215111614533917,0.9994831528653041,0.03195710235022992,0.9994893718046878
1508,49,sbj_P_49,Miserable_pose_3,/mnt/HDD/AliWorks/I-DARE/raw_downloads/EEG/sbj_P_49.mat,220375.0,0.027781453515505615,0.0009072970100422687,0.027655269042102824,0.9996175930471043,0.025729982406679015,0.9996689840026765,0.021852763347052464,0.9997612283670497
1509,49,sbj_P_49,Pinecone_1,/mnt/HDD/AliWorks/I-DARE/raw_downloads/EEG/sbj_P_49.mat,234511.0,0.03134329297982148,0.001078576270598501,0.032394161292736784,0.9994753091570702,0.03479936196319217,0.9993945022034775,0.02232982638478904,0.9997506894268128
1510,49,sbj_P_49,Garbage_dump_6,/mnt/HDD/AliWorks/I-DARE/raw_downloads/EEG/sbj_P_49.mat,244159.0,0.029623427004172,0.0009713290637422331,0.03346291950757006,0.999440116509015,0.03475062823585025,0.9993961969186069,0.024492492765443557,0.9997000588990672
1511,49,sbj_P_49,Depressed_pose_4,/mnt/HDD/AliWorks/I-DARE/raw_downloads/EEG/sbj_P_49.mat,254920.0,0.030111939864948308,0.0011027971578849807,0.031259168900558014,0.9995114321798237,0.033694866775460304,0.9994323279764924,0.02143248665941052,0.9997703242577968
1512,49,sbj_P_49,Angry_face_1,/mnt/HDD/AliWorks/I-DARE/raw_downloads/EEG/sbj_P_49.mat,264123.0,0.028234190565934496,0.0010863580195508151,0.032341095096768545,0.9994770267839711,0.03629683507141195,0.9993412698818994,0.019633869104538813,0.9998072555919926
1513,49,sbj_P_49,Dog_26,/mnt/HDD/AliWorks/I-DARE/raw_downloads/EEG/sbj_P_49.mat,275485.0,0.023594423432407505,0.000825217210246714,0.031107513583686495,0.9995161612993201,0.029921725817115837,0.9995523451620627,0.02309774164183748,0.9997332471655236
1514,49,sbj_P_49,8370,/mnt/HDD/AliWorks/I-DARE/raw_downloads/EEG/sbj_P_49.mat,285677.0,0.027848392233646123,0.0010197383049334627,0.027837037663909426,0.9996125496670492,0.029524105664918098,0.9995641635923429,0.018920915080127845,0.999820999486265
1515,49,sbj_P_49,Dog_6,/mnt/HDD/AliWorks/I-DARE/raw_downloads/EEG/sbj_P_49.mat,295387.0,0.024887820497361872,0.0009787749666192588,0.028485086935260702,0.9995942999111451,0.030749592636288486,0.9995272312763502,0.018966327375027136,0.9998201392129512
1516,49,sbj_P_49,9220,/mnt/HDD/AliWorks/I-DARE/raw_downloads/EEG/sbj_P_49.mat,305115.0,0.025975084211092563,0.0010043144381339994,0.02918904201998404,0.9995739999129782,0.030943514038397776,0.9995212494694777,0.01960682363248268,0.9998077862335223
1517,49,sbj_P_49,Lake_12,/mnt/HDD/AliWorks/I-DARE/raw_downloads/EEG/sbj_P_49.mat,315535.0,0.028417599077958076,0.0011233145435077996,0.029144596220843776,0.9995752962555617,0.03206566702099249,0.9994858964992493,0.01873768296446582,0.9998244496185619
1518,49,sbj_P_49,2314,/mnt/HDD/AliWorks/I-DARE/raw_downloads/EEG/sbj_P_49.mat,326522.0,0.030103809561920086,0.001110121736740737,0.03079099407703957,0.9995259573418738,0.0317942295276025,0.9994945634843742,0.022063625842416664,0.9997565982073435
1519,49,sbj_P_49,1750,/mnt/HDD/AliWorks/I-DARE/raw_downloads/EEG/sbj_P_49.mat,335470.0,0.025972131274627663,0.0009816993057857205,0.03208979084640335,0.9994851226617172,0.03307989568721259,0.9994528602506616,0.022831199394170495,0.9997393681671125
1520,49,sbj_P_49,8492,/mnt/HDD/AliWorks/I-DARE/raw_downloads/EEG/sbj_P_49.mat,344782.0,0.025904643284686443,0.0008687961554045958,0.025310149014433604,0.9996796981784337,0.024986103667382867,0.9996878473117614,0.018453111426934687,0.9998297413393327
1521,49,sbj_P_49,1441,/mnt/HDD/AliWorks/I-DARE/raw_downloads/EEG/sbj_P_49.mat,358397.0,0.031025624677122624,0.0014139866285588082,0.029699918777938938,0.9995589574122926,0.028624702494348557,0.9995903132035548,0.021518395833598082,0.9997684793203744
1522,49,sbj_P_49,Flowers_6,/mnt/HDD/AliWorks/I-DARE/raw_downloads/EEG/sbj_P_49.mat,367395.0,0.028396733347242298,0.0010264423778246973,0.02791168912750176,0.9996104688050256,0.031716873848305224,0.9994970199566453,0.01858359607917653,0.9998273249783828
1523,49,sbj_P_49,Yarn_1,/mnt/HDD/AliWorks/I-DARE/raw_downloads/EEG/sbj_P_49.mat,378742.0,0.030588311929405206,0.0013481814579870198,0.03370209985217794,0.9994320842327771,0.034927271124060445,0.9993900428659137,0.022559949812269026,0.9997455243322338
1524,49,sbj_P_49,9331,/mnt/HDD/AliWorks/I-DARE/raw_downloads/EEG/sbj_P_49.mat,388592.0,0.03174522913123403,0.0012363717411010442,0.036999969160615744,0.9993155011410568,0.03791571320645487,0.9992811993460221,0.026424682521437082,0.9996508680768212
1525,49,sbj_P_49,Beach_1,/mnt/HDD/AliWorks/I-DARE/raw_downloads/EEG/sbj_P_49.mat,397628.0,0.02671002035363272,0.0010252571262852233,0.03484665023017495,0.9993928554838682,0.03455420086100044,0.9994030036014293,0.0254568173661687,0.9996759752247928
1526,49,sbj_P_49,2491,/mnt/HDD/AliWorks/I-DARE/raw_downloads/EEG/sbj_P_49.mat,405826.0,0.02613950746295393,0.0008505127115923092,0.02851018069420134,0.9995935847983914,0.031326414436215,0.9995093278792856,0.018740738755794906,0.9998243923554432
1527,49,sbj_P_49,9360,/mnt/HDD/AliWorks/I-DARE/raw_downloads/EEG/sbj_P_49.mat,416999.0,0.05759534372285055,0.0019154487315258214,0.03898079690653646,0.9992402487362654,0.04850188663295464,0.9988237834965219,0.02286697287084845,0.9997385507758619
1528,49,sbj_P_49,Lake_3,/mnt/HDD/AliWorks/I-DARE/raw_downloads/EEG/sbj_P_49.mat,426957.0,0.04490425103433516,0.0021142088669070876,0.03783112184327379,0.99928440311004,0.04335964471000751,0.9990599706053099,0.021778628026273176,0.999762845680646
1529,49,sbj_P_49,3170,/mnt/HDD/AliWorks/I-DARE/raw_downloads/EEG/sbj_P_49.mat,437410.0,0.032545878535680896,0.0011290638105083226,0.03450528211274406,0.9994046927531604,0.03448471290478325,0.9994054022879378,0.025263926787594766,0.999680867001636
1530,49,sbj_P_49,8080,/mnt/HDD/AliWorks/I-DARE/raw_downloads/EEG/sbj_P_49.mat,446433.0,0.03022896595767502,0.001019371653614669,0.04268155376763199,0.9990891424839905,0.03241656841981028,0.9994745830459419,0.036450162939856305,0.9993356928108289
1531,49,sbj_P_49,Snow_1,/mnt/HDD/AliWorks/I-DARE/raw_downloads/EEG/sbj_P_49.mat,455744.0,0.030076111729075202,0.00105712627711142,0.030999701082986608,0.9995195092663822,0.03287409809032418,0.9994596468373741,0.02134007424436646,0.9997723006156222
1532,49,sbj_P_49,4220,/mnt/HDD/AliWorks/I-DARE/raw_downloads/EEG/sbj_P_49.mat,464180.0,0.030784613766076423,0.001029162861200906,0.03116167577145281,0.9995144749815574,0.03435340588212457,0.9994099217521488,0.02022987935895773,0.999795375990561
1533,49,sbj_P_49,5760,/mnt/HDD/AliWorks/I-DARE/raw_downloads/EEG/sbj_P_49.mat,474273.0,0.028042443767308627,0.00092549793370174,0.03407713863731414,0.9994193743111466,0.03230274052047373,0.9994782664774337,0.02678046034504486,0.9996414034718542
1534,49,sbj_P_49,3063,/mnt/HDD/AliWorks/I-DARE/raw_downloads/EEG/sbj_P_49.mat,483525.0,0.029156683164932973,0.0010179104034119997,0.03219719450490416,0.9994816703330063,0.03898764772009412,0.9992399816626264,0.02079977240819106,0.999783684733883
1535,49,sbj_P_49,3080,/mnt/HDD/AliWorks/I-DARE/raw_downloads/EEG/sbj_P_49.mat,493053.0,0.032500257073687325,0.0012131058360200272,0.03596323463839177,0.9993533228771725,0.03870264727563153,0.9992510525469296,0.024722734913716998,0.9996943931891933
1536,50,sbj_P_50,Dummy_1,/mnt/HDD/AliWorks/I-DARE/raw_downloads/EEG/sbj_P_50.mat,172293.0,0.009821355797687645,0.00042673898697238204,0.02322841943470982,0.9997302202652827,0.01857913667710822,0.9998274078401664,0.01889349518586182,0.9998215179198308
1537,50,sbj_P_50,3053,/mnt/HDD/AliWorks/I-DARE/raw_downloads/EEG/sbj_P_50.mat,182856.0,0.0077201378745800344,0.0003098097122496617,0.034849145574876145,0.9993927685263498,0.017554668916157538,0.9998459167996219,0.03278061465214762,0.9994627156515136
1538,50,sbj_P_50,Tumor_1,/mnt/HDD/AliWorks/I-DARE/raw_downloads/EEG/sbj_P_50.mat,192738.0,0.007872743426076951,0.0003182284949918266,0.01654416713338566,0.999863145266931,0.01797480223980367,0.99983845324222,0.010409967122505208,0.9999458162922543
1539,50,sbj_P_50,Dog_18,/mnt/HDD/AliWorks/I-DARE/raw_downloads/EEG/sbj_P_50.mat,201509.0,0.0067796431586733125,0.0002355148686354827,0.027818947334647452,0.9996130530845962,0.01347232839523561,0.9999092481838053,0.026220013714648258,0.9996562554404019
1540,50,sbj_P_50,Miserable_pose_3,/mnt/HDD/AliWorks/I-DARE/raw_downloads/EEG/sbj_P_50.mat,211108.0,0.009277028114100042,0.0004139377287665016,0.02613785239794888,0.9996584063360117,0.020994064077187978,0.9997796246367616,0.021621831432963073,0.9997662482027423
1541,50,sbj_P_50,Pinecone_1,/mnt/HDD/AliWorks/I-DARE/raw_downloads/EEG/sbj_P_50.mat,219668.0,0.006356976304098859,0.00023218290146642713,0.02372107696769578,0.9997186552537464,0.014518604183054729,0.9998946050662876,0.02163044421250765,0.9997660619415843
1542,50,sbj_P_50,Garbage_dump_6,/mnt/HDD/AliWorks/I-DARE/raw_downloads/EEG/sbj_P_50.mat,229196.0,0.009384252754275214,0.00037990451355405516,0.020459957561007085,0.9997906950683005,0.017563676117087628,0.9998457586406271,0.016588744026139916,0.9998624067858174
1543,50,sbj_P_50,Depressed_pose_4,/mnt/HDD/AliWorks/I-DARE/raw_downloads/EEG/sbj_P_50.mat,238396.0,0.005670693110394186,0.00017479734148159167,0.016683982809657945,0.9998608223588042,0.012786544408642363,0.9999182521410435,0.014440413693169715,0.9998957372261856
1544,50,sbj_P_50,Angry_face_1,/mnt/HDD/AliWorks/I-DARE/raw_downloads/EEG/sbj_P_50.mat,246905.0,0.006451084387245421,0.00021124425601440802,0.013422233009393287,0.9999099218305206,0.014689144740571286,0.9998921145133954,0.008827185818834593,0.9999610403952593
1545,50,sbj_P_50,Dog_26,/mnt/HDD/AliWorks/I-DARE/raw_downloads/EEG/sbj_P_50.mat,255320.0,0.005792230692283418,0.000161812570695001,0.02203369795298748,0.9997572580772588,0.012918446157749367,0.9999165568744346,0.020380106135388286,0.9997923256369552
1546,50,sbj_P_50,8370,/mnt/HDD/AliWorks/I-DARE/raw_downloads/EEG/sbj_P_50.mat,263791.0,0.013996215231351533,0.0008175394082417907,0.02386401367636284,0.9997152544256273,0.02343289505762456,0.9997254497146091,0.017229621182340574,0.9998515700769558
1547,50,sbj_P_50,Dog_6,/mnt/HDD/AliWorks/I-DARE/raw_downloads/EEG/sbj_P_50.mat,272613.0,0.006666783888022683,0.00020621568790992872,0.022838742584721846,0.999739195918575,0.01340803872864722,0.9999101122487257,0.020902699965324536,0.9997815385670802
1548,50,sbj_P_50,9220,/mnt/HDD/AliWorks/I-DARE/raw_downloads/EEG/sbj_P_50.mat,281526.0,0.026799551621158733,0.0022778916044537347,0.03742424583216655,0.9992997129119469,0.04189994609983357,0.9991221972584158,0.02507864689293854,0.9996855307350098
1549,50,sbj_P_50,Lake_12,/mnt/HDD/AliWorks/I-DARE/raw_downloads/EEG/sbj_P_50.mat,290382.0,0.004774326953778083,0.0001552259521583825,0.029713488851987425,0.9995585542901211,0.013520425376667429,0.9999085990488168,0.028026133047501855,0.9996072679332022
1550,50,sbj_P_50,2314,/mnt/HDD/AliWorks/I-DARE/raw_downloads/EEG/sbj_P_50.mat,298795.0,0.007106216915978563,0.0002264515155383546,0.015305824463082962,0.999882865868753,0.014754108914048346,0.9998911581350763,0.01136351057032979,0.9999354353137586
1551,50,sbj_P_50,1750,/mnt/HDD/AliWorks/I-DARE/raw_downloads/EEG/sbj_P_50.mat,307133.0,0.005745815406847075,0.00013910373522264604,0.02464958102879516,0.9996961990775527,0.012293234966181886,0.9999244381870331,0.023174470752213485,0.9997314719526773
1552,50,sbj_P_50,8492,/mnt/HDD/AliWorks/I-DARE/raw_downloads/EEG/sbj_P_50.mat,315534.0,0.0067906683468822145,0.00024969874984998616,0.022685912323336586,0.999742674691029,0.017607010610317077,0.9998449965886834,0.01959297363190782,0.9998080576921299
1553,50,sbj_P_50,1441,/mnt/HDD/AliWorks/I-DARE/raw_downloads/EEG/sbj_P_50.mat,324599.0,0.006862541201753818,0.00020762729303234188,0.019778530234851058,0.9998044048708742,0.01477181015618096,0.9998908968123554,0.017656160070901473,0.9998441300057753
1554,50,sbj_P_50,Flowers_6,/mnt/HDD/AliWorks/I-DARE/raw_downloads/EEG/sbj_P_50.mat,334183.0,0.006228361106806005,0.00024300398087855808,0.022440259479636453,0.9997482173772435,0.013473279123074385,0.9999092353748361,0.020494684043944188,0.9997899839629693
1555,50,sbj_P_50,Yarn_1,/mnt/HDD/AliWorks/I-DARE/raw_downloads/EEG/sbj_P_50.mat,343454.0,0.008720786547339508,0.00044595564449020745,0.02542263193239612,0.9996768448928148,0.018978623411568942,0.999819905926701,0.021722263242808834,0.999764071639805
1556,50,sbj_P_50,9331,/mnt/HDD/AliWorks/I-DARE/raw_downloads/EEG/sbj_P_50.mat,352179.0,0.0069396572363470705,0.00023366655787719824,0.016829146818432048,0.9998583899086821,0.013290412757045645,0.9999116824643738,0.014176178529627837,0.999899517981148
1557,50,sbj_P_50,Beach_1,/mnt/HDD/AliWorks/I-DARE/raw_downloads/EEG/sbj_P_50.mat,360831.0,0.007876940017791037,0.0002912624100245383,0.026647612749462854,0.9996449523673783,0.017562081985901718,0.9998457866381605,0.02400405769026595,0.9997119026072018
1558,50,sbj_P_50,2491,/mnt/HDD/AliWorks/I-DARE/raw_downloads/EEG/sbj_P_50.mat,369828.0,0.0069051846315589405,0.0002620207386298913,0.015777555903494122,0.999875534364856,0.013725478173644676,0.9999058056244526,0.01239351146484843,0.9999232004367852
1559,50,sbj_P_50,9360,/mnt/HDD/AliWorks/I-DARE/raw_downloads/EEG/sbj_P_50.mat,378675.0,0.005625325901296236,0.00024221372416193177,0.018982771972575033,0.9998198271841185,0.014635240650604803,0.9998929048655493,0.016249852818081934,0.9998679711416956
1560,50,sbj_P_50,Lake_3,/mnt/HDD/AliWorks/I-DARE/raw_downloads/EEG/sbj_P_50.mat,387285.0,0.007128963375310544,0.0002714930199079615,0.025972795963456592,0.9996627069349201,0.016818615628050374,0.9998585670841774,0.023341797722242024,0.9997275802395472
1561,50,sbj_P_50,3170,/mnt/HDD/AliWorks/I-DARE/raw_downloads/EEG/sbj_P_50.mat,396755.0,0.009614711375351663,0.0003432981914328501,0.022694206454968998,0.999742486496689,0.018258080651699662,0.9998333212454585,0.019098708992605257,0.9998176196574081
1562,50,sbj_P_50,8080,/mnt/HDD/AliWorks/I-DARE/raw_downloads/EEG/sbj_P_50.mat,405529.0,0.007481821697543436,0.0002654504596368272,0.017432012712339105,0.9998480624663983,0.014845126998538688,0.9998898111021987,0.014145982045502024,0.9998999455959845
1563,50,sbj_P_50,Snow_1,/mnt/HDD/AliWorks/I-DARE/raw_downloads/EEG/sbj_P_50.mat,414667.0,0.007047758424983014,0.0002806135509635817,0.022090596489966814,0.9997560027733587,0.016644806317230147,0.9998614752113314,0.019014912189364946,0.9998192165572156
1564,50,sbj_P_50,4220,/mnt/HDD/AliWorks/I-DARE/raw_downloads/EEG/sbj_P_50.mat,423158.0,0.00815540782043388,0.00033887816188076154,0.021874606673069695,0.9997607507914488,0.01628357513553599,0.9998674225904031,0.01876111121457794,0.9998240103529977
1565,50,sbj_P_50,5760,/mnt/HDD/AliWorks/I-DARE/raw_downloads/EEG/sbj_P_50.mat,431665.0,0.005663031822496856,0.00018798316984235282,0.015601711245475134,0.9998782933031064,0.012431581736641328,0.9999227278877626,0.013220728184127117,0.9999126061731411
1566,50,sbj_P_50,3063,/mnt/HDD/AliWorks/I-DARE/raw_downloads/EEG/sbj_P_50.mat,440361.0,0.008467073809383283,0.00038136298574855673,0.024276334969570098,0.9997053297802229,0.017298539171038116,0.9998503802712727,0.02069296937490239,0.999785900509224
1567,50,sbj_P_50,3080,/mnt/HDD/AliWorks/I-DARE/raw_downloads/EEG/sbj_P_50.mat,448732.0,0.006640107678928753,0.00025668239631265315,0.025225702515870103,0.9996818319662905,0.015766982957055264,0.9998757011242154,0.02244676442249491,0.9997480713834808
1568,52,sbj_P_52,Dummy_1,/mnt/HDD/AliWorks/I-DARE/raw_downloads/EEG/sbj_P_52.mat,171634.0,0.006137616177789097,0.00019934820095574894,0.024430845735122744,0.9997015668883329,0.01274958272709551,0.9999187240701426,0.022781868192324445,0.9997404932408341
1569,52,sbj_P_52,3053,/mnt/HDD/AliWorks/I-DARE/raw_downloads/EEG/sbj_P_52.mat,180634.0,0.006426480903015623,0.00022716177054343472,0.016011725330014666,0.9998718123259783,0.010388864783276,0.9999460357442574,0.014403997324253336,0.9998962624305412
1570,52,sbj_P_52,Tumor_1,/mnt/HDD/AliWorks/I-DARE/raw_downloads/EEG/sbj_P_52.mat,189952.0,0.008967892060330622,0.0003234701944505685,0.02540204001935498,0.9996773681814276,0.017498619191191916,0.9998468991632012,0.022472392709300015,0.9997474957829591
1571,52,sbj_P_52,Dog_18,/mnt/HDD/AliWorks/I-DARE/raw_downloads/EEG/sbj_P_52.mat,197799.0,0.006306088441196287,0.0002225094777734757,0.017958385658335862,0.9998387481922727,0.012263436623023339,0.9999248040610965,0.015836596324940434,0.9998746011084204
1572,52,sbj_P_52,Miserable_pose_3,/mnt/HDD/AliWorks/I-DARE/raw_downloads/EEG/sbj_P_52.mat,206622.0,0.005271555359220143,0.00016933728369851632,0.023678186363243946,0.9997196717452739,0.011561282420871434,0.9999331683743929,0.02229244583376424,0.9997515234293748
1573,52,sbj_P_52,Pinecone_1,/mnt/HDD/AliWorks/I-DARE/raw_downloads/EEG/sbj_P_52.mat,215155.0,0.0055317330702998905,0.0001700268262317062,0.019901114479471967,0.9998019728212372,0.012827277574066421,0.9999177304750186,0.017927886357057596,0.9998392954453843
1574,52,sbj_P_52,Garbage_dump_6,/mnt/HDD/AliWorks/I-DARE/raw_downloads/EEG/sbj_P_52.mat,222722.0,0.006876032513151176,0.00021445620748786426,0.01957352064502274,0.9998084386447789,0.014271872429882745,0.9998981568286728,0.01716347879831491,0.9998527074977699
1575,52,sbj_P_52,Depressed_pose_4,/mnt/HDD/AliWorks/I-DARE/raw_downloads/EEG/sbj_P_52.mat,231091.0,0.0052113256126394124,0.00022324779287658731,0.025934301108423107,0.9996637060130092,0.010756583890175036,0.9999421479515073,0.02485488587868585,0.9996911173239789
1576,52,sbj_P_52,Angry_face_1,/mnt/HDD/AliWorks/I-DARE/raw_downloads/EEG/sbj_P_52.mat,239781.0,0.006309190015621766,0.0002322600766967394,0.018552542091564872,0.9998279015909708,0.012346245299517845,0.9999237851135022,0.01657908774621256,0.9998625669247515
1577,52,sbj_P_52,Dog_26,/mnt/HDD/AliWorks/I-DARE/raw_downloads/EEG/sbj_P_52.mat,248057.0,0.007535068565804734,0.00029002725399702404,0.021716970902140448,0.9997641865874178,0.014149553857877695,0.9998998950628109,0.019385437594904645,0.999812102404627
1578,52,sbj_P_52,8370,/mnt/HDD/AliWorks/I-DARE/raw_downloads/EEG/sbj_P_52.mat,256544.0,0.0073004038929849555,0.0002609033978131246,0.01988020469087843,0.9998023887307244,0.013897399521321843,0.999903431143272,0.017537680980088153,0.9998462148729205
1579,52,sbj_P_52,Dog_6,/mnt/HDD/AliWorks/I-DARE/raw_downloads/EEG/sbj_P_52.mat,265055.0,0.005430665291983246,0.00015544918698586366,0.02250348456469673,0.9997467965912228,0.010254857909940344,0.9999474189446239,0.021527174507490147,0.999768290378862
1580,52,sbj_P_52,9220,/mnt/HDD/AliWorks/I-DARE/raw_downloads/EEG/sbj_P_52.mat,273165.0,0.030493690698466,0.001983195817148394,0.02891230814141259,0.9995820392189677,0.03481397833856394,0.9993939934561208,0.01463890427468099,0.9998928512408183
1581,52,sbj_P_52,Lake_12,/mnt/HDD/AliWorks/I-DARE/raw_downloads/EEG/sbj_P_52.mat,281079.0,0.02050008058659833,0.0013302168726583425,0.032334680523721446,0.999477234217714,0.034938630716133935,0.9993896460418414,0.019340638860448383,0.999812969844235
1582,52,sbj_P_52,2314,/mnt/HDD/AliWorks/I-DARE/raw_downloads/EEG/sbj_P_52.mat,288552.0,0.037731019102639984,0.002545734121086047,0.03349135870481957,0.9994391644460526,0.0358068744175052,0.9993589338722252,0.019708107591924564,0.9998057952475732
1583,52,sbj_P_52,1750,/mnt/HDD/AliWorks/I-DARE/raw_downloads/EEG/sbj_P_52.mat,297185.0,0.022771699469420446,0.0011930571629793138,0.023459440095081427,0.9997248273352127,0.02489937824142246,0.999690010481595,0.014881517820246805,0.9998892702136827
1584,52,sbj_P_52,8492,/mnt/HDD/AliWorks/I-DARE/raw_downloads/EEG/sbj_P_52.mat,305803.0,0.015041751906739837,0.0009021302752913934,0.016088409046928296,0.9998705815471687,0.0174638186569411,0.9998475075189586,0.00976309959754044,0.9999523409431241
1585,52,sbj_P_52,1441,/mnt/HDD/AliWorks/I-DARE/raw_downloads/EEG/sbj_P_52.mat,313560.0,0.007989608476947792,0.0003615372650343502,0.01399249844431605,0.9999021049936428,0.014611410967073298,0.9998932533347757,0.009980431636551811,0.9999501954921738
1586,52,sbj_P_52,Flowers_6,/mnt/HDD/AliWorks/I-DARE/raw_downloads/EEG/sbj_P_52.mat,321813.0,0.008015410755588174,0.0003547175767457737,0.019528939642351355,0.9998093102582228,0.014742982737008381,0.9998913222300082,0.016635157632876665,0.9998616357652651
1587,52,sbj_P_52,Yarn_1,/mnt/HDD/AliWorks/I-DARE/raw_downloads/EEG/sbj_P_52.mat,329739.0,0.0103655737484563,0.000531277746292729,0.022699532356387907,0.9997423656154006,0.021377063202703713,0.9997715105844143,0.016696088727889007,0.9998606203105954
1588,52,sbj_P_52,9331,/mnt/HDD/AliWorks/I-DARE/raw_downloads/EEG/sbj_P_52.mat,337407.0,0.018499812675273664,0.0010204895996639288,0.04089872262107864,0.9991636472439813,0.032185839753153644,0.9994820358596914,0.033263723977553006,0.9994467623335723
1589,52,sbj_P_52,Beach_1,/mnt/HDD/AliWorks/I-DARE/raw_downloads/EEG/sbj_P_52.mat,346447.0,0.02982353528603963,0.0018575310329481684,0.038517651495834,0.9992581952616231,0.03442691467631391,0.9994073937729351,0.028669284592137943,0.9995890360604884
1590,52,sbj_P_52,2491,/mnt/HDD/AliWorks/I-DARE/raw_downloads/EEG/sbj_P_52.mat,354471.0,0.01609880846949927,0.0009607555048216774,0.026654339406611185,0.9996447730953988,0.02780883084720069,0.999613334463456,0.01633059475056522,0.9998666558375467
1591,52,sbj_P_52,9360,/mnt/HDD/AliWorks/I-DARE/raw_downloads/EEG/sbj_P_52.mat,362393.0,0.03015132048690365,0.0018292472205024685,0.03215284381860201,0.9994830973171891,0.03821222232845792,0.9992699130323609,0.018563707697673924,0.9998276943782576
1592,52,sbj_P_52,Lake_3,/mnt/HDD/AliWorks/I-DARE/raw_downloads/EEG/sbj_P_52.mat,371288.0,0.01330241839516719,0.000735965945678764,0.02470879543384619,0.9996947377141042,0.021061735367429755,0.9997782016516564,0.01986866709130168,0.9998026180340069
1593,52,sbj_P_52,3170,/mnt/HDD/AliWorks/I-DARE/raw_downloads/EEG/sbj_P_52.mat,379405.0,0.021771318566913608,0.0011408602735429455,0.027954874896567384,0.9996092624847588,0.03295316427143009,0.9994570444822496,0.01435176598176619,0.9998970134066023
1594,52,sbj_P_52,8080,/mnt/HDD/AliWorks/I-DARE/raw_downloads/EEG/sbj_P_52.mat,387230.0,0.016880858844563775,0.0009535419223363358,0.022839488457816637,0.9997391788834931,0.021196341384009568,0.9997753575559664,0.01697199562996483,0.9998559756821683
1595,52,sbj_P_52,Snow_1,/mnt/HDD/AliWorks/I-DARE/raw_downloads/EEG/sbj_P_52.mat,395031.0,0.006653230799418214,0.00023024016867654134,0.01245198014483091,0.9999224740952363,0.012487486294395103,0.9999220313430233,0.009455926232622824,0.9999552927295418
1596,52,sbj_P_52,4220,/mnt/HDD/AliWorks/I-DARE/raw_downloads/EEG/sbj_P_52.mat,403262.0,0.006164918914631244,0.00023277343139184247,0.01329462470983557,0.9999116264769126,0.012553137873288165,0.9999212093647671,0.009876762060729629,0.9999512247855978
1597,52,sbj_P_52,5760,/mnt/HDD/AliWorks/I-DARE/raw_downloads/EEG/sbj_P_52.mat,410537.0,0.003917293708802883,0.00014574363258193688,0.015041039152677058,0.9998868835706038,0.008512607188430867,0.999963767759428,0.01359423438053122,0.9999075983958038
1598,52,sbj_P_52,3063,/mnt/HDD/AliWorks/I-DARE/raw_downloads/EEG/sbj_P_52.mat,418988.0,0.004864927468348268,0.00015054174779839587,0.011442683602523067,0.9999345324959865,0.009438640383583637,0.9999554560338552,0.00966435707766688,0.9999533001011375
1599,52,sbj_P_52,3080,/mnt/HDD/AliWorks/I-DARE/raw_downloads/EEG/sbj_P_52.mat,427159.0,0.0077859364954333005,0.00019292932095571632,0.015861700410368253,0.9998742032300462,0.014250938223329138,0.999898455379878,0.012090573899362474,0.9999269090113924
1600,53,sbj_P_53,Dummy_1,/mnt/HDD/AliWorks/I-DARE/raw_downloads/EEG/sbj_P_53.mat,165471.0,0.008252212332136463,0.00026731387612343734,0.019761658215754686,0.9998047384322819,0.014587495336464843,0.9998936024899046,0.01695303875992629,0.9998562972384027
1601,53,sbj_P_53,3053,/mnt/HDD/AliWorks/I-DARE/raw_downloads/EEG/sbj_P_53.mat,176470.0,0.00952606674723079,0.00032633809083240005,0.03919171588357322,0.9992320047030514,0.017439750021859313,0.9998479275595878,0.03713969905111236,0.9993103213771962
1602,53,sbj_P_53,Tumor_1,/mnt/HDD/AliWorks/I-DARE/raw_downloads/EEG/sbj_P_53.mat,185721.0,0.009154580838236262,0.00034825728629798097,0.01723034010556949,0.999851557689923,0.016289605346701055,0.9998673243788243,0.013188729921185572,0.9999130287015328
1603,53,sbj_P_53,Dog_18,/mnt/HDD/AliWorks/I-DARE/raw_downloads/EEG/sbj_P_53.mat,195282.0,0.01143948319685298,0.0004062342637367037,0.023267926395754198,0.9997293018006207,0.02047246351358854,0.9997904391188427,0.018464663430156663,0.9998295281022056
1604,53,sbj_P_53,Miserable_pose_3,/mnt/HDD/AliWorks/I-DARE/raw_downloads/EEG/sbj_P_53.mat,204952.0,0.009665182219135302,0.00031029273910099453,0.020977981150875208,0.9997799621534166,0.017324932779562797,0.9998499233520919,0.017550595957637794,0.9998459882907665
1605,53,sbj_P_53,Pinecone_1,/mnt/HDD/AliWorks/I-DARE/raw_downloads/EEG/sbj_P_53.mat,214451.0,0.01210586178518924,0.0004672239436266363,0.035219601410691435,0.9993797898382359,0.02095031385574869,0.9997805421746735,0.03186292040312455,0.9994923771516921
1606,53,sbj_P_53,Garbage_dump_6,/mnt/HDD/AliWorks/I-DARE/raw_downloads/EEG/sbj_P_53.mat,222787.0,0.011143111776427857,0.0004182538543978063,0.028170990195478172,0.9996031976557025,0.019502338624015663,0.9998098293940975,0.024704231145775604,0.9996948504817482
1607,53,sbj_P_53,Depressed_pose_4,/mnt/HDD/AliWorks/I-DARE/raw_downloads/EEG/sbj_P_53.mat,232156.0,0.01028637010681841,0.0004115599213121301,0.03856287834945843,0.9992564522067026,0.02147188299943603,0.9997694791202293,0.035574108817752796,0.999367241390911
1608,53,sbj_P_53,Angry_face_1,/mnt/HDD/AliWorks/I-DARE/raw_downloads/EEG/sbj_P_53.mat,241039.0,0.010187735181523333,0.00030318333662594945,0.020671233430412463,0.9997863500542328,0.017533205074790028,0.9998462933599029,0.01661620463294915,0.9998619508717984
1609,53,sbj_P_53,Dog_26,/mnt/HDD/AliWorks/I-DARE/raw_downloads/EEG/sbj_P_53.mat,249785.0,0.007781977588134711,0.0002750524414885119,0.01954649440440796,0.9998089672782493,0.017317042307913207,0.9998500600228536,0.015179725625469064,0.9998847879649677
1610,53,sbj_P_53,8370,/mnt/HDD/AliWorks/I-DARE/raw_downloads/EEG/sbj_P_53.mat,258366.0,0.007963552753799895,0.0002695768695815647,0.03100148941783319,0.9995194538269382,0.016004532942913253,0.9998719274626391,0.029078407881267657,0.9995772230975456
1611,53,sbj_P_53,Dog_6,/mnt/HDD/AliWorks/I-DARE/raw_downloads/EEG/sbj_P_53.mat,266077.0,0.008785616510703163,0.00030069606430326804,0.018355362679004786,0.9998315403304608,0.018012312956230504,0.999837778290984,0.01357902170684853,0.9999078050847422
1612,53,sbj_P_53,9220,/mnt/HDD/AliWorks/I-DARE/raw_downloads/EEG/sbj_P_53.mat,275163.0,0.008153562898228302,0.00030057475919125854,0.025012797685104858,0.9996871799759821,0.01739817073849811,0.9998486518274771,0.021945481147469956,0.9997591979286031
1613,53,sbj_P_53,Lake_12,/mnt/HDD/AliWorks/I-DARE/raw_downloads/EEG/sbj_P_53.mat,283821.0,0.009954216806617136,0.0003339104750054681,0.018671989994742136,0.9998256783948173,0.019568088353057282,0.9998085449591032,0.013404698965621735,0.9999101570228198
1614,53,sbj_P_53,2314,/mnt/HDD/AliWorks/I-DARE/raw_downloads/EEG/sbj_P_53.mat,292280.0,0.009938326920053277,0.00037423321577565935,0.0255882768746556,0.9996726200432928,0.019467540570761364,0.9998105074320622,0.021653728218148205,0.9997655580271267
1615,53,sbj_P_53,1750,/mnt/HDD/AliWorks/I-DARE/raw_downloads/EEG/sbj_P_53.mat,300685.0,0.011031014776291063,0.0004315188036363652,0.018699540519938204,0.9998251635921714,0.01911014585150439,0.9998174011627667,0.01304097190115062,0.9999149665259367
1616,53,sbj_P_53,8492,/mnt/HDD/AliWorks/I-DARE/raw_downloads/EEG/sbj_P_53.mat,308807.0,0.010097141429789683,0.0003968597668009724,0.02231708354179824,0.9997509738910937,0.021223192295236226,0.9997747880544001,0.016659469522896035,0.9998612310376078
1617,53,sbj_P_53,1441,/mnt/HDD/AliWorks/I-DARE/raw_downloads/EEG/sbj_P_53.mat,316761.0,0.01141078395375153,0.0003349784456566354,0.01761000579636926,0.9998449438479257,0.01748166326576831,0.999847195724731,0.013074271565077922,0.9999145317115207
1618,53,sbj_P_53,Flowers_6,/mnt/HDD/AliWorks/I-DARE/raw_downloads/EEG/sbj_P_53.mat,324633.0,0.010716862033007899,0.0003558779900117427,0.016850776526469755,0.9998580256652275,0.016420379695326785,0.9998651855653312,0.012182797040103523,0.9999257897281398
1619,53,sbj_P_53,Yarn_1,/mnt/HDD/AliWorks/I-DARE/raw_downloads/EEG/sbj_P_53.mat,332788.0,0.009753156861584929,0.000325263299095573,0.034209744379970305,0.9994148466947289,0.01812334310877836,0.999835772217281,0.03137624798707074,0.9995077655311276
1620,53,sbj_P_53,9331,/mnt/HDD/AliWorks/I-DARE/raw_downloads/EEG/sbj_P_53.mat,341565.0,0.012681221744646,0.0007074746557157016,0.023270477936646262,0.9997292424282996,0.02370450969121008,0.9997190481101497,0.015368624816436445,0.9998819026856256
1621,53,sbj_P_53,Beach_1,/mnt/HDD/AliWorks/I-DARE/raw_downloads/EEG/sbj_P_53.mat,350217.0,0.01259163632098548,0.0004857110735793581,0.02302343374378516,0.999734960749323,0.02282237313562316,0.9997395696422291,0.01696514369866846,0.9998560919496413
1622,53,sbj_P_53,2491,/mnt/HDD/AliWorks/I-DARE/raw_downloads/EEG/sbj_P_53.mat,357983.0,0.009687500759032642,0.0003528690275413455,0.030900372905060276,0.9995225834771638,0.018019180898115723,0.9998376545598807,0.028135920532131615,0.9996041849879048
1623,53,sbj_P_53,9360,/mnt/HDD/AliWorks/I-DARE/raw_downloads/EEG/sbj_P_53.mat,366296.0,0.011211590197439827,0.00045817829135915626,0.032863654909828,0.9994599900929846,0.018928659739331073,0.9998208529202369,0.029600081518793345,0.9995619175870405
1624,53,sbj_P_53,Lake_3,/mnt/HDD/AliWorks/I-DARE/raw_downloads/EEG/sbj_P_53.mat,374227.0,0.00987303662403601,0.0003536549454262002,0.02021008820509153,0.9997957761673714,0.019529247325682165,0.9998093042494457,0.0161000621316502,0.9998703939996793
1625,53,sbj_P_53,3170,/mnt/HDD/AliWorks/I-DARE/raw_downloads/EEG/sbj_P_53.mat,382325.0,0.011738064842573873,0.0004257778120494846,0.030659973746770167,0.999529983004924,0.020797224948684773,0.999783737717217,0.027154525653035617,0.9996313158682795
1626,53,sbj_P_53,8080,/mnt/HDD/AliWorks/I-DARE/raw_downloads/EEG/sbj_P_53.mat,390869.0,0.00962935630208508,0.00040823524346625856,0.024535772655580587,0.9996989979300965,0.01982677871692961,0.999803449422855,0.02040995083869509,0.9997917169533813
1627,53,sbj_P_53,Snow_1,/mnt/HDD/AliWorks/I-DARE/raw_downloads/EEG/sbj_P_53.mat,399129.0,0.009141920057897492,0.00038661377467901284,0.021552692594507,0.9997677407209634,0.019337024544683522,0.9998130397408794,0.01690563502700955,0.9998570997521672
1628,53,sbj_P_53,4220,/mnt/HDD/AliWorks/I-DARE/raw_downloads/EEG/sbj_P_53.mat,407991.0,0.009227169752444763,0.00034850399256042996,0.020473106786431067,0.999790425949255,0.021067015069142603,0.9997780904380382,0.014475968616321302,0.9998952231663092
1629,53,sbj_P_53,5760,/mnt/HDD/AliWorks/I-DARE/raw_downloads/EEG/sbj_P_53.mat,416361.0,0.009632050071003047,0.0003979456772037487,0.02184307826609279,0.9997614399659306,0.019032724893089242,0.9998188776915721,0.017070739089273063,0.9998542949334729
1630,53,sbj_P_53,3063,/mnt/HDD/AliWorks/I-DARE/raw_downloads/EEG/sbj_P_53.mat,423819.0,0.011014324037196014,0.0004469066092400523,0.021813348805125827,0.9997620889069531,0.01996602795956849,0.9998006788637589,0.016982815302558376,0.9998557919922002
1631,53,sbj_P_53,3080,/mnt/HDD/AliWorks/I-DARE/raw_downloads/EEG/sbj_P_53.mat,432031.0,0.01116442654114038,0.00046932097111514084,0.0189289349833881,0.9998208477101972,0.021669394814597127,0.9997652186641846,0.012069628373377689,0.999927162035464
1632,54,sbj_P_54,Dummy_1,/mnt/HDD/AliWorks/I-DARE/raw_downloads/EEG/sbj_P_54.mat,172108.0,0.011248989696710104,0.0002740853735314801,0.017152062395209642,0.9998529033777951,0.01947545992961993,0.9998103532302649,0.012581664084671266,0.9999208508644307
1633,54,sbj_P_54,3053,/mnt/HDD/AliWorks/I-DARE/raw_downloads/EEG/sbj_P_54.mat,182065.0,0.11226951591845163,0.00900646261618037,0.08341505521084311,0.9965209642820855,0.10286510378777694,0.9947093852113653,0.038880411664845356,0.9992441567943863
1634,54,sbj_P_54,Tumor_1,/mnt/HDD/AliWorks/I-DARE/raw_downloads/EEG/sbj_P_54.mat,194020.0,0.007894587005359183,0.00022085044914302442,0.01223801336045387,0.9999251155144948,0.009501040009236718,0.9999548651193713,0.010534037588474543,0.9999445170260429
1635,54,sbj_P_54,Dog_18,/mnt/HDD/AliWorks/I-DARE/raw_downloads/EEG/sbj_P_54.mat,205061.0,0.016881623346408293,0.0006598265237997997,0.025765122488114647,0.9996680792315865,0.023841742454107254,0.9997157856583765,0.02010845116328008,0.9997978250959072
1636,54,sbj_P_54,Miserable_pose_3,/mnt/HDD/AliWorks/I-DARE/raw_downloads/EEG/sbj_P_54.mat,216541.0,0.014275172528454276,0.00044617123520648914,0.018414272824337156,0.9998304572781757,0.017916361465237698,0.9998395019959236,0.013496970618729018,0.999908915892059
1637,54,sbj_P_54,Pinecone_1,/mnt/HDD/AliWorks/I-DARE/raw_downloads/EEG/sbj_P_54.mat,226822.0,0.011706959441205905,0.0002857512977597356,0.01689666949061377,0.9998572512800633,0.015051036731047709,0.9998867331466602,0.013952729108233844,0.9999026606752173
1638,54,sbj_P_54,Garbage_dump_6,/mnt/HDD/AliWorks/I-DARE/raw_downloads/EEG/sbj_P_54.mat,238838.0,0.012642967265363035,0.00035914740325250553,0.028984163700208804,0.9995799591272994,0.016784894831061447,0.9998591336527557,0.026840188939129806,0.9996398021288562
1639,54,sbj_P_54,Depressed_pose_4,/mnt/HDD/AliWorks/I-DARE/raw_downloads/EEG/sbj_P_54.mat,248357.0,0.007847669154959136,0.00021222216298228454,0.019045646231906948,0.9998186316798044,0.008793220965219704,0.9999613396325281,0.017931236705143728,0.9998392353751118
1640,54,sbj_P_54,Angry_face_1,/mnt/HDD/AliWorks/I-DARE/raw_downloads/EEG/sbj_P_54.mat,257599.0,0.010985331225521311,0.00024992915198645903,0.013726545173893094,0.9999057909787951,0.0135914014508003,0.999907636903302,0.010471707224021846,0.9999451716739072
1641,54,sbj_P_54,Dog_26,/mnt/HDD/AliWorks/I-DARE/raw_downloads/EEG/sbj_P_54.mat,266603.0,0.009201209633404551,0.00030222822719342253,0.016995062940798934,0.9998555839178188,0.012318122761105704,0.9999241319258213,0.014973103120894556,0.999887903091465
1642,54,sbj_P_54,8370,/mnt/HDD/AliWorks/I-DARE/raw_downloads/EEG/sbj_P_54.mat,274274.0,0.01130583422888032,0.0003039272571299789,0.023029741243976883,0.9997348155091182,0.015547886167961683,0.9998791316178546,0.02038977138645782,0.9997921286114048
1643,54,sbj_P_54,Dog_6,/mnt/HDD/AliWorks/I-DARE/raw_downloads/EEG/sbj_P_54.mat,284830.0,0.014267301266157753,0.0006225957193902247,0.018476298054739968,0.9998293132050963,0.015454668440617244,0.9998805766116954,0.015136470888906569,0.9998854436245146
1644,54,sbj_P_54,9220,/mnt/HDD/AliWorks/I-DARE/raw_downloads/EEG/sbj_P_54.mat,295113.0,0.009227610322852431,0.00028768149490312057,0.025112834648801912,0.9996846727679515,0.013493183558180626,0.9999089669987329,0.02357882132868936,0.9997220195923746
1645,54,sbj_P_54,Lake_12,/mnt/HDD/AliWorks/I-DARE/raw_downloads/EEG/sbj_P_54.mat,303067.0,0.0070434850429700255,0.00023351797663966867,0.011995679000554484,0.9999280518426577,0.009515664975467533,0.9999547260600373,0.009975784907752635,0.9999502418577373
1646,54,sbj_P_54,2314,/mnt/HDD/AliWorks/I-DARE/raw_downloads/EEG/sbj_P_54.mat,310751.0,0.10648458627845371,0.00874772725861021,0.09117480467157822,0.99584357749655,0.10258998716180229,0.9947376472670709,0.05537065351431457,0.9984670453646992
1647,54,sbj_P_54,1750,/mnt/HDD/AliWorks/I-DARE/raw_downloads/EEG/sbj_P_54.mat,318255.0,0.006363654285799321,0.00020135727949506903,0.015587994391427303,0.9998785072154265,0.011082952714397168,0.9999385840795653,0.013670477581660722,0.9999065590213446
1648,54,sbj_P_54,8492,/mnt/HDD/AliWorks/I-DARE/raw_downloads/EEG/sbj_P_54.mat,327401.0,0.035703041529493926,0.0017330563053437834,0.03810156777110878,0.9992741352666918,0.038454746378219926,0.9992606162404938,0.02539279460212456,0.999677602991147
1649,54,sbj_P_54,1441,/mnt/HDD/AliWorks/I-DARE/raw_downloads/EEG/sbj_P_54.mat,335080.0,0.060083477079823956,0.0032237102855714826,0.0440411214308121,0.9990301898115578,0.05078075687121057,0.9987106573657932,0.026479358632474602,0.999649421783206
1650,54,sbj_P_54,Flowers_6,/mnt/HDD/AliWorks/I-DARE/raw_downloads/EEG/sbj_P_54.mat,343557.0,0.014105969724004599,0.0006108118622297674,0.027407020314398182,0.9996244276187433,0.016148206092887182,0.9998696177199908,0.02473934377523022,0.9996939824347854
1651,54,sbj_P_54,Yarn_1,/mnt/HDD/AliWorks/I-DARE/raw_downloads/EEG/sbj_P_54.mat,351333.0,0.007828054395478143,0.0002969240174821127,0.013182289814315525,0.9999131136176258,0.013618667592952199,0.9999072659464966,0.009083698138664083,0.9999587432140633
1652,54,sbj_P_54,9331,/mnt/HDD/AliWorks/I-DARE/raw_downloads/EEG/sbj_P_54.mat,360942.0,0.012860719326534303,0.00045608771884564147,0.0285717736438852,0.9995918268754214,0.013807863134634954,0.999904671457827,0.02691397598188835,0.9996378189484236
1653,54,sbj_P_54,Beach_1,/mnt/HDD/AliWorks/I-DARE/raw_downloads/EEG/sbj_P_54.mat,369218.0,0.008449428085714274,0.00031762456154415847,0.020172318875905756,0.9997965387755849,0.015460887446498612,0.9998804804796834,0.017004752580427388,0.9998554191948396
1654,54,sbj_P_54,2491,/mnt/HDD/AliWorks/I-DARE/raw_downloads/EEG/sbj_P_54.mat,378810.0,0.010910253078855344,0.0004135857151952895,0.013195164389735482,0.9999129438183646,0.012248114749599602,0.9999249918425405,0.01016592372807581,0.9999483269973778
1655,54,sbj_P_54,9360,/mnt/HDD/AliWorks/I-DARE/raw_downloads/EEG/sbj_P_54.mat,391524.0,0.004959314411728821,0.00011458825654906812,0.02715574420134659,0.9996312827784348,0.01023391813912333,0.9999476334597608,0.026355170548776258,0.9996527024926729
1656,54,sbj_P_54,Lake_3,/mnt/HDD/AliWorks/I-DARE/raw_downloads/EEG/sbj_P_54.mat,401133.0,0.009475386333376298,0.0001779977369036264,0.020580414635744775,0.9997882232667106,0.009324021568337339,0.999956531310897,0.019732053055328352,0.9998053230411107
1657,54,sbj_P_54,3170,/mnt/HDD/AliWorks/I-DARE/raw_downloads/EEG/sbj_P_54.mat,411523.0,0.0527032570985743,0.0036031708182303634,0.05540522911539346,0.9984651302933355,0.05694034978500844,0.99837889828318,0.035631697420492305,0.9993651910694679
1658,54,sbj_P_54,8080,/mnt/HDD/AliWorks/I-DARE/raw_downloads/EEG/sbj_P_54.mat,420412.0,0.009635109615734274,0.00024622665947503854,0.018815934258930425,0.9998229803089815,0.016594657670261966,0.9998623086684034,0.01543469148102299,0.9998808851494424
1659,54,sbj_P_54,Snow_1,/mnt/HDD/AliWorks/I-DARE/raw_downloads/EEG/sbj_P_54.mat,428781.0,0.013882821668929724,0.00030176815250339294,0.022316018957551077,0.9997509976489427,0.020426517855654077,0.9997913786841467,0.018178720296050214,0.9998347670641992
1660,54,sbj_P_54,4220,/mnt/HDD/AliWorks/I-DARE/raw_downloads/EEG/sbj_P_54.mat,436950.0,0.009644163096683539,0.000300814095467742,0.017313527696099503,0.9998501208793581,0.016269537716551947,0.9998676510712443,0.013766379528005026,0.9999052433973452
1661,54,sbj_P_54,5760,/mnt/HDD/AliWorks/I-DARE/raw_downloads/EEG/sbj_P_54.mat,444920.0,0.013862834864354013,0.0004408202947828754,0.021863526635058163,0.999760993101539,0.023784198675754632,0.9997171559466762,0.014723611635235102,0.9998916076302071
1662,54,sbj_P_54,3063,/mnt/HDD/AliWorks/I-DARE/raw_downloads/EEG/sbj_P_54.mat,452404.0,0.00982584645804662,0.00022834809982492373,0.017524543624011898,0.9998464451853848,0.016170129124291544,0.9998692634620515,0.01398874864255735,0.9999021574557078
1663,54,sbj_P_54,3080,/mnt/HDD/AliWorks/I-DARE/raw_downloads/EEG/sbj_P_54.mat,460763.0,0.03901421211283213,0.0019564218924390535,0.03901555604663929,0.9992388931931857,0.04399056275955747,0.9990324151940488,0.025494228879226644,0.9996750221469272
1664,55,sbj_P_55,Dummy_1,/mnt/HDD/AliWorks/I-DARE/raw_downloads/EEG/sbj_P_55.mat,175385.0,0.012033338471919881,0.000480988473302295,0.026947971292446322,0.9996369034216106,0.017371759771000014,0.9998491109812291,0.02385323156552003,0.9997155116719405
1665,55,sbj_P_55,3053,/mnt/HDD/AliWorks/I-DARE/raw_downloads/EEG/sbj_P_55.mat,191095.0,0.011699158156398727,0.0003961385719839219,0.022278793556214833,0.9997518276788403,0.019273959504763884,0.9998142572425051,0.018489512696314624,0.9998290689601268
1666,55,sbj_P_55,Tumor_1,/mnt/HDD/AliWorks/I-DARE/raw_downloads/EEG/sbj_P_55.mat,199993.0,0.014016781765716312,0.0004572427898759201,0.026645016628715747,0.999645021544427,0.021462802474076382,0.9997696740549785,0.022071891264491418,0.9997564158080042
1667,55,sbj_P_55,Dog_18,/mnt/HDD/AliWorks/I-DARE/raw_downloads/EEG/sbj_P_55.mat,208800.0,0.011052002891188557,0.00032236436963763913,0.02500461815463145,0.9996873845354703,0.017901468228386085,0.9998397687176341,0.021922979342152964,0.9997596914883814
1668,55,sbj_P_55,Miserable_pose_3,/mnt/HDD/AliWorks/I-DARE/raw_downloads/EEG/sbj_P_55.mat,217719.0,0.009728961766266758,0.00028714255746989804,0.029405562535264124,0.9995676564459924,0.017626709115375415,0.9998446495628809,0.02701868385069939,0.9996349953614887
1669,55,sbj_P_55,Pinecone_1,/mnt/HDD/AliWorks/I-DARE/raw_downloads/EEG/sbj_P_55.mat,227297.0,0.012003244613552344,0.00033170191912144616,0.024021230078077587,0.9997114902527685,0.01772367025863827,0.9998429357562815,0.02114728021995443,0.9997763962696493
1670,55,sbj_P_55,Garbage_dump_6,/mnt/HDD/AliWorks/I-DARE/raw_downloads/EEG/sbj_P_55.mat,235866.0,0.040780219126218695,0.0033180618074977477,0.04206781390787991,0.9991151495165059,0.04661078676379619,0.99891371727863,0.022867607693463177,0.9997385362591894
1671,55,sbj_P_55,Depressed_pose_4,/mnt/HDD/AliWorks/I-DARE/raw_downloads/EEG/sbj_P_55.mat,244246.0,0.028497124953347087,0.0016774749600072122,0.03044690345395174,0.9995364930350326,0.03389724555109782,0.9994254883720243,0.017852059445284785,0.9998406519867802
1672,55,sbj_P_55,Angry_face_1,/mnt/HDD/AliWorks/I-DARE/raw_downloads/EEG/sbj_P_55.mat,254218.0,0.04159058035922371,0.0029644469447264034,0.03911937895987458,0.9992348370948972,0.04263147938576497,0.9990912784826914,0.01976216589584237,0.9998047283995528
1673,55,sbj_P_55,Dog_26,/mnt/HDD/AliWorks/I-DARE/raw_downloads/EEG/sbj_P_55.mat,262662.0,0.02187333736689068,0.0011620550182888706,0.03177715954833759,0.9994951060655195,0.03402342699655532,0.9994212032077048,0.020205571477211567,0.9997958674406399
1674,55,sbj_P_55,8370,/mnt/HDD/AliWorks/I-DARE/raw_downloads/EEG/sbj_P_55.mat,270885.0,0.016599250661972504,0.0006414300922338147,0.0351464928231347,0.9993823620211171,0.024177607727857417,0.9997077216422792,0.030782462800410918,0.9995262199919708
1675,55,sbj_P_55,Dog_6,/mnt/HDD/AliWorks/I-DARE/raw_downloads/EEG/sbj_P_55.mat,279420.0,0.01577270375892778,0.0005919613428985201,0.025613841020958362,0.9996719655740759,0.021811569301450562,0.9997621277223042,0.019739194436479455,0.9998051821015004
1676,55,sbj_P_55,9220,/mnt/HDD/AliWorks/I-DARE/raw_downloads/EEG/sbj_P_55.mat,287730.0,0.019146478496924215,0.0008093092859521446,0.030843425163599433,0.9995243415620882,0.0268028905680124,0.9996408025285993,0.02384897747998233,0.999715613136579
1677,55,sbj_P_55,Lake_12,/mnt/HDD/AliWorks/I-DARE/raw_downloads/EEG/sbj_P_55.mat,295466.0,0.030739852316042985,0.002191123296481389,0.034588608579109247,0.99940181407828,0.03863236463571013,0.9992537702013264,0.019260596438038836,0.9998145147124253
1678,55,sbj_P_55,2314,/mnt/HDD/AliWorks/I-DARE/raw_downloads/EEG/sbj_P_55.mat,303793.0,0.029673497264302084,0.0016033778494552217,0.03874026200949555,0.999249596049718,0.03731510409294892,0.9993037915032659,0.027589072086628252,0.999619421550699
1679,55,sbj_P_55,1750,/mnt/HDD/AliWorks/I-DARE/raw_downloads/EEG/sbj_P_55.mat,313981.0,0.02510154996060292,0.0016824105523262486,0.04199600544210405,0.9991181677634529,0.0360410675541081,0.9993505207247807,0.032270931186237306,0.9994792935001862
1680,55,sbj_P_55,8492,/mnt/HDD/AliWorks/I-DARE/raw_downloads/EEG/sbj_P_55.mat,323185.0,0.02243641809073886,0.0012980704462794512,0.03946448922861801,0.9992212770449624,0.03007399016284933,0.9995477775578425,0.03261302902801542,0.9994681951688091
1681,55,sbj_P_55,1441,/mnt/HDD/AliWorks/I-DARE/raw_downloads/EEG/sbj_P_55.mat,332975.0,0.018014063449738712,0.0008068020594774507,0.030724584233942698,0.9995279999618255,0.02611422529304431,0.9996590236186721,0.02461962814714473,0.9996969369549477
1682,55,sbj_P_55,Flowers_6,/mnt/HDD/AliWorks/I-DARE/raw_downloads/EEG/sbj_P_55.mat,340863.0,0.020649351583618334,0.0011038946533666906,0.031435156691528764,0.9995059154618902,0.03054174893890644,0.9995336007858764,0.022149367439190586,0.9997547027610224
1683,55,sbj_P_55,Yarn_1,/mnt/HDD/AliWorks/I-DARE/raw_downloads/EEG/sbj_P_55.mat,350009.0,0.02168573055296808,0.0011253889120857725,0.02957006450817589,0.999562805642491,0.030820253103907513,0.9995250559993054,0.01919781487914761,0.999815721951933
1684,55,sbj_P_55,9331,/mnt/HDD/AliWorks/I-DARE/raw_downloads/EEG/sbj_P_55.mat,359259.0,0.019882845401098217,0.0009784229501709567,0.031960311106986015,0.9994892692569721,0.029978841954633437,0.9995506345175299,0.0231758078134848,0.9997314409660956
1685,55,sbj_P_55,Beach_1,/mnt/HDD/AliWorks/I-DARE/raw_downloads/EEG/sbj_P_55.mat,367307.0,0.021043791129635444,0.0009711125398556581,0.03718018722923576,0.9993088168388,0.026310722328865364,0.999653872945267,0.03206029265797475,0.9994860688173426
1686,55,sbj_P_55,2491,/mnt/HDD/AliWorks/I-DARE/raw_downloads/EEG/sbj_P_55.mat,375608.0,0.021488677129551888,0.0011483030029050896,0.03512676807659643,0.9993830550822467,0.02969392882227571,0.9995591352955487,0.02746208334028141,0.9996229169893057
1687,55,sbj_P_55,9360,/mnt/HDD/AliWorks/I-DARE/raw_downloads/EEG/sbj_P_55.mat,382880.0,0.03585922120202137,0.0024443135099707844,0.03687985574697794,0.999319938120041,0.041137745024321395,0.999153842967157,0.02032652614834693,0.9997934161673706
1688,55,sbj_P_55,Lake_3,/mnt/HDD/AliWorks/I-DARE/raw_downloads/EEG/sbj_P_55.mat,390867.0,0.021656201993998234,0.001140184449418434,0.029310744500139055,0.999570440128424,0.031343496506723585,0.999508792613367,0.01816537950483295,0.999835009493723
1689,55,sbj_P_55,3170,/mnt/HDD/AliWorks/I-DARE/raw_downloads/EEG/sbj_P_55.mat,398944.0,0.017816207293537195,0.0009033687815749204,0.024406049011232406,0.9997021723858309,0.027141284623681466,0.9996316753344883,0.014839508178778063,0.9998898944985065
1690,55,sbj_P_55,8080,/mnt/HDD/AliWorks/I-DARE/raw_downloads/EEG/sbj_P_55.mat,407547.0,0.02981976554022884,0.0022535498952405736,0.04330168590113604,0.9990624819990599,0.04089300818890313,0.9991638809406319,0.031118460812871604,0.9995158206983189
1691,55,sbj_P_55,Snow_1,/mnt/HDD/AliWorks/I-DARE/raw_downloads/EEG/sbj_P_55.mat,415893.0,0.017695235505112178,0.001023695025864324,0.03598673946070571,0.9993524772914939,0.027376437649765124,0.9996252653308044,0.0289838409375026,0.9995799684822549
1692,55,sbj_P_55,4220,/mnt/HDD/AliWorks/I-DARE/raw_downloads/EEG/sbj_P_55.mat,424631.0,0.017871824990077056,0.000947846271976272,0.030471966672025667,0.999535729623569,0.024980988485133818,0.9996879751071526,0.02404037733920929,0.9997110301286942
1693,55,sbj_P_55,5760,/mnt/HDD/AliWorks/I-DARE/raw_downloads/EEG/sbj_P_55.mat,432986.0,0.022001596775313728,0.0013464160807340952,0.032684448955248746,0.9994658633982458,0.030208414766339214,0.9995437258386524,0.023765557516162484,0.9997175991379733
1694,55,sbj_P_55,3063,/mnt/HDD/AliWorks/I-DARE/raw_downloads/EEG/sbj_P_55.mat,441922.0,0.024309055542007525,0.0013136481925717252,0.03222466243844777,0.9994807855653645,0.03324360613337127,0.9994474313256249,0.019987011970371858,0.9998002596762485
1695,55,sbj_P_55,3080,/mnt/HDD/AliWorks/I-DARE/raw_downloads/EEG/sbj_P_55.mat,450161.0,0.016433970479910374,0.0008157362382688053,0.033628746175200036,0.9994345537153423,0.025101368728981714,0.9996849606439663,0.02802216079015118,0.9996073792523255
1696,56,sbj_P_56,Dummy_1,/mnt/HDD/AliWorks/I-DARE/raw_downloads/EEG/sbj_P_56.mat,170901.0,0.04239056142983458,0.0024889651349856877,0.04774780548885009,0.9988600735354994,0.04717595206358045,0.9988872147734478,0.032161192799697765,0.9994828288388503
1697,56,sbj_P_56,3053,/mnt/HDD/AliWorks/I-DARE/raw_downloads/EEG/sbj_P_56.mat,182797.0,0.03774365823060352,0.0023162552714456578,0.04396230631840627,0.9990336578115823,0.04495506906842127,0.9989895208825269,0.02745888145935187,0.9996230049145001
1698,56,sbj_P_56,Tumor_1,/mnt/HDD/AliWorks/I-DARE/raw_downloads/EEG/sbj_P_56.mat,192112.0,0.04065744222370352,0.0018561246297527554,0.04027131654761741,0.999189110531761,0.04501441414289182,0.998986851259686,0.023382051673316948,0.9997266398297726
1699,56,sbj_P_56,Dog_18,/mnt/HDD/AliWorks/I-DARE/raw_downloads/EEG/sbj_P_56.mat,202040.0,0.04033776445105562,0.0023531197202521516,0.05152002906073865,0.9986728433027906,0.05766733369134745,0.9983372393124655,0.026452336378614202,0.9996501369500567
1700,56,sbj_P_56,Miserable_pose_3,/mnt/HDD/AliWorks/I-DARE/raw_downloads/EEG/sbj_P_56.mat,210791.0,0.048018085636624366,0.0027669623393640447,0.04836454708877704,0.998830435292449,0.049462352419920294,0.9987767378465441,0.032232033263432935,0.9994805480158527
1701,56,sbj_P_56,Pinecone_1,/mnt/HDD/AliWorks/I-DARE/raw_downloads/EEG/sbj_P_56.mat,218885.0,0.034512640474535144,0.001696816619232306,0.03342937005675555,0.9994412386088042,0.03511016708042485,0.9993836380837923,0.022512497685381504,0.9997465937239828
1702,56,sbj_P_56,Garbage_dump_6,/mnt/HDD/AliWorks/I-DARE/raw_downloads/EEG/sbj_P_56.mat,228107.0,0.04396769968789652,0.0020117792876665564,0.04198034225186364,0.9991188254322085,0.04265569090410074,0.999090246016747,0.02791311885522999,0.999610428897887
1703,56,sbj_P_56,Depressed_pose_4,/mnt/HDD/AliWorks/I-DARE/raw_downloads/EEG/sbj_P_56.mat,239216.0,0.02891545413360559,0.0012470997704219745,0.03303049311080794,0.999454493262428,0.03956117340915546,0.9992174567792449,0.019109326680301457,0.9998174168169126
1704,56,sbj_P_56,Angry_face_1,/mnt/HDD/AliWorks/I-DARE/raw_downloads/EEG/sbj_P_56.mat,248416.0,0.0507915150482623,0.002410096294589095,0.05014430795453226,0.9987427741898802,0.05719838664702056,0.9983641722824891,0.03300075827451744,0.9994554749766532
1705,56,sbj_P_56,Dog_26,/mnt/HDD/AliWorks/I-DARE/raw_downloads/EEG/sbj_P_56.mat,259335.0,0.04160675066430884,0.0016966911584937875,0.045128228580317516,0.998981721492601,0.0445901006829627,0.9990058614605418,0.033336740680734896,0.9994443308603932
1706,56,sbj_P_56,8370,/mnt/HDD/AliWorks/I-DARE/raw_downloads/EEG/sbj_P_56.mat,268000.0,0.0409022193569325,0.0016775103699038132,0.03814900212483498,0.9992723268184396,0.0395267388361548,0.9992188184584896,0.02615850340822384,0.9996578663497218
1707,56,sbj_P_56,Dog_6,/mnt/HDD/AliWorks/I-DARE/raw_downloads/EEG/sbj_P_56.mat,276645.0,0.030841372934181266,0.001147844185256654,0.032018965400920876,0.9994873929273276,0.03580879361486757,0.9993588651499243,0.02049354084037961,0.9997900073919125
1708,56,sbj_P_56,9220,/mnt/HDD/AliWorks/I-DARE/raw_downloads/EEG/sbj_P_56.mat,287575.0,0.020054412524508267,0.0007708363530176871,0.023879187221376233,0.9997148922088236,0.02757298932331195,0.9996198651298882,0.014151920294028631,0.9998998615759956
1709,56,sbj_P_56,Lake_12,/mnt/HDD/AliWorks/I-DARE/raw_downloads/EEG/sbj_P_56.mat,297470.0,0.05530605496939078,0.004296674020481903,0.050768843636705606,0.9987112622578956,0.05942765669064009,0.9982341768101299,0.02279860026002085,0.9997401119130918
1710,56,sbj_P_56,2314,/mnt/HDD/AliWorks/I-DARE/raw_downloads/EEG/sbj_P_56.mat,305775.0,0.039878460006847805,0.0024245648835838325,0.04357702909036506,0.9990505212678291,0.047992039688269254,0.9988483820632802,0.026449494173025632,0.999650212128996
1711,56,sbj_P_56,1750,/mnt/HDD/AliWorks/I-DARE/raw_downloads/EEG/sbj_P_56.mat,314630.0,0.036180570476275466,0.0021016245887626283,0.03505005906268821,0.9993857466798508,0.03596015811534358,0.9993534335141597,0.02098589846931867,0.9997797960327174
1712,56,sbj_P_56,8492,/mnt/HDD/AliWorks/I-DARE/raw_downloads/EEG/sbj_P_56.mat,322918.0,0.024663367466017914,0.0014533096258374934,0.03633054596833219,0.999340045714821,0.04280310395107285,0.9990839471460763,0.017983957777475027,0.9998382886313287
1713,56,sbj_P_56,1441,/mnt/HDD/AliWorks/I-DARE/raw_downloads/EEG/sbj_P_56.mat,335861.0,0.02260815467527246,0.0009620816726290148,0.03257839400209423,0.999469324122122,0.02982366416337622,0.9995552745279346,0.02509270294930368,0.9996851781293495
1714,56,sbj_P_56,Flowers_6,/mnt/HDD/AliWorks/I-DARE/raw_downloads/EEG/sbj_P_56.mat,344160.0,0.021383183583555503,0.0009559026802707914,0.03665303005598861,0.9993282776938576,0.0303177242022206,0.9995404177995989,0.029102897616993723,0.9995765106751479
1715,56,sbj_P_56,Yarn_1,/mnt/HDD/AliWorks/I-DARE/raw_downloads/EEG/sbj_P_56.mat,353635.0,0.027063889562051392,0.0014216806921472343,0.037976504221427176,0.9992788925635598,0.03580419598836269,0.9993590297748138,0.027179878797041812,0.9996306270942886
1716,56,sbj_P_56,9331,/mnt/HDD/AliWorks/I-DARE/raw_downloads/EEG/sbj_P_56.mat,366718.0,0.02284078362256763,0.0010460297953695486,0.030746439545046293,0.9995273282276511,0.03180854819263363,0.9994941081309386,0.020175618746173088,0.9997964722041043
1717,56,sbj_P_56,Beach_1,/mnt/HDD/AliWorks/I-DARE/raw_downloads/EEG/sbj_P_56.mat,376636.0,0.016218692711795313,0.0007160045102098165,0.03179414494414486,0.9994945661736351,0.026754925809626247,0.9996420869724602,0.025273973485642566,0.9996806131321238
1718,56,sbj_P_56,2491,/mnt/HDD/AliWorks/I-DARE/raw_downloads/EEG/sbj_P_56.mat,387868.0,0.018316476569734605,0.0006960208322365235,0.02874558728476895,0.9995868456058269,0.026139299634837448,0.9996583685072996,0.02148801406632476,0.9997691326257429
1719,56,sbj_P_56,9360,/mnt/HDD/AliWorks/I-DARE/raw_downloads/EEG/sbj_P_56.mat,396639.0,0.02115635685723574,0.0008247300834544668,0.028106364667114463,0.9996050161325991,0.02713243207532277,0.9996319155648392,0.019953183642811453,0.999800935231258
1720,56,sbj_P_56,Lake_3,/mnt/HDD/AliWorks/I-DARE/raw_downloads/EEG/sbj_P_56.mat,406251.0,0.022369964711626923,0.000949050949336498,0.023597081493797648,0.9997215888724883,0.027699590103693578,0.999616366354044,0.011849433686632261,0.9999297954606533
1721,56,sbj_P_56,3170,/mnt/HDD/AliWorks/I-DARE/raw_downloads/EEG/sbj_P_56.mat,414197.0,0.018895877523207153,0.0005924431980619017,0.0222366820659756,0.9997527649853486,0.022906948899193202,0.9997376358460651,0.014828399770647403,0.9998900592801206
1722,56,sbj_P_56,8080,/mnt/HDD/AliWorks/I-DARE/raw_downloads/EEG/sbj_P_56.mat,423044.0,0.015192076663038288,0.0004515649791049566,0.020056105787512175,0.9997988763103199,0.01972649567784107,0.9998054326841356,0.014426444545948986,0.9998959388488816
1723,56,sbj_P_56,Snow_1,/mnt/HDD/AliWorks/I-DARE/raw_downloads/EEG/sbj_P_56.mat,431263.0,0.01672499680821897,0.0005612167128119309,0.023762191943920576,0.9997176791170103,0.019526201994564632,0.9998093637178342,0.018937032871938226,0.9998206943930035
1724,56,sbj_P_56,4220,/mnt/HDD/AliWorks/I-DARE/raw_downloads/EEG/sbj_P_56.mat,442011.0,0.016114457124278638,0.0004621518665183529,0.023236897025665018,0.9997300233083096,0.020579809902552128,0.9997882357121877,0.018247910570571634,0.9998335068799044
1725,56,sbj_P_56,5760,/mnt/HDD/AliWorks/I-DARE/raw_downloads/EEG/sbj_P_56.mat,452396.0,0.017322265899180345,0.0005507684395004097,0.02324281214878761,0.9997298858417082,0.022226950133654985,0.9997529813438771,0.01744468011498901,0.9998478415678428
1726,56,sbj_P_56,3063,/mnt/HDD/AliWorks/I-DARE/raw_downloads/EEG/sbj_P_56.mat,462292.0,0.012966932771286344,0.0003553435507874521,0.024243846674502818,0.9997061179492112,0.017788553103062862,0.9998417836892495,0.02078867939609149,0.9997839154044835
1727,56,sbj_P_56,3080,/mnt/HDD/AliWorks/I-DARE/raw_downloads/EEG/sbj_P_56.mat,471095.0,0.014584462134724597,0.0004956028192831245,0.01938373792232491,0.9998121353520789,0.020982378102313518,0.9997798699045854,0.01226039305429158,0.9999248413810773
1728,57,sbj_P_57,Dummy_1,/mnt/HDD/AliWorks/I-DARE/raw_downloads/EEG/sbj_P_57.mat,172864.0,0.007864265836759827,0.00017261252572716132,0.01952975743769348,0.9998092942872129,0.010030846851838332,0.9999496910557183,0.018231880594544513,0.9998337992649932
1729,57,sbj_P_57,3053,/mnt/HDD/AliWorks/I-DARE/raw_downloads/EEG/sbj_P_57.mat,189177.0,0.005873664740348525,0.00013190613403595317,0.013257591214766176,0.9999121181375907,0.009534640654831741,0.9999545453137906,0.011693067325599781,0.9999316360882597
1730,57,sbj_P_57,Tumor_1,/mnt/HDD/AliWorks/I-DARE/raw_downloads/EEG/sbj_P_57.mat,201404.0,0.003998933075054494,8.823975711586186e-05,0.021684062752174434,0.9997649007112795,0.009272304267080188,0.9999570121867895,0.021022597666978064,0.9997790251936658
1731,57,sbj_P_57,Dog_18,/mnt/HDD/AliWorks/I-DARE/raw_downloads/EEG/sbj_P_57.mat,212795.0,0.004889156046066287,9.857632345212816e-05,0.020414373376569882,0.9997916266798208,0.007308672799593675,0.9999732916509542,0.019822138096070807,0.9998035414206504
1732,57,sbj_P_57,Miserable_pose_3,/mnt/HDD/AliWorks/I-DARE/raw_downloads/EEG/sbj_P_57.mat,222682.0,0.007038725647602306,0.00014719739874247419,0.017509799974989252,0.9998467034524172,0.00963528887254191,0.9999535806041712,0.01628136137857786,0.9998674586358297
1733,57,sbj_P_57,Pinecone_1,/mnt/HDD/AliWorks/I-DARE/raw_downloads/EEG/sbj_P_57.mat,231510.0,0.008080773733897597,0.0001844302201496359,0.023864044077935527,0.9997152537001239,0.012448679777055797,0.9999225151859044,0.022343847596494507,0.9997503762372927
1734,57,sbj_P_57,Garbage_dump_6,/mnt/HDD/AliWorks/I-DARE/raw_downloads/EEG/sbj_P_57.mat,239345.0,0.005787665010755906,0.00016569589467332047,0.01328152512692143,0.9999118005451513,0.01056184400657946,0.9999442237255906,0.010896854390258424,0.9999406292821995
1735,57,sbj_P_57,Depressed_pose_4,/mnt/HDD/AliWorks/I-DARE/raw_downloads/EEG/sbj_P_57.mat,247280.0,0.005276988352346372,0.00013834818522785196,0.0401535691346063,0.9991938454428763,0.01203767022661891,0.9999275472477569,0.039239206754642306,0.9992301423266331
1736,57,sbj_P_57,Angry_face_1,/mnt/HDD/AliWorks/I-DARE/raw_downloads/EEG/sbj_P_57.mat,255324.0,0.006377424114669444,0.00015155515598867735,0.009895403725892458,0.9999510404925508,0.009498525825202508,0.9999548890035737,0.007804329396380261,0.9999695462213364
1737,57,sbj_P_57,Dog_26,/mnt/HDD/AliWorks/I-DARE/raw_downloads/EEG/sbj_P_57.mat,265180.0,0.009814051260205287,0.00022680949102627876,0.019209781123027445,0.999815492154603,0.01220063378578559,0.9999255722676129,0.01746249438604109,0.9998475306449086
1738,57,sbj_P_57,8370,/mnt/HDD/AliWorks/I-DARE/raw_downloads/EEG/sbj_P_57.mat,272768.0,0.007093928815282351,0.0001732170292035055,0.01781956908434122,0.9998412314788245,0.009062436821921236,0.999958936119425,0.01684868092329454,0.9998580609755731
1739,57,sbj_P_57,Dog_6,/mnt/HDD/AliWorks/I-DARE/raw_downloads/EEG/sbj_P_57.mat,283218.0,0.004889188414900784,0.00010621731428619813,0.01480374116929851,0.9998904246236962,0.009729133816690131,0.9999526719775882,0.01319611707753516,0.9999129312470382
1740,57,sbj_P_57,9220,/mnt/HDD/AliWorks/I-DARE/raw_downloads/EEG/sbj_P_57.mat,292180.0,0.0065659052458453505,0.00016622650485416087,0.023355980665093555,0.9997272490835856,0.011398368877663474,0.9999350385934643,0.021959878404226824,0.999758881870236
1741,57,sbj_P_57,Lake_12,/mnt/HDD/AliWorks/I-DARE/raw_downloads/EEG/sbj_P_57.mat,301224.0,0.005500584463170044,9.552871191422595e-05,0.027395103290732248,0.9996247541578449,0.010250274914320012,0.9999474659320895,0.026176864880443698,0.9996573858725154
1742,57,sbj_P_57,2314,/mnt/HDD/AliWorks/I-DARE/raw_downloads/EEG/sbj_P_57.mat,312314.0,0.0071213726427721965,0.00015707837577358518,0.02173327298381883,0.9997638324227055,0.01021484070343172,0.999947828514702,0.020648203105790096,0.9997868258542512
1743,57,sbj_P_57,1750,/mnt/HDD/AliWorks/I-DARE/raw_downloads/EEG/sbj_P_57.mat,321278.0,0.00901147521542544,0.00018795601922049876,0.03202396084852271,0.9994872329657858,0.013188512664048685,0.9999130315668552,0.030648254972354537,0.999530342233575
1744,57,sbj_P_57,8492,/mnt/HDD/AliWorks/I-DARE/raw_downloads/EEG/sbj_P_57.mat,328959.0,0.006766971436063805,0.00013116503192767294,0.010687204449346822,0.9999428918305294,0.00858028214595939,0.9999631893791477,0.00904009980106551,0.999959138297794
1745,57,sbj_P_57,1441,/mnt/HDD/AliWorks/I-DARE/raw_downloads/EEG/sbj_P_57.mat,337680.0,0.0072556822721552856,0.00017467213660365692,0.01772558168360299,0.9998429018769897,0.009388136731549286,0.9999559314443549,0.01658628335579075,0.9998624476022208
1746,57,sbj_P_57,Flowers_6,/mnt/HDD/AliWorks/I-DARE/raw_downloads/EEG/sbj_P_57.mat,346214.0,0.008557112105766757,0.0002158008759250082,0.02977941479638816,0.9995565932271923,0.014140416840427824,0.99990002430579,0.028120943679241624,0.9996046062632941
1747,57,sbj_P_57,Yarn_1,/mnt/HDD/AliWorks/I-DARE/raw_downloads/EEG/sbj_P_57.mat,354994.0,0.006220857246739328,0.00014236203613269475,0.012982394013907723,0.9999157287228334,0.012009568917537409,0.9999278851272069,0.010319565112431707,0.9999467532879451
1748,57,sbj_P_57,9331,/mnt/HDD/AliWorks/I-DARE/raw_downloads/EEG/sbj_P_57.mat,364278.0,0.005252060388066113,0.00011498203003423805,0.021273825681296495,0.9997737121704409,0.008001024921278216,0.9999679918001045,0.020644534123394422,0.9997869016054138
1749,57,sbj_P_57,Beach_1,/mnt/HDD/AliWorks/I-DARE/raw_downloads/EEG/sbj_P_57.mat,375243.0,0.008948956896152068,0.000179046434258366,0.022720996026454356,0.9997418781697829,0.010961347543183448,0.9999399244300193,0.021641253549709184,0.9997658280723988
1750,57,sbj_P_57,2491,/mnt/HDD/AliWorks/I-DARE/raw_downloads/EEG/sbj_P_57.mat,385389.0,0.0064126323993394276,0.00014793898036221493,0.022457844575348697,0.9997478226085141,0.011255322288000079,0.9999366588600971,0.021051010288956156,0.9997784274829069
1751,57,sbj_P_57,9360,/mnt/HDD/AliWorks/I-DARE/raw_downloads/EEG/sbj_P_57.mat,392499.0,0.005515343589115173,0.00012238459278728173,0.02172133610017343,0.9997640917790115,0.009533688043478112,0.9999545543961448,0.02081495073739307,0.9997833689128998
1752,57,sbj_P_57,Lake_3,/mnt/HDD/AliWorks/I-DARE/raw_downloads/EEG/sbj_P_57.mat,400654.0,0.004899676503169085,0.00010871425807227731,0.014047098300540127,0.9999013395146673,0.01114953055234172,0.9999378439842307,0.012145993544430736,0.9999262374204093
1753,57,sbj_P_57,3170,/mnt/HDD/AliWorks/I-DARE/raw_downloads/EEG/sbj_P_57.mat,408873.0,0.0116342886703725,0.00039127179693925173,0.016262225310673378,0.999867770013972,0.01616356083368967,0.9998693696505876,0.011663033868423649,0.999931986820492
1754,57,sbj_P_57,8080,/mnt/HDD/AliWorks/I-DARE/raw_downloads/EEG/sbj_P_57.mat,417431.0,0.008790134352976597,0.00022338144935761845,0.01769533540498794,0.9998434375524525,0.015430784085755317,0.9998809454512497,0.01370246819369773,0.9999061211827006
1755,57,sbj_P_57,Snow_1,/mnt/HDD/AliWorks/I-DARE/raw_downloads/EEG/sbj_P_57.mat,425546.0,0.008737905078364739,0.00021155336604350983,0.021719459498993402,0.9997641325395367,0.009851199789666629,0.9999514769313521,0.02060430949984615,0.9997877312150173
1756,57,sbj_P_57,4220,/mnt/HDD/AliWorks/I-DARE/raw_downloads/EEG/sbj_P_57.mat,435068.0,0.007263546809347753,0.00019013561812821647,0.015591723044387143,0.999878449086254,0.010531538460803798,0.9999445433488244,0.013728247027456215,0.9999057676167767
1757,57,sbj_P_57,5760,/mnt/HDD/AliWorks/I-DARE/raw_downloads/EEG/sbj_P_57.mat,444722.0,0.005291623728669928,0.00013536412763580458,0.02255121315948291,0.999745721392518,0.01048634481924171,0.9999450182861663,0.021350644264783464,0.9997720749947389
1758,57,sbj_P_57,3063,/mnt/HDD/AliWorks/I-DARE/raw_downloads/EEG/sbj_P_57.mat,453202.0,0.0065514007029756835,0.00014624711795119827,0.01755477671893636,0.9998459149071739,0.010390037855212956,0.9999460235566839,0.016057750580968776,0.9998710743231406
1759,57,sbj_P_57,3080,/mnt/HDD/AliWorks/I-DARE/raw_downloads/EEG/sbj_P_57.mat,461613.0,0.007437462249386862,0.00015339372530748095,0.01715198020018574,0.9998529047876061,0.009609776469875804,0.9999538260980996,0.015709998698636155,0.999876597970445
1760,58,sbj_P_58,Dummy_1,/mnt/HDD/AliWorks/I-DARE/raw_downloads/EEG/sbj_P_58.mat,177254.0,0.01485268979452975,0.0004838608280689596,0.024475550953326437,0.999700473702766,0.021488168501463,0.9997691293072265,0.01959462755740796,0.9998080252854432
1761,58,sbj_P_58,3053,/mnt/HDD/AliWorks/I-DARE/raw_downloads/EEG/sbj_P_58.mat,189845.0,0.03174843803513758,0.0018081299909851766,0.03518097999695317,0.9993811493232274,0.041337775203641645,0.999145594170607,0.020098568350895678,0.9997980237751224
1762,58,sbj_P_58,Tumor_1,/mnt/HDD/AliWorks/I-DARE/raw_downloads/EEG/sbj_P_58.mat,201334.0,0.02494520711650857,0.0012684338625428696,0.03562689906306563,0.9993653620315749,0.03556801368201975,0.9993674582013579,0.024592407415385462,0.9996976067487585
1763,58,sbj_P_58,Dog_18,/mnt/HDD/AliWorks/I-DARE/raw_downloads/EEG/sbj_P_58.mat,212324.0,0.02009694194332967,0.0011961031430352568,0.03973397753469297,0.999210605514636,0.04082364057349078,0.999166715185163,0.024629736242101286,0.9996966880463224
1764,58,sbj_P_58,Miserable_pose_3,/mnt/HDD/AliWorks/I-DARE/raw_downloads/EEG/sbj_P_58.mat,222215.0,0.04011237921556314,0.0021603003494215416,0.039309245786577046,0.9992273915978452,0.04386374650892292,0.9990379858710999,0.022400905428996597,0.999749099717981
1765,58,sbj_P_58,Pinecone_1,/mnt/HDD/AliWorks/I-DARE/raw_downloads/EEG/sbj_P_58.mat,234205.0,0.017252554119562998,0.0007248266076222675,0.03161397549249209,0.9995002782767806,0.025443075868574812,0.9996763249451727,0.025757620262427793,0.9996682724992084
1766,58,sbj_P_58,Garbage_dump_6,/mnt/HDD/AliWorks/I-DARE/raw_downloads/EEG/sbj_P_58.mat,244494.0,0.04147969145099016,0.0024785352353575082,0.04298975603810444,0.999075940437892,0.048180389297011454,0.9988393250435951,0.025208681067043732,0.9996822611994298
1767,58,sbj_P_58,Depressed_pose_4,/mnt/HDD/AliWorks/I-DARE/raw_downloads/EEG/sbj_P_58.mat,255676.0,0.035438073604176494,0.002100784025723267,0.03682283799335749,0.9993220393010576,0.04300993268503652,0.9990750728452147,0.02040357022435714,0.9997918471610495
1768,58,sbj_P_58,Angry_face_1,/mnt/HDD/AliWorks/I-DARE/raw_downloads/EEG/sbj_P_58.mat,269291.0,0.04438530765923804,0.0027077013802934715,0.04161666921866313,0.9991340264215722,0.047247776934369455,0.9988838237873803,0.02350850070717047,0.99972367519725
1769,58,sbj_P_58,Dog_26,/mnt/HDD/AliWorks/I-DARE/raw_downloads/EEG/sbj_P_58.mat,281504.0,0.028532770313252683,0.001463223331310857,0.03737488131064753,0.9993015591235075,0.03582780632021067,0.9993581841471405,0.026438932490845862,0.9996504914243719
1770,58,sbj_P_58,8370,/mnt/HDD/AliWorks/I-DARE/raw_downloads/EEG/sbj_P_58.mat,290702.0,0.035217001985504835,0.001687994447492765,0.03527695694865451,0.9993777681542213,0.04107742195923039,0.9991563227025917,0.020523557957432895,0.9997893917843843
1771,58,sbj_P_58,Dog_6,/mnt/HDD/AliWorks/I-DARE/raw_downloads/EEG/sbj_P_58.mat,301584.0,0.026547789406851156,0.001387307703945337,0.03486392687966804,0.999392253301265,0.03863126853620986,0.9992538125456418,0.020518522208920916,0.9997894951231809
1772,58,sbj_P_58,9220,/mnt/HDD/AliWorks/I-DARE/raw_downloads/EEG/sbj_P_58.mat,312316.0,0.01699885324306039,0.0006789795014244651,0.03215531182243889,0.9994830179608014,0.02066154717863236,0.9997865502340929,0.028723167233571763,0.9995874898320362
1773,58,sbj_P_58,Lake_12,/mnt/HDD/AliWorks/I-DARE/raw_downloads/EEG/sbj_P_58.mat,321696.0,0.017735310325529212,0.0006680704478537623,0.026989843266068785,0.9996357741802364,0.025569454792263184,0.999673101490813,0.020419675797209554,0.9997915184201683
1774,58,sbj_P_58,2314,/mnt/HDD/AliWorks/I-DARE/raw_downloads/EEG/sbj_P_58.mat,334375.0,0.03693326794665481,0.0017167412023172174,0.035777282399161656,0.9993599930320649,0.03470847762264953,0.9993976607905589,0.026024968144548806,0.999661350516537
1775,58,sbj_P_58,1750,/mnt/HDD/AliWorks/I-DARE/raw_downloads/EEG/sbj_P_58.mat,345756.0,0.03615738504841975,0.0023722638907200428,0.03650470930930079,0.9993337030991221,0.04281403194440978,0.999083479334332,0.019524160970285625,0.9998094035692029
1776,58,sbj_P_58,8492,/mnt/HDD/AliWorks/I-DARE/raw_downloads/EEG/sbj_P_58.mat,355004.0,0.025857725327750523,0.0010706238773086744,0.04197195399775423,0.9991191775388049,0.028191674711739393,0.9996026147384733,0.036602791649914604,0.999330117821717
1777,58,sbj_P_58,1441,/mnt/HDD/AliWorks/I-DARE/raw_downloads/EEG/sbj_P_58.mat,366932.0,0.016224080881237037,0.0005173833449266265,0.02159494205031176,0.9997668292389226,0.021747691089090065,0.9997635189661468,0.01496261054705214,0.9998880601428082
1778,58,sbj_P_58,Flowers_6,/mnt/HDD/AliWorks/I-DARE/raw_downloads/EEG/sbj_P_58.mat,376938.0,0.013121956170255036,0.0003151260881278033,0.02868293164998197,0.9995886447159813,0.017525066370101157,0.9998464360243612,0.026216816767908546,0.9996563392592787
1779,58,sbj_P_58,Yarn_1,/mnt/HDD/AliWorks/I-DARE/raw_downloads/EEG/sbj_P_58.mat,385525.0,0.012762314432067894,0.00036147458845493173,0.025670869071181365,0.9996705032405645,0.01930779283407928,0.999813604567938,0.022366982967713993,0.9997498590364606
1780,58,sbj_P_58,9331,/mnt/HDD/AliWorks/I-DARE/raw_downloads/EEG/sbj_P_58.mat,394405.0,0.01318361008850063,0.000373274007410553,0.023690746441772485,0.9997193742665159,0.019654234810622666,0.9998068555270044,0.019563230994769264,0.9998086399965229
1781,58,sbj_P_58,Beach_1,/mnt/HDD/AliWorks/I-DARE/raw_downloads/EEG/sbj_P_58.mat,404222.0,0.01543971959441169,0.00047199239244809113,0.02022838387147309,0.9997954062429745,0.021224462166632267,0.9997747611028686,0.014057034398874436,0.9999011998919548
1782,58,sbj_P_58,2491,/mnt/HDD/AliWorks/I-DARE/raw_downloads/EEG/sbj_P_58.mat,414815.0,0.04960866274705428,0.003938165967575334,0.045301488509109915,0.9989738875694295,0.05014207390770661,0.9987428862121172,0.023757114539154734,0.999717799754387
1783,58,sbj_P_58,9360,/mnt/HDD/AliWorks/I-DARE/raw_downloads/EEG/sbj_P_58.mat,423250.0,0.050770465416269006,0.0030226308745998926,0.04298846810338793,0.9990759958050621,0.049122758664340224,0.9987934772906019,0.022219087980859722,0.9997531560646495
1784,58,sbj_P_58,Lake_3,/mnt/HDD/AliWorks/I-DARE/raw_downloads/EEG/sbj_P_58.mat,432198.0,0.015437113005829332,0.0005597713257399941,0.02624276792843939,0.9996556585657269,0.025814447220012665,0.9996668071573622,0.01942475252918237,0.9998113394945901
1785,58,sbj_P_58,3170,/mnt/HDD/AliWorks/I-DARE/raw_downloads/EEG/sbj_P_58.mat,443632.0,0.021934103712427277,0.0008367998574985604,0.026711640258200622,0.9996432441373581,0.027786225034528628,0.9996139628491649,0.018504407256487432,0.9998287934560428
1786,58,sbj_P_58,8080,/mnt/HDD/AliWorks/I-DARE/raw_downloads/EEG/sbj_P_58.mat,454837.0,0.024956416229401274,0.0010005225198217052,0.026864087111723754,0.9996391604118283,0.028544745092878895,0.9995925987637917,0.017148603610333067,0.999852962697108
1787,58,sbj_P_58,Snow_1,/mnt/HDD/AliWorks/I-DARE/raw_downloads/EEG/sbj_P_58.mat,467865.0,0.017831107943579054,0.0008275040727113911,0.03183218313200164,0.9994933560585261,0.028944171211526464,0.999581117476439,0.02398046892403695,0.9997124685550917
1788,58,sbj_P_58,4220,/mnt/HDD/AliWorks/I-DARE/raw_downloads/EEG/sbj_P_58.mat,476828.0,0.020812972198916764,0.0008878420902674835,0.02813305475786455,0.9996042656149956,0.0257947243136372,0.9996673160987913,0.02093263312784729,0.9997809124351676
1789,58,sbj_P_58,5760,/mnt/HDD/AliWorks/I-DARE/raw_downloads/EEG/sbj_P_58.mat,489730.0,0.020240449883132963,0.0008491465107113111,0.03653487494879128,0.9993326014562379,0.025703389255829445,0.9996696678903818,0.03146690904270816,0.9995049168176486
1790,58,sbj_P_58,3063,/mnt/HDD/AliWorks/I-DARE/raw_downloads/EEG/sbj_P_58.mat,500831.0,0.02666302709382685,0.0010937150331849711,0.03465710583659256,0.9993994425075164,0.03006669409398575,0.9995479969531299,0.026806796687730602,0.9996406978256716
1791,58,sbj_P_58,3080,/mnt/HDD/AliWorks/I-DARE/raw_downloads/EEG/sbj_P_58.mat,510365.0,0.04413128495457966,0.002452788336108172,0.0428277735722062,0.9990828909054238,0.04026313796650894,0.9991894398605448,0.029965620616385504,0.9995510307905369
1792,59,sbj_P_59,Dummy_1,/mnt/HDD/AliWorks/I-DARE/raw_downloads/EEG/sbj_P_59.mat,163399.0,0.016520701114643162,0.0007712853582197782,0.029065228507505873,0.999577606245903,0.02703158444270398,0.9996346467212589,0.022544748733116675,0.9997458671522808
1793,59,sbj_P_59,3053,/mnt/HDD/AliWorks/I-DARE/raw_downloads/EEG/sbj_P_59.mat,178532.0,0.027496881735835168,0.0014446415912065633,0.03667190670369354,0.9993275856293582,0.038094712493942036,0.9992743964400025,0.024445211961591516,0.9997012158060765
1794,59,sbj_P_59,Tumor_1,/mnt/HDD/AliWorks/I-DARE/raw_downloads/EEG/sbj_P_59.mat,189549.0,0.016283030666495207,0.000644504770496783,0.02721772841661385,0.9996295976299198,0.02677653603367585,0.999641508559018,0.020468125484086518,0.9997905279195841
1795,59,sbj_P_59,Dog_18,/mnt/HDD/AliWorks/I-DARE/raw_downloads/EEG/sbj_P_59.mat,200030.0,0.0194646243915142,0.0008350832973211938,0.026516460481171143,0.9996484386617748,0.02862584190743624,0.9995902805875456,0.01727080788851935,0.999850859597439
1796,59,sbj_P_59,Miserable_pose_3,/mnt/HDD/AliWorks/I-DARE/raw_downloads/EEG/sbj_P_59.mat,210600.0,0.10318691170662296,0.006895226639541124,0.07727653471889454,0.9970141685909195,0.09412833619114157,0.9955699281629432,0.03986375525059412,0.9992054405086603
1797,59,sbj_P_59,Pinecone_1,/mnt/HDD/AliWorks/I-DARE/raw_downloads/EEG/sbj_P_59.mat,221232.0,0.020258568250618607,0.0009054037619149911,0.02428224024065912,0.9997051864044478,0.025740472174912286,0.9996687140461066,0.01662940379144355,0.9998617314647712
1798,59,sbj_P_59,Garbage_dump_6,/mnt/HDD/AliWorks/I-DARE/raw_downloads/EEG/sbj_P_59.mat,229919.0,0.020934483901740544,0.0009800941048492655,0.03202320772691056,0.9994872570834393,0.03081783104885048,0.999525130644723,0.023482110494655168,0.9997242952433586
1799,59,sbj_P_59,Depressed_pose_4,/mnt/HDD/AliWorks/I-DARE/raw_downloads/EEG/sbj_P_59.mat,239142.0,0.02082273092134887,0.0007330374052310827,0.02461958250842948,0.9996969380785556,0.026501928029033322,0.9996488239053719,0.015390976028907107,0.9998815589284391
1800,59,sbj_P_59,Angry_face_1,/mnt/HDD/AliWorks/I-DARE/raw_downloads/EEG/sbj_P_59.mat,249226.0,0.02303829321139773,0.0009748303272129609,0.037343962234275885,0.9993027142423223,0.033171867859962526,0.9994498135913402,0.030092181877181247,0.9995472302949351
1801,59,sbj_P_59,Dog_26,/mnt/HDD/AliWorks/I-DARE/raw_downloads/EEG/sbj_P_59.mat,260187.0,0.041429806710701,0.0022704633411781464,0.05645103893874311,0.9984066401013679,0.054968321303998945,0.9984892418265099,0.04135252502471522,0.9991449843370402
1802,59,sbj_P_59,8370,/mnt/HDD/AliWorks/I-DARE/raw_downloads/EEG/sbj_P_59.mat,268641.0,0.021926593028942235,0.0009140685920291374,0.035978817941746566,0.9993527623297571,0.02785111199124044,0.9996121577804252,0.03037137244038037,0.9995387898680441
1803,59,sbj_P_59,Dog_6,/mnt/HDD/AliWorks/I-DARE/raw_downloads/EEG/sbj_P_59.mat,278447.0,0.019910588734405935,0.0009287929874960718,0.036283020850511515,0.9993417711989805,0.03327071641540172,0.9994465297146027,0.027290489993932143,0.9996276145779447
1804,59,sbj_P_59,9220,/mnt/HDD/AliWorks/I-DARE/raw_downloads/EEG/sbj_P_59.mat,287074.0,0.022992404336117947,0.0010386031457413323,0.03784864330915384,0.9992837400998278,0.03323881723893534,0.9994475905142781,0.029674272079221856,0.9995597187882836
1805,59,sbj_P_59,Lake_12,/mnt/HDD/AliWorks/I-DARE/raw_downloads/EEG/sbj_P_59.mat,305396.0,0.021973179661514467,0.0008630610342645234,0.02877994443294234,0.9995858573992188,0.029031533317341596,0.9995785850366217,0.021122713379775532,0.999776915489738
1806,59,sbj_P_59,2314,/mnt/HDD/AliWorks/I-DARE/raw_downloads/EEG/sbj_P_59.mat,315088.0,0.0185966115981544,0.0006710954865078997,0.025364211172289763,0.9996783283958041,0.02568746058609604,0.9996700771843193,0.017792257503269546,0.9998417177864689
1807,59,sbj_P_59,1750,/mnt/HDD/AliWorks/I-DARE/raw_downloads/EEG/sbj_P_59.mat,325257.0,0.01634709235445928,0.0005158140656541757,0.02135880363775266,0.999771900753582,0.025115089668780483,0.9996846161354653,0.013904117990970376,0.9999033377514466
1808,59,sbj_P_59,8492,/mnt/HDD/AliWorks/I-DARE/raw_downloads/EEG/sbj_P_59.mat,334920.0,0.023341844761152704,0.0012851882199610178,0.033533081102487226,0.9994377662358866,0.035794737312435924,0.9993593683903663,0.0214348236510364,0.9997702741675243
1809,59,sbj_P_59,1441,/mnt/HDD/AliWorks/I-DARE/raw_downloads/EEG/sbj_P_59.mat,344058.0,0.019228027229880765,0.0007888457202858319,0.03133429527979566,0.9995090809696591,0.027049278357757472,0.9996341682701627,0.025201603994719417,0.9996824395780469
1810,59,sbj_P_59,Flowers_6,/mnt/HDD/AliWorks/I-DARE/raw_downloads/EEG/sbj_P_59.mat,354785.0,0.020715756550990477,0.0007599895825034581,0.028999666973728726,0.9995795096577064,0.028739465093248706,0.9995870215730771,0.020591242638489042,0.9997880003633011
1811,59,sbj_P_59,Yarn_1,/mnt/HDD/AliWorks/I-DARE/raw_downloads/EEG/sbj_P_59.mat,363849.0,0.0660364860256343,0.004433487706446389,0.06125535909415178,0.9981238904911233,0.06350009992442922,0.9979838686547937,0.036581520725777486,0.9993308961706949
1812,59,sbj_P_59,9331,/mnt/HDD/AliWorks/I-DARE/raw_downloads/EEG/sbj_P_59.mat,372383.0,0.04892217722378538,0.0030144501336640903,0.03807596797245368,0.9992751103314806,0.04373367885036538,0.9990436826671067,0.019280977414629984,0.9998141219549683
1813,59,sbj_P_59,Beach_1,/mnt/HDD/AliWorks/I-DARE/raw_downloads/EEG/sbj_P_59.mat,382005.0,0.01615650221979669,0.000737916874387318,0.02411449995686762,0.9997092454459157,0.027859223955349646,0.999611931820304,0.014999375881121317,0.9998875093615882
1814,59,sbj_P_59,2491,/mnt/HDD/AliWorks/I-DARE/raw_downloads/EEG/sbj_P_59.mat,392619.0,0.041348530952667904,0.0019512674742605757,0.04278276777728105,0.9990848173906575,0.048512281469664194,0.9988232792733046,0.026129512247304598,0.9996586242948589
1815,59,sbj_P_59,9360,/mnt/HDD/AliWorks/I-DARE/raw_downloads/EEG/sbj_P_59.mat,404227.0,0.08998077788433152,0.005968653635241236,0.076123588753106,0.9971025996176733,0.08715161213758688,0.9962022982509099,0.038505856299883345,0.9992586495153065
1816,59,sbj_P_59,Lake_3,/mnt/HDD/AliWorks/I-DARE/raw_downloads/EEG/sbj_P_59.mat,412973.0,0.047086362450205504,0.0027736723747998574,0.05240093938974143,0.9986270707755364,0.06477772427028569,0.997901923219181,0.025041719227133295,0.9996864561490748
1817,59,sbj_P_59,3170,/mnt/HDD/AliWorks/I-DARE/raw_downloads/EEG/sbj_P_59.mat,422018.0,0.0643403054462689,0.0032159546352973217,0.05829132233410838,0.9983010608702706,0.06265209558280728,0.9980373574595425,0.03638323460805824,0.9993381301197277
1818,59,sbj_P_59,8080,/mnt/HDD/AliWorks/I-DARE/raw_downloads/EEG/sbj_P_59.mat,430609.0,0.033185603196718476,0.001723512953836863,0.04242329058506248,0.9991001322079676,0.04587071772133069,0.998947938627865,0.026984960590225197,0.9996359059509715
1819,59,sbj_P_59,Snow_1,/mnt/HDD/AliWorks/I-DARE/raw_downloads/EEG/sbj_P_59.mat,438991.0,0.020464025851645945,0.0008218081547344191,0.02616802720206744,0.9996576171761759,0.02684071097588579,0.9996397881171546,0.01857129155472572,0.9998275535649943
1820,59,sbj_P_59,4220,/mnt/HDD/AliWorks/I-DARE/raw_downloads/EEG/sbj_P_59.mat,448701.0,0.015099865648599421,0.0008708178967421139,0.040702426118052706,0.9991716562540529,0.028493857441200587,0.9995940500440601,0.03546878800271747,0.99937098253881
1821,59,sbj_P_59,5760,/mnt/HDD/AliWorks/I-DARE/raw_downloads/EEG/sbj_P_59.mat,457856.0,0.016410789490457104,0.0006844173481024191,0.022126652547631825,0.9997552056235187,0.02488644574748382,0.9996903324090285,0.013735214882958174,0.9999056719360594
1822,59,sbj_P_59,3063,/mnt/HDD/AliWorks/I-DARE/raw_downloads/EEG/sbj_P_59.mat,466724.0,0.014257775526653485,0.0004812052076533397,0.03670563156292643,0.9993263483057835,0.024367790965933174,0.9997031053817207,0.0328272682139186,0.9994611852308063
1823,59,sbj_P_59,3080,/mnt/HDD/AliWorks/I-DARE/raw_downloads/EEG/sbj_P_59.mat,477496.0,0.020182794313240885,0.0008995159964405819,0.026647995486602738,0.9996449421682728,0.025856801573343545,0.9996657129061984,0.019542428308265542,0.9998090467479079
1824,60,sbj_P_60,Dummy_1,/mnt/HDD/AliWorks/I-DARE/raw_downloads/EEG/sbj_P_60.mat,179462.0,0.031991500182645176,0.00142058557024681,0.04846893495466242,0.99882538117218,0.033909219226705284,0.999425082425718,0.041764921743073995,0.9991278456558976
1825,60,sbj_P_60,3053,/mnt/HDD/AliWorks/I-DARE/raw_downloads/EEG/sbj_P_60.mat,193808.0,0.0324018012642541,0.0015773145498117734,0.03528694187669375,0.999377415866496,0.035082314772199336,0.999384615595113,0.02434782963853725,0.9997035915959465
1826,60,sbj_P_60,Tumor_1,/mnt/HDD/AliWorks/I-DARE/raw_downloads/EEG/sbj_P_60.mat,209493.0,0.021863068729021554,0.001094477055390803,0.028653002140014358,0.9995895027341825,0.027270481268922397,0.9996281604256806,0.01974472222311857,0.9998050729721663
1827,60,sbj_P_60,Dog_18,/mnt/HDD/AliWorks/I-DARE/raw_downloads/EEG/sbj_P_60.mat,220898.0,0.022025237474650135,0.0010110502464241355,0.02796573993913275,0.9996089586948289,0.031974686074154546,0.9994888097252298,0.016909370647112915,0.9998570365921593
1828,60,sbj_P_60,Miserable_pose_3,/mnt/HDD/AliWorks/I-DARE/raw_downloads/EEG/sbj_P_60.mat,234640.0,0.024169224458342135,0.0012851374098457472,0.03966164159503459,0.999213477092994,0.031571207333920465,0.9995016294337397,0.033107924870359094,0.9994519326553902
1829,60,sbj_P_60,Pinecone_1,/mnt/HDD/AliWorks/I-DARE/raw_downloads/EEG/sbj_P_60.mat,245967.0,0.023738253558446866,0.0010635199342667572,0.02892281225143679,0.9995817354657343,0.03104710777769759,0.9995180385493199,0.017569201216719878,0.9998456615843033
1830,60,sbj_P_60,Garbage_dump_6,/mnt/HDD/AliWorks/I-DARE/raw_downloads/EEG/sbj_P_60.mat,256498.0,0.023437828886448547,0.0011835888759849952,0.037857253230907044,0.9992834141889054,0.03282662627217619,0.9994612063037933,0.02921733842669024,0.9995731735676305
1831,60,sbj_P_60,Depressed_pose_4,/mnt/HDD/AliWorks/I-DARE/raw_downloads/EEG/sbj_P_60.mat,265898.0,0.019028368095476117,0.0008455814916539936,0.03253133068045803,0.9994708562620803,0.02825804823478128,0.9996007413549807,0.025441092738827446,0.9996763754001277
1832,60,sbj_P_60,Angry_face_1,/mnt/HDD/AliWorks/I-DARE/raw_downloads/EEG/sbj_P_60.mat,277044.0,0.02235175450533582,0.0009230021824622235,0.032254227518120585,0.9994798324036047,0.026469214124218845,0.999649690351823,0.026147249402923872,0.9996581606743312
1833,60,sbj_P_60,Dog_26,/mnt/HDD/AliWorks/I-DARE/raw_downloads/EEG/sbj_P_60.mat,285614.0,0.023215914963419605,0.0009441514482856642,0.03212087987704976,0.9994841245379613,0.027734972531978,0.9996153856493248,0.026028043827206214,0.9996612704672648
1834,60,sbj_P_60,8370,/mnt/HDD/AliWorks/I-DARE/raw_downloads/EEG/sbj_P_60.mat,297467.0,0.028993091163143442,0.0019344595227175892,0.037086139903784635,0.9993123091135181,0.03970726020785095,0.9992116667433928,0.023590115371013284,0.9997217532283911
1835,60,sbj_P_60,Dog_6,/mnt/HDD/AliWorks/I-DARE/raw_downloads/EEG/sbj_P_60.mat,307032.0,0.011980539966993529,0.0003210265362211497,0.024985079020626872,0.9996878729131666,0.015841610813808093,0.9998745216834118,0.022758722783602876,0.9997410202686298
1836,60,sbj_P_60,9220,/mnt/HDD/AliWorks/I-DARE/raw_downloads/EEG/sbj_P_60.mat,317895.0,0.015637446465107042,0.0004708530955394974,0.022973753176604786,0.9997361033324902,0.021111354599881452,0.9997771553534788,0.018559223137105636,0.9998277776182737
1837,60,sbj_P_60,Lake_12,/mnt/HDD/AliWorks/I-DARE/raw_downloads/EEG/sbj_P_60.mat,327666.0,0.01156686485746304,0.0002464010599475113,0.02076559934988161,0.9997843949418208,0.017442992195132265,0.9998478710116403,0.017292000644339656,0.9998504933568582
1838,60,sbj_P_60,2314,/mnt/HDD/AliWorks/I-DARE/raw_downloads/EEG/sbj_P_60.mat,337632.0,0.011167199871403388,0.00026301307449858014,0.020587004533698865,0.9997880876221651,0.013446924457936459,0.9999095901113109,0.018519387555690322,0.9998285161422812
1839,60,sbj_P_60,1750,/mnt/HDD/AliWorks/I-DARE/raw_downloads/EEG/sbj_P_60.mat,348214.0,0.009145319698876246,0.00025797724943751513,0.019397791381777437,0.9998118628447551,0.014754426984235023,0.9998911534421833,0.016733608217629727,0.9998599931780094
1840,60,sbj_P_60,8492,/mnt/HDD/AliWorks/I-DARE/raw_downloads/EEG/sbj_P_60.mat,356215.0,0.01399713584715797,0.0005230391761299081,0.02529419887641109,0.9996801017516002,0.017651477605525934,0.9998442126691711,0.022303233962822657,0.9997512828774001
1841,60,sbj_P_60,1441,/mnt/HDD/AliWorks/I-DARE/raw_downloads/EEG/sbj_P_60.mat,365237.0,0.013973071683553672,0.00045697137688580785,0.020041850006330426,0.9997991621241618,0.019395741821625012,0.9998119025995938,0.015416206983716972,0.9998811702811179
1842,60,sbj_P_60,Flowers_6,/mnt/HDD/AliWorks/I-DARE/raw_downloads/EEG/sbj_P_60.mat,375305.0,0.012656638791555166,0.00039746063878670325,0.020987632337978412,0.999779759644423,0.017081181388533886,0.9998541166211855,0.017343693707505662,0.99984959814429
1843,60,sbj_P_60,Yarn_1,/mnt/HDD/AliWorks/I-DARE/raw_downloads/EEG/sbj_P_60.mat,384789.0,0.015165317443800064,0.000502810386707731,0.020603265490615467,0.9997877527255621,0.021717609425902024,0.999764172720412,0.01437303741727314,0.9998967078977011
1844,60,sbj_P_60,9331,/mnt/HDD/AliWorks/I-DARE/raw_downloads/EEG/sbj_P_60.mat,392141.0,0.016861375893890623,0.0006151567793489756,0.022185257589465993,0.9997539071728444,0.02267528758543815,0.9997429156664589,0.015573045048291484,0.9998787401339613
1845,60,sbj_P_60,Beach_1,/mnt/HDD/AliWorks/I-DARE/raw_downloads/EEG/sbj_P_60.mat,403073.0,0.020358707476254647,0.0009200882435465491,0.02592425107169767,0.9996639666031861,0.025244571399889122,0.9996813558074178,0.018483309299032743,0.999829183638678
1846,60,sbj_P_60,2491,/mnt/HDD/AliWorks/I-DARE/raw_downloads/EEG/sbj_P_60.mat,410230.0,0.016470103975375842,0.0007389956492738149,0.02863472002580422,0.9995900264045222,0.022719430865304913,0.9997419137305786,0.023708807027012585,0.9997189462346779
1847,60,sbj_P_60,9360,/mnt/HDD/AliWorks/I-DARE/raw_downloads/EEG/sbj_P_60.mat,419687.0,0.018905754653099457,0.000694457798186422,0.026889553380204642,0.9996384759595065,0.026159076960531387,0.999657851346287,0.020009699281517843,0.9997998059673316
1848,60,sbj_P_60,Lake_3,/mnt/HDD/AliWorks/I-DARE/raw_downloads/EEG/sbj_P_60.mat,428041.0,0.016457078542736127,0.0005988274481764862,0.02785262186408186,0.999612115727649,0.0252323657096173,0.9996816638603484,0.022174120600142906,0.9997541541878057
1849,60,sbj_P_60,3170,/mnt/HDD/AliWorks/I-DARE/raw_downloads/EEG/sbj_P_60.mat,437608.0,0.012548006959955707,0.000409347807149182,0.03207034068524362,0.9994857466241664,0.014155459621870073,0.9998998114814464,0.030430964969257436,0.999536978185521
1850,60,sbj_P_60,8080,/mnt/HDD/AliWorks/I-DARE/raw_downloads/EEG/sbj_P_60.mat,446295.0,0.01513627157402259,0.0005986949266750513,0.02274753552315568,0.999741274813811,0.02163981634375428,0.9997658591743046,0.016711315011233303,0.999860365975297
1851,60,sbj_P_60,Snow_1,/mnt/HDD/AliWorks/I-DARE/raw_downloads/EEG/sbj_P_60.mat,454560.0,0.019682092499837805,0.00099836092433677,0.031640820339890144,0.9994994292441093,0.02796686211548714,0.9996089273117061,0.023746948286374414,0.9997180412235416
1852,60,sbj_P_60,4220,/mnt/HDD/AliWorks/I-DARE/raw_downloads/EEG/sbj_P_60.mat,462259.0,0.015411706593939029,0.0006702560082645697,0.0225690732871922,0.9997453184654785,0.02280381417688495,0.9997399930294931,0.01595368666122722,0.9998727399409576
1853,60,sbj_P_60,5760,/mnt/HDD/AliWorks/I-DARE/raw_downloads/EEG/sbj_P_60.mat,470821.0,0.023990521543305162,0.0010544779475347484,0.02986689533661189,0.9995539842814756,0.03149318098313789,0.9995040897757823,0.02041151236975748,0.9997916850813896
1854,60,sbj_P_60,3063,/mnt/HDD/AliWorks/I-DARE/raw_downloads/EEG/sbj_P_60.mat,478761.0,0.020341179236905198,0.0009468496620549543,0.026139073743954022,0.9996583744119041,0.030716419946183578,0.9995282507728444,0.015573337105986075,0.9998787355856918
1855,60,sbj_P_60,3080,/mnt/HDD/AliWorks/I-DARE/raw_downloads/EEG/sbj_P_60.mat,486313.0,0.018742867687965282,0.0009360489662452656,0.03020639783073921,0.9995437867650451,0.022332709890594403,0.9997506250344712,0.025231488867630866,0.9996816859847615
1856,61,sbj_P_61,Dummy_1,/mnt/HDD/AliWorks/I-DARE/raw_downloads/EEG/sbj_P_61.mat,163949.0,0.08859615144609197,0.005378171953203442,0.06224370183557377,0.9980628607909023,0.07438746149360258,0.9972332527862686,0.029406121936323703,0.9995676399963328
1857,61,sbj_P_61,3053,/mnt/HDD/AliWorks/I-DARE/raw_downloads/EEG/sbj_P_61.mat,173796.0,0.08396971831363152,0.004130004424154667,0.053505470128650694,0.9985685823331559,0.0658661402998586,0.9978308257809997,0.029392103955458618,0.9995680521125357
1858,61,sbj_P_61,Tumor_1,/mnt/HDD/AliWorks/I-DARE/raw_downloads/EEG/sbj_P_61.mat,182314.0,0.07682836375231702,0.004017629038465433,0.053946851193128295,0.9985448686231729,0.066695091171044,0.9977758824068438,0.029755479151466487,0.9995573057302337
1859,61,sbj_P_61,Dog_18,/mnt/HDD/AliWorks/I-DARE/raw_downloads/EEG/sbj_P_61.mat,190829.0,0.06251164576866411,0.0029284577568077595,0.048323832157429164,0.9988324036228101,0.05899784449765895,0.9982596271723151,0.02581706396421011,0.999666739604134
1860,61,sbj_P_61,Miserable_pose_3,/mnt/HDD/AliWorks/I-DARE/raw_downloads/EEG/sbj_P_61.mat,198820.0,0.06836426737682139,0.0032022564030456026,0.052697753821404715,0.9986114733710894,0.061805122428165334,0.9980900634208195,0.031409476132454546,0.9995067224045422
1861,61,sbj_P_61,Pinecone_1,/mnt/HDD/AliWorks/I-DARE/raw_downloads/EEG/sbj_P_61.mat,208085.0,0.06468760867952308,0.002884578103799389,0.054305977558848625,0.9985254304006889,0.05930633765451134,0.9982413791570044,0.03485164117570187,0.9993926815536803
1862,61,sbj_P_61,Garbage_dump_6,/mnt/HDD/AliWorks/I-DARE/raw_downloads/EEG/sbj_P_61.mat,216193.0,0.05966383275614889,0.003000455229176362,0.049295477434357145,0.9987849779522593,0.05853073431479015,0.9982870765702856,0.025131567898431795,0.9996842021474837
1863,61,sbj_P_61,Depressed_pose_4,/mnt/HDD/AliWorks/I-DARE/raw_downloads/EEG/sbj_P_61.mat,224167.0,0.05667394140414536,0.0028888934287081666,0.04751597669924814,0.9988711159791587,0.055488372100356106,0.9984605202808264,0.028313745103303176,0.9995991659191126
1864,61,sbj_P_61,Angry_face_1,/mnt/HDD/AliWorks/I-DARE/raw_downloads/EEG/sbj_P_61.mat,232324.0,0.059105613946837006,0.0028145214171699092,0.04499487131688085,0.9989877307775888,0.05550867025778267,0.9984593937631063,0.02254339571693651,0.9997458976547751
1865,61,sbj_P_61,Dog_26,/mnt/HDD/AliWorks/I-DARE/raw_downloads/EEG/sbj_P_61.mat,240809.0,0.053000458810434234,0.002018331926854465,0.04021196278363293,0.9991914990245444,0.04820144305897051,0.9988383104435161,0.02148913001856011,0.9997691086455228
1866,61,sbj_P_61,8370,/mnt/HDD/AliWorks/I-DARE/raw_downloads/EEG/sbj_P_61.mat,248913.0,0.07420892253877248,0.0038913611593540424,0.05726340117005541,0.9983604514432187,0.06945466455456693,0.9975880247858064,0.03134520696502234,0.9995087390001605
1867,61,sbj_P_61,Dog_6,/mnt/HDD/AliWorks/I-DARE/raw_downloads/EEG/sbj_P_61.mat,257393.0,0.06156504876458124,0.002657236990898405,0.04405349508559999,0.9990296447853717,0.052500074695205026,0.9986218710784985,0.02666646495668278,0.9996444498233568
1868,61,sbj_P_61,9220,/mnt/HDD/AliWorks/I-DARE/raw_downloads/EEG/sbj_P_61.mat,265928.0,0.048753563094129045,0.002066085713474767,0.04327295926872804,0.9990637254980639,0.04945362894156442,0.9987771692922555,0.029217913534949756,0.9995731567643321
1869,61,sbj_P_61,Lake_12,/mnt/HDD/AliWorks/I-DARE/raw_downloads/EEG/sbj_P_61.mat,274590.0,0.05504199301318173,0.0027637267957053586,0.043953385673492544,0.999034049943919,0.049122256217288295,0.9987935019720614,0.025075145906825847,0.9996856185288758
1870,61,sbj_P_61,2314,/mnt/HDD/AliWorks/I-DARE/raw_downloads/EEG/sbj_P_61.mat,283132.0,0.04166330856690715,0.0022044741898945785,0.04127663813762549,0.9991481195720281,0.049698197607071413,0.9987650445773043,0.02316855805236679,0.9997316089588866
1871,61,sbj_P_61,1750,/mnt/HDD/AliWorks/I-DARE/raw_downloads/EEG/sbj_P_61.mat,292812.0,0.02974959561094387,0.001135182399101372,0.030888178255575237,0.999522960222026,0.03600918158523574,0.9993516694207806,0.01866142944442651,0.9998258755255456
1872,61,sbj_P_61,8492,/mnt/HDD/AliWorks/I-DARE/raw_downloads/EEG/sbj_P_61.mat,300618.0,0.026821867582628178,0.0010348120832881225,0.03142985476115299,0.9995060821148465,0.03240740918044324,0.9994748799151058,0.02181414078425413,0.9997620716309225
1873,61,sbj_P_61,1441,/mnt/HDD/AliWorks/I-DARE/raw_downloads/EEG/sbj_P_61.mat,308933.0,0.031335781925874516,0.001092955855269289,0.028787628529662643,0.9995856362218192,0.030757537674402206,0.9995269869381038,0.020099740897142674,0.999798000207934
1874,61,sbj_P_61,Flowers_6,/mnt/HDD/AliWorks/I-DARE/raw_downloads/EEG/sbj_P_61.mat,318732.0,0.04163531582303591,0.001589734535970522,0.03609691994855258,0.9993485061851136,0.043804376136733686,0.9990405883156351,0.020235932812553828,0.9997952535116027
1875,61,sbj_P_61,Yarn_1,/mnt/HDD/AliWorks/I-DARE/raw_downloads/EEG/sbj_P_61.mat,328570.0,0.04024862196064861,0.0017622960383539177,0.03922942718590558,0.9992305260213329,0.04542072319984009,0.998968478952002,0.021878024456985355,0.9997606760229298
1876,61,sbj_P_61,9331,/mnt/HDD/AliWorks/I-DARE/raw_downloads/EEG/sbj_P_61.mat,337818.0,0.036264555012281645,0.001585957139085714,0.042471852340714655,0.9990980708793744,0.04415646686791018,0.9990251032168712,0.029504189852280253,0.9995647513905799
1877,61,sbj_P_61,Beach_1,/mnt/HDD/AliWorks/I-DARE/raw_downloads/EEG/sbj_P_61.mat,345392.0,0.0344793627297617,0.0013264312200930112,0.03107061815896217,0.99951730834361,0.035563246958502076,0.9993676277328842,0.019341632554667323,0.99981295062506
1878,61,sbj_P_61,2491,/mnt/HDD/AliWorks/I-DARE/raw_downloads/EEG/sbj_P_61.mat,353362.0,0.04650195231703968,0.0018776304943898736,0.0377191321845483,0.9992886335336224,0.045327466159412626,0.9989727104057836,0.020337437656544933,0.9997931943147835
1879,61,sbj_P_61,9360,/mnt/HDD/AliWorks/I-DARE/raw_downloads/EEG/sbj_P_61.mat,361837.0,0.032157273787185074,0.001333597313600345,0.0315461561051635,0.9995024200174942,0.037484636770010404,0.9992974510031101,0.019074461106804518,0.9998180824667436
1880,61,sbj_P_61,Lake_3,/mnt/HDD/AliWorks/I-DARE/raw_downloads/EEG/sbj_P_61.mat,369401.0,0.021433572560801747,0.0007393013003557057,0.02268934389116948,0.9997425968368943,0.026445385749757914,0.9996503207862735,0.014417141190822564,0.9998960730199421
1881,61,sbj_P_61,3170,/mnt/HDD/AliWorks/I-DARE/raw_downloads/EEG/sbj_P_61.mat,377148.0,0.01817639515225885,0.0007172756180166124,0.024276875038498732,0.9997053166691823,0.028154695939162755,0.9996036565482863,0.014747793013652949,0.9998912513006133
1882,61,sbj_P_61,8080,/mnt/HDD/AliWorks/I-DARE/raw_downloads/EEG/sbj_P_61.mat,384753.0,0.023306166771689386,0.0008240834061237737,0.02834677466568965,0.999598230183027,0.02887057104951638,0.999583245063637,0.020350285468478314,0.9997929329406754
1883,61,sbj_P_61,Snow_1,/mnt/HDD/AliWorks/I-DARE/raw_downloads/EEG/sbj_P_61.mat,392116.0,0.022947996330080486,0.0008284699407193406,0.0223561987630311,0.9997501001884339,0.025124630402100424,0.9996843764735789,0.014406238041313996,0.9998962301527483
1884,61,sbj_P_61,4220,/mnt/HDD/AliWorks/I-DARE/raw_downloads/EEG/sbj_P_61.mat,400106.0,0.028055932255791803,0.0011526254017916791,0.032290145254352115,0.9994786732597271,0.03718134684755829,0.9993087737233004,0.019297588065399364,0.9998138015474294
1885,61,sbj_P_61,5760,/mnt/HDD/AliWorks/I-DARE/raw_downloads/EEG/sbj_P_61.mat,409123.0,0.023991357777327752,0.0008955140571374185,0.02848818602183556,0.9995942116285931,0.03250456797726805,0.999471726530306,0.01786296731597709,0.9998404571993346
1886,61,sbj_P_61,3063,/mnt/HDD/AliWorks/I-DARE/raw_downloads/EEG/sbj_P_61.mat,416535.0,0.02152828158793347,0.0008771169780239021,0.02621843414579125,0.9996562968554719,0.03179097205601675,0.9994946670478666,0.015089903899161273,0.9998861474001566
1887,61,sbj_P_61,3080,/mnt/HDD/AliWorks/I-DARE/raw_downloads/EEG/sbj_P_61.mat,426066.0,0.025854108715914006,0.0009771173476163545,0.027580568414100545,0.999619656122978,0.031414805991604115,0.9995065549822548,0.017698115690100397,0.9998433883505102
1888,62,sbj_P_62,Dummy_1,/mnt/HDD/AliWorks/I-DARE/raw_downloads/EEG/sbj_P_62.mat,170568.0,0.0162496961427069,0.0006421395641750965,0.023437570240440735,0.9997253401506118,0.023124606838887736,0.9997326262792731,0.017300969667739207,0.9998503382242785
1889,62,sbj_P_62,3053,/mnt/HDD/AliWorks/I-DARE/raw_downloads/EEG/sbj_P_62.mat,184832.0,0.011359686842084068,0.00043837238158046815,0.022398484265330754,0.9997491539513073,0.017875736263961165,0.9998402290265112,0.018508509387017313,0.999828717540135
1890,62,sbj_P_62,Tumor_1,/mnt/HDD/AliWorks/I-DARE/raw_downloads/EEG/sbj_P_62.mat,195580.0,0.018686330338999455,0.0007509725234200274,0.028459779266329484,0.9995950204820564,0.027644646313512322,0.9996178867651012,0.02057491137156772,0.9997883365110263
1891,62,sbj_P_62,Dog_18,/mnt/HDD/AliWorks/I-DARE/raw_downloads/EEG/sbj_P_62.mat,208892.0,0.014204783660254704,0.00046122970154655345,0.039273095398689874,0.999228811988903,0.020421343151096522,0.9997914843719528,0.03671894235912519,0.9993258596360131
1892,62,sbj_P_62,Miserable_pose_3,/mnt/HDD/AliWorks/I-DARE/raw_downloads/EEG/sbj_P_62.mat,216723.0,0.015785502916161643,0.0005956073356720452,0.021990417289773866,0.9997582107737103,0.02314961785438928,0.9997320475965982,0.014710344325437255,0.9998918028849139
1893,62,sbj_P_62,Pinecone_1,/mnt/HDD/AliWorks/I-DARE/raw_downloads/EEG/sbj_P_62.mat,228988.0,0.020142877170923355,0.0008792497282336766,0.020873553357001872,0.9997821473851259,0.021355438511491288,0.9997719726229908,0.014134402100715227,0.9999001093386275
1894,62,sbj_P_62,Garbage_dump_6,/mnt/HDD/AliWorks/I-DARE/raw_downloads/EEG/sbj_P_62.mat,240389.0,0.016736681831166982,0.0006989224180884719,0.027012515019328345,0.9996351620161646,0.0244275970424699,0.9997016462513655,0.019933467759899685,0.9998013284315322
1895,62,sbj_P_62,Depressed_pose_4,/mnt/HDD/AliWorks/I-DARE/raw_downloads/EEG/sbj_P_62.mat,250047.0,0.013475809096146851,0.00047883703298535156,0.02349111260022118,0.999724083814402,0.018690173985526373,0.9998253386981959,0.019208249747279076,0.9998155215708233
1896,62,sbj_P_62,Angry_face_1,/mnt/HDD/AliWorks/I-DARE/raw_downloads/EEG/sbj_P_62.mat,258492.0,0.06124277001375211,0.004400050689575017,0.05188163698034406,0.9986541478721195,0.06097662209917404,0.9981409257786872,0.026240729917840874,0.999655712046689
1897,62,sbj_P_62,Dog_26,/mnt/HDD/AliWorks/I-DARE/raw_downloads/EEG/sbj_P_62.mat,267730.0,0.021121674018372512,0.000807205301041624,0.026873423409457826,0.9996389095571278,0.02861704425915373,0.9995905323889348,0.019231010333888604,0.9998150841207692
1898,62,sbj_P_62,8370,/mnt/HDD/AliWorks/I-DARE/raw_downloads/EEG/sbj_P_62.mat,276756.0,0.02267001683979318,0.0009392005744957203,0.024058342838546447,0.9997105980699319,0.02373926139605069,0.9997182237341855,0.016923365385882197,0.9998567998520086
1899,62,sbj_P_62,Dog_6,/mnt/HDD/AliWorks/I-DARE/raw_downloads/EEG/sbj_P_62.mat,285300.0,0.008055131033025444,0.00023699213954641386,0.018379361817665772,0.9998310995295876,0.014585374402633437,0.9998936334267672,0.015361957373807572,0.9998820051328222
1900,62,sbj_P_62,9220,/mnt/HDD/AliWorks/I-DARE/raw_downloads/EEG/sbj_P_62.mat,293177.0,0.012615640726723326,0.00035285500349694786,0.028057195886993125,0.9996063968794789,0.015357232968137641,0.9998820776977809,0.025988169543544548,0.9996623075218878
1901,62,sbj_P_62,Lake_12,/mnt/HDD/AliWorks/I-DARE/raw_downloads/EEG/sbj_P_62.mat,302526.0,0.04474841250428503,0.0022988287092509385,0.05506924048075015,0.9984836893764363,0.04713631692479496,0.9988890838133825,0.04307327610804386,0.9990723464426604
1902,62,sbj_P_62,2314,/mnt/HDD/AliWorks/I-DARE/raw_downloads/EEG/sbj_P_62.mat,314116.0,0.011897874776743063,0.0003661983687452732,0.018691505496697347,0.9998253138111342,0.016517193900602814,0.999863591152825,0.015064310346926322,0.9998865332768857
1903,62,sbj_P_62,1750,/mnt/HDD/AliWorks/I-DARE/raw_downloads/EEG/sbj_P_62.mat,323338.0,0.01089745909970596,0.00027330586581462805,0.023635105763951687,0.9997206908877633,0.014560562505866959,0.9998939950097564,0.021428437554814033,0.9997704110319797
1904,62,sbj_P_62,8492,/mnt/HDD/AliWorks/I-DARE/raw_downloads/EEG/sbj_P_62.mat,333454.0,0.016975197221454106,0.0008129233537579149,0.018895648503484592,0.9998214772338171,0.018478848399883865,0.9998292660809078,0.013342052056168948,0.9999109948234655
1905,62,sbj_P_62,1441,/mnt/HDD/AliWorks/I-DARE/raw_downloads/EEG/sbj_P_62.mat,343094.0,0.01237260960210025,0.0003820825434065428,0.021017762004613676,0.9997791268401589,0.016961812350633064,0.9998561484608911,0.017575331838708748,0.9998455538553795
1906,62,sbj_P_62,Flowers_6,/mnt/HDD/AliWorks/I-DARE/raw_downloads/EEG/sbj_P_62.mat,353184.0,0.017727437444707776,0.0008049357356544919,0.02036964979038798,0.9997925386837091,0.020899050498661732,0.9997816148441278,0.01434224353002795,0.9998971500252634
1907,62,sbj_P_62,Yarn_1,/mnt/HDD/AliWorks/I-DARE/raw_downloads/EEG/sbj_P_62.mat,362668.0,0.011566321942582667,0.00043061284559793166,0.015517351410315513,0.9998796059026045,0.01615141883839896,0.9998695658347531,0.010256238704011288,0.9999474047838235
1908,62,sbj_P_62,9331,/mnt/HDD/AliWorks/I-DARE/raw_downloads/EEG/sbj_P_62.mat,372042.0,0.013764557063658133,0.00037282047251199345,0.016751714990234357,0.9998596900224429,0.015207127565344907,0.9998843716356056,0.013109110035430197,0.9999140756170397
1909,62,sbj_P_62,Beach_1,/mnt/HDD/AliWorks/I-DARE/raw_downloads/EEG/sbj_P_62.mat,380382.0,0.011371360353455547,0.00031322499863419755,0.020763443720557544,0.9997844397024312,0.013828633197667948,0.9999043844519419,0.018372046511900768,0.9998312339534826
1910,62,sbj_P_62,2491,/mnt/HDD/AliWorks/I-DARE/raw_downloads/EEG/sbj_P_62.mat,390418.0,0.014965116400026752,0.0004946773222226232,0.024753502755773024,0.9996936320506599,0.021682993560516967,0.9997649238951273,0.019430942966944042,0.9998112192277081
1911,62,sbj_P_62,9360,/mnt/HDD/AliWorks/I-DARE/raw_downloads/EEG/sbj_P_62.mat,399247.0,0.01473157229532841,0.0004846557560001108,0.02197172707258534,0.9997586216047234,0.019727905888141807,0.9998054048646344,0.017034685999987392,0.999854909736441
1912,62,sbj_P_62,Lake_3,/mnt/HDD/AliWorks/I-DARE/raw_downloads/EEG/sbj_P_62.mat,407453.0,0.0193619728997833,0.0008392743888699927,0.01970551422519367,0.99980584635456,0.02020175133425222,0.9997959446215141,0.013659967653301172,0.9999067026418553
1913,62,sbj_P_62,3170,/mnt/HDD/AliWorks/I-DARE/raw_downloads/EEG/sbj_P_62.mat,416325.0,0.018296125194963212,0.0005886885092360443,0.025815952297410485,0.9996667683034896,0.021530351217391098,0.9997682219882277,0.02129784593616276,0.9997732008792399
1914,62,sbj_P_62,8080,/mnt/HDD/AliWorks/I-DARE/raw_downloads/EEG/sbj_P_62.mat,425662.0,0.015234269256123924,0.0004930652245434308,0.02410930773606939,0.9997093706402439,0.020568596695008594,0.9997884664149991,0.019363037390333532,0.9998125363915104
1915,62,sbj_P_62,Snow_1,/mnt/HDD/AliWorks/I-DARE/raw_downloads/EEG/sbj_P_62.mat,435071.0,0.04690083049321123,0.0020801150177005116,0.03445202120107125,0.9994065291175811,0.04092366702012527,0.9991626267388132,0.019133262589962587,0.9998169591313321
1916,62,sbj_P_62,4220,/mnt/HDD/AliWorks/I-DARE/raw_downloads/EEG/sbj_P_62.mat,443853.0,0.029700984403302717,0.0014169553494586583,0.03411332067727966,0.9994181406761847,0.03948830945553363,0.9992203367081721,0.01902171773672928,0.9998190871271725
1917,62,sbj_P_62,5760,/mnt/HDD/AliWorks/I-DARE/raw_downloads/EEG/sbj_P_62.mat,452013.0,0.018520187205739752,0.0006954004825521804,0.025063038295279817,0.9996859220557046,0.021164571660777565,0.9997760304532078,0.02004688665648399,0.9997990611676915
1918,62,sbj_P_62,3063,/mnt/HDD/AliWorks/I-DARE/raw_downloads/EEG/sbj_P_62.mat,460089.0,0.015533795264944335,0.00036839926707210336,0.016098409822645283,0.9998704206005916,0.018114217474216328,0.9998359375626483,0.010327350356871724,0.999946672917303
1919,62,sbj_P_62,3080,/mnt/HDD/AliWorks/I-DARE/raw_downloads/EEG/sbj_P_62.mat,468569.0,0.014590259002069436,0.0003555091724616405,0.021829368577949555,0.999761739333744,0.01845934771944585,0.9998296262408866,0.017602590215559592,0.9998450744088514
1920,63,sbj_P_63,Dummy_1,/mnt/HDD/AliWorks/I-DARE/raw_downloads/EEG/sbj_P_63.mat,177814.0,0.019836106502901688,0.0007499492739627493,0.02821898299998455,0.9996018444992227,0.024910681348558773,0.9996897289773757,0.022177044168577593,0.9997540893559729
1921,63,sbj_P_63,3053,/mnt/HDD/AliWorks/I-DARE/raw_downloads/EEG/sbj_P_63.mat,189357.0,0.016346128955231375,0.0005692826386822921,0.024611853201294408,0.9996971283409986,0.023448810990935515,0.999725076631556,0.018186136189924932,0.9998346322252407
1922,63,sbj_P_63,Tumor_1,/mnt/HDD/AliWorks/I-DARE/raw_downloads/EEG/sbj_P_63.mat,198491.0,0.01588302022414166,0.0005437535785667857,0.028295723196167345,0.9995996760244027,0.023849447957999346,0.9997156019160484,0.022984157834323286,0.9997358642443226
1923,63,sbj_P_63,Dog_18,/mnt/HDD/AliWorks/I-DARE/raw_downloads/EEG/sbj_P_63.mat,207647.0,0.015735071401679276,0.0005125847105958194,0.02884899487022893,0.9995838677474888,0.022828159213908506,0.9997394375734523,0.024367498971474156,0.9997031124969373
1924,63,sbj_P_63,Miserable_pose_3,/mnt/HDD/AliWorks/I-DARE/raw_downloads/EEG/sbj_P_63.mat,217315.0,0.012829164158666282,0.0004174747090630536,0.022131581527432963,0.9997550965495468,0.018883918383717006,0.9998216988132385,0.017925235706619632,0.9998393429624306
1925,63,sbj_P_63,Pinecone_1,/mnt/HDD/AliWorks/I-DARE/raw_downloads/EEG/sbj_P_63.mat,227072.0,0.014119992001754357,0.00040066972918890125,0.023220639509121073,0.9997304009503941,0.02032704605736172,0.9997934055992906,0.01872675721630508,0.9998246542820802
1926,63,sbj_P_63,Garbage_dump_6,/mnt/HDD/AliWorks/I-DARE/raw_downloads/EEG/sbj_P_63.mat,234896.0,0.012433736132490701,0.00029849502567418085,0.01978514852856982,0.9998042739488511,0.016820394694524322,0.9998585371611607,0.016247606543872296,0.9998680076407976
1927,63,sbj_P_63,Depressed_pose_4,/mnt/HDD/AliWorks/I-DARE/raw_downloads/EEG/sbj_P_63.mat,244280.0,0.009613754900764299,0.00020205037420233693,0.018078608197116753,0.9998365819628278,0.013964836774390154,0.9999024916669322,0.015414895749854123,0.9998811904945102
1928,63,sbj_P_63,Angry_face_1,/mnt/HDD/AliWorks/I-DARE/raw_downloads/EEG/sbj_P_63.mat,252608.0,0.009802490194758998,0.00019124320545911314,0.019850476762269767,0.9998029792861552,0.014332222676474701,0.9998972936965765,0.01741320801846634,0.9998483900932527
1929,63,sbj_P_63,Dog_26,/mnt/HDD/AliWorks/I-DARE/raw_downloads/EEG/sbj_P_63.mat,262395.0,0.009786475322530071,0.0002217791889974607,0.026804918691521594,0.99964074816697,0.014586766089860388,0.9998936131275196,0.025193701627986252,0.9996826386991402
1930,63,sbj_P_63,8370,/mnt/HDD/AliWorks/I-DARE/raw_downloads/EEG/sbj_P_63.mat,272234.0,0.011095350095223933,0.00024116775159908145,0.026633805273655685,0.9996453202083225,0.01606124557980187,0.9998710181952126,0.0246037559558843,0.9996973275964316
1931,63,sbj_P_63,Dog_6,/mnt/HDD/AliWorks/I-DARE/raw_downloads/EEG/sbj_P_63.mat,281117.0,0.016279451494047924,0.0006315355682434511,0.026345899846974875,0.9996529467806267,0.023024461566577496,0.9997349370847848,0.020648109736065585,0.9997868277821635
1932,63,sbj_P_63,9220,/mnt/HDD/AliWorks/I-DARE/raw_downloads/EEG/sbj_P_63.mat,289940.0,0.015406426456550437,0.00045515044217730224,0.0224430024951575,0.9997481558195013,0.020647416342838103,0.999786842099183,0.017009715178281388,0.9998553347947762
1933,63,sbj_P_63,Lake_12,/mnt/HDD/AliWorks/I-DARE/raw_downloads/EEG/sbj_P_63.mat,298604.0,0.01806740419992439,0.0006229113595437889,0.024176976767815942,0.9997077368971843,0.024974084102029493,0.9996881475616326,0.017335235429606702,0.9998497448063
1934,63,sbj_P_63,2314,/mnt/HDD/AliWorks/I-DARE/raw_downloads/EEG/sbj_P_63.mat,307936.0,0.01716507078981559,0.0006082170709395071,0.023952972159831363,0.9997131275623548,0.024213198720287293,0.9997068605038657,0.016979810205172457,0.9998558430226983
1935,63,sbj_P_63,1750,/mnt/HDD/AliWorks/I-DARE/raw_downloads/EEG/sbj_P_63.mat,316658.0,0.017618827348145488,0.0005711505520268565,0.026264281135250495,0.9996550937682245,0.020938842466643758,0.9997807824380783,0.021962140411364905,0.9997588321942755
1936,63,sbj_P_63,8492,/mnt/HDD/AliWorks/I-DARE/raw_downloads/EEG/sbj_P_63.mat,325507.0,0.015285282131215506,0.000478824484836553,0.018542443517966335,0.9998280888941912,0.01995595141869278,0.999800880001487,0.011907301528230819,0.999929108085158
1937,63,sbj_P_63,1441,/mnt/HDD/AliWorks/I-DARE/raw_downloads/EEG/sbj_P_63.mat,335328.0,0.013370005119886081,0.0004151318521208609,0.02350596547958421,0.9997237347934359,0.01858443281800416,0.9998273094284168,0.019544166455591483,0.9998090127787777
1938,63,sbj_P_63,Flowers_6,/mnt/HDD/AliWorks/I-DARE/raw_downloads/EEG/sbj_P_63.mat,342795.0,0.014514569877595768,0.0003677620102913538,0.030844656015591696,0.9995243035976396,0.018276235252317134,0.9998329896125008,0.028235516943022846,0.9996013777914797
1939,63,sbj_P_63,Yarn_1,/mnt/HDD/AliWorks/I-DARE/raw_downloads/EEG/sbj_P_63.mat,351861.0,0.010089406232849018,0.0002978591832336409,0.020487596335773562,0.9997901291981913,0.01646406784465845,0.999864467235003,0.016847934227324057,0.9998580735561363
1940,63,sbj_P_63,9331,/mnt/HDD/AliWorks/I-DARE/raw_downloads/EEG/sbj_P_63.mat,360496.0,0.01385137356674988,0.0004066311058067169,0.02086471517998849,0.9997823318302288,0.020416342199399064,0.9997915864855981,0.01479972547974062,0.9998904840628622
1941,63,sbj_P_63,Beach_1,/mnt/HDD/AliWorks/I-DARE/raw_downloads/EEG/sbj_P_63.mat,370072.0,0.01385136094166414,0.00042543370831245325,0.020253416434831216,0.999794899561358,0.01846016633390093,0.9998296111294617,0.015731165724265552,0.9998762652124773
1942,63,sbj_P_63,2491,/mnt/HDD/AliWorks/I-DARE/raw_downloads/EEG/sbj_P_63.mat,378264.0,0.0667823929318505,0.0027831235964806385,0.051976451796251155,0.9986492242293362,0.06380602966036475,0.9979643952894911,0.023753322291021867,0.9997178898400693
1943,63,sbj_P_63,9360,/mnt/HDD/AliWorks/I-DARE/raw_downloads/EEG/sbj_P_63.mat,386766.0,0.014164877558599812,0.00048654383684464326,0.024233947276789677,0.9997063578996928,0.02029800737060628,0.9997939954483918,0.019205657676394698,0.9998155713566087
1944,63,sbj_P_63,Lake_3,/mnt/HDD/AliWorks/I-DARE/raw_downloads/EEG/sbj_P_63.mat,395811.0,0.009472520216689893,0.00022588871661197076,0.014734036472672737,0.9998914540846111,0.014826608670307658,0.9998900858376687,0.010869215195763914,0.9999409300805135
1945,63,sbj_P_63,3170,/mnt/HDD/AliWorks/I-DARE/raw_downloads/EEG/sbj_P_63.mat,404762.0,0.009603350062907584,0.00019271363684844064,0.01702145421775177,0.9998551350481565,0.0141619167980397,0.9998997200563025,0.014360267117934106,0.9998968913641502
1946,63,sbj_P_63,8080,/mnt/HDD/AliWorks/I-DARE/raw_downloads/EEG/sbj_P_63.mat,414337.0,0.009315427796082474,0.00018765408386173894,0.014589847084916336,0.9998935681810193,0.012373058580372654,0.9999234537106833,0.012019742437502517,0.9999277628958686
1947,63,sbj_P_63,Snow_1,/mnt/HDD/AliWorks/I-DARE/raw_downloads/EEG/sbj_P_63.mat,422449.0,0.012276652304446484,0.0002214397878644436,0.016336782695860825,0.9998665547655741,0.014833187091160166,0.9998899882803592,0.013460756867145209,0.9999094040122811
1948,63,sbj_P_63,4220,/mnt/HDD/AliWorks/I-DARE/raw_downloads/EEG/sbj_P_63.mat,429978.0,0.01262763793975666,0.00039202952508363446,0.01887944730605258,0.9998217832347088,0.01729318565355747,0.999850472864976,0.014366823770649295,0.9998967971873725
1949,63,sbj_P_63,5760,/mnt/HDD/AliWorks/I-DARE/raw_downloads/EEG/sbj_P_63.mat,437570.0,0.0128232638549014,0.0003288173229018585,0.022314678426976705,0.9997510275633504,0.017839269058100037,0.9998408802397365,0.018700480189448046,0.9998251460203417
1950,63,sbj_P_63,3063,/mnt/HDD/AliWorks/I-DARE/raw_downloads/EEG/sbj_P_63.mat,445688.0,0.01174806437122679,0.00022666186970646984,0.0175015833593055,0.9998468472899581,0.014984953548833018,0.9998877255835693,0.014736768995248086,0.9998914138197909
1951,63,sbj_P_63,3080,/mnt/HDD/AliWorks/I-DARE/raw_downloads/EEG/sbj_P_63.mat,455450.0,0.013143013979308516,0.00033760023023179085,0.025337197085753778,0.9996790132219189,0.01768787880306924,0.9998435694717243,0.022371282730084464,0.9997497628545051
1952,64,sbj_P_64,Dummy_1,/mnt/HDD/AliWorks/I-DARE/raw_downloads/EEG/sbj_P_64.mat,165643.0,0.05848669457234904,0.004089100167087416,0.057841568909732424,0.9983271764530309,0.0716906123884108,0.9974302280476876,0.028641063220025836,0.9995898447488136
1953,64,sbj_P_64,3053,/mnt/HDD/AliWorks/I-DARE/raw_downloads/EEG/sbj_P_64.mat,183883.0,0.016860742361822913,0.0008274121888896035,0.02230788439344139,0.9997511791469448,0.022562600641744555,0.9997454645261405,0.015416836194865254,0.9998811605808703
1954,64,sbj_P_64,Tumor_1,/mnt/HDD/AliWorks/I-DARE/raw_downloads/EEG/sbj_P_64.mat,194181.0,0.016913161751710464,0.0010882928098650498,0.02411042413378203,0.9997093437240444,0.023765526305804904,0.9997175998797042,0.016534613188932467,0.9998633032833465
1955,64,sbj_P_64,Dog_18,/mnt/HDD/AliWorks/I-DARE/raw_downloads/EEG/sbj_P_64.mat,203872.0,0.022604169153663346,0.001250222825123836,0.0271724779356749,0.9996308282214174,0.026917533092521206,0.9996377232061068,0.019545785454810078,0.9998089811354769
1956,64,sbj_P_64,Miserable_pose_3,/mnt/HDD/AliWorks/I-DARE/raw_downloads/EEG/sbj_P_64.mat,212447.0,0.01382740879889583,0.0005562706201901842,0.025665337081750023,0.9996706452362403,0.022988253530454382,0.9997357700998099,0.02007952376780522,0.9997984063626292
1957,64,sbj_P_64,Pinecone_1,/mnt/HDD/AliWorks/I-DARE/raw_downloads/EEG/sbj_P_64.mat,221559.0,0.01028754582716114,0.000338400352254062,0.02258759959474083,0.9997449001722742,0.01791321300806179,0.9998395583998643,0.019289294011723062,0.9998139615682649
1958,64,sbj_P_64,Garbage_dump_6,/mnt/HDD/AliWorks/I-DARE/raw_downloads/EEG/sbj_P_64.mat,230248.0,0.02278324434001299,0.0010907975504481028,0.03566710293221604,0.9993639288842109,0.03520368705311358,0.9993803502089336,0.025991838782856425,0.9996622121583435
1959,64,sbj_P_64,Depressed_pose_4,/mnt/HDD/AliWorks/I-DARE/raw_downloads/EEG/sbj_P_64.mat,239259.0,0.022586010868765938,0.0013674148192367743,0.026740548490341413,0.9996424715332181,0.027081296437780965,0.9996333016916241,0.018000942123086307,0.9998379830413405
1960,64,sbj_P_64,Angry_face_1,/mnt/HDD/AliWorks/I-DARE/raw_downloads/EEG/sbj_P_64.mat,247174.0,0.01249999312630899,0.000623303604575455,0.022798653450132704,0.9997401107004305,0.018041941623348066,0.99983724417123,0.018828102262087462,0.9998227512826048
1961,64,sbj_P_64,Dog_26,/mnt/HDD/AliWorks/I-DARE/raw_downloads/EEG/sbj_P_64.mat,255586.0,0.012063168995286713,0.0004554668369039009,0.03035740982394975,0.99953921383439,0.021945786301836342,0.9997591912317967,0.02693644955167617,0.9996372138427749
1962,64,sbj_P_64,8370,/mnt/HDD/AliWorks/I-DARE/raw_downloads/EEG/sbj_P_64.mat,264978.0,0.08268610561941472,0.007170797420355737,0.0670369291833338,0.9977530250628336,0.08271321467247363,0.9965792620592725,0.028721911996633098,0.999587525885628
1963,64,sbj_P_64,Dog_6,/mnt/HDD/AliWorks/I-DARE/raw_downloads/EEG/sbj_P_64.mat,272993.0,0.052142466818229996,0.0026434476878943384,0.03888244942463785,0.9992440775633701,0.04484686884726429,0.9989943791772986,0.020955558891880957,0.9997804322757645
1964,64,sbj_P_64,9220,/mnt/HDD/AliWorks/I-DARE/raw_downloads/EEG/sbj_P_64.mat,282382.0,0.007872796697071763,0.00037244715137285265,0.01875116374722034,0.9998241969290632,0.01866537826681609,0.9998258018270779,0.013165972520991224,0.9999133285837878
1965,64,sbj_P_64,Lake_12,/mnt/HDD/AliWorks/I-DARE/raw_downloads/EEG/sbj_P_64.mat,292411.0,0.01435585895016788,0.0008440021510433404,0.038114942364946586,0.9992736255842579,0.0317852931647374,0.9994948475692159,0.02990836446412299,0.9995527448675405
1966,64,sbj_P_64,2314,/mnt/HDD/AliWorks/I-DARE/raw_downloads/EEG/sbj_P_64.mat,301866.0,0.05597869768861739,0.003930363810346664,0.057560377784758046,0.998343401454638,0.07200423858989145,0.9974076948125451,0.02889596770115729,0.9995825115253072
1967,64,sbj_P_64,1750,/mnt/HDD/AliWorks/I-DARE/raw_downloads/EEG/sbj_P_64.mat,310077.0,0.03641565268694823,0.003116633570044111,0.04963919819976484,0.9987679750010421,0.04957451176379228,0.9987711838916902,0.03465968333426916,0.9993993531755841
1968,64,sbj_P_64,8492,/mnt/HDD/AliWorks/I-DARE/raw_downloads/EEG/sbj_P_64.mat,318543.0,0.015584737246308343,0.0007448557907107558,0.026821832469707367,0.9996402946514835,0.02956178173039806,0.9995630505304621,0.016793777505703253,0.9998589845185444
1969,64,sbj_P_64,1441,/mnt/HDD/AliWorks/I-DARE/raw_downloads/EEG/sbj_P_64.mat,327629.0,0.01452948240185177,0.0006576598021684883,0.026979244716657937,0.9996360601772596,0.02939512714876811,0.999567963249954,0.017360865241639746,0.9998493001790305
1970,64,sbj_P_64,Flowers_6,/mnt/HDD/AliWorks/I-DARE/raw_downloads/EEG/sbj_P_64.mat,338016.0,0.04161480346672052,0.0034890559168478017,0.0500151318729857,0.9987492432918647,0.06032087088632463,0.9981806962677583,0.024411225218236663,0.999702046041672
1971,64,sbj_P_64,Yarn_1,/mnt/HDD/AliWorks/I-DARE/raw_downloads/EEG/sbj_P_64.mat,346857.0,0.1323279577909634,0.010708749575566136,0.10160875304498672,0.9948378306523218,0.11218140434229079,0.9937076662598947,0.05574397026222606,0.9984463048897022
1972,64,sbj_P_64,9331,/mnt/HDD/AliWorks/I-DARE/raw_downloads/EEG/sbj_P_64.mat,356653.0,0.026488613714708325,0.0016013723021967529,0.03817142182087836,0.9992714712780866,0.04579748427758168,0.9989512952169225,0.01948095470687571,0.9998102462018543
1973,64,sbj_P_64,Beach_1,/mnt/HDD/AliWorks/I-DARE/raw_downloads/EEG/sbj_P_64.mat,365007.0,0.037067584432896886,0.0019153662531607247,0.0420086891929089,0.9991176350161469,0.05127889729535616,0.9986852373460854,0.023155243619479658,0.9997319173464612
1974,64,sbj_P_64,2491,/mnt/HDD/AliWorks/I-DARE/raw_downloads/EEG/sbj_P_64.mat,372752.0,0.07414786028032716,0.005466633903463747,0.07662734344069866,0.9970641251186111,0.08825752494604193,0.9961053046451999,0.03920992791385481,0.9992312907764953
1975,64,sbj_P_64,9360,/mnt/HDD/AliWorks/I-DARE/raw_downloads/EEG/sbj_P_64.mat,381912.0,0.012552524183421473,0.0004344323183830468,0.024016460139110296,0.9997116048211933,0.022009150978048713,0.9997577986366136,0.01885916397844478,0.9998221659670173
1976,64,sbj_P_64,Lake_3,/mnt/HDD/AliWorks/I-DARE/raw_downloads/EEG/sbj_P_64.mat,390099.0,0.10297973181638986,0.009243718887088944,0.09141155850311784,0.9958219634860155,0.10824637473368687,0.9941413611785068,0.03878846638024854,0.9992477274379342
1977,64,sbj_P_64,3170,/mnt/HDD/AliWorks/I-DARE/raw_downloads/EEG/sbj_P_64.mat,398796.0,0.027605749759129997,0.0017125651585723073,0.03736559884249205,0.9993019060115705,0.04462857013247393,0.9990041453639659,0.01907883087871772,0.9998179991061509
1978,64,sbj_P_64,8080,/mnt/HDD/AliWorks/I-DARE/raw_downloads/EEG/sbj_P_64.mat,409045.0,0.024609898451807492,0.0012395689068527569,0.040752204556759215,0.9991696289118827,0.041885858722084286,0.9991227874195566,0.029264290213275503,0.9995718006591564
1979,64,sbj_P_64,Snow_1,/mnt/HDD/AliWorks/I-DARE/raw_downloads/EEG/sbj_P_64.mat,417784.0,0.02736872552144605,0.001727735703397468,0.05863405432663769,0.9982810238366102,0.05890584316056629,0.9982650508207713,0.03890826302001049,0.9992430735343828
1980,64,sbj_P_64,4220,/mnt/HDD/AliWorks/I-DARE/raw_downloads/EEG/sbj_P_64.mat,425873.0,0.04500920659378661,0.0035079837010459918,0.05742389206623021,0.9983512483099828,0.06303468037717358,0.9980133145348739,0.03272490406037057,0.9994645403271195
1981,64,sbj_P_64,5760,/mnt/HDD/AliWorks/I-DARE/raw_downloads/EEG/sbj_P_64.mat,433758.0,0.029798316357439354,0.0018030152983972568,0.041459645773154793,0.9991405488861823,0.04377028707151422,0.9990420809848382,0.02392407376028875,0.9997138193473564
1982,64,sbj_P_64,3063,/mnt/HDD/AliWorks/I-DARE/raw_downloads/EEG/sbj_P_64.mat,441394.0,0.015874292859729355,0.0007594221842443681,0.03234309797978407,0.9994769620065358,0.030280721490739924,0.9995415389530009,0.023944786338063632,0.9997133236036128
1983,64,sbj_P_64,3080,/mnt/HDD/AliWorks/I-DARE/raw_downloads/EEG/sbj_P_64.mat,449919.0,0.01274644518864008,0.0005671842393616182,0.025909470929017114,0.999664349658089,0.027380117029586003,0.9996251645957233,0.017871430987137477,0.9998403059772362
1984,65,sbj_P_65,Dummy_1,/mnt/HDD/AliWorks/I-DARE/raw_downloads/EEG/sbj_P_65.mat,162938.0,0.01870682934946328,0.00085001154718136,0.02300654757470032,0.9997353493843467,0.02163653156753027,0.9997659302508637,0.016956914187525325,0.9998562315306189
1985,65,sbj_P_65,3053,/mnt/HDD/AliWorks/I-DARE/raw_downloads/EEG/sbj_P_65.mat,179748.0,0.015868261932307552,0.0005877004531208616,0.03813174021860251,0.9992729851939501,0.02546975507183946,0.9996756457882905,0.03412654107443969,0.9994176895971476
1986,65,sbj_P_65,Tumor_1,/mnt/HDD/AliWorks/I-DARE/raw_downloads/EEG/sbj_P_65.mat,189037.0,0.01302174964168503,0.0005213547989960201,0.039023952595282754,0.9992385655619206,0.022536791939563493,0.999746046504536,0.035692037735497326,0.9993630392211443
1987,65,sbj_P_65,Dog_18,/mnt/HDD/AliWorks/I-DARE/raw_downloads/EEG/sbj_P_65.mat,200789.0,0.057423821978742316,0.0023696740468205253,0.04263271883283077,0.9990912256424608,0.0565596323937437,0.9984005039917425,0.023987769446564645,0.9997122934584898
1988,65,sbj_P_65,Miserable_pose_3,/mnt/HDD/AliWorks/I-DARE/raw_downloads/EEG/sbj_P_65.mat,213528.0,0.06869388717925458,0.003907025043020245,0.04838609339378761,0.9988293929830435,0.05682044249677215,0.9983857186572352,0.027252756233717656,0.9996286436388327
1989,65,sbj_P_65,Pinecone_1,/mnt/HDD/AliWorks/I-DARE/raw_downloads/EEG/sbj_P_65.mat,231708.0,0.02665469219384154,0.001310186658922584,0.02774171480015404,0.9996151986299737,0.02886603915025329,0.999583375891888,0.019395058796833498,0.9998119158471342
1990,65,sbj_P_65,Garbage_dump_6,/mnt/HDD/AliWorks/I-DARE/raw_downloads/EEG/sbj_P_65.mat,241754.0,0.014305396486071376,0.0004635715102121793,0.01907566897494481,0.9998180594265794,0.020354824521741102,0.9997928405593444,0.01406155755675323,0.9999011362995388
1991,65,sbj_P_65,Depressed_pose_4,/mnt/HDD/AliWorks/I-DARE/raw_downloads/EEG/sbj_P_65.mat,252949.0,0.007258426851787324,0.00022455909847128892,0.012645634089805824,0.9999200439692348,0.011273063246219468,0.9999364590225243,0.010256233787518476,0.9999474048342479
1992,65,sbj_P_65,Angry_face_1,/mnt/HDD/AliWorks/I-DARE/raw_downloads/EEG/sbj_P_65.mat,261468.0,0.01630525078186861,0.000533157337112822,0.029664538868870525,0.9995600075668488,0.023016785780879054,0.9997351137861585,0.026079955249621006,0.9996599179670893
1993,65,sbj_P_65,Dog_26,/mnt/HDD/AliWorks/I-DARE/raw_downloads/EEG/sbj_P_65.mat,274334.0,0.014969850601070497,0.0008166594005566914,0.01503499172622414,0.9998869745118961,0.01497306672362165,0.9998879036364451,0.010200564074618241,0.9999479742462797
1994,65,sbj_P_65,8370,/mnt/HDD/AliWorks/I-DARE/raw_downloads/EEG/sbj_P_65.mat,282494.0,0.009594414611532518,0.00027674602981647337,0.013806624811377666,0.9999046885556585,0.012811285335342521,0.9999179354840277,0.0109804180436014,0.9999397152097942
1995,65,sbj_P_65,Dog_6,/mnt/HDD/AliWorks/I-DARE/raw_downloads/EEG/sbj_P_65.mat,291461.0,0.016821572009073714,0.0005900295081157155,0.023846194476700635,0.9997156795044901,0.023575354071557357,0.9997221013402007,0.017695199296360313,0.9998434399609313
1996,65,sbj_P_65,9220,/mnt/HDD/AliWorks/I-DARE/raw_downloads/EEG/sbj_P_65.mat,302821.0,0.011136620673066859,0.0003118554729610486,0.018881478644262685,0.9998217448821028,0.013625652918891947,0.9999071707912673,0.016728471249987213,0.999860079124819
1997,65,sbj_P_65,Lake_12,/mnt/HDD/AliWorks/I-DARE/raw_downloads/EEG/sbj_P_65.mat,311979.0,0.014819172969953304,0.0005363735956284921,0.022255335272032,0.9997523500259651,0.01842812447773757,0.9998302021141167,0.018222068505208,0.9998339781096967
1998,65,sbj_P_65,2314,/mnt/HDD/AliWorks/I-DARE/raw_downloads/EEG/sbj_P_65.mat,321834.0,0.013220620681318507,0.00044486654705461155,0.018023536941258918,0.9998375760580633,0.02117541499224185,0.999775800899953,0.011475593782901214,0.9999341553736649
1999,65,sbj_P_65,1750,/mnt/HDD/AliWorks/I-DARE/raw_downloads/EEG/sbj_P_65.mat,329902.0,0.01340262340057819,0.0004334673139414318,0.015321547911493113,0.9998826250847979,0.015520235525796636,0.9998795611446116,0.011318521965842467,0.9999359455302543
2000,65,sbj_P_65,8492,/mnt/HDD/AliWorks/I-DARE/raw_downloads/EEG/sbj_P_65.mat,340809.0,0.014005857301254185,0.0005029382649307576,0.019784196942209026,0.9998042927756757,0.021707894882244203,0.9997643836498903,0.013411827584759976,0.9999100614404179
2001,65,sbj_P_65,1441,/mnt/HDD/AliWorks/I-DARE/raw_downloads/EEG/sbj_P_65.mat,350605.0,0.016506828903149022,0.00047588321162191967,0.027466078347429913,0.9996228072701061,0.021863191346422395,0.9997610004320749,0.023978403883378328,0.9997125180736028
2002,65,sbj_P_65,Flowers_6,/mnt/HDD/AliWorks/I-DARE/raw_downloads/EEG/sbj_P_65.mat,360091.0,0.013582086673650084,0.000517042252105238,0.018108148173888994,0.999836047484856,0.01678362728222199,0.9998591549276257,0.014205527108326194,0.9998991014997866
2003,65,sbj_P_65,Yarn_1,/mnt/HDD/AliWorks/I-DARE/raw_downloads/EEG/sbj_P_65.mat,368842.0,0.01231310289185735,0.00041742095093920135,0.019134463917216193,0.9998169361453004,0.01745422096813431,0.9998476750851979,0.015311473488020236,0.9998827793898125
2004,65,sbj_P_65,9331,/mnt/HDD/AliWorks/I-DARE/raw_downloads/EEG/sbj_P_65.mat,377798.0,0.01397888289546145,0.00045087917686182077,0.018918994168418975,0.9998210358298266,0.019214367640952416,0.9998154040380792,0.014013749041961334,0.9999018074188943
2005,65,sbj_P_65,Beach_1,/mnt/HDD/AliWorks/I-DARE/raw_downloads/EEG/sbj_P_65.mat,386093.0,0.07022773727778174,0.005195553322182163,0.06830090543807661,0.9976674931581688,0.08623258981508873,0.9962819702268909,0.02946455645129868,0.9995659199565637
2006,65,sbj_P_65,2491,/mnt/HDD/AliWorks/I-DARE/raw_downloads/EEG/sbj_P_65.mat,393801.0,0.0221819851005507,0.0010386224168924326,0.022663108945389546,0.9997431917464648,0.02440067972211799,0.9997023034145496,0.014243132143593231,0.9998985665933702
2007,65,sbj_P_65,9360,/mnt/HDD/AliWorks/I-DARE/raw_downloads/EEG/sbj_P_65.mat,401838.0,0.017014242551505153,0.0006002631182638458,0.021856157760776963,0.9997611541839679,0.02228133305746196,0.9997517710985915,0.01569195169021689,0.9998768813260762
2008,65,sbj_P_65,Lake_3,/mnt/HDD/AliWorks/I-DARE/raw_downloads/EEG/sbj_P_65.mat,410489.0,0.051722483922205395,0.003138563478220098,0.043252732220642236,0.999064600577724,0.0501799900481723,0.9987409842993821,0.023787384927201855,0.9997170801591622
2009,65,sbj_P_65,3170,/mnt/HDD/AliWorks/I-DARE/raw_downloads/EEG/sbj_P_65.mat,420521.0,0.020428085080507214,0.0008510342839180043,0.023159701321418744,0.9997318141173512,0.025773868340232334,0.9996678538553896,0.014484880839933443,0.9998950941135263
2010,65,sbj_P_65,8080,/mnt/HDD/AliWorks/I-DARE/raw_downloads/EEG/sbj_P_65.mat,430334.0,0.1272132601520869,0.012173878732652773,0.07302617031231606,0.9973335892247589,0.08167043061660084,0.9966649703814486,0.029819765612734882,0.9995553907894004
2011,65,sbj_P_65,Snow_1,/mnt/HDD/AliWorks/I-DARE/raw_downloads/EEG/sbj_P_65.mat,443188.0,0.1067146005002876,0.007773427614480356,0.06880495211406863,0.9976329392822904,0.08437437568931833,0.9964404823635189,0.032263330934676156,0.9994795387384994
2012,65,sbj_P_65,4220,/mnt/HDD/AliWorks/I-DARE/raw_downloads/EEG/sbj_P_65.mat,454417.0,0.01649502446694994,0.0008289684339951124,0.021167434054518517,0.999775969867774,0.018814412205938387,0.9998230089466731,0.016349270408018115,0.9998663506785629
2013,65,sbj_P_65,5760,/mnt/HDD/AliWorks/I-DARE/raw_downloads/EEG/sbj_P_65.mat,462785.0,0.01219672577042933,0.0004606732527318463,0.02962946478383713,0.9995610474083109,0.01764432278769845,0.9998443389366816,0.027042222062568462,0.9996343591129592
2014,65,sbj_P_65,3063,/mnt/HDD/AliWorks/I-DARE/raw_downloads/EEG/sbj_P_65.mat,471760.0,0.04826411714423064,0.0043628342162798164,0.05285573815437739,0.998603135472078,0.058882083757251555,0.9982664501062023,0.022772724138957597,0.999740701517646
2015,65,sbj_P_65,3080,/mnt/HDD/AliWorks/I-DARE/raw_downloads/EEG/sbj_P_65.mat,481256.0,0.026592904781201056,0.001118673296642323,0.02599611824324881,0.9996621009181416,0.026904492041232273,0.9996380741540016,0.01814366427326219,0.9998354037233695
