source_id,family,modality,representation,task,policy,recipe,fold_id,n,accuracy,balanced_accuracy,macro_f1,majority_accuracy,true_0,true_1,pred_0,pred_1,tn,fp,fn,tp,one_class_pred,prob1_mean,prob1_std,prob1_q05,prob1_median,prob1_q95,brier,ece_10,best_threshold,best_threshold_macro_f1,best_threshold_balanced_accuracy,best_threshold_accuracy,best_threshold_pred_0,best_threshold_pred_1,threshold_macro_f1_gain,threshold_balanced_accuracy_gain,prediction_skew_abs
broader_eeg_bsl_stats,broader_primary,EEG,STIM-BSL-plus-BSL-stats,arousal,midpoint_as_high,balanced_sampler_ce,1,352,0.5170454545454546,0.5318111429606932,0.5166553584698395,0.5710227272727273,201,151,141,211,86,115,55,96,False,,,,,,,,,,,,0,0,,,0.09943181818181823
broader_eeg_bsl_stats,broader_primary,EEG,STIM-BSL-plus-BSL-stats,arousal,midpoint_as_high,balanced_sampler_ce,2,352,0.5113636363636364,0.5161522129674996,0.5113005295105257,0.5539772727272727,195,157,161,191,92,103,69,88,False,,,,,,,,,,,,0,0,,,0.042613636363636354
broader_eeg_bsl_stats,broader_primary,EEG,STIM-BSL-plus-BSL-stats,arousal,midpoint_as_high,balanced_sampler_ce,3,352,0.5568181818181818,0.553976814027836,0.5426286856571714,0.5085227272727273,173,179,117,235,67,106,50,129,False,,,,,,,,,,,,0,0,,,0.16761363636363635
broader_eeg_bsl_stats,broader_primary,EEG,STIM-BSL-plus-BSL-stats,arousal,midpoint_as_high,balanced_sampler_ce,4,320,0.546875,0.5502463054187192,0.5467643467643467,0.546875,175,145,150,170,90,85,60,85,False,,,,,,,,,,,,0,0,,,0.03125
broader_eeg_bsl_stats,broader_primary,EEG,STIM-BSL-plus-BSL-stats,arousal,midpoint_as_high,balanced_sampler_ce,5,320,0.534375,0.5331372549019608,0.5330571632830938,0.53125,170,150,167,153,94,76,73,77,False,,,,,,,,,,,,0,0,,,0.021874999999999978
broader_eeg_bsl_stats,broader_primary,EEG,STIM-BSL-plus-BSL-stats,arousal,midpoint_as_high,balanced_sampler_ce,6,320,0.53125,0.5708726610365955,0.530791788856305,0.61875,198,122,112,208,80,118,32,90,False,,,,,,,,,,,,0,0,,,0.15000000000000002
broader_eeg_bsl_stats,broader_primary,EEG,STIM-BSL-plus-BSL-stats,arousal,midpoint_as_high,ce_class_weighted,1,352,0.5511363636363636,0.5147112121511648,0.4964508184847168,0.5710227272727273,201,151,267,85,155,46,112,39,False,,,,,,,,,,,,0,0,,,0.2585227272727273
broader_eeg_bsl_stats,broader_primary,EEG,STIM-BSL-plus-BSL-stats,arousal,midpoint_as_high,ce_class_weighted,2,352,0.5056818181818182,0.5346072186836518,0.48282500759955416,0.5539772727272727,195,157,83,269,52,143,31,126,False,,,,,,,,,,,,0,0,,,0.2642045454545454
broader_eeg_bsl_stats,broader_primary,EEG,STIM-BSL-plus-BSL-stats,arousal,midpoint_as_high,ce_class_weighted,3,352,0.5170454545454546,0.5133206316401331,0.4907407407407407,0.5085227272727273,173,179,99,253,51,122,48,131,False,,,,,,,,,,,,0,0,,,0.21875
broader_eeg_bsl_stats,broader_primary,EEG,STIM-BSL-plus-BSL-stats,arousal,midpoint_as_high,ce_class_weighted,4,320,0.534375,0.5222660098522167,0.519117305927323,0.546875,175,145,202,118,114,61,88,57,False,,,,,,,,,,,,0,0,,,0.13124999999999998
broader_eeg_bsl_stats,broader_primary,EEG,STIM-BSL-plus-BSL-stats,arousal,midpoint_as_high,ce_class_weighted,5,320,0.51875,0.5231372549019608,0.5180722891566265,0.53125,170,150,138,182,77,93,61,89,False,,,,,,,,,,,,0,0,,,0.06874999999999998
broader_eeg_bsl_stats,broader_primary,EEG,STIM-BSL-plus-BSL-stats,arousal,midpoint_as_high,ce_class_weighted,6,320,0.528125,0.5557625434674615,0.528009768009768,0.61875,198,122,127,193,87,111,40,82,False,,,,,,,,,,,,0,0,,,0.10312500000000002
broader_eeg_bsl_stats,broader_primary,EEG,STIM-BSL-plus-BSL-stats,valence,midpoint_as_high,balanced_sampler_ce,1,352,0.4971590909090909,0.5341669137754934,0.47940741483468274,0.5710227272727273,151,201,266,86,120,31,146,55,False,,,,,,,,,,,,0,0,,,0.2556818181818182
broader_eeg_bsl_stats,broader_primary,EEG,STIM-BSL-plus-BSL-stats,valence,midpoint_as_high,balanced_sampler_ce,2,352,0.5710227272727273,0.5028484366719661,0.421399257590107,0.5795454545454546,148,204,25,327,11,137,14,190,False,,,,,,,,,,,,0,0,,,0.4289772727272727
broader_eeg_bsl_stats,broader_primary,EEG,STIM-BSL-plus-BSL-stats,valence,midpoint_as_high,balanced_sampler_ce,3,352,0.4744318181818182,0.4651440287721421,0.4640461552389653,0.5994318181818182,141,211,162,190,59,82,103,108,False,,,,,,,,,,,,0,0,,,0.03977272727272729
broader_eeg_bsl_stats,broader_primary,EEG,STIM-BSL-plus-BSL-stats,valence,midpoint_as_high,balanced_sampler_ce,4,320,0.4875,0.4906882591093117,0.4846008799497171,0.59375,130,190,166,154,66,64,100,90,False,,,,,,,,,,,,0,0,,,0.01874999999999999
broader_eeg_bsl_stats,broader_primary,EEG,STIM-BSL-plus-BSL-stats,valence,midpoint_as_high,balanced_sampler_ce,5,320,0.521875,0.5248764483574899,0.5153962645128722,0.621875,121,199,162,158,65,56,97,102,False,,,,,,,,,,,,0,0,,,0.006249999999999978
broader_eeg_bsl_stats,broader_primary,EEG,STIM-BSL-plus-BSL-stats,valence,midpoint_as_high,balanced_sampler_ce,6,320,0.540625,0.544810831014577,0.534400332571191,0.621875,121,199,162,158,68,53,94,105,False,,,,,,,,,,,,0,0,,,0.006249999999999978
broader_eeg_bsl_stats,broader_primary,EEG,STIM-BSL-plus-BSL-stats,valence,midpoint_as_high,ce_class_weighted,1,352,0.5142045454545454,0.5054363941880003,0.5053864168618267,0.5710227272727273,151,201,154,198,67,84,87,114,False,,,,,,,,,,,,0,0,,,0.0625
broader_eeg_bsl_stats,broader_primary,EEG,STIM-BSL-plus-BSL-stats,valence,midpoint_as_high,ce_class_weighted,2,352,0.5625,0.5019872813990461,0.4449313946344461,0.5795454545454546,148,204,42,310,18,130,24,180,False,,,,,,,,,,,,0,0,,,0.38068181818181823
broader_eeg_bsl_stats,broader_primary,EEG,STIM-BSL-plus-BSL-stats,valence,midpoint_as_high,ce_class_weighted,3,352,0.5056818181818182,0.48179893112836547,0.48151158065826893,0.5994318181818182,141,211,135,217,51,90,84,127,False,,,,,,,,,,,,0,0,,,0.11647727272727271
broader_eeg_bsl_stats,broader_primary,EEG,STIM-BSL-plus-BSL-stats,valence,midpoint_as_high,ce_class_weighted,4,320,0.459375,0.47307692307692306,0.4592429792429793,0.59375,130,190,185,135,71,59,114,76,False,,,,,,,,,,,,0,0,,,0.078125
broader_eeg_bsl_stats,broader_primary,EEG,STIM-BSL-plus-BSL-stats,valence,midpoint_as_high,ce_class_weighted,5,320,0.434375,0.4966360729266166,0.42397390379011646,0.621875,121,199,242,78,91,30,151,48,False,,,,,,,,,,,,0,0,,,0.25625
broader_eeg_bsl_stats,broader_primary,EEG,STIM-BSL-plus-BSL-stats,valence,midpoint_as_high,ce_class_weighted,6,320,0.646875,0.5881265833298726,0.5856584661571427,0.621875,121,199,76,244,42,79,34,165,False,,,,,,,,,,,,0,0,,,0.26249999999999996
broader_eeg_stim_bsl_only,broader_primary,EEG,STIM-BSL-only,arousal,midpoint_as_high,balanced_sampler_ce,1,352,0.4659090909090909,0.4829165431122533,0.4645088201974429,0.5710227272727273,201,151,133,219,73,128,60,91,False,0.5870910917027768,0.2812169792710743,0.1104490019381046,0.6381480991840363,0.9228626638650893,0.3615796326110974,0.29848828452469944,0.7949999999999999,0.5030056053906442,0.5055022898751277,0.5255681818181818,226,126,0.03849678519320132,0.022585746762874392,0.12215909090909094
broader_eeg_stim_bsl_only,broader_primary,EEG,STIM-BSL-only,arousal,midpoint_as_high,balanced_sampler_ce,2,352,0.5454545454545454,0.5239588437040666,0.5136610134364962,0.5539772727272727,195,157,247,105,141,54,106,51,False,0.32544971275439655,0.3151437129052998,0.042291587591171256,0.1588223725557327,0.9225981265306472,0.3458551455441689,0.3099208992207423,0.1292514652013778,0.5510783933875758,0.5588763677935652,0.5511363636363636,153,199,0.03741737995107963,0.03491752408949855,0.20170454545454547
broader_eeg_stim_bsl_only,broader_primary,EEG,STIM-BSL-only,arousal,midpoint_as_high,balanced_sampler_ce,3,352,0.5085227272727273,0.5065876578293022,0.501077383146942,0.5085227272727273,173,179,136,216,68,105,68,111,False,0.5953967652378858,0.34480127731824517,0.04519868977367873,0.7137139141559601,0.9743822485208511,0.3777970403093595,0.32540048558836465,0.4799999999999999,0.5086543830262423,0.5149675460974585,0.5170454545454546,133,219,0.007576999879300383,0.008379888268156388,0.11363636363636365
broader_eeg_stim_bsl_only,broader_primary,EEG,STIM-BSL-only,arousal,midpoint_as_high,balanced_sampler_ce,4,320,0.5375,0.5150738916256158,0.49582694600579114,0.546875,175,145,237,83,132,43,105,40,False,0.28656253212247973,0.3384788710445591,0.00672315824776881,0.07517745345830915,0.9452225923538208,0.3799196070795746,0.3345160522207152,0.20999999999999996,0.531357409713574,0.5321182266009852,0.540625,190,130,0.0355304637077829,0.01704433497536939,0.24062499999999998
broader_eeg_stim_bsl_only,broader_primary,EEG,STIM-BSL-only,arousal,midpoint_as_high,balanced_sampler_ce,5,320,0.503125,0.5068627450980392,0.5027316529676794,0.53125,170,150,141,179,76,94,65,85,False,0.5560014424452675,0.4120064821314583,0.009986676182597815,0.7075201570987701,0.9903603881597518,0.41017048496667785,0.3909242229929078,0.695,0.521496496251918,0.5221568627450981,0.521875,159,161,0.018764843284238553,0.015294117647058902,0.059374999999999956
broader_eeg_stim_bsl_only,broader_primary,EEG,STIM-BSL-only,arousal,midpoint_as_high,balanced_sampler_ce,6,320,0.540625,0.5627173373075012,0.5398655984975202,0.61875,198,122,135,185,93,105,42,80,False,0.564160206237284,0.4072432611431592,0.01091849142685532,0.7309214174747467,0.9873476982116699,0.3741092026086788,0.34909410209074854,0.9299999999999999,0.5801644782455654,0.5792763702599768,0.615625,215,105,0.040298879748045136,0.016559032952475627,0.078125
broader_eeg_stim_bsl_only,broader_primary,EEG,STIM-BSL-only,arousal,midpoint_as_high,ce_class_weighted,1,352,0.5227272727272727,0.5178412572897104,0.5170994610485056,0.5710227272727273,201,151,189,163,111,90,78,73,False,0.4575008248317648,0.30893456857391627,0.05166937857866285,0.44366054236888885,0.9294466584920883,0.34177178089554744,0.26214211810888216,0.37999999999999995,0.5249201923465471,0.5310368686369478,0.5255681818181818,164,188,0.007820731298041506,0.013195611347237346,0.03693181818181818
broader_eeg_stim_bsl_only,broader_primary,EEG,STIM-BSL-only,arousal,midpoint_as_high,ce_class_weighted,2,352,0.5369318181818182,0.5212314225053079,0.5172930180123335,0.5539772727272727,195,157,228,124,130,65,98,59,False,0.365439020576146,0.33192880458157503,0.02342194868251676,0.20899438858032224,0.930532881617546,0.36140264061377947,0.31223129467054445,0.49499999999999994,0.5172930180123335,0.5212314225053079,0.5369318181818182,228,124,0.0,0.0,0.1477272727272727
broader_eeg_stim_bsl_only,broader_primary,EEG,STIM-BSL-only,arousal,midpoint_as_high,ce_class_weighted,3,352,0.4971590909090909,0.4960926147188943,0.494609787555058,0.5085227272727273,173,179,154,198,75,98,79,100,False,0.5497480014508421,0.37215257864218754,0.028828506451100053,0.6337696611881256,0.9776486426591873,0.39303409727204264,0.3546585196798498,0.19999999999999996,0.5054474479022067,0.5222817838344044,0.5255681818181818,108,244,0.010837660347148725,0.026189169115510058,0.0625
broader_eeg_stim_bsl_only,broader_primary,EEG,STIM-BSL-only,arousal,midpoint_as_high,ce_class_weighted,4,320,0.521875,0.5037438423645321,0.49248997107939174,0.546875,175,145,222,98,122,53,100,45,False,0.3178025422996143,0.3345617303457059,0.01211464437656095,0.12864559888839716,0.9119756281375885,0.3664602916123737,0.33344880059303256,0.1246006414294242,0.5463389356563908,0.5484729064039409,0.546875,156,164,0.05384896457699906,0.044729064039408795,0.19374999999999998
broader_eeg_stim_bsl_only,broader_primary,EEG,STIM-BSL-only,arousal,midpoint_as_high,ce_class_weighted,5,320,0.4875,0.47725490196078435,0.46751085677178456,0.53125,170,150,212,108,109,61,103,47,False,0.34979882433544845,0.31673371087337104,0.017144388612359666,0.2543821334838867,0.895527595281601,0.37671141778321227,0.3313731721835211,0.3449999999999999,0.5110361892368813,0.5115686274509803,0.515625,181,139,0.04352533246509677,0.034313725490195957,0.16249999999999998
broader_eeg_stim_bsl_only,broader_primary,EEG,STIM-BSL-only,arousal,midpoint_as_high,ce_class_weighted,6,320,0.625,0.5742672627918529,0.5726495726495726,0.61875,198,122,234,86,156,42,78,44,False,0.3115478201361839,0.3096058437088102,0.015379046928137456,0.17911283671855927,0.9150830239057541,0.2832896622643247,0.21511528486735187,0.2280960530042648,0.6039245283018868,0.6091654247391952,0.615625,177,143,0.031274955652314196,0.0348981619473423,0.23125
broader_eeg_stim_bsl_only,broader_primary,EEG,STIM-BSL-only,valence,midpoint_as_high,balanced_sampler_ce,1,352,0.5,0.4929985832427267,0.49277877845095797,0.5710227272727273,151,201,159,193,67,84,92,109,False,0.5288934322888963,0.35674480920291646,0.02766545545309776,0.578207790851593,0.9616134852170944,0.38417562073995926,0.33230360719608143,0.5611000657081604,0.5025341130604288,0.5045632763335639,0.5056818181818182,173,179,0.009755334609470867,0.011564693090837186,0.048295454545454586
broader_eeg_stim_bsl_only,broader_primary,EEG,STIM-BSL-only,valence,midpoint_as_high,balanced_sampler_ce,2,352,0.5340909090909091,0.4950980392156863,0.47949651963789813,0.5795454545454546,148,204,90,262,37,111,53,151,False,0.696422289612449,0.2702408065785249,0.14210095256566996,0.8102778494358063,0.9601854503154754,0.344095958275582,0.2761379887815565,0.815,0.5143960788132567,0.5184154742978272,0.5170454545454546,178,174,0.03489955917535853,0.023317435082140903,0.24431818181818177
broader_eeg_stim_bsl_only,broader_primary,EEG,STIM-BSL-only,valence,midpoint_as_high,balanced_sampler_ce,3,352,0.4971590909090909,0.4793956505663675,0.4794074148346828,0.5994318181818182,141,211,146,206,55,86,91,120,False,0.5301273360911926,0.31122792486762,0.04140636399388309,0.6026922464370728,0.9293258368968963,0.3508774871058343,0.28590224540411413,0.6421162486076355,0.5040808394869801,0.5147390003697355,0.5056818181818182,191,161,0.024673424652297327,0.03534334980336801,0.08522727272727271
broader_eeg_stim_bsl_only,broader_primary,EEG,STIM-BSL-only,valence,midpoint_as_high,balanced_sampler_ce,4,320,0.5,0.47935222672064776,0.4791666666666667,0.59375,130,190,126,194,48,82,78,112,False,0.5515761045331601,0.2787863495280446,0.0773891657590866,0.611941397190094,0.9043819844722748,0.3227058836465987,0.25249851853004657,0.4028444290161133,0.5162663941406915,0.5206477732793522,0.55625,98,222,0.037099727474024846,0.04129554655870443,0.10624999999999996
broader_eeg_stim_bsl_only,broader_primary,EEG,STIM-BSL-only,valence,midpoint_as_high,balanced_sampler_ce,5,320,0.528125,0.4845508534407575,0.48251673360107095,0.621875,121,199,104,216,37,84,67,132,False,0.6402181343670236,0.3387216444261582,0.041352950222790175,0.794934093952179,0.9706949144601822,0.3584377682791381,0.31715239886834756,0.2682512700557709,0.5186511036742499,0.5301092238049753,0.596875,70,250,0.03613437007317899,0.04555837036421778,0.17500000000000004
broader_eeg_stim_bsl_only,broader_primary,EEG,STIM-BSL-only,valence,midpoint_as_high,balanced_sampler_ce,6,320,0.596875,0.5317288923958636,0.5215078067948673,0.621875,121,199,72,248,32,89,40,159,False,0.6766529209213331,0.2206193538650272,0.23583511412143704,0.7579032778739929,0.9049408972263336,0.2672004275894043,0.18471334043424575,0.6799999999999999,0.5405128205128205,0.5413430790315212,0.5625,129,191,0.019005013717953156,0.009614186635657607,0.275
broader_eeg_stim_bsl_only,broader_primary,EEG,STIM-BSL-only,valence,midpoint_as_high,ce_class_weighted,1,352,0.5852272727272727,0.5330302131725478,0.4838502330065885,0.5710227272727273,151,201,45,307,25,126,20,181,False,0.7821896477729421,0.2240402345684663,0.25520391315221785,0.8824982941150665,0.9603064924478532,0.32431221297960733,0.26960270697335625,0.8425908088684082,0.5435563239792526,0.5435735231129123,0.5568181818181818,141,211,0.05970609097266405,0.010543309940364454,0.37215909090909094
broader_eeg_stim_bsl_only,broader_primary,EEG,STIM-BSL-only,valence,midpoint_as_high,ce_class_weighted,2,352,0.5056818181818182,0.5086115527291998,0.5037433155080213,0.5795454545454546,148,204,182,170,78,70,104,100,False,0.4802949956237254,0.14438870472837873,0.20726131126284597,0.4936651289463043,0.7006494104862213,0.2764110146196812,0.1218734885438938,0.4834774136543274,0.5331259210741771,0.5343137254901961,0.5397727272727273,162,190,0.029382605566155795,0.02570217276099629,0.01704545454545453
broader_eeg_stim_bsl_only,broader_primary,EEG,STIM-BSL-only,valence,midpoint_as_high,ce_class_weighted,3,352,0.5170454545454546,0.4924540351584821,0.4921066032931591,0.5994318181818182,141,211,133,219,52,89,81,130,False,0.5890380575702611,0.3090776528641277,0.07431776933372021,0.6714191138744354,0.9593457788228987,0.34368445858013924,0.2737532249778848,0.605,0.4971220942235435,0.49828577190682666,0.5085227272727273,158,194,0.005015490930384392,0.005831736748344585,0.12215909090909094
broader_eeg_stim_bsl_only,broader_primary,EEG,STIM-BSL-only,valence,midpoint_as_high,ce_class_weighted,4,320,0.5625,0.5198380566801619,0.5108315863032844,0.59375,130,190,86,234,38,92,48,142,False,0.6935786263435147,0.31124858933818805,0.11191433444619178,0.868809312582016,0.9697395294904708,0.33702879714012723,0.27787225531646975,0.6640035510063171,0.5363470773306839,0.5368421052631579,0.5625,114,206,0.025515491027399473,0.01700404858299598,0.23124999999999996
broader_eeg_stim_bsl_only,broader_primary,EEG,STIM-BSL-only,valence,midpoint_as_high,ce_class_weighted,5,320,0.546875,0.5336392707338344,0.5309293462327763,0.621875,121,199,140,180,58,63,82,117,False,0.5304906046949327,0.22631390429577442,0.1636744976043701,0.53810054063797,0.8713568031787873,0.2808316523550018,0.14761846484616398,0.3984585106372833,0.5604395604395604,0.5601561526641472,0.6,103,217,0.029510214206784124,0.026516881930312763,0.0625
broader_eeg_stim_bsl_only,broader_primary,EEG,STIM-BSL-only,valence,midpoint_as_high,ce_class_weighted,6,320,0.590625,0.5299431039494996,0.5223281942592782,0.621875,121,199,78,242,34,87,44,155,False,0.6859750083880499,0.28863356111219235,0.09281878955662246,0.8081583678722382,0.9613956838846207,0.3070396858339284,0.23847465578000993,0.5549999999999999,0.539313399778516,0.5421736783089,0.59375,89,231,0.016985205519237767,0.012230574359400337,0.25625
broader_emg_bsl_stats,broader_primary,EMG,feature-plus-BSL-stats,arousal,midpoint_as_high,balanced_sampler_ce,1,352,0.5426136363636364,0.5509044183058218,0.5424326833797585,0.5710227272727273,201,151,158,194,99,102,59,92,False,,,,,,,,,,,,0,0,,,0.051136363636363646
broader_emg_bsl_stats,broader_primary,EMG,feature-plus-BSL-stats,arousal,midpoint_as_high,balanced_sampler_ce,2,352,0.5113636363636364,0.5031193859219337,0.5028738463559628,0.5539772727272727,195,157,203,149,113,82,90,67,False,,,,,,,,,,,,0,0,,,0.07670454545454547
broader_emg_bsl_stats,broader_primary,EMG,feature-plus-BSL-stats,arousal,midpoint_as_high,balanced_sampler_ce,3,352,0.5255681818181818,0.5248005941809022,0.5241818638045053,0.5085227272727273,173,179,160,192,83,90,77,102,False,,,,,,,,,,,,0,0,,,0.045454545454545414
broader_emg_bsl_stats,broader_primary,EMG,feature-plus-BSL-stats,arousal,midpoint_as_high,balanced_sampler_ce,4,320,0.5375,0.5251231527093596,0.5217900561412011,0.546875,175,145,203,117,115,60,88,57,False,,,,,,,,,,,,0,0,,,0.13437500000000002
broader_emg_bsl_stats,broader_primary,EMG,feature-plus-BSL-stats,arousal,midpoint_as_high,balanced_sampler_ce,5,320,0.478125,0.47823529411764704,0.4777118619220282,0.53125,170,150,159,161,81,89,78,72,False,,,,,,,,,,,,0,0,,,0.0031250000000000444
broader_emg_bsl_stats,broader_primary,EMG,feature-plus-BSL-stats,arousal,midpoint_as_high,balanced_sampler_ce,6,320,0.496875,0.5037671799966882,0.4927086718065361,0.61875,198,122,151,169,94,104,57,65,False,,,,,,,,,,,,0,0,,,0.028124999999999956
broader_emg_bsl_stats,broader_primary,EMG,feature-plus-BSL-stats,arousal,midpoint_as_high,ce_class_weighted,1,352,0.5568181818181818,0.5592237488056406,0.5550802139037433,0.5710227272727273,201,151,173,179,109,92,64,87,False,,,,,,,,,,,,0,0,,,0.008522727272727293
broader_emg_bsl_stats,broader_primary,EMG,feature-plus-BSL-stats,arousal,midpoint_as_high,ce_class_weighted,2,352,0.5198863636363636,0.5095704719908541,0.5087493290391842,0.5539772727272727,195,157,210,142,118,77,92,65,False,,,,,,,,,,,,0,0,,,0.09659090909090912
broader_emg_bsl_stats,broader_primary,EMG,feature-plus-BSL-stats,arousal,midpoint_as_high,ce_class_weighted,3,352,0.5227272727272727,0.5257855136112636,0.5084452719776567,0.5085227272727273,173,179,239,113,122,51,117,62,False,,,,,,,,,,,,0,0,,,0.1789772727272727
broader_emg_bsl_stats,broader_primary,EMG,feature-plus-BSL-stats,arousal,midpoint_as_high,ce_class_weighted,4,320,0.5,0.4908374384236453,0.4894499621076144,0.546875,175,145,191,129,103,72,88,57,False,,,,,,,,,,,,0,0,,,0.09687499999999999
broader_emg_bsl_stats,broader_primary,EMG,feature-plus-BSL-stats,arousal,midpoint_as_high,ce_class_weighted,5,320,0.4625,0.46588235294117647,0.46216385240775487,0.53125,170,150,142,178,70,100,72,78,False,,,,,,,,,,,,0,0,,,0.05625000000000002
broader_emg_bsl_stats,broader_primary,EMG,feature-plus-BSL-stats,arousal,midpoint_as_high,ce_class_weighted,6,320,0.46875,0.4574432853121378,0.4554554554554555,0.61875,198,122,172,148,100,98,72,50,False,,,,,,,,,,,,0,0,,,0.03749999999999998
broader_emg_bsl_stats,broader_primary,EMG,feature-plus-BSL-stats,valence,midpoint_as_high,balanced_sampler_ce,1,352,0.48863636363636365,0.5036407367137821,0.48804137039431156,0.5710227272727273,151,201,213,139,92,59,121,80,False,,,,,,,,,,,,0,0,,,0.10511363636363635
broader_emg_bsl_stats,broader_primary,EMG,feature-plus-BSL-stats,valence,midpoint_as_high,balanced_sampler_ce,2,352,0.5284090909090909,0.5300741918388978,0.5258220534294153,0.5795454545454546,148,204,178,174,80,68,98,106,False,,,,,,,,,,,,0,0,,,0.005681818181818177
broader_emg_bsl_stats,broader_primary,EMG,feature-plus-BSL-stats,valence,midpoint_as_high,balanced_sampler_ce,3,352,0.48295454545454547,0.5110752579745219,0.48213535098781,0.5994318181818182,141,211,225,127,92,49,133,78,False,,,,,,,,,,,,0,0,,,0.13920454545454547
broader_emg_bsl_stats,broader_primary,EMG,feature-plus-BSL-stats,valence,midpoint_as_high,balanced_sampler_ce,4,320,0.509375,0.4860323886639676,0.48545151015475374,0.59375,130,190,121,199,47,83,74,116,False,,,,,,,,,,,,0,0,,,0.12187499999999996
broader_emg_bsl_stats,broader_primary,EMG,feature-plus-BSL-stats,valence,midpoint_as_high,balanced_sampler_ce,5,320,0.559375,0.5453091905810041,0.5427598577204876,0.621875,121,199,138,182,59,62,79,120,False,,,,,,,,,,,,0,0,,,0.06874999999999998
broader_emg_bsl_stats,broader_primary,EMG,feature-plus-BSL-stats,valence,midpoint_as_high,balanced_sampler_ce,6,320,0.5375,0.543917936791395,0.5322191932361424,0.621875,121,199,165,155,69,52,96,103,False,,,,,,,,,,,,0,0,,,0.015625
broader_emg_bsl_stats,broader_primary,EMG,feature-plus-BSL-stats,valence,midpoint_as_high,ce_class_weighted,1,352,0.4744318181818182,0.48214226878850774,0.4743257533560975,0.5710227272727273,151,201,196,156,81,70,115,86,False,,,,,,,,,,,,0,0,,,0.05681818181818182
broader_emg_bsl_stats,broader_primary,EMG,feature-plus-BSL-stats,valence,midpoint_as_high,ce_class_weighted,2,352,0.5426136363636364,0.5451112877583466,0.540294778510533,0.5795454545454546,148,204,179,173,83,65,96,108,False,,,,,,,,,,,,0,0,,,0.008522727272727293
broader_emg_bsl_stats,broader_primary,EMG,feature-plus-BSL-stats,valence,midpoint_as_high,ce_class_weighted,3,352,0.5454545454545454,0.5267385970219488,0.5267385970219488,0.5994318181818182,141,211,141,211,61,80,80,131,False,,,,,,,,,,,,0,0,,,0.09943181818181823
broader_emg_bsl_stats,broader_primary,EMG,feature-plus-BSL-stats,valence,midpoint_as_high,ce_class_weighted,4,320,0.4875,0.4870445344129555,0.48295566502463055,0.59375,130,190,160,160,63,67,97,93,False,,,,,,,,,,,,0,0,,,0.0
broader_emg_bsl_stats,broader_primary,EMG,feature-plus-BSL-stats,valence,midpoint_as_high,ce_class_weighted,5,320,0.540625,0.5431911624236887,0.5336987876564994,0.621875,121,199,160,160,67,54,93,106,False,,,,,,,,,,,,0,0,,,0.0
broader_emg_bsl_stats,broader_primary,EMG,feature-plus-BSL-stats,valence,midpoint_as_high,ce_class_weighted,6,320,0.528125,0.5137048880767474,0.5115195260768912,0.621875,121,199,140,180,55,66,85,114,False,,,,,,,,,,,,0,0,,,0.0625
broader_emg_feature_only,broader_primary,EMG,feature-only,arousal,midpoint_as_high,balanced_sampler_ce,1,352,0.5085227272727273,0.527643240749893,0.5067672096093566,0.5710227272727273,201,151,130,222,79,122,51,100,False,0.5182069507004186,0.07953308546023627,0.3892750069499016,0.5209942758083344,0.6388190686702728,0.24908749077563722,0.06195653577081183,0.5492982268333435,0.5662187773556683,0.5676419228361503,0.5880681818181818,230,122,0.05945156774631166,0.03999868208625734,0.13068181818181823
broader_emg_feature_only,broader_primary,EMG,feature-only,arousal,midpoint_as_high,balanced_sampler_ce,2,352,0.48863636363636365,0.4838477870325004,0.48382051031381373,0.5539772727272727,195,157,191,161,103,92,88,69,False,0.4924482151188634,0.1091211402741384,0.3030165001749992,0.48241743445396423,0.6685241162776947,0.2656171633465275,0.10082043165510352,0.5084679126739502,0.5036075036075036,0.5037399967336273,0.5113636363636364,201,151,0.01978699329368988,0.01989220970112693,0.042613636363636354
broader_emg_feature_only,broader_primary,EMG,feature-only,arousal,midpoint_as_high,balanced_sampler_ce,3,352,0.5397727272727273,0.54099525301127,0.5379679144385027,0.5085227272727273,173,179,201,151,106,67,95,84,False,0.4859215616756542,0.09977183128937028,0.32746181041002276,0.48259842395782465,0.6646060764789581,0.253659066674911,0.03763250638307495,0.4840697050094604,0.5596555369926475,0.5597733070688152,0.5596590909090909,178,174,0.021687622554144803,0.01877805405754518,0.07102272727272729
broader_emg_feature_only,broader_primary,EMG,feature-only,arousal,midpoint_as_high,balanced_sampler_ce,4,320,0.525,0.5272906403940887,0.5247029393370857,0.546875,175,145,153,167,88,87,65,80,False,0.5066741965711117,0.0787807360263476,0.388959527015686,0.5051533579826355,0.6432163089513779,0.2493401455409173,0.040812300145626076,0.5142717957496643,0.552826326562746,0.5529064039408866,0.55625,173,147,0.028123387225660323,0.025615763546797954,0.021874999999999978
broader_emg_feature_only,broader_primary,EMG,feature-only,arousal,midpoint_as_high,balanced_sampler_ce,5,320,0.534375,0.53,0.5293699598266723,0.53125,170,150,183,137,102,68,81,69,False,0.48542477991431954,0.09750613749057441,0.3224412500858307,0.47983345389366144,0.6412778526544571,0.2598062047324244,0.08039640095084905,0.4796056151390075,0.5402613395361565,0.5409803921568628,0.540625,159,161,0.010891379709484172,0.01098039215686275,0.07187500000000002
broader_emg_feature_only,broader_primary,EMG,feature-only,arousal,midpoint_as_high,balanced_sampler_ce,6,320,0.5,0.507865540652426,0.4961423397890097,0.61875,198,122,150,170,94,104,56,66,False,0.5103212193585932,0.09741979286126144,0.342875836789608,0.5071412622928619,0.6720335811376572,0.2623535360071657,0.07821425478905439,0.5244428515434265,0.5249558658321296,0.5287299221725451,0.5375,174,146,0.02881352604311993,0.020864381520119157,0.03125
broader_emg_feature_only,broader_primary,EMG,feature-only,arousal,midpoint_as_high,ce_class_weighted,1,352,0.5369318181818182,0.5467529900168034,0.536898179910408,0.5710227272727273,201,151,154,198,96,105,58,93,False,0.5112547973509539,0.08131919191063991,0.38168734312057495,0.5112548172473907,0.6512356758117676,0.24503831641526733,0.036107475022700716,0.5163038372993469,0.5808430118752447,0.582451978518006,0.5852272727272727,187,165,0.04394483196483667,0.035698988501202567,0.0625
broader_emg_feature_only,broader_primary,EMG,feature-only,arousal,midpoint_as_high,ce_class_weighted,2,352,0.48579545454545453,0.4843867385268659,0.4835906788247214,0.5539772727272727,195,157,180,172,97,98,83,74,False,0.49799684227698227,0.09281605227943515,0.34217352420091623,0.4984370619058609,0.6425420105457306,0.26114055151948534,0.08932326230305165,0.5149999999999999,0.5202154563668013,0.5203658337416299,0.5284090909090909,203,149,0.036624777542079934,0.035979095214764,0.011363636363636354
broader_emg_feature_only,broader_primary,EMG,feature-only,arousal,midpoint_as_high,ce_class_weighted,3,352,0.5227272727272727,0.5238479671908807,0.5211815001943256,0.5085227272727273,173,179,199,153,102,71,97,82,False,0.49625199935822323,0.10081030306098901,0.3607215419411659,0.48517343401908875,0.6995162844657896,0.2559761540835383,0.05528646500103854,0.5243848562240601,0.5378174160782856,0.551022055736752,0.5482954545454546,232,120,0.016635915883959962,0.027174088545871333,0.06534090909090912
broader_emg_feature_only,broader_primary,EMG,feature-only,arousal,midpoint_as_high,ce_class_weighted,4,320,0.515625,0.518128078817734,0.5153931080302097,0.546875,175,145,152,168,86,89,66,79,False,0.5064787736162544,0.09075165683693265,0.3779430970549584,0.5084786117076874,0.6683971852064132,0.25294372921709574,0.059832155518233815,0.5213175415992737,0.5477143563133184,0.5476847290640394,0.553125,180,140,0.03232124828310878,0.029556650246305383,0.025000000000000022
broader_emg_feature_only,broader_primary,EMG,feature-only,arousal,midpoint_as_high,ce_class_weighted,5,320,0.528125,0.5213725490196078,0.5186052303860523,0.53125,170,150,195,125,107,63,88,62,False,0.48043648097664116,0.09437714099892826,0.3305765867233276,0.4776031970977783,0.6448210537433624,0.2599180251806543,0.04775125887244937,0.4830333292484283,0.534426487357949,0.5345098039215687,0.5375,176,144,0.015821256971896624,0.013137254901960826,0.109375
broader_emg_feature_only,broader_primary,EMG,feature-only,arousal,midpoint_as_high,ce_class_weighted,6,320,0.5375,0.5208643815201193,0.5194610170867324,0.61875,198,122,184,136,117,81,67,55,False,0.48694680193439127,0.0897463696647042,0.33790902793407435,0.48458378016948694,0.6363275766372681,0.2539788947154908,0.04926222665235399,0.5262108445167542,0.5614063047843687,0.5609786388474913,0.596875,213,107,0.04194528769763628,0.04011425732737206,0.07500000000000001
broader_emg_feature_only,broader_primary,EMG,feature-only,valence,midpoint_as_high,balanced_sampler_ce,1,352,0.4772727272727273,0.471450693552107,0.47110893352931577,0.5710227272727273,151,201,163,189,65,86,98,103,False,0.4962018038230864,0.07455621319012651,0.37457827031612395,0.5043401122093201,0.6155019164085388,0.260008685650002,0.0832811792973768,0.5257784724235535,0.4765607859389094,0.5019439227702547,0.48011363636363635,230,122,0.005451852409593616,0.030493229218147677,0.03693181818181823
broader_emg_feature_only,broader_primary,EMG,feature-only,valence,midpoint_as_high,balanced_sampler_ce,2,352,0.5454545454545454,0.5280869104398516,0.5278336686787392,0.5795454545454546,148,204,136,216,62,86,74,130,False,0.511896546845409,0.05379837225685149,0.4206712946295738,0.5168267488479614,0.5908018857240677,0.2479307702586531,0.005082005042244096,0.5125732421875,0.5414526238171316,0.5425940646528882,0.5482954545454546,161,191,0.013618955138392397,0.01450715421303661,0.11363636363636365
broader_emg_feature_only,broader_primary,EMG,feature-only,valence,midpoint_as_high,balanced_sampler_ce,3,352,0.5625,0.5280158650129407,0.5257392825896763,0.5994318181818182,141,211,113,239,50,91,63,148,False,0.5341489437798207,0.0764720237690634,0.4150687307119369,0.5267777144908905,0.6757022589445114,0.25084336476638025,0.06684537341987548,0.4842406213283539,0.5474431406634797,0.5529225908372828,0.5965909090909091,95,257,0.021703858073803373,0.024906725824342058,0.1789772727272727
broader_emg_feature_only,broader_primary,EMG,feature-only,valence,midpoint_as_high,balanced_sampler_ce,4,320,0.48125,0.5072874493927125,0.4802551759226644,0.59375,130,190,204,116,84,46,120,70,False,0.4804515783675015,0.06351416746810543,0.3887678012251854,0.47327542304992676,0.5908827602863312,0.2576043641960311,0.07438403954729433,0.43499999999999994,0.5363379852055213,0.5431174089068826,0.584375,87,233,0.056082809282856916,0.03582995951417012,0.1375
broader_emg_feature_only,broader_primary,EMG,feature-only,valence,midpoint_as_high,balanced_sampler_ce,5,320,0.55,0.5474895136841231,0.5405049658968529,0.621875,121,199,153,167,65,56,88,111,False,0.5090531697496772,0.0756338148933239,0.3990133821964264,0.5035524964332581,0.6436285376548767,0.2486406535773308,0.016426591575145668,0.4896115958690643,0.5572916666666667,0.5594916732422444,0.575,135,185,0.01678670076981381,0.012002159558121228,0.021874999999999978
broader_emg_feature_only,broader_primary,EMG,feature-only,valence,midpoint_as_high,balanced_sampler_ce,6,320,0.4375,0.5218239960131235,0.40923076923076923,0.621875,121,199,269,51,105,16,164,35,False,0.4507032728753984,0.055989405708065265,0.35960454046726226,0.4466632902622223,0.5456366539001465,0.2614788901020222,0.12462819451466196,0.4372397363185882,0.5626453429072662,0.564516798870385,0.58125,133,187,0.15341457367649697,0.042692802857261514,0.340625
broader_emg_feature_only,broader_primary,EMG,feature-only,valence,midpoint_as_high,ce_class_weighted,1,352,0.4772727272727273,0.47804026226483476,0.475222816399287,0.5710227272727273,151,201,179,173,73,78,106,95,False,0.4863022854551673,0.07525795641150788,0.3447300717234611,0.49815353751182556,0.5935279309749603,0.26065818406846275,0.08352106394754215,0.4621897339820862,0.49210660329315903,0.4955685150406906,0.5170454545454546,123,229,0.016883786893872044,0.017528252775855846,0.008522727272727293
broader_emg_feature_only,broader_primary,EMG,feature-only,valence,midpoint_as_high,ce_class_weighted,2,352,0.5227272727272727,0.5316640169581346,0.5223417660172531,0.5795454545454546,148,204,194,158,87,61,107,97,False,0.48685583870180626,0.06134868051357994,0.3816124632954597,0.4876388013362884,0.578018844127655,0.2554801899613386,0.026314404285089497,0.5015126466751099,0.5252578277056766,0.535042395336513,0.5255681818181818,195,157,0.00291606168842351,0.0033783783783783994,0.051136363636363646
broader_emg_feature_only,broader_primary,EMG,feature-only,valence,midpoint_as_high,ce_class_weighted,3,352,0.5198863636363636,0.5124701690699472,0.5103989201912711,0.5994318181818182,141,211,162,190,67,74,95,116,False,0.5181461023166776,0.07549472974507884,0.41601338684558864,0.5056760013103485,0.6796549350023269,0.2520096259703299,0.03720867168158292,0.4637728631496429,0.5391621129326047,0.5529898154683877,0.6079545454545454,75,277,0.028763192741333654,0.04051964639844041,0.03977272727272729
broader_emg_feature_only,broader_primary,EMG,feature-only,valence,midpoint_as_high,ce_class_weighted,4,320,0.48125,0.4793522267206478,0.476010101010101,0.59375,130,190,158,162,61,69,97,93,False,0.5038558721542359,0.07182305565857028,0.38870883733034134,0.5017888247966766,0.6236865133047104,0.25214247948774327,0.07888371944427487,0.4610081315040588,0.5367058422755919,0.5400809716599191,0.575,98,222,0.06069574126549093,0.06072874493927127,0.006249999999999978
broader_emg_feature_only,broader_primary,EMG,feature-only,valence,midpoint_as_high,ce_class_weighted,5,320,0.58125,0.5483201129615017,0.5486505831333417,0.621875,121,199,113,207,50,71,63,136,False,0.5135658863931895,0.06615844841228609,0.3817203715443611,0.51958829164505,0.6144749879837036,0.2442812341081148,0.035977194830775217,0.5034496784210205,0.5625997767088555,0.5623364757672661,0.590625,118,202,0.01394919357551383,0.014016362805764349,0.14687499999999998
broader_emg_feature_only,broader_primary,EMG,feature-only,valence,midpoint_as_high,ce_class_weighted,6,320,0.553125,0.5710577681797416,0.5511921458625526,0.621875,121,199,178,142,78,43,100,99,False,0.49289549347013234,0.06453041667012586,0.3724639937281608,0.48887982964515686,0.5964901208877564,0.2502966997869997,0.036080926656722995,0.4890795052051544,0.5562423233884068,0.5672577764857345,0.5625,161,159,0.005050177525854238,-0.003799991694007132,0.05625000000000002
label_eeg_mainline,label_policy_ablation,EEG,STIM-BSL-only,arousal,discard_midpoint,balanced_sampler_ce,1,315,0.4666666666666667,0.5080518460329929,0.46661828737300437,0.638095238095238,201,114,111,204,72,129,39,75,False,0.6066485767873625,0.3575890719868748,0.02155562378466123,0.723721981048584,0.9756409823894501,0.42221100467236483,0.3803915080969178,0.8969072699546814,0.5001086956521739,0.5001309243257397,0.5365079365079365,199,116,0.03349040827916949,-0.007920921707253226,0.14761904761904765
label_eeg_mainline,label_policy_ablation,EEG,STIM-BSL-only,arousal,discard_midpoint,balanced_sampler_ce,2,321,0.5700934579439252,0.5141636141636141,0.5015976597659766,0.6074766355140186,195,126,245,76,151,44,94,32,False,0.26205355821270204,0.32554854974848296,0.0104208756238222,0.0838307663798332,0.9476723670959472,0.34780653889186525,0.31163034501204095,0.3245404660701751,0.5317889317889317,0.5347374847374847,0.5763239875389408,225,96,0.03019127202295513,0.020573870573870612,0.2632398753894081
label_eeg_mainline,label_policy_ablation,EEG,STIM-BSL-only,arousal,discard_midpoint,balanced_sampler_ce,3,307,0.5179153094462541,0.5058019152790959,0.5053131260343176,0.5635179153094463,173,134,183,124,104,69,79,55,False,0.4185288658938962,0.3692318047130781,0.011050547845661582,0.3011374771595001,0.9722014188766479,0.39069508394056357,0.33969137375470526,0.4649999999999999,0.5111306099899255,0.5112155983090328,0.5211726384364821,178,129,0.005817483955607994,0.005413683029936944,0.09609120521172637
label_eeg_mainline,label_policy_ablation,EEG,STIM-BSL-only,arousal,discard_midpoint,balanced_sampler_ce,4,287,0.5923344947735192,0.5564285714285714,0.5560975609756098,0.6097560975609756,175,112,194,93,126,49,68,44,False,0.3481485344330011,0.3612832362172614,0.008411115221679151,0.1799511760473251,0.9560459196567536,0.33081355859536793,0.27869892087748815,0.5292035341262817,0.5645959757266049,0.565,0.6027874564459931,197,90,0.008498414750995109,0.008571428571428563,0.1759581881533101
label_eeg_mainline,label_policy_ablation,EEG,STIM-BSL-only,arousal,discard_midpoint,balanced_sampler_ce,5,282,0.5354609929078015,0.4989495798319328,0.49589945826453613,0.6028368794326241,170,112,191,91,115,55,76,36,False,0.3333575804016044,0.35970103832906797,0.00585661528166382,0.1493611261248588,0.9406975507736206,0.3682072827900934,0.3350740892834076,0.8365734219551086,0.5108523507141888,0.5307773109243697,0.5921985815602837,227,55,0.014952892449652644,0.03182773109243697,0.17730496453900707
label_eeg_mainline,label_policy_ablation,EEG,STIM-BSL-only,arousal,discard_midpoint,balanced_sampler_ce,6,287,0.5574912891986062,0.540120304165248,0.5277709399494721,0.6898954703832753,198,89,161,126,116,82,45,44,False,0.4273225114208675,0.3620226040553292,0.007757788337767091,0.3377293348312378,0.9583139121532439,0.3262909937027389,0.283611258615996,0.715,0.5467555518287144,0.5476393144932471,0.6062717770034843,193,94,0.018984611879242275,0.007519010327999065,0.06097560975609756
label_eeg_mainline,label_policy_ablation,EEG,STIM-BSL-only,arousal,discard_midpoint,ce_class_weighted,1,315,0.5619047619047619,0.5029457973291438,0.4997928748964374,0.638095238095238,201,114,225,90,144,57,81,33,False,0.32210992345261197,0.31638589165665393,0.01575224353000519,0.1839386522769928,0.9036767542362214,0.33301089898326897,0.2719100681798799,0.245,0.5250460713687385,0.5297852841057868,0.5428571428571428,175,140,0.025253196472301065,0.02683948677664305,0.2142857142857143
label_eeg_mainline,label_policy_ablation,EEG,STIM-BSL-only,arousal,discard_midpoint,ce_class_weighted,2,321,0.5607476635514018,0.5177045177045176,0.5135370428090842,0.6074766355140186,195,126,226,95,140,55,86,40,False,0.3451790803828715,0.2928623135964179,0.030726708471775,0.2692204117774963,0.8819200396537781,0.30873544783578183,0.2389796844384752,0.4099999999999999,0.5408582089552239,0.5408424908424909,0.5700934579439252,207,114,0.027321166146139664,0.023137973137973278,0.20404984423676015
label_eeg_mainline,label_policy_ablation,EEG,STIM-BSL-only,arousal,discard_midpoint,ce_class_weighted,3,307,0.46254071661237783,0.49536278146838064,0.4411962625070326,0.5635179153094463,173,134,74,233,41,132,33,101,False,0.7023241903378055,0.32483178618976066,0.05079536959528917,0.8744903206825256,0.978860455751419,0.4205925343864265,0.39709694542791635,0.9090976715087892,0.5078910847417513,0.5079587611077561,0.5146579804560261,170,137,0.06669482223471868,0.01259597963937542,0.25895765472312704
label_eeg_mainline,label_policy_ablation,EEG,STIM-BSL-only,arousal,discard_midpoint,ce_class_weighted,4,287,0.578397212543554,0.5048214285714285,0.4737137228157915,0.6097560975609756,175,112,240,47,147,28,93,19,False,0.20488206588238062,0.299592648593887,0.007904212176799721,0.0418333262205123,0.9446760058403014,0.35609347537471625,0.32385190368308736,0.20999999999999996,0.5252826268232336,0.5305357142857143,0.578397212543554,208,79,0.051568904007442073,0.0257142857142858,0.3362369337979094
label_eeg_mainline,label_policy_ablation,EEG,STIM-BSL-only,arousal,discard_midpoint,ce_class_weighted,5,282,0.46808510638297873,0.4857142857142857,0.46797806510036727,0.6028368794326241,170,112,116,166,68,102,48,64,False,0.5478769674507492,0.3579624674998778,0.018431935459375336,0.6471042335033417,0.9630307942628862,0.3879121091141322,0.3657357656225192,0.8198944926261902,0.5348020434227331,0.5347689075630252,0.5602836879432624,178,104,0.0668239783223658,0.04905462184873949,0.08865248226950351
label_eeg_mainline,label_policy_ablation,EEG,STIM-BSL-only,arousal,discard_midpoint,ce_class_weighted,6,287,0.47735191637630664,0.5377085461355124,0.4762773722627738,0.6898954703832753,198,89,102,185,75,123,27,62,False,0.6215857702326874,0.36324121978324797,0.01833719909191128,0.7704033851623535,0.9839926421642303,0.4101332685316457,0.376954782833686,0.9554386734962464,0.5580615942028986,0.5568607422540006,0.6445993031358885,216,71,0.0817842219401248,0.019152196118488174,0.14459930313588854
label_eeg_mainline,label_policy_ablation,EEG,STIM-BSL-only,arousal,midpoint_as_high,balanced_sampler_ce,1,352,0.5056818181818182,0.5070343646008368,0.5037433155080214,0.5710227272727273,201,151,173,179,100,101,73,78,False,0.5070701568726111,0.31888075822190687,0.058380804769694726,0.5236846804618835,0.934077897667885,0.3436874808656439,0.2839220898987894,0.6648034453392029,0.5367649508579044,0.5369510065566209,0.5511363636363636,213,139,0.033021635349883005,0.02991664195578403,0.008522727272727293
label_eeg_mainline,label_policy_ablation,EEG,STIM-BSL-only,arousal,midpoint_as_high,balanced_sampler_ce,2,352,0.5113636363636364,0.5180140454025804,0.5113478611783697,0.5539772727272727,195,157,155,197,89,106,66,91,False,0.5357794395954856,0.3629371950667266,0.029446040466427764,0.628362387418747,0.9593339443206788,0.36313654397802614,0.3291618492062712,0.6975951194763184,0.5359375,0.5362077413032826,0.5397727272727273,189,163,0.024589638821630233,0.01819369590070219,0.05965909090909094
label_eeg_mainline,label_policy_ablation,EEG,STIM-BSL-only,arousal,midpoint_as_high,balanced_sampler_ce,3,352,0.5056818181818182,0.5006942874673039,0.45638513153690485,0.5085227272727273,173,179,73,279,36,137,37,142,False,0.7429131857405248,0.2827606041006049,0.12904751300811762,0.8848661482334137,0.976025566458702,0.3881381611097768,0.34145092943535105,0.9448558688163756,0.49465346534653465,0.5083475958278167,0.5056818181818182,231,121,0.038268333809629795,0.007653308360512812,0.29261363636363635
label_eeg_mainline,label_policy_ablation,EEG,STIM-BSL-only,arousal,midpoint_as_high,balanced_sampler_ce,4,320,0.5125,0.4916256157635468,0.4745484400656815,0.546875,175,145,231,89,125,50,106,39,False,0.2834027378063183,0.336281445971521,0.0071450412739067805,0.0791203640401363,0.9303585082292558,0.38630461581236075,0.36248483972740364,0.1742404848337173,0.5238095238095237,0.5241379310344827,0.53125,185,135,0.04926108374384225,0.0325123152709359,0.221875
label_eeg_mainline,label_policy_ablation,EEG,STIM-BSL-only,arousal,midpoint_as_high,balanced_sampler_ce,5,320,0.496875,0.4884313725490196,0.4826841782892028,0.53125,170,150,203,117,106,64,97,53,False,0.3880409622332081,0.3526903568267493,0.017415618617087587,0.26262956857681274,0.9555778622627258,0.3755056267431258,0.34569840154144915,0.6849999999999999,0.5091768486732958,0.5268627450980392,0.540625,231,89,0.02649267038409303,0.03843137254901963,0.13437500000000002
label_eeg_mainline,label_policy_ablation,EEG,STIM-BSL-only,arousal,midpoint_as_high,balanced_sampler_ce,6,320,0.571875,0.5517883755588674,0.5509990884789889,0.61875,198,122,191,129,126,72,65,57,False,0.39934855869505553,0.395935099604434,0.012474954593926585,0.1784843578934669,0.9772188514471055,0.34898332317586067,0.3174262361368164,0.677888810634613,0.5672751859364435,0.5666501076337142,0.6,210,110,0.01627609745745462,0.014861732074846756,0.09687499999999999
label_eeg_mainline,label_policy_ablation,EEG,STIM-BSL-only,arousal,midpoint_as_high,ce_class_weighted,1,352,0.5511363636363636,0.560014497051168,0.5510059095165822,0.5710227272727273,201,151,157,195,100,101,57,94,False,0.5243269261766479,0.3255958813303006,0.05217346064746378,0.5931051671504974,0.9451756626367569,0.32638589139001706,0.2479571098176001,0.575,0.575467650939349,0.5807551645744786,0.5767045454545454,170,182,0.024461741422766803,0.020740667523310607,0.05397727272727271
label_eeg_mainline,label_policy_ablation,EEG,STIM-BSL-only,arousal,midpoint_as_high,ce_class_weighted,2,352,0.5170454545454546,0.5082475910501388,0.5078947368421053,0.5539772727272727,195,157,205,147,115,80,90,67,False,0.438869264196414,0.3647629719842737,0.012472218973562064,0.3642274737358093,0.9660574913024903,0.37482618839348114,0.32329264125754975,0.3999999999999999,0.5288735307716642,0.5297566552343622,0.53125,182,170,0.020978793929558925,0.02150906418422338,0.08238636363636365
label_eeg_mainline,label_policy_ablation,EEG,STIM-BSL-only,arousal,midpoint_as_high,ce_class_weighted,3,352,0.53125,0.5323247327800562,0.5298802845972658,0.5085227272727273,173,179,198,154,103,70,95,84,False,0.44092948869696225,0.35779284925287086,0.025384566187858493,0.3523874431848526,0.9583830386400223,0.36358763074725126,0.3192482636447742,0.5092843174934387,0.535277775527891,0.5381050796008654,0.5369318181818182,200,152,0.005397490930625248,0.00578034682080919,0.0625
label_eeg_mainline,label_policy_ablation,EEG,STIM-BSL-only,arousal,midpoint_as_high,ce_class_weighted,4,320,0.55,0.563743842364532,0.5460098522167487,0.546875,175,145,115,205,73,102,42,103,False,0.5786561499116942,0.3200568443674777,0.02912409370765083,0.7116318643093109,0.917259731888771,0.3286527562339837,0.2775441893609241,0.70305997133255,0.5618838992332968,0.5639408866995075,0.5625,157,163,0.015874047016548154,0.00019704433497547136,0.140625
label_eeg_mainline,label_policy_ablation,EEG,STIM-BSL-only,arousal,midpoint_as_high,ce_class_weighted,5,320,0.509375,0.5107843137254902,0.5093318748718149,0.53125,170,150,153,167,83,87,70,80,False,0.48121353749884294,0.30937819874553263,0.02172926869243383,0.5343382358551025,0.898728159070015,0.34519851916295596,0.274874350160826,0.4648966491222381,0.5155067155067155,0.5186274509803921,0.515625,145,175,0.006174840634900591,0.007843137254901933,0.021874999999999978
label_eeg_mainline,label_policy_ablation,EEG,STIM-BSL-only,arousal,midpoint_as_high,ce_class_weighted,6,320,0.54375,0.5746812386156648,0.5437321770381656,0.61875,198,122,124,196,88,110,36,86,False,0.5626960123132448,0.32815710692847394,0.04756940994411702,0.6398213505744934,0.9540975570678711,0.33464228735000534,0.26227363700163553,0.5099999999999999,0.5498417412371537,0.5781586355356847,0.55,128,192,0.0061095641989881155,0.003477396920019915,0.11250000000000004
label_eeg_mainline,label_policy_ablation,EEG,STIM-BSL-only,arousal,midpoint_as_low,balanced_sampler_ce,1,352,0.5198863636363636,0.48499926286303996,0.48216819436102343,0.6761363636363636,238,114,209,143,139,99,70,44,False,0.4107065259767379,0.38230956657897086,0.01118751014582807,0.26030406355857844,0.9836878836154939,0.3732181101546337,0.3473824847116537,0.7499999999999999,0.5016423150979725,0.5020639834881321,0.5738636363636364,248,104,0.019474120736949097,0.017064720625092122,0.09375
label_eeg_mainline,label_policy_ablation,EEG,STIM-BSL-only,arousal,midpoint_as_low,balanced_sampler_ce,2,352,0.5880681818181818,0.5387343728051692,0.5388465743275599,0.6420454545454546,226,126,241,111,161,65,80,46,False,0.32706073998468294,0.3785729436943904,0.005277397111058185,0.0929595530033111,0.9813485324382782,0.341276480846916,0.30561235287909355,0.615,0.5569767767077184,0.557346537435033,0.6164772727272727,255,97,0.0181302023801585,0.018612164629863814,0.18465909090909088
label_eeg_mainline,label_policy_ablation,EEG,STIM-BSL-only,arousal,midpoint_as_low,balanced_sampler_ce,3,352,0.5767045454545454,0.5389223606736957,0.538728089848113,0.6193181818181818,218,134,235,117,152,66,83,51,False,0.3376441807214922,0.3808781073529856,0.004117388231679764,0.11323021724820134,0.9768759191036225,0.34908544010052756,0.31555451324212225,0.135,0.547692003558367,0.5544981514446118,0.5568181818181818,184,168,0.008963913710253957,0.015575790770916087,0.16761363636363635
label_eeg_mainline,label_policy_ablation,EEG,STIM-BSL-only,arousal,midpoint_as_low,balanced_sampler_ce,4,320,0.5875,0.5199175824175825,0.5173453996983408,0.65,208,112,234,86,155,53,79,33,False,0.29196025370620193,0.3106868754839634,0.00862220721319309,0.13376078754663465,0.8988686382770539,0.32488517765598796,0.27310030353255577,0.5094774961471558,0.5196571598812892,0.5223214285714286,0.590625,235,85,0.0023117601829484302,0.0024038461538461453,0.23125
label_eeg_mainline,label_policy_ablation,EEG,STIM-BSL-only,arousal,midpoint_as_low,balanced_sampler_ce,5,320,0.465625,0.5024038461538461,0.4652019663992025,0.65,208,112,121,199,79,129,42,70,False,0.6098220058251173,0.37324480252256087,0.022864680923521476,0.7885896265506744,0.9816674619913102,0.4383163522405951,0.39929020176641644,0.8779369592666626,0.5164762377877132,0.5192307692307692,0.54375,188,132,0.051274271388510706,0.016826923076923017,0.12187499999999996
label_eeg_mainline,label_policy_ablation,EEG,STIM-BSL-only,arousal,midpoint_as_low,balanced_sampler_ce,6,320,0.609375,0.5636704119850187,0.5537258314645602,0.721875,231,89,202,118,154,77,48,41,False,0.36419712864008036,0.3751058273355953,0.006183891394175496,0.18042266368865964,0.9633513033390045,0.3042952774914436,0.2630734596386901,0.6849999999999999,0.5719636169074371,0.5719636169074371,0.65625,231,89,0.018237785442876908,0.008293204922418473,0.13124999999999998
label_eeg_mainline,label_policy_ablation,EEG,STIM-BSL-only,arousal,midpoint_as_low,ce_class_weighted,1,352,0.4659090909090909,0.525062656641604,0.4657538670197307,0.6761363636363636,238,114,120,232,85,153,35,79,False,0.624124946966979,0.33901904533109783,0.04681508578360075,0.7700673043727875,0.9681440621614457,0.4134666685261976,0.3958504893764092,0.8967283964157104,0.5286002568336086,0.5287483414418399,0.5852272727272727,236,116,0.06284638981387786,0.0036856848002359,0.15909090909090906
label_eeg_mainline,label_policy_ablation,EEG,STIM-BSL-only,arousal,midpoint_as_low,ce_class_weighted,2,352,0.5653409090909091,0.5368380390504284,0.5356560875300691,0.6420454545454546,226,126,215,137,144,82,71,55,False,0.40718824470373377,0.33294421581065137,0.021549110580235623,0.31799158453941345,0.9463912487030028,0.31314899471957447,0.2501762998396192,0.32499999999999996,0.543631033486106,0.5560823149318724,0.5539772727272727,179,173,0.007974945956036872,0.019244275881444062,0.11079545454545453
label_eeg_mainline,label_policy_ablation,EEG,STIM-BSL-only,arousal,midpoint_as_low,ce_class_weighted,3,352,0.5255681818181818,0.5206422018348624,0.5153953323495709,0.6193181818181818,218,134,185,167,118,100,67,67,False,0.46833148314776324,0.3692595152071219,0.010278538707643704,0.42083048820495605,0.9725782543420791,0.3624866172525836,0.3195995442511048,0.3935998976230621,0.531758273146448,0.5427564014788443,0.5369318181818182,171,181,0.016362940796877057,0.02211419964398187,0.025568181818181823
label_eeg_mainline,label_policy_ablation,EEG,STIM-BSL-only,arousal,midpoint_as_low,ce_class_weighted,4,320,0.54375,0.4677197802197802,0.4600342101613425,0.65,208,112,238,82,150,58,88,24,False,0.36891694262158126,0.18397254468494928,0.14099881649017332,0.31738924980163574,0.7385811775922776,0.2625568294874078,0.15588482760358602,0.3195469677448272,0.5131131131131131,0.5254120879120879,0.525,162,158,0.053078902951770646,0.05769230769230771,0.24375000000000002
label_eeg_mainline,label_policy_ablation,EEG,STIM-BSL-only,arousal,midpoint_as_low,ce_class_weighted,5,320,0.55,0.4910714285714286,0.48970099667774086,0.65,208,112,222,98,143,65,79,33,False,0.32494455937703604,0.344194820228938,0.008101442456245361,0.15372066199779505,0.9534887373447418,0.3584623828275217,0.3091168479208135,0.4149999999999999,0.503078982597055,0.5030906593406593,0.546875,207,113,0.013377985919314106,0.012019230769230727,0.19374999999999998
label_eeg_mainline,label_policy_ablation,EEG,STIM-BSL-only,arousal,midpoint_as_low,ce_class_weighted,6,320,0.5375,0.538061189746583,0.509852624606723,0.721875,231,89,165,155,124,107,41,48,False,0.4666768580413191,0.351014783764545,0.01701652128249403,0.4634631723165512,0.95550157725811,0.3287758398450487,0.2844457216822775,0.6499999999999999,0.5531659904783894,0.5662483583831899,0.603125,196,124,0.043313365871666454,0.028187168636606863,0.015625
label_eeg_mainline,label_policy_ablation,EEG,STIM-BSL-only,valence,discard_midpoint,balanced_sampler_ce,1,301,0.4850498338870432,0.48543046357615893,0.4783945441332663,0.5016611295681063,151,150,116,185,56,95,60,90,False,0.5835951115824654,0.3146206574523059,0.0581001117825508,0.6450121402740479,0.9559564590454102,0.34940686057938375,0.30853978773436674,0.8476415276527405,0.5325659998173016,0.5475717439293598,0.5481727574750831,205,96,0.05417145568403525,0.06214128035320088,0.11461794019933558
label_eeg_mainline,label_policy_ablation,EEG,STIM-BSL-only,valence,discard_midpoint,balanced_sampler_ce,2,292,0.5308219178082192,0.5271208708708708,0.49170933763643065,0.5068493150684932,148,144,225,67,118,30,107,37,False,0.3106829867736526,0.2377241021218484,0.04447645228356117,0.2447666451334953,0.7683164954185484,0.32367745385481234,0.23799682104934566,0.22499999999999998,0.5580896068700947,0.5585585585585586,0.5582191780821918,139,153,0.06638026923366402,0.03143768768768784,0.2705479452054794
label_eeg_mainline,label_policy_ablation,EEG,STIM-BSL-only,valence,discard_midpoint,balanced_sampler_ce,3,300,0.49,0.4819349658771578,0.47602141576958634,0.53,141,159,110,190,49,92,61,98,False,0.5693916336322824,0.2689178992242727,0.11291369572281833,0.6297250390052795,0.922742035984993,0.33387764690716143,0.25627735300610466,0.7622503638267517,0.5074672494027332,0.5267630135153218,0.5166666666666667,200,100,0.0314458336331469,0.04482804763816406,0.1333333333333333
label_eeg_mainline,label_policy_ablation,EEG,STIM-BSL-only,valence,discard_midpoint,balanced_sampler_ce,4,272,0.5441176470588235,0.548104008667389,0.5421124083627478,0.5220588235294118,130,142,160,112,83,47,77,65,False,0.42906516968436975,0.3301571666314716,0.03986044544726606,0.33707553148269653,0.94112229347229,0.34029287527250923,0.28104168918969874,0.25999999999999995,0.5587726114041904,0.559534127843987,0.5625,117,155,0.016660203041442667,0.011430119176598086,0.08823529411764708
label_eeg_mainline,label_policy_ablation,EEG,STIM-BSL-only,valence,discard_midpoint,balanced_sampler_ce,5,256,0.5390625,0.5492500765228038,0.5275275275275276,0.52734375,121,135,175,81,89,32,86,49,False,0.37799114841618575,0.22392047486288602,0.07587312348186964,0.3385951668024063,0.7820189148187637,0.30627691951026337,0.22327472883625887,0.3749332129955292,0.5429617761501487,0.5448117539026629,0.54296875,136,120,0.015434248622621105,-0.004438322620140878,0.18359375
label_eeg_mainline,label_policy_ablation,EEG,STIM-BSL-only,valence,discard_midpoint,balanced_sampler_ce,6,246,0.5365853658536586,0.5393719008264463,0.5240002715730872,0.508130081300813,121,125,165,81,86,35,79,46,False,0.3595726152321672,0.2903356294765594,0.035658740438520874,0.2629071325063705,0.8757791966199875,0.3307549276710321,0.2626399098312467,0.1866206228733062,0.5515078528777159,0.5552727272727273,0.556910569105691,98,148,0.027507581304628714,0.01590082644628099,0.17073170731707316
label_eeg_mainline,label_policy_ablation,EEG,STIM-BSL-only,valence,discard_midpoint,ce_class_weighted,1,301,0.4950166112956811,0.4953200883002208,0.49092042015310655,0.5016611295681063,151,150,123,178,61,90,62,88,False,0.5953204763180691,0.35649752552987146,0.0441662706434726,0.7189999222755432,0.9711092710494996,0.37854461785114135,0.3457949659864471,0.7664003968238831,0.5347553435788731,0.5348344370860927,0.5348837209302325,155,146,0.04383492342576656,0.0395143487858719,0.09136212624584716
label_eeg_mainline,label_policy_ablation,EEG,STIM-BSL-only,valence,discard_midpoint,ce_class_weighted,2,292,0.5171232876712328,0.5165165165165165,0.5158456708098638,0.5068493150684932,148,144,159,133,83,65,76,68,False,0.46941117374609187,0.27401505995948505,0.07731322087347503,0.47111369669437403,0.8975863069295883,0.31218437375753755,0.2235539148957149,0.4499999999999999,0.5442586399108138,0.5449512012012012,0.5445205479452054,137,155,0.028412969100950036,0.028434684684684686,0.04452054794520549
label_eeg_mainline,label_policy_ablation,EEG,STIM-BSL-only,valence,discard_midpoint,ce_class_weighted,3,300,0.4666666666666667,0.46514117489629336,0.4651453021929043,0.53,141,159,143,157,62,79,81,78,False,0.4927329557389021,0.14990930625444804,0.22530358061194414,0.506537675857544,0.7091067373752595,0.282879873642637,0.15126733330388867,0.5389929413795471,0.49504520070002567,0.5018734109460725,0.49666666666666665,176,124,0.02989989850712138,0.036732236049779154,0.023333333333333317
label_eeg_mainline,label_policy_ablation,EEG,STIM-BSL-only,valence,discard_midpoint,ce_class_weighted,4,272,0.5,0.5029252437703142,0.4990249187432286,0.5220588235294118,130,142,154,118,74,56,80,62,False,0.437563717166674,0.30666258477541825,0.046738811209797816,0.37207604944705963,0.9081384301185608,0.3439643449359459,0.2835005585117923,0.2787953317165375,0.5236166602813201,0.5255687973997833,0.5294117647058824,112,160,0.02459174153809157,0.022643553629469126,0.06617647058823528
label_eeg_mainline,label_policy_ablation,EEG,STIM-BSL-only,valence,discard_midpoint,ce_class_weighted,5,256,0.5234375,0.5108662381389654,0.48950637463223273,0.52734375,121,135,69,187,34,87,35,100,False,0.6314394033688586,0.2077605155742961,0.24518919363617894,0.6784262955188751,0.8945736289024353,0.3014004168015306,0.2290783007920254,0.5099999999999999,0.5051894683840369,0.5232629323538414,0.53515625,72,184,0.015683093751804156,0.012396694214875992,0.23046875
label_eeg_mainline,label_policy_ablation,EEG,STIM-BSL-only,valence,discard_midpoint,ce_class_weighted,6,246,0.540650406504065,0.5362314049586777,0.5014258810868981,0.508130081300813,121,125,56,190,32,89,24,101,False,0.6149867086148844,0.141323891127332,0.3467744365334511,0.6150365769863129,0.8217369616031647,0.26644278525005116,0.1123671377819728,0.5643616318702698,0.5835590465872156,0.5911404958677686,0.5934959349593496,87,159,0.08213316550031746,0.05490909090909091,0.27235772357723576
label_eeg_mainline,label_policy_ablation,EEG,STIM-BSL-only,valence,midpoint_as_high,balanced_sampler_ce,1,352,0.5,0.5168857698263649,0.4989648033126295,0.5710227272727273,151,201,217,135,96,55,121,80,False,0.38971552063859155,0.35426523197978044,0.014009990077465761,0.26909908652305603,0.9512674748897553,0.39446410825447964,0.3445377321331762,0.095,0.5243364524106984,0.5270501795657474,0.5482954545454546,122,230,0.025371649098068882,0.010164409739382485,0.11647727272727271
label_eeg_mainline,label_policy_ablation,EEG,STIM-BSL-only,valence,midpoint_as_high,balanced_sampler_ce,2,352,0.5113636363636364,0.5070217276099629,0.5056018291687081,0.5795454545454546,148,204,166,186,71,77,95,109,False,0.5167803921768527,0.3117786784181616,0.0516066478565335,0.5324678122997284,0.9425796657800675,0.35324564481521137,0.2908353211241774,0.6749999999999999,0.5112216230180515,0.5274244833068362,0.5113636363636364,210,142,0.005619793849343413,0.02040275569687333,0.02840909090909094
label_eeg_mainline,label_policy_ablation,EEG,STIM-BSL-only,valence,midpoint_as_high,balanced_sampler_ce,3,352,0.5170454545454546,0.49951262142448993,0.4994479205005521,0.5994318181818182,141,211,145,207,58,83,87,124,False,0.5620872054820542,0.2984229952546771,0.05989268161356449,0.638941764831543,0.9317952007055282,0.3265793233047317,0.2582528481196442,0.6399999999999999,0.5354384592824324,0.5419985882827468,0.5397727272727273,177,175,0.0359905387818803,0.042485966858256896,0.08806818181818177
label_eeg_mainline,label_policy_ablation,EEG,STIM-BSL-only,valence,midpoint_as_high,balanced_sampler_ce,4,320,0.503125,0.509919028340081,0.5013671243348132,0.59375,130,190,171,149,71,59,100,90,False,0.4612784527504118,0.32242856828004013,0.026399477850645725,0.45260201394557953,0.9105800718069077,0.34475707514952303,0.29026385245088027,0.3347067832946777,0.5486782720825274,0.5489878542510122,0.5625,134,186,0.047311147747714166,0.03906882591093119,0.03437499999999999
label_eeg_mainline,label_policy_ablation,EEG,STIM-BSL-only,valence,midpoint_as_high,balanced_sampler_ce,5,320,0.409375,0.46033888450517046,0.40377961139206814,0.621875,121,199,230,90,81,40,149,50,False,0.35057515478692947,0.2575155457342641,0.050952588766813266,0.276433527469635,0.8693471312522889,0.391721759688339,0.35679562636651097,0.1074751839041709,0.49656750572082375,0.5144731924083226,0.5875,63,257,0.09278789432875562,0.0541343079031521,0.21875
label_eeg_mainline,label_policy_ablation,EEG,STIM-BSL-only,valence,midpoint_as_high,balanced_sampler_ce,6,320,0.578125,0.534469870011213,0.5334722837179667,0.621875,121,199,100,220,43,78,57,142,False,0.633553976775147,0.28103081376913713,0.11589140556752676,0.7551928162574768,0.9260947376489638,0.2879739384745841,0.20761612558271736,0.7121132612228394,0.5689759157251417,0.5742348104157149,0.58125,145,175,0.03550363200717499,0.03976494040450185,0.1875
label_eeg_mainline,label_policy_ablation,EEG,STIM-BSL-only,valence,midpoint_as_high,ce_class_weighted,1,352,0.4971590909090909,0.49051102105367206,0.4902432439066297,0.5710227272727273,151,201,160,192,67,84,93,108,False,0.5309916522554968,0.29756280540683505,0.05909127257764335,0.5534440279006958,0.9451652079820633,0.327012885692459,0.2678477756139314,0.36999999999999994,0.5100322525886946,0.5129649764422919,0.5340909090909091,123,229,0.019789008682064846,0.02245395538861983,0.045454545454545414
label_eeg_mainline,label_policy_ablation,EEG,STIM-BSL-only,valence,midpoint_as_high,ce_class_weighted,2,352,0.5397727272727273,0.5268945416004239,0.5269288203086112,0.5795454545454546,148,204,146,206,66,82,80,124,False,0.5092006372711197,0.13530334397919166,0.2691642209887504,0.5256798565387726,0.7189498245716095,0.2641706543760754,0.08076742757111788,0.4426472783088684,0.5438633862321156,0.5512718600953894,0.5852272727272727,98,254,0.016934565923504397,0.024377318494965494,0.08522727272727271
label_eeg_mainline,label_policy_ablation,EEG,STIM-BSL-only,valence,midpoint_as_high,ce_class_weighted,3,352,0.5170454545454546,0.4759840005377971,0.46888202506479215,0.5994318181818182,141,211,105,247,38,103,67,144,False,0.6590703104262833,0.3329430798773497,0.022155958227813192,0.8297384977340698,0.9686669737100602,0.3697053048327683,0.3275769754334099,0.7549999999999999,0.49674158797712453,0.49712614702026825,0.5113636363636364,151,201,0.02785956291233238,0.021142146482471147,0.20170454545454541
label_eeg_mainline,label_policy_ablation,EEG,STIM-BSL-only,valence,midpoint_as_high,ce_class_weighted,4,320,0.528125,0.5163967611336032,0.5158268118919027,0.59375,130,190,139,181,59,71,80,110,False,0.5464188680169173,0.30990603308149084,0.08304540030658242,0.5966257452964783,0.9439297258853913,0.3262616766656994,0.2588852288085036,0.69,0.5275667536835518,0.5406882591093117,0.528125,179,141,0.011739941791649056,0.02429149797570851,0.06562500000000004
label_eeg_mainline,label_policy_ablation,EEG,STIM-BSL-only,valence,midpoint_as_high,ce_class_weighted,5,320,0.525,0.5128119938535654,0.5099935525467441,0.621875,121,199,143,177,56,65,87,112,False,0.5588283206161577,0.3418674090036719,0.04744561202824108,0.5871760845184326,0.9797092586755751,0.3532667941904398,0.29099719162913973,0.43999999999999995,0.5234792542123945,0.5246480335562108,0.54375,133,187,0.01348570166565044,0.011836039702645462,0.05312499999999998
label_eeg_mainline,label_policy_ablation,EEG,STIM-BSL-only,valence,midpoint_as_high,ce_class_weighted,6,320,0.596875,0.518771543668757,0.49628436504740636,0.621875,121,199,56,264,24,97,32,167,False,0.7106509334931616,0.23051580796723764,0.15966537520289417,0.7940470576286316,0.9294949382543564,0.27900645281532477,0.19002723064622842,0.7246482372283936,0.5495943036926644,0.5497736616969143,0.575,123,197,0.053309938645258015,0.031002118028157333,0.32499999999999996
label_eeg_mainline,label_policy_ablation,EEG,STIM-BSL-only,valence,midpoint_as_low,balanced_sampler_ce,1,352,0.48011363636363635,0.4732343234323433,0.4729633538695663,0.5738636363636364,202,150,191,161,105,97,86,64,False,0.441138743549924,0.35486627168878854,0.016141608264297176,0.408790647983551,0.96117924451828,0.3841344679936064,0.3498904750343751,0.695,0.4976370550784088,0.5016831683168317,0.5255681818181818,233,119,0.02467370120884249,0.0284488448844884,0.042613636363636354
label_eeg_mainline,label_policy_ablation,EEG,STIM-BSL-only,valence,midpoint_as_low,balanced_sampler_ce,2,352,0.5198863636363636,0.5125534188034189,0.5111713710505772,0.5909090909090909,208,144,191,161,115,93,76,68,False,0.4740647077560425,0.3113078907945564,0.056466071121394575,0.4525913745164871,0.9129417270421981,0.3348165700470258,0.2632254653356292,0.6,0.5264666315727905,0.5264423076923077,0.5426136363636364,209,143,0.015295260522213305,0.01388888888888884,0.042613636363636354
label_eeg_mainline,label_policy_ablation,EEG,STIM-BSL-only,valence,midpoint_as_low,balanced_sampler_ce,3,352,0.5056818181818182,0.5159839671522143,0.5040808394869802,0.5482954545454546,193,159,139,213,79,114,60,99,False,0.5648201640737667,0.28649873704457346,0.05776316225528711,0.6307299435138702,0.911716029047966,0.34139317500958727,0.25982843819920987,0.6545544862747192,0.5284757458899939,0.5287743995828853,0.53125,186,166,0.024394906403013672,0.012790432430671017,0.10511363636363635
label_eeg_mainline,label_policy_ablation,EEG,STIM-BSL-only,valence,midpoint_as_low,balanced_sampler_ce,4,320,0.4875,0.5144010128184839,0.47009168383214184,0.55625,178,142,84,236,49,129,35,107,False,0.6746832524600904,0.30364416851608356,0.06256137453019617,0.8203854262828827,0.9569911003112792,0.3828619707891424,0.3367071333166677,0.9014880657196044,0.52,0.528564646304795,0.55,222,98,0.04990831616785818,0.014163633486311111,0.23750000000000004
label_eeg_mainline,label_policy_ablation,EEG,STIM-BSL-only,valence,midpoint_as_low,balanced_sampler_ce,5,320,0.521875,0.4843843843843844,0.4689747177301273,0.578125,185,135,236,84,134,51,102,33,False,0.34722487508552147,0.23939385449832634,0.06611133068799971,0.28502820432186127,0.8066531449556351,0.3177182665718437,0.22969954804284495,0.2437587976455688,0.4812297355365444,0.4922922922922923,0.48125,137,183,0.012255017806417134,0.007907907907907907,0.2375
label_eeg_mainline,label_policy_ablation,EEG,STIM-BSL-only,valence,midpoint_as_low,balanced_sampler_ce,6,320,0.44375,0.4445128205128205,0.4388177339901478,0.609375,195,125,155,165,86,109,69,56,False,0.5193915902753361,0.3145942655021329,0.07255283445119849,0.5203719437122345,0.9494793266057968,0.3835221967572968,0.3413483866374008,0.929229497909546,0.48757683764657267,0.5298461538461539,0.6125,283,37,0.048759103656424885,0.08533333333333337,0.015625
label_eeg_mainline,label_policy_ablation,EEG,STIM-BSL-only,valence,midpoint_as_low,ce_class_weighted,1,352,0.5170454545454546,0.48481848184818477,0.4727753303964758,0.5738636363636364,202,150,252,100,142,60,110,40,False,0.34491126313911413,0.27801991587103825,0.033124861866235665,0.2523481696844101,0.8838897675275802,0.3315898159779099,0.26724721856986766,0.2217394411563873,0.4969601550199831,0.5052475247524753,0.4971590909090909,157,195,0.024184824623507295,0.020429042904290484,0.21590909090909088
label_eeg_mainline,label_policy_ablation,EEG,STIM-BSL-only,valence,midpoint_as_low,ce_class_weighted,2,352,0.5085227272727273,0.5243055555555556,0.5084870253036846,0.5909090909090909,208,144,147,205,91,117,56,88,False,0.5201144207438285,0.12205194512463832,0.305901563167572,0.5269984900951385,0.7050219237804413,0.2612762178076152,0.09446863711557607,0.5599999999999999,0.5460256442258888,0.5462072649572649,0.5596590909090909,205,147,0.037538618922204225,0.021901709401709324,0.08238636363636365
label_eeg_mainline,label_policy_ablation,EEG,STIM-BSL-only,valence,midpoint_as_low,ce_class_weighted,3,352,0.4744318181818182,0.49302636295499724,0.4631624939201834,0.5482954545454546,193,159,108,244,58,135,50,109,False,0.5754725724162365,0.160159753922926,0.27927152663469307,0.6112399101257324,0.7813008904457093,0.2920159539212337,0.17979243035766893,0.6621258854866028,0.5171144644828856,0.52083944341252,0.5340909090909091,225,127,0.05395197056270218,0.027813080457522732,0.19318181818181823
label_eeg_mainline,label_policy_ablation,EEG,STIM-BSL-only,valence,midpoint_as_low,ce_class_weighted,4,320,0.515625,0.4834230099699319,0.4520487411482672,0.55625,178,142,251,69,137,41,114,28,False,0.25849112269934266,0.2814322603511834,0.014977913396432925,0.1306544169783592,0.8633838891983034,0.3561745517986299,0.32537927667144684,0.156038299202919,0.5236546101598005,0.5238566228833677,0.528125,173,147,0.07160586901153332,0.040433612913435724,0.284375
label_eeg_mainline,label_policy_ablation,EEG,STIM-BSL-only,valence,midpoint_as_low,ce_class_weighted,5,320,0.465625,0.4777777777777778,0.46561978144317817,0.578125,185,135,134,186,74,111,60,75,False,0.5633704287232831,0.27102530641016304,0.14650418162345877,0.6049403548240662,0.9427184462547302,0.3447919333946583,0.2825370917795226,0.6924070715904236,0.5062077034018819,0.5064064064064064,0.521875,192,128,0.040587921958703754,0.02862862862862864,0.08125000000000004
label_eeg_mainline,label_policy_ablation,EEG,STIM-BSL-only,valence,midpoint_as_low,ce_class_weighted,6,320,0.471875,0.4833846153846154,0.4703802724486099,0.609375,195,125,142,178,84,111,58,67,False,0.5721567378612236,0.2747450182175188,0.15479044839739797,0.5786800682544708,0.9368844568729401,0.3448935630361648,0.2799232362536714,0.7171253561973572,0.5076923076923078,0.5076923076923077,0.53125,195,125,0.03731203524369786,0.024307692307692252,0.05625000000000002
label_emg_mainline,label_policy_ablation,EMG,feature-only,arousal,discard_midpoint,balanced_sampler_ce,1,315,0.473015873015873,0.539604608536266,0.46851114002276795,0.638095238095238,201,114,85,230,60,141,25,89,False,0.5418971666740993,0.0899358232858428,0.38727724850177764,0.5470061898231506,0.6924003660678864,0.25354143774815796,0.10558266379530469,0.5689720511436462,0.6024691358024692,0.601924587588374,0.6349206349206349,204,111,0.13395799577970124,0.062319979052107954,0.23015873015873012
label_emg_mainline,label_policy_ablation,EMG,feature-only,arousal,discard_midpoint,balanced_sampler_ce,2,321,0.4984423676012461,0.4888888888888889,0.4869710235563894,0.6074766355140186,195,126,174,147,104,91,70,56,False,0.4929480996922912,0.11003824942786297,0.3114168643951416,0.4901762902736664,0.6681414246559143,0.26319484527588644,0.09149127934023595,0.5625311732292175,0.5069876368389522,0.5134920634920634,0.5607476635514018,232,89,0.020016613282562823,0.02460317460317457,0.042056074766355145
label_emg_mainline,label_policy_ablation,EMG,feature-only,arousal,discard_midpoint,balanced_sampler_ce,3,307,0.5146579804560261,0.5054352514882237,0.5054008758177002,0.5635179153094463,173,134,176,131,100,73,76,58,False,0.48737796946923195,0.11861067824030709,0.30894387960433956,0.4839581847190857,0.7247345805168152,0.2577003392600734,0.0777812585574408,0.528542160987854,0.5373594242015295,0.5420584936588733,0.5635179153094463,207,100,0.03195854838382928,0.036623242170649606,0.07328990228013027
label_emg_mainline,label_policy_ablation,EMG,feature-only,arousal,discard_midpoint,balanced_sampler_ce,4,287,0.5574912891986062,0.5632142857142857,0.5532389532389532,0.6097560975609756,175,112,140,147,94,81,46,66,False,0.5084954041741035,0.10636445389495319,0.3392644673585892,0.5045080184936523,0.6745299577713012,0.24745952608405963,0.03332695318223706,0.5249999999999999,0.596794847885818,0.6016071428571429,0.6062717770034843,156,131,0.04355589464686482,0.03839285714285723,0.012195121951219523
label_emg_mainline,label_policy_ablation,EMG,feature-only,arousal,discard_midpoint,balanced_sampler_ce,5,282,0.5141843971631206,0.4950105042016807,0.49497379050706547,0.6028368794326241,170,112,167,115,100,70,67,45,False,0.4784013386947889,0.10374548311506282,0.3050920382142067,0.47414565086364746,0.6528474986553192,0.2606122295274862,0.06996096543809203,0.5486674308776855,0.5160183066361557,0.5252100840336134,0.574468085106383,210,72,0.021044516129090196,0.030199579831932666,0.09219858156028371
label_emg_mainline,label_policy_ablation,EMG,feature-only,arousal,discard_midpoint,balanced_sampler_ce,6,287,0.5470383275261324,0.5418227215980025,0.5241071428571429,0.6898954703832753,198,89,152,135,110,88,42,47,False,0.4768495893540698,0.11137193265381583,0.2908845454454422,0.4867955148220062,0.6476458489894866,0.24246454672944037,0.06167533604317839,0.5640922784805298,0.5474025974025974,0.5475825672454886,0.6445993031358885,222,65,0.023295454545454564,0.005759845647486106,0.029616724738675937
label_emg_mainline,label_policy_ablation,EMG,feature-only,arousal,discard_midpoint,ce_class_weighted,1,315,0.5365079365079365,0.5646766169154229,0.5351540389746907,0.638095238095238,201,114,131,184,93,108,38,76,False,0.5186293584959848,0.09496735574097674,0.3642618954181671,0.5191245079040527,0.6749186158180237,0.24353635928222536,0.039005703774709584,0.5635934472084045,0.6078733682803988,0.6054595443833464,0.653968253968254,222,93,0.07271932930570812,0.04078292746792345,0.08412698412698416
label_emg_mainline,label_policy_ablation,EMG,feature-only,arousal,discard_midpoint,ce_class_weighted,2,321,0.5171339563862928,0.49444444444444446,0.4944470975542844,0.6074766355140186,195,126,194,127,117,78,77,49,False,0.47423002272380105,0.10344159547040442,0.3017379343509674,0.473546028137207,0.6472387909889221,0.25843618697611076,0.06902127223222794,0.5077983736991882,0.5133203378817414,0.5135531135531135,0.5420560747663551,204,117,0.018873240327456964,0.01910866910866904,0.10436137071651092
label_emg_mainline,label_policy_ablation,EMG,feature-only,arousal,discard_midpoint,ce_class_weighted,3,307,0.5504885993485342,0.5389094987490294,0.5387379148157826,0.5635179153094463,173,134,183,124,109,64,74,60,False,0.4892538863109843,0.11640364336953207,0.30738993883132937,0.47783362865448,0.7371105372905731,0.2573507588985795,0.03812835780533597,0.4899128675460815,0.5541295063096404,0.554309377965663,0.5602605863192183,170,137,0.015391591493857826,0.01539987921663366,0.09609120521172637
label_emg_mainline,label_policy_ablation,EMG,feature-only,arousal,discard_midpoint,ce_class_weighted,4,287,0.5331010452961672,0.541607142857143,0.5300830889540568,0.6097560975609756,175,112,135,152,88,87,47,65,False,0.5157924021370319,0.09906427801313045,0.3649754971265793,0.5148354768753052,0.6690082252025603,0.2507209962100821,0.05201181104789627,0.5981062650680542,0.5819107559578531,0.5867857142857142,0.6411149825783972,220,67,0.051827667003796374,0.04517857142857129,0.029616724738675937
label_emg_mainline,label_policy_ablation,EMG,feature-only,arousal,discard_midpoint,ce_class_weighted,5,282,0.5602836879432624,0.5301995798319328,0.5296206618240517,0.6028368794326241,170,112,184,98,115,55,69,43,False,0.4663049802712515,0.11423855911855617,0.2726881682872772,0.46916452050209045,0.656175684928894,0.2589533686318752,0.08056274394617005,0.4865441620349884,0.5452507374631268,0.5453256302521008,0.5638297872340425,169,113,0.015630075639075147,0.015126050420168013,0.1524822695035461
label_emg_mainline,label_policy_ablation,EMG,feature-only,arousal,discard_midpoint,ce_class_weighted,6,287,0.5400696864111498,0.549143116558847,0.5238310708898944,0.6898954703832753,198,89,142,145,104,94,38,51,False,0.5023803114891052,0.09205437869254551,0.35782869756221775,0.500504195690155,0.6489728450775146,0.2527560971760427,0.034038408500392206,0.5199999999999999,0.5673461361997771,0.5797015094767903,0.5993031358885017,167,120,0.043515065309882694,0.030558392917943378,0.005226480836236891
label_emg_mainline,label_policy_ablation,EMG,feature-only,arousal,midpoint_as_high,balanced_sampler_ce,1,352,0.5085227272727273,0.527643240749893,0.5067672096093566,0.5710227272727273,201,151,130,222,79,122,51,100,False,0.5182069507004186,0.07953308546023627,0.3892750069499016,0.5209942758083344,0.6388190686702728,0.24908749077563722,0.06195653577081183,0.5492982268333435,0.5662187773556683,0.5676419228361503,0.5880681818181818,230,122,0.05945156774631166,0.03999868208625734,0.13068181818181823
label_emg_mainline,label_policy_ablation,EMG,feature-only,arousal,midpoint_as_high,balanced_sampler_ce,2,352,0.48863636363636365,0.4838477870325004,0.48382051031381373,0.5539772727272727,195,157,191,161,103,92,88,69,False,0.4924482151188634,0.1091211402741384,0.3030165001749992,0.48241743445396423,0.6685241162776947,0.2656171633465275,0.10082043165510352,0.5084679126739502,0.5036075036075036,0.5037399967336273,0.5113636363636364,201,151,0.01978699329368988,0.01989220970112693,0.042613636363636354
label_emg_mainline,label_policy_ablation,EMG,feature-only,arousal,midpoint_as_high,balanced_sampler_ce,3,352,0.5397727272727273,0.54099525301127,0.5379679144385027,0.5085227272727273,173,179,201,151,106,67,95,84,False,0.4859215616756542,0.09977183128937028,0.32746181041002276,0.48259842395782465,0.6646060764789581,0.253659066674911,0.03763250638307495,0.4840697050094604,0.5596555369926475,0.5597733070688152,0.5596590909090909,178,174,0.021687622554144803,0.01877805405754518,0.07102272727272729
label_emg_mainline,label_policy_ablation,EMG,feature-only,arousal,midpoint_as_high,balanced_sampler_ce,4,320,0.525,0.5272906403940887,0.5247029393370857,0.546875,175,145,153,167,88,87,65,80,False,0.5066741965711117,0.0787807360263476,0.388959527015686,0.5051533579826355,0.6432163089513779,0.2493401455409173,0.040812300145626076,0.5142717957496643,0.552826326562746,0.5529064039408866,0.55625,173,147,0.028123387225660323,0.025615763546797954,0.021874999999999978
label_emg_mainline,label_policy_ablation,EMG,feature-only,arousal,midpoint_as_high,balanced_sampler_ce,5,320,0.534375,0.53,0.5293699598266723,0.53125,170,150,183,137,102,68,81,69,False,0.48542477991431954,0.09750613749057441,0.3224412500858307,0.47983345389366144,0.6412778526544571,0.2598062047324244,0.08039640095084905,0.4796056151390075,0.5402613395361565,0.5409803921568628,0.540625,159,161,0.010891379709484172,0.01098039215686275,0.07187500000000002
label_emg_mainline,label_policy_ablation,EMG,feature-only,arousal,midpoint_as_high,balanced_sampler_ce,6,320,0.5,0.507865540652426,0.4961423397890097,0.61875,198,122,150,170,94,104,56,66,False,0.5103212193585932,0.09741979286126144,0.342875836789608,0.5071412622928619,0.6720335811376572,0.2623535360071657,0.07821425478905439,0.5244428515434265,0.5249558658321296,0.5287299221725451,0.5375,174,146,0.02881352604311993,0.020864381520119157,0.03125
label_emg_mainline,label_policy_ablation,EMG,feature-only,arousal,midpoint_as_high,ce_class_weighted,1,352,0.5369318181818182,0.5467529900168034,0.536898179910408,0.5710227272727273,201,151,154,198,96,105,58,93,False,0.5112547973509539,0.08131919191063991,0.38168734312057495,0.5112548172473907,0.6512356758117676,0.24503831641526733,0.036107475022700716,0.5163038372993469,0.5808430118752447,0.582451978518006,0.5852272727272727,187,165,0.04394483196483667,0.035698988501202567,0.0625
label_emg_mainline,label_policy_ablation,EMG,feature-only,arousal,midpoint_as_high,ce_class_weighted,2,352,0.48579545454545453,0.4843867385268659,0.4835906788247214,0.5539772727272727,195,157,180,172,97,98,83,74,False,0.49799684227698227,0.09281605227943515,0.34217352420091623,0.4984370619058609,0.6425420105457306,0.26114055151948534,0.08932326230305165,0.5149999999999999,0.5202154563668013,0.5203658337416299,0.5284090909090909,203,149,0.036624777542079934,0.035979095214764,0.011363636363636354
label_emg_mainline,label_policy_ablation,EMG,feature-only,arousal,midpoint_as_high,ce_class_weighted,3,352,0.5227272727272727,0.5238479671908807,0.5211815001943256,0.5085227272727273,173,179,199,153,102,71,97,82,False,0.49625199935822323,0.10081030306098901,0.3607215419411659,0.48517343401908875,0.6995162844657896,0.2559761540835383,0.05528646500103854,0.5243848562240601,0.5378174160782856,0.551022055736752,0.5482954545454546,232,120,0.016635915883959962,0.027174088545871333,0.06534090909090912
label_emg_mainline,label_policy_ablation,EMG,feature-only,arousal,midpoint_as_high,ce_class_weighted,4,320,0.515625,0.518128078817734,0.5153931080302097,0.546875,175,145,152,168,86,89,66,79,False,0.5064787736162544,0.09075165683693265,0.3779430970549584,0.5084786117076874,0.6683971852064132,0.25294372921709574,0.059832155518233815,0.5213175415992737,0.5477143563133184,0.5476847290640394,0.553125,180,140,0.03232124828310878,0.029556650246305383,0.025000000000000022
label_emg_mainline,label_policy_ablation,EMG,feature-only,arousal,midpoint_as_high,ce_class_weighted,5,320,0.528125,0.5213725490196078,0.5186052303860523,0.53125,170,150,195,125,107,63,88,62,False,0.48043648097664116,0.09437714099892826,0.3305765867233276,0.4776031970977783,0.6448210537433624,0.2599180251806543,0.04775125887244937,0.4830333292484283,0.534426487357949,0.5345098039215687,0.5375,176,144,0.015821256971896624,0.013137254901960826,0.109375
label_emg_mainline,label_policy_ablation,EMG,feature-only,arousal,midpoint_as_high,ce_class_weighted,6,320,0.5375,0.5208643815201193,0.5194610170867324,0.61875,198,122,184,136,117,81,67,55,False,0.48694680193439127,0.0897463696647042,0.33790902793407435,0.48458378016948694,0.6363275766372681,0.2539788947154908,0.04926222665235399,0.5262108445167542,0.5614063047843687,0.5609786388474913,0.596875,213,107,0.04194528769763628,0.04011425732737206,0.07500000000000001
label_emg_mainline,label_policy_ablation,EMG,feature-only,arousal,midpoint_as_low,balanced_sampler_ce,1,352,0.5113636363636364,0.5518207282913166,0.5082521117608837,0.6761363636363636,238,114,142,210,104,134,38,76,False,0.5202543831176378,0.100533726279394,0.3522693946957588,0.5276322364807129,0.6968666613101959,0.25141343671135696,0.07099727109413255,0.5784927606582642,0.6042817342001076,0.6007297655904467,0.6732954545454546,261,91,0.09602962243922386,0.0489090372991301,0.09659090909090906
label_emg_mainline,label_policy_ablation,EMG,feature-only,arousal,midpoint_as_low,balanced_sampler_ce,2,352,0.4744318181818182,0.46779744346116026,0.4612794612794613,0.6420454545454546,226,126,181,171,111,115,70,56,False,0.49330352839421143,0.10546000216407157,0.3080991595983505,0.49692443013191223,0.6679992884397506,0.25998008514376686,0.11012433960356498,0.5828452706336975,0.512132412019926,0.5243714004775952,0.6079545454545454,282,70,0.0508529507404647,0.05657395701643497,0.01420454545454547
label_emg_mainline,label_policy_ablation,EMG,feature-only,arousal,midpoint_as_low,balanced_sampler_ce,3,352,0.53125,0.5065384088730659,0.5063868845771398,0.6193181818181818,218,134,213,139,133,85,80,54,False,0.48112694008953194,0.11597226609813942,0.296285443007946,0.4722888618707657,0.6942154705524445,0.25749594757213395,0.060387243220413306,0.5114423632621765,0.5173239006070135,0.5176982062166233,0.5539772727272727,231,121,0.010937016029873736,0.011159797343557432,0.10511363636363635
label_emg_mainline,label_policy_ablation,EMG,feature-only,arousal,midpoint_as_low,balanced_sampler_ce,4,320,0.58125,0.6078296703296704,0.5775369458128079,0.65,208,112,142,178,108,100,34,78,False,0.52872066590935,0.10021334981570505,0.39115416407585146,0.5141085088253021,0.7153027504682541,0.2505786612609687,0.07843857407569889,0.5384606719017029,0.6170195204490116,0.6243131868131868,0.6375,186,134,0.03948257463620375,0.016483516483516425,0.05625000000000002
label_emg_mainline,label_policy_ablation,EMG,feature-only,arousal,midpoint_as_low,balanced_sampler_ce,5,320,0.528125,0.5113324175824175,0.5064905883914984,0.65,208,112,179,141,118,90,61,51,False,0.48984669977799056,0.12580559722951395,0.2982381969690323,0.4792197495698929,0.7046835005283356,0.2655866403296517,0.09119536383077503,0.605,0.5185239998026737,0.529532967032967,0.61875,258,62,0.01203341141117531,0.018200549450549497,0.05937500000000001
label_emg_mainline,label_policy_ablation,EMG,feature-only,arousal,midpoint_as_low,balanced_sampler_ce,6,320,0.534375,0.5531640644000195,0.5143366437484085,0.721875,231,89,154,166,118,113,36,53,False,0.5026379677467048,0.09879348419264793,0.329055455327034,0.5094927549362183,0.6663898974657059,0.2538970668819441,0.04524244414642456,0.5509669780731201,0.5405761626812275,0.5425361155698234,0.61875,221,99,0.02623951893281906,-0.010627948830196132,0.018750000000000044
label_emg_mainline,label_policy_ablation,EMG,feature-only,arousal,midpoint_as_low,ce_class_weighted,1,352,0.5,0.5616983635559487,0.4997416020671835,0.6761363636363636,238,114,122,230,92,146,30,84,False,0.5327764954841272,0.08626917773735339,0.38214124143123623,0.5386681854724884,0.6616942882537842,0.2550998895976352,0.08693145583807065,0.5965996980667114,0.6150601468520543,0.61031254607106,0.7017045454545454,281,71,0.11531854478487086,0.04861418251511129,0.15340909090909094
label_emg_mainline,label_policy_ablation,EMG,feature-only,arousal,midpoint_as_low,ce_class_weighted,2,352,0.5,0.48595308329821607,0.4817813765182186,0.6420454545454546,226,126,192,160,121,105,71,55,False,0.4890884179621935,0.09802090292689575,0.31191593855619426,0.4925621598958969,0.6418649733066559,0.25736643933775194,0.07823679782450196,0.5449999999999999,0.5091199586254029,0.5114131198201994,0.5710227272727273,251,101,0.027338582107184317,0.025460036521983365,0.04545454545454547
label_emg_mainline,label_policy_ablation,EMG,feature-only,arousal,midpoint_as_low,ce_class_weighted,3,352,0.5227272727272727,0.5039709708339039,0.5030755268730462,0.6193181818181818,218,134,204,148,127,91,77,57,False,0.48906239266084,0.1100381457944395,0.3273853182792663,0.4821065813302994,0.7111655622720718,0.2586262503801892,0.06094244283369997,0.5049999999999999,0.515686023159424,0.5157127207996713,0.5426136363636364,217,135,0.012610496286377781,0.01174174996576749,0.07954545454545453
label_emg_mainline,label_policy_ablation,EMG,feature-only,arousal,midpoint_as_low,ce_class_weighted,4,320,0.596875,0.5910027472527473,0.5806199266491248,0.65,208,112,175,145,127,81,48,64,False,0.49622276425361633,0.08609051112938113,0.371233582496643,0.4897993206977844,0.6300298631191256,0.24279488238451452,0.06026834119111293,0.5547886490821838,0.6031111265662853,0.6006181318681318,0.665625,239,81,0.02249119991716053,0.009615384615384581,0.046875
label_emg_mainline,label_policy_ablation,EMG,feature-only,arousal,midpoint_as_low,ce_class_weighted,5,320,0.55,0.4910714285714286,0.48970099667774086,0.65,208,112,222,98,143,65,79,33,False,0.45288972021080554,0.11678677912349665,0.29466160833835603,0.43092755973339075,0.6661413908004761,0.2557104247023377,0.05739550297148527,0.5549999999999999,0.5075073619408863,0.5175137362637363,0.603125,253,67,0.01780636526314544,0.02644230769230771,0.19374999999999998
label_emg_mainline,label_policy_ablation,EMG,feature-only,arousal,midpoint_as_low,ce_class_weighted,6,320,0.553125,0.5385232744783306,0.5174573715346247,0.721875,231,89,176,144,132,99,44,45,False,0.4844173161778599,0.09464949139819401,0.3013453230261802,0.49321047961711884,0.6340852171182633,0.24320403352685935,0.029463120037689812,0.5460478067398071,0.5650818588760458,0.5637676929811761,0.659375,238,82,0.04762448734142111,0.025244418502845534,0.04999999999999999
label_emg_mainline,label_policy_ablation,EMG,feature-only,valence,discard_midpoint,balanced_sampler_ce,1,301,0.4750830564784053,0.47456953642384103,0.4619648836998824,0.5016611295681063,151,150,197,104,95,56,102,48,False,0.4713367110867041,0.062032890208336126,0.3563868105411529,0.4809474647045135,0.5644071698188782,0.25840851741946125,0.08062663466431376,0.4749999999999999,0.49133503429537095,0.49178807947019865,0.49169435215946844,142,159,0.02937015059548853,0.017218543046357615,0.15448504983388706
label_emg_mainline,label_policy_ablation,EMG,feature-only,valence,discard_midpoint,balanced_sampler_ce,2,292,0.5,0.4993430930930931,0.4984942593638245,0.5068493150684932,148,144,160,132,81,67,79,65,False,0.4956990303344106,0.04658753322941426,0.4229460522532463,0.49436838924884796,0.5691549837589264,0.25050812547390033,0.037624579229175184,0.4949537813663482,0.5238329872476214,0.5238363363363363,0.523972602739726,149,143,0.025338727883796874,0.0244932432432432,0.04794520547945208
label_emg_mainline,label_policy_ablation,EMG,feature-only,valence,discard_midpoint,balanced_sampler_ce,3,300,0.4766666666666667,0.4793924795932022,0.47652125590441785,0.53,141,159,164,136,74,67,90,69,False,0.5028227119644483,0.056781791610520105,0.4154023125767708,0.49594923853874207,0.6037939131259918,0.25345601192490214,0.06926850984493887,0.4640168845653534,0.5146154675870995,0.5357286230429547,0.55,78,222,0.03809421168268168,0.05633614344975246,0.04666666666666669
label_emg_mainline,label_policy_ablation,EMG,feature-only,valence,discard_midpoint,balanced_sampler_ce,4,272,0.5330882352941176,0.5287648970747563,0.5261129021194869,0.5220588235294118,130,142,109,163,56,74,53,89,False,0.5058441901689067,0.05252579638475101,0.4151447892189025,0.5121675729751587,0.5809333205223083,0.2510355276888385,0.014666357132441844,0.4975557625293731,0.5392687461268333,0.5428494041170098,0.5477941176470589,105,167,0.013155844007346373,0.014084507042253502,0.09926470588235292
label_emg_mainline,label_policy_ablation,EMG,feature-only,valence,discard_midpoint,balanced_sampler_ce,5,256,0.5078125,0.5067646158555249,0.506728651822853,0.52734375,121,135,123,133,59,62,64,71,False,0.504330855794251,0.039655323885681305,0.4418474435806274,0.5025512874126434,0.5645383894443512,0.25084635844869574,0.025439534336328496,0.4946890473365783,0.5326443468036388,0.5342516069788797,0.5390625,105,151,0.02591569498078583,0.027486991123354843,0.01953125
label_emg_mainline,label_policy_ablation,EMG,feature-only,valence,discard_midpoint,balanced_sampler_ce,6,246,0.5284552845528455,0.5315041322314049,0.5128712871287129,0.508130081300813,121,125,169,77,87,34,82,43,False,0.4913290749962737,0.03874893524128714,0.44226018339395523,0.48770835995674133,0.5714297443628311,0.24694012875971053,0.011675297123629882,0.4874965846538543,0.5812385343844515,0.5812561983471074,0.5813008130081301,122,124,0.06836724725573862,0.04975206611570249,0.1869918699186992
label_emg_mainline,label_policy_ablation,EMG,feature-only,valence,discard_midpoint,ce_class_weighted,1,301,0.4684385382059801,0.4685430463576159,0.46796288113124174,0.5016611295681063,151,150,141,160,66,85,75,75,False,0.489132231404615,0.08707241146710763,0.3147346377372741,0.5049177408218384,0.6051750779151917,0.2617492271056159,0.09852454140534833,0.4821597635746002,0.4918553300911175,0.49871964679911696,0.4983388704318937,116,185,0.023892448959875745,0.030176600441501056,0.031561461794019974
label_emg_mainline,label_policy_ablation,EMG,feature-only,valence,discard_midpoint,ce_class_weighted,2,292,0.5308219178082192,0.5309684684684685,0.5308164150921267,0.5068493150684932,148,144,143,149,77,71,66,78,False,0.49626180254025004,0.05270863714892663,0.40348187536001207,0.5023939907550812,0.5735527217388153,0.2508595740627604,0.012187127891468608,0.5173429250717163,0.537442396313364,0.5459834834834835,0.547945205479452,188,104,0.006625981221237254,0.01501501501501501,0.010273972602739767
label_emg_mainline,label_policy_ablation,EMG,feature-only,valence,discard_midpoint,ce_class_weighted,3,300,0.51,0.5080289040545966,0.5080266401900958,0.53,141,159,140,160,67,74,73,86,False,0.5130130392313004,0.0644366911213578,0.4248319640755653,0.5045354068279266,0.6524930745363237,0.25500334819241866,0.03739684601624807,0.4882175922393799,0.5337142857142857,0.5386056469958517,0.5466666666666666,109,191,0.025687645524189895,0.03057674294125512,0.033333333333333326
label_emg_mainline,label_policy_ablation,EMG,feature-only,valence,discard_midpoint,ce_class_weighted,4,272,0.4963235294117647,0.49452871072589377,0.4943483275663207,0.5220588235294118,130,142,125,147,59,71,66,76,False,0.4992464743554592,0.05425952792468263,0.4072233900427818,0.504432886838913,0.586269399523735,0.25119073767521105,0.04889293343705292,0.5199999999999999,0.5439414386782808,0.5529252437703142,0.5477941176470589,167,105,0.04959311111196013,0.058396533044420385,0.0404411764705882
label_emg_mainline,label_policy_ablation,EMG,feature-only,valence,discard_midpoint,ce_class_weighted,5,256,0.50390625,0.5047750229568412,0.5038381125337648,0.52734375,121,135,132,124,63,58,69,66,False,0.5018475573742762,0.0514909031404863,0.4029593244194984,0.4978720247745514,0.5780221521854401,0.25056168397823086,0.03481833951082075,0.4837071001529693,0.512661771528211,0.5249770431588614,0.53515625,80,176,0.00882365899444626,0.02020202020202022,0.015625
label_emg_mainline,label_policy_ablation,EMG,feature-only,valence,discard_midpoint,ce_class_weighted,6,246,0.524390243902439,0.5259173553719009,0.5208988764044945,0.508130081300813,121,125,146,100,75,46,71,54,False,0.4943092878514189,0.04562582184310162,0.4245239049196243,0.49260683357715607,0.5772800892591476,0.24684710594915965,0.010199966348283634,0.4969561994075775,0.5602489406779662,0.5617851239669421,0.5609756097560976,135,111,0.03935006427347165,0.03586776859504126,0.0934959349593496
label_emg_mainline,label_policy_ablation,EMG,feature-only,valence,midpoint_as_high,balanced_sampler_ce,1,352,0.4772727272727273,0.471450693552107,0.47110893352931577,0.5710227272727273,151,201,163,189,65,86,98,103,False,0.4962018038230864,0.07455621319012651,0.37457827031612395,0.5043401122093201,0.6155019164085388,0.260008685650002,0.0832811792973768,0.5257784724235535,0.4765607859389094,0.5019439227702547,0.48011363636363635,230,122,0.005451852409593616,0.030493229218147677,0.03693181818181823
label_emg_mainline,label_policy_ablation,EMG,feature-only,valence,midpoint_as_high,balanced_sampler_ce,2,352,0.5454545454545454,0.5280869104398516,0.5278336686787392,0.5795454545454546,148,204,136,216,62,86,74,130,False,0.511896546845409,0.05379837225685149,0.4206712946295738,0.5168267488479614,0.5908018857240677,0.2479307702586531,0.005082005042244096,0.5125732421875,0.5414526238171316,0.5425940646528882,0.5482954545454546,161,191,0.013618955138392397,0.01450715421303661,0.11363636363636365
label_emg_mainline,label_policy_ablation,EMG,feature-only,valence,midpoint_as_high,balanced_sampler_ce,3,352,0.5625,0.5280158650129407,0.5257392825896763,0.5994318181818182,141,211,113,239,50,91,63,148,False,0.5341489437798207,0.0764720237690634,0.4150687307119369,0.5267777144908905,0.6757022589445114,0.25084336476638025,0.06684537341987548,0.4842406213283539,0.5474431406634797,0.5529225908372828,0.5965909090909091,95,257,0.021703858073803373,0.024906725824342058,0.1789772727272727
label_emg_mainline,label_policy_ablation,EMG,feature-only,valence,midpoint_as_high,balanced_sampler_ce,4,320,0.48125,0.5072874493927125,0.4802551759226644,0.59375,130,190,204,116,84,46,120,70,False,0.4804515783675015,0.06351416746810543,0.3887678012251854,0.47327542304992676,0.5908827602863312,0.2576043641960311,0.07438403954729433,0.43499999999999994,0.5363379852055213,0.5431174089068826,0.584375,87,233,0.056082809282856916,0.03582995951417012,0.1375
label_emg_mainline,label_policy_ablation,EMG,feature-only,valence,midpoint_as_high,balanced_sampler_ce,5,320,0.55,0.5474895136841231,0.5405049658968529,0.621875,121,199,153,167,65,56,88,111,False,0.5090531697496772,0.0756338148933239,0.3990133821964264,0.5035524964332581,0.6436285376548767,0.2486406535773308,0.016426591575145668,0.4896115958690643,0.5572916666666667,0.5594916732422444,0.575,135,185,0.01678670076981381,0.012002159558121228,0.021874999999999978
label_emg_mainline,label_policy_ablation,EMG,feature-only,valence,midpoint_as_high,balanced_sampler_ce,6,320,0.4375,0.5218239960131235,0.40923076923076923,0.621875,121,199,269,51,105,16,164,35,False,0.4507032728753984,0.055989405708065265,0.35960454046726226,0.4466632902622223,0.5456366539001465,0.2614788901020222,0.12462819451466196,0.4372397363185882,0.5626453429072662,0.564516798870385,0.58125,133,187,0.15341457367649697,0.042692802857261514,0.340625
label_emg_mainline,label_policy_ablation,EMG,feature-only,valence,midpoint_as_high,ce_class_weighted,1,352,0.4772727272727273,0.47804026226483476,0.475222816399287,0.5710227272727273,151,201,179,173,73,78,106,95,False,0.4863022854551673,0.07525795641150788,0.3447300717234611,0.49815353751182556,0.5935279309749603,0.26065818406846275,0.08352106394754215,0.4621897339820862,0.49210660329315903,0.4955685150406906,0.5170454545454546,123,229,0.016883786893872044,0.017528252775855846,0.008522727272727293
label_emg_mainline,label_policy_ablation,EMG,feature-only,valence,midpoint_as_high,ce_class_weighted,2,352,0.5227272727272727,0.5316640169581346,0.5223417660172531,0.5795454545454546,148,204,194,158,87,61,107,97,False,0.48685583870180626,0.06134868051357994,0.3816124632954597,0.4876388013362884,0.578018844127655,0.2554801899613386,0.026314404285089497,0.5015126466751099,0.5252578277056766,0.535042395336513,0.5255681818181818,195,157,0.00291606168842351,0.0033783783783783994,0.051136363636363646
label_emg_mainline,label_policy_ablation,EMG,feature-only,valence,midpoint_as_high,ce_class_weighted,3,352,0.5198863636363636,0.5124701690699472,0.5103989201912711,0.5994318181818182,141,211,162,190,67,74,95,116,False,0.5181461023166776,0.07549472974507884,0.41601338684558864,0.5056760013103485,0.6796549350023269,0.2520096259703299,0.03720867168158292,0.4637728631496429,0.5391621129326047,0.5529898154683877,0.6079545454545454,75,277,0.028763192741333654,0.04051964639844041,0.03977272727272729
label_emg_mainline,label_policy_ablation,EMG,feature-only,valence,midpoint_as_high,ce_class_weighted,4,320,0.48125,0.4793522267206478,0.476010101010101,0.59375,130,190,158,162,61,69,97,93,False,0.5038558721542359,0.07182305565857028,0.38870883733034134,0.5017888247966766,0.6236865133047104,0.25214247948774327,0.07888371944427487,0.4610081315040588,0.5367058422755919,0.5400809716599191,0.575,98,222,0.06069574126549093,0.06072874493927127,0.006249999999999978
label_emg_mainline,label_policy_ablation,EMG,feature-only,valence,midpoint_as_high,ce_class_weighted,5,320,0.58125,0.5483201129615017,0.5486505831333417,0.621875,121,199,113,207,50,71,63,136,False,0.5135658863931895,0.06615844841228609,0.3817203715443611,0.51958829164505,0.6144749879837036,0.2442812341081148,0.035977194830775217,0.5034496784210205,0.5625997767088555,0.5623364757672661,0.590625,118,202,0.01394919357551383,0.014016362805764349,0.14687499999999998
label_emg_mainline,label_policy_ablation,EMG,feature-only,valence,midpoint_as_high,ce_class_weighted,6,320,0.553125,0.5710577681797416,0.5511921458625526,0.621875,121,199,178,142,78,43,100,99,False,0.49289549347013234,0.06453041667012586,0.3724639937281608,0.48887982964515686,0.5964901208877564,0.2502966997869997,0.036080926656722995,0.4890795052051544,0.5562423233884068,0.5672577764857345,0.5625,161,159,0.005050177525854238,-0.003799991694007132,0.05625000000000002
label_emg_mainline,label_policy_ablation,EMG,feature-only,valence,midpoint_as_low,balanced_sampler_ce,1,352,0.5,0.475973597359736,0.4713090971155487,0.5738636363636364,202,150,232,120,129,73,103,47,False,0.4790254104035822,0.07279000324784682,0.35067471265792843,0.48431043326854706,0.6092192620038985,0.2569600603778873,0.05613639637489216,0.4732101559638977,0.48295454545454547,0.4937293729372937,0.48295454545454547,150,202,0.011645448338996778,0.017755775577557698,0.15909090909090912
label_emg_mainline,label_policy_ablation,EMG,feature-only,valence,midpoint_as_low,balanced_sampler_ce,2,352,0.5198863636363636,0.5093482905982906,0.5087493290391841,0.5909090909090909,208,144,197,155,118,90,79,65,False,0.4898039892485196,0.044909764815208614,0.4161612391471863,0.4916614890098572,0.5634084969758988,0.24691860513106095,0.016550474800169485,0.5149999999999999,0.5341752627012436,0.5376602564102564,0.5710227272727273,243,109,0.025425933662059474,0.028311965811965822,0.059659090909090884
label_emg_mainline,label_policy_ablation,EMG,feature-only,valence,midpoint_as_low,balanced_sampler_ce,3,352,0.46875,0.47898132759800566,0.4668524173234086,0.5482954545454546,193,159,138,214,72,121,66,93,False,0.5157190605320714,0.04825010717788818,0.4410066798329353,0.5141264796257019,0.5901479482650757,0.25619809034097457,0.0704450410875407,0.5255791544914246,0.5324675324675325,0.5326685567178284,0.5397727272727273,203,149,0.06561511514412394,0.053687229119822766,0.10795454545454541
label_emg_mainline,label_policy_ablation,EMG,feature-only,valence,midpoint_as_low,balanced_sampler_ce,4,320,0.4875,0.49944611489159674,0.48621553884711777,0.55625,178,142,126,194,70,108,56,86,False,0.510065474268049,0.04232349131143249,0.43975806981325144,0.510678231716156,0.5742989778518677,0.254270829774687,0.04651323305442932,0.5094437003135681,0.4960432745449032,0.49861528722899195,0.496875,155,165,0.009827735697785445,-0.0008308276626047828,0.10624999999999996
label_emg_mainline,label_policy_ablation,EMG,feature-only,valence,midpoint_as_low,balanced_sampler_ce,5,320,0.471875,0.47017017017017015,0.4680882454190477,0.578125,185,135,162,158,89,96,73,62,False,0.49725627098232505,0.04918265436155674,0.4094008192420005,0.49957898259162903,0.5771439075469971,0.2554753585147861,0.06637252513319258,0.4993925094604492,0.4816974408811143,0.484984984984985,0.484375,158,162,0.013609195462066626,0.014814814814814836,0.006249999999999978
label_emg_mainline,label_policy_ablation,EMG,feature-only,valence,midpoint_as_low,balanced_sampler_ce,6,320,0.484375,0.4922051282051282,0.4816974408811143,0.609375,195,125,148,172,89,106,59,66,False,0.506705052126199,0.0416214285884109,0.4478438079357147,0.5008382797241211,0.582145220041275,0.24931256618571593,0.05595609983429317,0.5268943309783936,0.5323046713748592,0.5391794871794872,0.590625,238,82,0.050607230493744826,0.046974358974358976,0.03749999999999998
label_emg_mainline,label_policy_ablation,EMG,feature-only,valence,midpoint_as_low,ce_class_weighted,1,352,0.4744318181818182,0.4665676567656766,0.46647003400106507,0.5738636363636364,202,150,193,159,105,97,88,62,False,0.48430463790216227,0.07071507644395111,0.34969746023416515,0.4934987425804138,0.5941854298114776,0.2574326255722685,0.07890282215719871,0.4821945428848266,0.4855920229300392,0.4996369636963697,0.48579545454545453,143,209,0.019121988928974154,0.0330693069306931,0.04829545454545453
label_emg_mainline,label_policy_ablation,EMG,feature-only,valence,midpoint_as_low,ce_class_weighted,2,352,0.5284090909090909,0.5197649572649572,0.518697901222365,0.5909090909090909,208,144,194,158,118,90,76,68,False,0.4915799954906106,0.055709196672292925,0.40663215070962905,0.4948257952928543,0.5816660404205323,0.25015934220214314,0.017778557217256605,0.5176989436149597,0.5410044052863436,0.5448717948717949,0.5795454545454546,246,106,0.022306504063978605,0.02510683760683774,0.051136363636363646
label_emg_mainline,label_policy_ablation,EMG,feature-only,valence,midpoint_as_low,ce_class_weighted,3,352,0.5170454545454546,0.5269006419656532,0.5157792523061984,0.5482954545454546,193,159,141,211,82,111,59,100,False,0.5069777917286212,0.0418145741163765,0.44066060781478883,0.5068174302577972,0.5725344270467758,0.2540013939043073,0.014551614580506599,0.4986311495304107,0.5208556149732622,0.5337439306546746,0.5227272727272727,137,215,0.005076362667063794,0.006843288689021398,0.09943181818181823
label_emg_mainline,label_policy_ablation,EMG,feature-only,valence,midpoint_as_low,ce_class_weighted,4,320,0.4875,0.4894761829403387,0.48677828195900485,0.55625,178,142,154,166,84,94,70,72,False,0.5057642607018351,0.04576583856379845,0.43537225872278207,0.5039425790309906,0.5804615020751953,0.25391440634821566,0.04818102438002829,0.5291779637336731,0.5225325806821858,0.5313736350688401,0.553125,223,97,0.03575429872318092,0.04189745212850138,0.018750000000000044
label_emg_mainline,label_policy_ablation,EMG,feature-only,valence,midpoint_as_low,ce_class_weighted,5,320,0.484375,0.498998998998999,0.48424908424908425,0.578125,185,135,130,190,75,110,55,80,False,0.5084287620149552,0.05238613081958199,0.4142641574144363,0.512119472026825,0.588385421037674,0.2565225168405852,0.058107676077634104,0.4980160593986511,0.5055546862775779,0.5249249249249249,0.50625,123,197,0.021305602028493686,0.025925925925925908,0.09375
label_emg_mainline,label_policy_ablation,EMG,feature-only,valence,midpoint_as_low,ce_class_weighted,6,320,0.55,0.5417435897435898,0.5387387387387388,0.609375,195,125,175,145,113,82,62,63,False,0.49414446456357836,0.0454904090989537,0.4136425659060478,0.4956877529621124,0.5594467669725418,0.2467055350365576,0.016158639919012847,0.4984067976474762,0.5476986781334607,0.5526153846153846,0.55625,169,151,0.00895993939472195,0.010871794871794793,0.046875
