"run_id",task,policy,recipe,fold_id,seed,cache_row,subject_id,stimulus_id,y_true,y_pred,p1
1,arousal,"midpoint_as_high",ce_class_weighted,1,11,128,6,Dummy_1,1,0,0.00042813149048015475
1,arousal,"midpoint_as_high",ce_class_weighted,1,11,129,6,3053,1,0,0.0005186325870454311
1,arousal,"midpoint_as_high",ce_class_weighted,1,11,130,6,Tumor_1,1,0,0.00038640230195596814
1,arousal,"midpoint_as_high",ce_class_weighted,1,11,131,6,Dog_18,1,0,1.4864129298075568e-05
1,arousal,"midpoint_as_high",ce_class_weighted,1,11,132,6,Miserable_pose_3,1,0,9.668093844084069e-05
1,arousal,"midpoint_as_high",ce_class_weighted,1,11,133,6,"Pinecone_1",1,0,0.00010283720621373504
1,arousal,"midpoint_as_high",ce_class_weighted,1,11,134,6,Garbage_dump_6,1,0,0.03062581829726696
1,arousal,"midpoint_as_high",ce_class_weighted,1,11,135,6,Depressed_pose_4,1,0,1.2967804650543258e-05
1,arousal,"midpoint_as_high",ce_class_weighted,1,11,136,6,"Angry_face_1",1,0,0.026468435302376747
1,arousal,"midpoint_as_high",ce_class_weighted,1,11,137,6,Dog_26,1,0,6.036950708221411e-07
1,arousal,"midpoint_as_high",ce_class_weighted,1,11,138,6,8370,1,0,0.0005014750640839338
1,arousal,"midpoint_as_high",ce_class_weighted,1,11,139,6,Dog_6,1,0,2.3076956495060585e-05
1,arousal,"midpoint_as_high",ce_class_weighted,1,11,140,6,9220,1,0,1.98965281015262e-05
1,arousal,"midpoint_as_high",ce_class_weighted,1,11,141,6,Lake_12,1,0,4.2862826376222074e-05
1,arousal,"midpoint_as_high",ce_class_weighted,1,11,142,6,2314,1,0,0.09717804193496704
1,arousal,"midpoint_as_high",ce_class_weighted,1,11,143,6,1750,1,0,0.006699771620333195
1,arousal,"midpoint_as_high",ce_class_weighted,1,11,144,6,8492,1,0,1.745345343806548e-06
1,arousal,"midpoint_as_high",ce_class_weighted,1,11,145,6,1441,1,0,2.2186878823049483e-07
1,arousal,"midpoint_as_high",ce_class_weighted,1,11,146,6,Flowers_6,1,0,0.0009620911441743374
1,arousal,"midpoint_as_high",ce_class_weighted,1,11,147,6,"Yarn_1",1,0,6.419011242542183e-07
1,arousal,"midpoint_as_high",ce_class_weighted,1,11,148,6,9331,1,0,0.0013851870317012072
1,arousal,"midpoint_as_high",ce_class_weighted,1,11,149,6,Beach_1,1,0,0.06524799019098282
1,arousal,"midpoint_as_high",ce_class_weighted,1,11,150,6,2491,0,0,7.282962542376481e-06
1,arousal,"midpoint_as_high",ce_class_weighted,1,11,151,6,9360,1,0,0.08879046887159348
1,arousal,"midpoint_as_high",ce_class_weighted,1,11,152,6,Lake_3,1,0,6.195938112796284e-06
1,arousal,"midpoint_as_high",ce_class_weighted,1,11,153,6,3170,1,1,0.5517452359199524
1,arousal,"midpoint_as_high",ce_class_weighted,1,11,154,6,8080,0,0,1.2763351151079405e-05
1,arousal,"midpoint_as_high",ce_class_weighted,1,11,155,6,"Snow_1",1,0,0.019177500158548355
1,arousal,"midpoint_as_high",ce_class_weighted,1,11,156,6,4220,1,0,7.110726528480882e-06
1,arousal,"midpoint_as_high",ce_class_weighted,1,11,157,6,5760,1,0,0.03334175795316696
1,arousal,"midpoint_as_high",ce_class_weighted,1,11,158,6,3063,1,0,0.0034675735514611006
1,arousal,"midpoint_as_high",ce_class_weighted,1,11,159,6,3080,1,0,0.015544501133263111
1,arousal,"midpoint_as_high",ce_class_weighted,1,11,160,7,Dummy_1,0,0,1.149991817328555e-06
1,arousal,"midpoint_as_high",ce_class_weighted,1,11,161,7,3053,1,0,0.09452048689126968
1,arousal,"midpoint_as_high",ce_class_weighted,1,11,162,7,Tumor_1,1,0,0.0008029653690755367
1,arousal,"midpoint_as_high",ce_class_weighted,1,11,163,7,Dog_18,1,0,2.3100647013052367e-05
1,arousal,"midpoint_as_high",ce_class_weighted,1,11,164,7,Miserable_pose_3,0,0,0.00012662167137023062
1,arousal,"midpoint_as_high",ce_class_weighted,1,11,165,7,"Pinecone_1",0,0,0.00031775591196492314
1,arousal,"midpoint_as_high",ce_class_weighted,1,11,166,7,Garbage_dump_6,0,0,0.0009444296592846513
1,arousal,"midpoint_as_high",ce_class_weighted,1,11,167,7,Depressed_pose_4,0,0,0.0004122978716623038
1,arousal,"midpoint_as_high",ce_class_weighted,1,11,168,7,"Angry_face_1",0,0,9.56254152697511e-05
1,arousal,"midpoint_as_high",ce_class_weighted,1,11,169,7,Dog_26,0,0,0.005997548811137676
1,arousal,"midpoint_as_high",ce_class_weighted,1,11,170,7,8370,0,0,7.954608736326918e-05
1,arousal,"midpoint_as_high",ce_class_weighted,1,11,171,7,Dog_6,1,0,3.161257609463064e-06
1,arousal,"midpoint_as_high",ce_class_weighted,1,11,172,7,9220,0,0,4.1073199099628255e-06
1,arousal,"midpoint_as_high",ce_class_weighted,1,11,173,7,Lake_12,0,0,5.823323334652741e-08
1,arousal,"midpoint_as_high",ce_class_weighted,1,11,174,7,2314,0,0,6.990320144950601e-08
1,arousal,"midpoint_as_high",ce_class_weighted,1,11,175,7,1750,0,0,0.1282959282398224
1,arousal,"midpoint_as_high",ce_class_weighted,1,11,176,7,8492,0,0,7.465854287147522e-05
1,arousal,"midpoint_as_high",ce_class_weighted,1,11,177,7,1441,0,0,0.0006811340572312474
1,arousal,"midpoint_as_high",ce_class_weighted,1,11,178,7,Flowers_6,0,0,0.0072097498923540115
1,arousal,"midpoint_as_high",ce_class_weighted,1,11,179,7,"Yarn_1",0,0,0.09972310066223145
1,arousal,"midpoint_as_high",ce_class_weighted,1,11,180,7,9331,0,0,6.684879917884246e-05
1,arousal,"midpoint_as_high",ce_class_weighted,1,11,181,7,Beach_1,0,0,4.228138641337864e-05
1,arousal,"midpoint_as_high",ce_class_weighted,1,11,182,7,2491,0,0,5.006774586036045e-07
1,arousal,"midpoint_as_high",ce_class_weighted,1,11,183,7,9360,0,0,0.013859241269528866
1,arousal,"midpoint_as_high",ce_class_weighted,1,11,184,7,Lake_3,0,0,5.171926204639021e-06
1,arousal,"midpoint_as_high",ce_class_weighted,1,11,185,7,3170,0,0,3.648494021035731e-05
1,arousal,"midpoint_as_high",ce_class_weighted,1,11,186,7,8080,0,0,0.07229114323854446
1,arousal,"midpoint_as_high",ce_class_weighted,1,11,187,7,"Snow_1",0,0,0.0036055915988981724
1,arousal,"midpoint_as_high",ce_class_weighted,1,11,188,7,4220,0,0,1.0713946721807588e-05
1,arousal,"midpoint_as_high",ce_class_weighted,1,11,189,7,5760,0,0,0.00026392238214612007
1,arousal,"midpoint_as_high",ce_class_weighted,1,11,190,7,3063,0,0,0.03426111862063408
1,arousal,"midpoint_as_high",ce_class_weighted,1,11,191,7,3080,0,0,0.00035109888995066285
1,arousal,"midpoint_as_high",ce_class_weighted,1,11,192,8,Dummy_1,1,0,4.455472662812099e-06
1,arousal,"midpoint_as_high",ce_class_weighted,1,11,193,8,3053,1,0,5.461901309899986e-05
1,arousal,"midpoint_as_high",ce_class_weighted,1,11,194,8,Tumor_1,1,0,0.0001885482924990356
1,arousal,"midpoint_as_high",ce_class_weighted,1,11,195,8,Dog_18,1,0,4.000116405222798e-06
1,arousal,"midpoint_as_high",ce_class_weighted,1,11,196,8,Miserable_pose_3,0,0,0.048401035368442535
1,arousal,"midpoint_as_high",ce_class_weighted,1,11,197,8,"Pinecone_1",0,0,0.0022870360407978296
1,arousal,"midpoint_as_high",ce_class_weighted,1,11,198,8,Garbage_dump_6,0,0,0.007346117869019508
1,arousal,"midpoint_as_high",ce_class_weighted,1,11,199,8,Depressed_pose_4,0,0,0.008063608780503273
1,arousal,"midpoint_as_high",ce_class_weighted,1,11,200,8,"Angry_face_1",0,0,0.00023193906235974282
1,arousal,"midpoint_as_high",ce_class_weighted,1,11,201,8,Dog_26,1,0,0.0015277352649718523
1,arousal,"midpoint_as_high",ce_class_weighted,1,11,202,8,8370,1,0,0.0012100136373192072
1,arousal,"midpoint_as_high",ce_class_weighted,1,11,203,8,Dog_6,0,0,2.089344206979149e-06
1,arousal,"midpoint_as_high",ce_class_weighted,1,11,204,8,9220,0,0,0.00040394029929302633
1,arousal,"midpoint_as_high",ce_class_weighted,1,11,205,8,Lake_12,0,0,0.08290569484233856
1,arousal,"midpoint_as_high",ce_class_weighted,1,11,206,8,2314,0,0,0.001747041242197156
1,arousal,"midpoint_as_high",ce_class_weighted,1,11,207,8,1750,0,0,0.007238675840198994
1,arousal,"midpoint_as_high",ce_class_weighted,1,11,208,8,8492,1,0,0.0016650082543492317
1,arousal,"midpoint_as_high",ce_class_weighted,1,11,209,8,1441,0,0,5.185142072150484e-06
1,arousal,"midpoint_as_high",ce_class_weighted,1,11,210,8,Flowers_6,0,0,0.001151234027929604
1,arousal,"midpoint_as_high",ce_class_weighted,1,11,211,8,"Yarn_1",0,0,3.217741323169321e-06
1,arousal,"midpoint_as_high",ce_class_weighted,1,11,212,8,9331,0,0,0.018973156809806824
1,arousal,"midpoint_as_high",ce_class_weighted,1,11,213,8,Beach_1,0,0,2.051097226285492e-06
1,arousal,"midpoint_as_high",ce_class_weighted,1,11,214,8,2491,0,0,0.0005584903410635889
1,arousal,"midpoint_as_high",ce_class_weighted,1,11,215,8,9360,0,0,0.0002555270039010793
1,arousal,"midpoint_as_high",ce_class_weighted,1,11,216,8,Lake_3,0,0,0.05465584248304367
1,arousal,"midpoint_as_high",ce_class_weighted,1,11,217,8,3170,0,0,4.410713881952688e-05
1,arousal,"midpoint_as_high",ce_class_weighted,1,11,218,8,8080,1,0,1.1600381100151935e-07
1,arousal,"midpoint_as_high",ce_class_weighted,1,11,219,8,"Snow_1",0,0,0.0007419431349262595
1,arousal,"midpoint_as_high",ce_class_weighted,1,11,220,8,4220,1,0,0.001077568274922669
1,arousal,"midpoint_as_high",ce_class_weighted,1,11,221,8,5760,0,0,0.0047401441261172295
1,arousal,"midpoint_as_high",ce_class_weighted,1,11,222,8,3063,1,0,0.4026440680027008
1,arousal,"midpoint_as_high",ce_class_weighted,1,11,223,8,3080,1,0,0.0015371814370155334
1,arousal,"midpoint_as_high",ce_class_weighted,1,11,352,13,Dummy_1,0,0,4.589571835822426e-05
1,arousal,"midpoint_as_high",ce_class_weighted,1,11,353,13,3053,0,0,0.0009021307923831046
1,arousal,"midpoint_as_high",ce_class_weighted,1,11,354,13,Tumor_1,1,0,1.6345107951565296e-06
1,arousal,"midpoint_as_high",ce_class_weighted,1,11,355,13,Dog_18,0,0,0.00013162061804905534
1,arousal,"midpoint_as_high",ce_class_weighted,1,11,356,13,Miserable_pose_3,0,0,0.011539610102772713
1,arousal,"midpoint_as_high",ce_class_weighted,1,11,357,13,"Pinecone_1",0,0,0.0039054949302226305
1,arousal,"midpoint_as_high",ce_class_weighted,1,11,358,13,Garbage_dump_6,0,0,1.5959945187660196e-07
1,arousal,"midpoint_as_high",ce_class_weighted,1,11,359,13,Depressed_pose_4,0,0,2.6745297873276286e-05
1,arousal,"midpoint_as_high",ce_class_weighted,1,11,360,13,"Angry_face_1",0,0,3.2795410334074404e-06
1,arousal,"midpoint_as_high",ce_class_weighted,1,11,361,13,Dog_26,0,0,5.630466603179229e-06
1,arousal,"midpoint_as_high",ce_class_weighted,1,11,362,13,8370,0,0,2.7843107091030106e-05
1,arousal,"midpoint_as_high",ce_class_weighted,1,11,363,13,Dog_6,0,0,0.0009165747324004769
1,arousal,"midpoint_as_high",ce_class_weighted,1,11,364,13,9220,0,0,8.598515705671161e-05
1,arousal,"midpoint_as_high",ce_class_weighted,1,11,365,13,Lake_12,0,0,0.008244948461651802
1,arousal,"midpoint_as_high",ce_class_weighted,1,11,366,13,2314,0,0,0.0003604934609029442
1,arousal,"midpoint_as_high",ce_class_weighted,1,11,367,13,1750,0,0,0.00020495803619269282
1,arousal,"midpoint_as_high",ce_class_weighted,1,11,368,13,8492,0,0,0.0009354358189739287
1,arousal,"midpoint_as_high",ce_class_weighted,1,11,369,13,1441,0,0,0.0009366758167743683
1,arousal,"midpoint_as_high",ce_class_weighted,1,11,370,13,Flowers_6,0,0,0.0040707639418542385
1,arousal,"midpoint_as_high",ce_class_weighted,1,11,371,13,"Yarn_1",0,0,0.000517901498824358
1,arousal,"midpoint_as_high",ce_class_weighted,1,11,372,13,9331,0,0,6.734358612447977e-05
1,arousal,"midpoint_as_high",ce_class_weighted,1,11,373,13,Beach_1,0,0,0.0016573098255321383
1,arousal,"midpoint_as_high",ce_class_weighted,1,11,374,13,2491,0,0,0.00011859692313009873
1,arousal,"midpoint_as_high",ce_class_weighted,1,11,375,13,9360,0,0,4.988676209904952e-06
1,arousal,"midpoint_as_high",ce_class_weighted,1,11,376,13,Lake_3,0,0,9.760011016624048e-05
1,arousal,"midpoint_as_high",ce_class_weighted,1,11,377,13,3170,0,0,6.597052220058686e-07
1,arousal,"midpoint_as_high",ce_class_weighted,1,11,378,13,8080,0,0,0.08244924247264862
1,arousal,"midpoint_as_high",ce_class_weighted,1,11,379,13,"Snow_1",0,0,0.002561860019341111
1,arousal,"midpoint_as_high",ce_class_weighted,1,11,380,13,4220,0,0,0.0003078202425967902
1,arousal,"midpoint_as_high",ce_class_weighted,1,11,381,13,5760,0,0,0.0004126295098103583
1,arousal,"midpoint_as_high",ce_class_weighted,1,11,382,13,3063,0,0,3.0528105980920373e-06
1,arousal,"midpoint_as_high",ce_class_weighted,1,11,383,13,3080,1,0,0.0008199004805646837
1,arousal,"midpoint_as_high",ce_class_weighted,1,11,832,28,Dummy_1,1,0,0.02766696736216545
1,arousal,"midpoint_as_high",ce_class_weighted,1,11,833,28,3053,1,0,6.442452286137268e-05
1,arousal,"midpoint_as_high",ce_class_weighted,1,11,834,28,Tumor_1,1,0,0.0008127792971208692
1,arousal,"midpoint_as_high",ce_class_weighted,1,11,835,28,Dog_18,0,0,1.2286120920634858e-07
1,arousal,"midpoint_as_high",ce_class_weighted,1,11,836,28,Miserable_pose_3,1,0,0.03412265703082085
1,arousal,"midpoint_as_high",ce_class_weighted,1,11,837,28,"Pinecone_1",0,0,1.5871615687501617e-05
1,arousal,"midpoint_as_high",ce_class_weighted,1,11,838,28,Garbage_dump_6,0,0,0.008586978539824486
1,arousal,"midpoint_as_high",ce_class_weighted,1,11,839,28,Depressed_pose_4,0,0,4.0602787976240506e-07
1,arousal,"midpoint_as_high",ce_class_weighted,1,11,840,28,"Angry_face_1",0,0,3.114777791779488e-05
1,arousal,"midpoint_as_high",ce_class_weighted,1,11,841,28,Dog_26,0,0,0.00021027369075454772
1,arousal,"midpoint_as_high",ce_class_weighted,1,11,842,28,8370,0,1,0.9676399230957031
1,arousal,"midpoint_as_high",ce_class_weighted,1,11,843,28,Dog_6,0,0,2.5149180146399885e-05
1,arousal,"midpoint_as_high",ce_class_weighted,1,11,844,28,9220,0,0,0.0005939020193181932
1,arousal,"midpoint_as_high",ce_class_weighted,1,11,845,28,Lake_12,0,0,5.638155926135369e-06
1,arousal,"midpoint_as_high",ce_class_weighted,1,11,846,28,2314,0,0,0.0009073552209883928
1,arousal,"midpoint_as_high",ce_class_weighted,1,11,847,28,1750,0,0,0.00036128665669821203
1,arousal,"midpoint_as_high",ce_class_weighted,1,11,848,28,8492,1,0,0.024156400933861732
1,arousal,"midpoint_as_high",ce_class_weighted,1,11,849,28,1441,0,0,0.00310052209533751
1,arousal,"midpoint_as_high",ce_class_weighted,1,11,850,28,Flowers_6,0,0,0.000973119109403342
1,arousal,"midpoint_as_high",ce_class_weighted,1,11,851,28,"Yarn_1",0,0,0.0003250950248911977
1,arousal,"midpoint_as_high",ce_class_weighted,1,11,852,28,9331,0,0,0.0006438411655835807
1,arousal,"midpoint_as_high",ce_class_weighted,1,11,853,28,Beach_1,0,1,0.692062497138977
1,arousal,"midpoint_as_high",ce_class_weighted,1,11,854,28,2491,0,0,2.182394382543862e-05
1,arousal,"midpoint_as_high",ce_class_weighted,1,11,855,28,9360,0,0,5.411448000813834e-06
1,arousal,"midpoint_as_high",ce_class_weighted,1,11,856,28,Lake_3,0,0,0.05039111524820328
1,arousal,"midpoint_as_high",ce_class_weighted,1,11,857,28,3170,1,0,0.002549427794292569
1,arousal,"midpoint_as_high",ce_class_weighted,1,11,858,28,8080,0,0,4.6074678721197415e-06
1,arousal,"midpoint_as_high",ce_class_weighted,1,11,859,28,"Snow_1",0,0,0.00962103996425867
1,arousal,"midpoint_as_high",ce_class_weighted,1,11,860,28,4220,0,0,0.001665260992012918
1,arousal,"midpoint_as_high",ce_class_weighted,1,11,861,28,5760,0,0,6.595008130716451e-07
1,arousal,"midpoint_as_high",ce_class_weighted,1,11,862,28,3063,1,0,2.6592483663989697e-06
1,arousal,"midpoint_as_high",ce_class_weighted,1,11,863,28,3080,1,0,1.2364018857624615e-06
1,arousal,"midpoint_as_high",ce_class_weighted,1,11,1152,38,Dummy_1,1,0,0.0010084300301969051
1,arousal,"midpoint_as_high",ce_class_weighted,1,11,1153,38,3053,1,0,0.04809390380978584
1,arousal,"midpoint_as_high",ce_class_weighted,1,11,1154,38,Tumor_1,1,0,5.724396032746881e-05
1,arousal,"midpoint_as_high",ce_class_weighted,1,11,1155,38,Dog_18,0,0,0.000100182973255869
1,arousal,"midpoint_as_high",ce_class_weighted,1,11,1156,38,Miserable_pose_3,1,0,9.746716386871412e-06
1,arousal,"midpoint_as_high",ce_class_weighted,1,11,1157,38,"Pinecone_1",0,0,0.1468958705663681
1,arousal,"midpoint_as_high",ce_class_weighted,1,11,1158,38,Garbage_dump_6,1,0,0.12619568407535553
1,arousal,"midpoint_as_high",ce_class_weighted,1,11,1159,38,Depressed_pose_4,1,0,0.09408631920814514
1,arousal,"midpoint_as_high",ce_class_weighted,1,11,1160,38,"Angry_face_1",0,0,0.02931809425354004
1,arousal,"midpoint_as_high",ce_class_weighted,1,11,1161,38,Dog_26,1,0,0.025778863579034805
1,arousal,"midpoint_as_high",ce_class_weighted,1,11,1162,38,8370,1,0,0.00545772397890687
1,arousal,"midpoint_as_high",ce_class_weighted,1,11,1163,38,Dog_6,0,0,0.002589296782389283
1,arousal,"midpoint_as_high",ce_class_weighted,1,11,1164,38,9220,1,0,0.0024847257882356644
1,arousal,"midpoint_as_high",ce_class_weighted,1,11,1165,38,Lake_12,0,0,0.0005425346898846328
1,arousal,"midpoint_as_high",ce_class_weighted,1,11,1166,38,2314,0,1,0.9667931795120239
1,arousal,"midpoint_as_high",ce_class_weighted,1,11,1167,38,1750,0,0,3.1409337680088356e-05
1,arousal,"midpoint_as_high",ce_class_weighted,1,11,1168,38,8492,1,0,0.00028888805536553264
1,arousal,"midpoint_as_high",ce_class_weighted,1,11,1169,38,1441,0,0,0.0023260554298758507
1,arousal,"midpoint_as_high",ce_class_weighted,1,11,1170,38,Flowers_6,0,0,0.0011898765806108713
1,arousal,"midpoint_as_high",ce_class_weighted,1,11,1171,38,"Yarn_1",1,0,0.07040069252252579
1,arousal,"midpoint_as_high",ce_class_weighted,1,11,1172,38,9331,1,0,0.008513436652719975
1,arousal,"midpoint_as_high",ce_class_weighted,1,11,1173,38,Beach_1,0,0,7.576021016575396e-05
1,arousal,"midpoint_as_high",ce_class_weighted,1,11,1174,38,2491,0,0,0.013401131145656109
1,arousal,"midpoint_as_high",ce_class_weighted,1,11,1175,38,9360,1,0,7.073352890074602e-07
1,arousal,"midpoint_as_high",ce_class_weighted,1,11,1176,38,Lake_3,1,0,4.992714821128175e-05
1,arousal,"midpoint_as_high",ce_class_weighted,1,11,1177,38,3170,1,0,0.0003909420920535922
1,arousal,"midpoint_as_high",ce_class_weighted,1,11,1178,38,8080,1,0,0.17922209203243256
1,arousal,"midpoint_as_high",ce_class_weighted,1,11,1179,38,"Snow_1",0,0,0.0013812185497954488
1,arousal,"midpoint_as_high",ce_class_weighted,1,11,1180,38,4220,0,0,0.20915649831295013
1,arousal,"midpoint_as_high",ce_class_weighted,1,11,1181,38,5760,0,0,0.0008985308231785893
1,arousal,"midpoint_as_high",ce_class_weighted,1,11,1182,38,3063,1,0,3.3007613637892064e-06
1,arousal,"midpoint_as_high",ce_class_weighted,1,11,1183,38,3080,1,0,2.151539092665189e-06
1,arousal,"midpoint_as_high",ce_class_weighted,1,11,1312,43,Dummy_1,1,0,0.0015671784058213234
1,arousal,"midpoint_as_high",ce_class_weighted,1,11,1313,43,3053,1,0,9.222168955602683e-06
1,arousal,"midpoint_as_high",ce_class_weighted,1,11,1314,43,Tumor_1,1,0,0.0015748364385217428
1,arousal,"midpoint_as_high",ce_class_weighted,1,11,1315,43,Dog_18,0,0,3.841662419290515e-06
1,arousal,"midpoint_as_high",ce_class_weighted,1,11,1316,43,Miserable_pose_3,1,0,0.027586765587329865
1,arousal,"midpoint_as_high",ce_class_weighted,1,11,1317,43,"Pinecone_1",0,0,0.0008323335787281394
1,arousal,"midpoint_as_high",ce_class_weighted,1,11,1318,43,Garbage_dump_6,1,0,0.0004209449980407953
1,arousal,"midpoint_as_high",ce_class_weighted,1,11,1319,43,Depressed_pose_4,0,0,0.00014103524154052138
1,arousal,"midpoint_as_high",ce_class_weighted,1,11,1320,43,"Angry_face_1",1,0,0.002504984149709344
1,arousal,"midpoint_as_high",ce_class_weighted,1,11,1321,43,Dog_26,1,0,0.004007125273346901
1,arousal,"midpoint_as_high",ce_class_weighted,1,11,1322,43,8370,1,0,0.00020896297064609826
1,arousal,"midpoint_as_high",ce_class_weighted,1,11,1323,43,Dog_6,0,0,6.022539196237631e-07
1,arousal,"midpoint_as_high",ce_class_weighted,1,11,1324,43,9220,1,0,0.00026576462551020086
1,arousal,"midpoint_as_high",ce_class_weighted,1,11,1325,43,Lake_12,0,0,2.712421519390773e-05
1,arousal,"midpoint_as_high",ce_class_weighted,1,11,1326,43,2314,0,0,0.010040009394288063
1,arousal,"midpoint_as_high",ce_class_weighted,1,11,1327,43,1750,0,0,0.12615767121315002
1,arousal,"midpoint_as_high",ce_class_weighted,1,11,1328,43,8492,0,0,0.02983497828245163
1,arousal,"midpoint_as_high",ce_class_weighted,1,11,1329,43,1441,0,0,0.00038984123966656625
1,arousal,"midpoint_as_high",ce_class_weighted,1,11,1330,43,Flowers_6,0,0,0.0031676110811531544
1,arousal,"midpoint_as_high",ce_class_weighted,1,11,1331,43,"Yarn_1",0,0,0.00018778022786136717
1,arousal,"midpoint_as_high",ce_class_weighted,1,11,1332,43,9331,1,0,2.5611916498746723e-07
1,arousal,"midpoint_as_high",ce_class_weighted,1,11,1333,43,Beach_1,0,0,6.541864422615618e-05
1,arousal,"midpoint_as_high",ce_class_weighted,1,11,1334,43,2491,1,0,1.1973370419582352e-06
1,arousal,"midpoint_as_high",ce_class_weighted,1,11,1335,43,9360,1,0,0.0008596100378781557
1,arousal,"midpoint_as_high",ce_class_weighted,1,11,1336,43,Lake_3,0,0,1.3627369810365053e-07
1,arousal,"midpoint_as_high",ce_class_weighted,1,11,1337,43,3170,1,0,0.0004721135483123362
1,arousal,"midpoint_as_high",ce_class_weighted,1,11,1338,43,8080,1,0,0.000356288772309199
1,arousal,"midpoint_as_high",ce_class_weighted,1,11,1339,43,"Snow_1",0,0,0.002064236905425787
1,arousal,"midpoint_as_high",ce_class_weighted,1,11,1340,43,4220,0,0,0.019948685541749
1,arousal,"midpoint_as_high",ce_class_weighted,1,11,1341,43,5760,0,0,0.006708910223096609
1,arousal,"midpoint_as_high",ce_class_weighted,1,11,1342,43,3063,1,0,0.00011385391553631052
1,arousal,"midpoint_as_high",ce_class_weighted,1,11,1343,43,3080,1,0,2.232159204140771e-06
1,arousal,"midpoint_as_high",ce_class_weighted,1,11,1632,54,Dummy_1,1,0,0.00020681825117208064
1,arousal,"midpoint_as_high",ce_class_weighted,1,11,1633,54,3053,1,0,4.939118298352696e-06
1,arousal,"midpoint_as_high",ce_class_weighted,1,11,1634,54,Tumor_1,1,0,4.212330895825289e-05
1,arousal,"midpoint_as_high",ce_class_weighted,1,11,1635,54,Dog_18,0,0,2.2469412215286866e-06
1,arousal,"midpoint_as_high",ce_class_weighted,1,11,1636,54,Miserable_pose_3,1,0,2.8547916031129716e-07
1,arousal,"midpoint_as_high",ce_class_weighted,1,11,1637,54,"Pinecone_1",0,0,1.5696732589276507e-05
1,arousal,"midpoint_as_high",ce_class_weighted,1,11,1638,54,Garbage_dump_6,1,0,0.0027303798124194145
1,arousal,"midpoint_as_high",ce_class_weighted,1,11,1639,54,Depressed_pose_4,1,0,3.515706566759036e-06
1,arousal,"midpoint_as_high",ce_class_weighted,1,11,1640,54,"Angry_face_1",1,0,5.6505748943891376e-05
1,arousal,"midpoint_as_high",ce_class_weighted,1,11,1641,54,Dog_26,1,0,0.00019389342924114317
1,arousal,"midpoint_as_high",ce_class_weighted,1,11,1642,54,8370,1,0,1.0767847015813459e-05
1,arousal,"midpoint_as_high",ce_class_weighted,1,11,1643,54,Dog_6,0,0,1.2398386672884953e-07
1,arousal,"midpoint_as_high",ce_class_weighted,1,11,1644,54,9220,1,0,1.9787457858910784e-06
1,arousal,"midpoint_as_high",ce_class_weighted,1,11,1645,54,Lake_12,0,0,0.001557628740556538
1,arousal,"midpoint_as_high",ce_class_weighted,1,11,1646,54,2314,0,1,0.8970316648483276
1,arousal,"midpoint_as_high",ce_class_weighted,1,11,1647,54,1750,0,0,0.07128722220659256
1,arousal,"midpoint_as_high",ce_class_weighted,1,11,1648,54,8492,1,0,0.00020859450160060078
1,arousal,"midpoint_as_high",ce_class_weighted,1,11,1649,54,1441,0,0,0.002922353334724903
1,arousal,"midpoint_as_high",ce_class_weighted,1,11,1650,54,Flowers_6,0,0,0.006886213086545467
1,arousal,"midpoint_as_high",ce_class_weighted,1,11,1651,54,"Yarn_1",1,0,7.646044832654297e-05
1,arousal,"midpoint_as_high",ce_class_weighted,1,11,1652,54,9331,1,0,1.133766181737883e-05
1,arousal,"midpoint_as_high",ce_class_weighted,1,11,1653,54,Beach_1,0,0,4.654798613046296e-05
1,arousal,"midpoint_as_high",ce_class_weighted,1,11,1654,54,2491,0,0,0.03416662663221359
1,arousal,"midpoint_as_high",ce_class_weighted,1,11,1655,54,9360,1,0,0.10079680383205414
1,arousal,"midpoint_as_high",ce_class_weighted,1,11,1656,54,Lake_3,0,0,6.06734465691261e-05
1,arousal,"midpoint_as_high",ce_class_weighted,1,11,1657,54,3170,1,0,0.0007291165529750288
1,arousal,"midpoint_as_high",ce_class_weighted,1,11,1658,54,8080,1,0,2.6110019462066703e-06
1,arousal,"midpoint_as_high",ce_class_weighted,1,11,1659,54,"Snow_1",1,0,0.001153286430053413
1,arousal,"midpoint_as_high",ce_class_weighted,1,11,1660,54,4220,1,0,0.001132753910496831
1,arousal,"midpoint_as_high",ce_class_weighted,1,11,1661,54,5760,0,0,1.910036189656239e-06
1,arousal,"midpoint_as_high",ce_class_weighted,1,11,1662,54,3063,1,0,6.819987902417779e-06
1,arousal,"midpoint_as_high",ce_class_weighted,1,11,1663,54,3080,1,0,0.17045679688453674
1,arousal,"midpoint_as_high",ce_class_weighted,1,11,1760,58,Dummy_1,1,0,0.058801423758268356
1,arousal,"midpoint_as_high",ce_class_weighted,1,11,1761,58,3053,1,0,0.23591066896915436
1,arousal,"midpoint_as_high",ce_class_weighted,1,11,1762,58,Tumor_1,1,0,1.3933382660979987e-06
1,arousal,"midpoint_as_high",ce_class_weighted,1,11,1763,58,Dog_18,0,0,0.0033817943185567856
1,arousal,"midpoint_as_high",ce_class_weighted,1,11,1764,58,Miserable_pose_3,1,0,9.178210348181892e-06
1,arousal,"midpoint_as_high",ce_class_weighted,1,11,1765,58,"Pinecone_1",0,0,8.5713472799398e-06
1,arousal,"midpoint_as_high",ce_class_weighted,1,11,1766,58,Garbage_dump_6,0,0,0.00036491674836724997
1,arousal,"midpoint_as_high",ce_class_weighted,1,11,1767,58,Depressed_pose_4,0,0,5.842809400746773e-07
1,arousal,"midpoint_as_high",ce_class_weighted,1,11,1768,58,"Angry_face_1",0,0,0.0007999917725101113
1,arousal,"midpoint_as_high",ce_class_weighted,1,11,1769,58,Dog_26,1,0,0.014092430472373962
1,arousal,"midpoint_as_high",ce_class_weighted,1,11,1770,58,8370,0,0,5.0299757276661694e-05
1,arousal,"midpoint_as_high",ce_class_weighted,1,11,1771,58,Dog_6,0,0,3.540439365679049e-06
1,arousal,"midpoint_as_high",ce_class_weighted,1,11,1772,58,9220,0,0,0.00029510451713576913
1,arousal,"midpoint_as_high",ce_class_weighted,1,11,1773,58,Lake_12,0,0,1.1884491868840996e-05
1,arousal,"midpoint_as_high",ce_class_weighted,1,11,1774,58,2314,0,0,0.00720661086961627
1,arousal,"midpoint_as_high",ce_class_weighted,1,11,1775,58,1750,0,0,0.0003412238147575408
1,arousal,"midpoint_as_high",ce_class_weighted,1,11,1776,58,8492,1,0,1.64726770890411e-06
1,arousal,"midpoint_as_high",ce_class_weighted,1,11,1777,58,1441,0,0,1.4522011326789652e-07
1,arousal,"midpoint_as_high",ce_class_weighted,1,11,1778,58,Flowers_6,0,0,2.2604410332860425e-05
1,arousal,"midpoint_as_high",ce_class_weighted,1,11,1779,58,"Yarn_1",0,0,0.003058254485949874
1,arousal,"midpoint_as_high",ce_class_weighted,1,11,1780,58,9331,0,0,0.0002379272918915376
1,arousal,"midpoint_as_high",ce_class_weighted,1,11,1781,58,Beach_1,0,0,0.0036255524028092623
1,arousal,"midpoint_as_high",ce_class_weighted,1,11,1782,58,2491,0,0,0.00512581504881382
1,arousal,"midpoint_as_high",ce_class_weighted,1,11,1783,58,9360,0,0,0.0016854449640959501
1,arousal,"midpoint_as_high",ce_class_weighted,1,11,1784,58,Lake_3,0,0,2.3596496703248704e-06
1,arousal,"midpoint_as_high",ce_class_weighted,1,11,1785,58,3170,1,0,2.9481554975063773e-07
1,arousal,"midpoint_as_high",ce_class_weighted,1,11,1786,58,8080,0,0,0.001168333343230188
1,arousal,"midpoint_as_high",ce_class_weighted,1,11,1787,58,"Snow_1",0,0,5.9859892644453794e-05
1,arousal,"midpoint_as_high",ce_class_weighted,1,11,1788,58,4220,0,0,0.0018959958106279373
1,arousal,"midpoint_as_high",ce_class_weighted,1,11,1789,58,5760,0,0,5.5060383601812646e-05
1,arousal,"midpoint_as_high",ce_class_weighted,1,11,1790,58,3063,1,0,9.357061259152033e-08
1,arousal,"midpoint_as_high",ce_class_weighted,1,11,1791,58,3080,1,0,0.023295434191823006
1,arousal,"midpoint_as_high",ce_class_weighted,1,11,1792,59,Dummy_1,1,0,1.3472858029217605e-07
1,arousal,"midpoint_as_high",ce_class_weighted,1,11,1793,59,3053,1,0,0.004033147823065519
1,arousal,"midpoint_as_high",ce_class_weighted,1,11,1794,59,Tumor_1,1,0,0.03034338168799877
1,arousal,"midpoint_as_high",ce_class_weighted,1,11,1795,59,Dog_18,1,0,0.0025009876117110252
1,arousal,"midpoint_as_high",ce_class_weighted,1,11,1796,59,Miserable_pose_3,1,0,2.6698586225393228e-05
1,arousal,"midpoint_as_high",ce_class_weighted,1,11,1797,59,"Pinecone_1",0,0,0.008005931973457336
1,arousal,"midpoint_as_high",ce_class_weighted,1,11,1798,59,Garbage_dump_6,1,1,0.8328148722648621
1,arousal,"midpoint_as_high",ce_class_weighted,1,11,1799,59,Depressed_pose_4,1,0,9.894906725094188e-07
1,arousal,"midpoint_as_high",ce_class_weighted,1,11,1800,59,"Angry_face_1",1,0,5.8950059610651806e-05
1,arousal,"midpoint_as_high",ce_class_weighted,1,11,1801,59,Dog_26,1,0,2.8833543183282018e-05
1,arousal,"midpoint_as_high",ce_class_weighted,1,11,1802,59,8370,1,0,0.0029559095855802298
1,arousal,"midpoint_as_high",ce_class_weighted,1,11,1803,59,Dog_6,1,0,2.6806912501342595e-05
1,arousal,"midpoint_as_high",ce_class_weighted,1,11,1804,59,9220,1,0,0.0012856979155912995
1,arousal,"midpoint_as_high",ce_class_weighted,1,11,1805,59,Lake_12,0,0,0.0009860055288299918
1,arousal,"midpoint_as_high",ce_class_weighted,1,11,1806,59,2314,1,0,0.0008811547886580229
1,arousal,"midpoint_as_high",ce_class_weighted,1,11,1807,59,1750,1,1,0.6973481178283691
1,arousal,"midpoint_as_high",ce_class_weighted,1,11,1808,59,8492,1,1,0.7213956713676453
1,arousal,"midpoint_as_high",ce_class_weighted,1,11,1809,59,1441,0,0,9.605825471226126e-05
1,arousal,"midpoint_as_high",ce_class_weighted,1,11,1810,59,Flowers_6,1,0,3.2821117201820016e-05
1,arousal,"midpoint_as_high",ce_class_weighted,1,11,1811,59,"Yarn_1",0,0,4.764766799780773e-06
1,arousal,"midpoint_as_high",ce_class_weighted,1,11,1812,59,9331,1,0,0.0038174667861312628
1,arousal,"midpoint_as_high",ce_class_weighted,1,11,1813,59,Beach_1,0,0,2.28925955525483e-06
1,arousal,"midpoint_as_high",ce_class_weighted,1,11,1814,59,2491,1,0,0.00033977616112679243
1,arousal,"midpoint_as_high",ce_class_weighted,1,11,1815,59,9360,0,0,9.700980626803357e-06
1,arousal,"midpoint_as_high",ce_class_weighted,1,11,1816,59,Lake_3,0,1,0.9032301306724548
1,arousal,"midpoint_as_high",ce_class_weighted,1,11,1817,59,3170,1,0,1.983457877940964e-05
1,arousal,"midpoint_as_high",ce_class_weighted,1,11,1818,59,8080,1,0,0.0002736037131398916
1,arousal,"midpoint_as_high",ce_class_weighted,1,11,1819,59,"Snow_1",0,0,0.017689041793346405
1,arousal,"midpoint_as_high",ce_class_weighted,1,11,1820,59,4220,1,1,0.8874315023422241
1,arousal,"midpoint_as_high",ce_class_weighted,1,11,1821,59,5760,0,0,0.017250528559088707
1,arousal,"midpoint_as_high",ce_class_weighted,1,11,1822,59,3063,1,0,0.02071230299770832
1,arousal,"midpoint_as_high",ce_class_weighted,1,11,1823,59,3080,1,0,2.270461482112296e-05
1,arousal,"midpoint_as_high",ce_class_weighted,1,11,1984,65,Dummy_1,1,0,2.068280764433439e-06
1,arousal,"midpoint_as_high",ce_class_weighted,1,11,1985,65,3053,1,1,0.6054138541221619
1,arousal,"midpoint_as_high",ce_class_weighted,1,11,1986,65,Tumor_1,1,0,0.00023301430337596685
1,arousal,"midpoint_as_high",ce_class_weighted,1,11,1987,65,Dog_18,0,1,0.6105839014053345
1,arousal,"midpoint_as_high",ce_class_weighted,1,11,1988,65,Miserable_pose_3,1,0,4.4048653080608346e-07
1,arousal,"midpoint_as_high",ce_class_weighted,1,11,1989,65,"Pinecone_1",0,0,8.216086655465915e-08
1,arousal,"midpoint_as_high",ce_class_weighted,1,11,1990,65,Garbage_dump_6,0,0,0.014522969722747803
1,arousal,"midpoint_as_high",ce_class_weighted,1,11,1991,65,Depressed_pose_4,0,0,1.4564936464012135e-05
1,arousal,"midpoint_as_high",ce_class_weighted,1,11,1992,65,"Angry_face_1",0,0,0.0002577440463937819
1,arousal,"midpoint_as_high",ce_class_weighted,1,11,1993,65,Dog_26,1,0,5.643415988743072e-06
1,arousal,"midpoint_as_high",ce_class_weighted,1,11,1994,65,8370,0,0,0.0007853915449231863
1,arousal,"midpoint_as_high",ce_class_weighted,1,11,1995,65,Dog_6,0,0,4.2443710412953806e-07
1,arousal,"midpoint_as_high",ce_class_weighted,1,11,1996,65,9220,0,0,3.499197191558778e-05
1,arousal,"midpoint_as_high",ce_class_weighted,1,11,1997,65,Lake_12,0,0,0.0002366729313507676
1,arousal,"midpoint_as_high",ce_class_weighted,1,11,1998,65,2314,0,0,0.0004301915178075433
1,arousal,"midpoint_as_high",ce_class_weighted,1,11,1999,65,1750,0,0,0.008556606248021126
1,arousal,"midpoint_as_high",ce_class_weighted,1,11,2000,65,8492,1,0,7.36089568817988e-05
1,arousal,"midpoint_as_high",ce_class_weighted,1,11,2001,65,1441,0,0,3.592904613469727e-05
1,arousal,"midpoint_as_high",ce_class_weighted,1,11,2002,65,Flowers_6,0,0,0.003941417206078768
1,arousal,"midpoint_as_high",ce_class_weighted,1,11,2003,65,"Yarn_1",0,0,3.415378913018685e-08
1,arousal,"midpoint_as_high",ce_class_weighted,1,11,2004,65,9331,0,0,2.2565449398825876e-05
1,arousal,"midpoint_as_high",ce_class_weighted,1,11,2005,65,Beach_1,0,1,0.9669339060783386
1,arousal,"midpoint_as_high",ce_class_weighted,1,11,2006,65,2491,0,0,0.003551832167431712
1,arousal,"midpoint_as_high",ce_class_weighted,1,11,2007,65,9360,1,0,3.174950279571931e-06
1,arousal,"midpoint_as_high",ce_class_weighted,1,11,2008,65,Lake_3,0,0,0.0010801603784784675
1,arousal,"midpoint_as_high",ce_class_weighted,1,11,2009,65,3170,1,0,6.108611160016153e-06
1,arousal,"midpoint_as_high",ce_class_weighted,1,11,2010,65,8080,0,0,0.03554391860961914
1,arousal,"midpoint_as_high",ce_class_weighted,1,11,2011,65,"Snow_1",0,0,0.00027554959524422884
1,arousal,"midpoint_as_high",ce_class_weighted,1,11,2012,65,4220,0,0,3.1878491313364066e-07
1,arousal,"midpoint_as_high",ce_class_weighted,1,11,2013,65,5760,0,0,3.21120023727417e-05
1,arousal,"midpoint_as_high",ce_class_weighted,1,11,2014,65,3063,1,0,1.6472222341690212e-07
1,arousal,"midpoint_as_high",ce_class_weighted,1,11,2015,65,3080,1,0,0.0004886921378783882
2,arousal,"midpoint_as_high","balanced_sampler_ce",1,11,128,6,Dummy_1,1,0,0.4206278622150421
2,arousal,"midpoint_as_high","balanced_sampler_ce",1,11,129,6,3053,1,1,0.8316733241081238
2,arousal,"midpoint_as_high","balanced_sampler_ce",1,11,130,6,Tumor_1,1,0,0.3244979679584503
2,arousal,"midpoint_as_high","balanced_sampler_ce",1,11,131,6,Dog_18,1,0,0.06825826317071915
2,arousal,"midpoint_as_high","balanced_sampler_ce",1,11,132,6,Miserable_pose_3,1,0,0.2345934957265854
2,arousal,"midpoint_as_high","balanced_sampler_ce",1,11,133,6,"Pinecone_1",1,1,0.5843384861946106
2,arousal,"midpoint_as_high","balanced_sampler_ce",1,11,134,6,Garbage_dump_6,1,0,0.3876864016056061
2,arousal,"midpoint_as_high","balanced_sampler_ce",1,11,135,6,Depressed_pose_4,1,1,0.5583322048187256
2,arousal,"midpoint_as_high","balanced_sampler_ce",1,11,136,6,"Angry_face_1",1,0,0.04672674089670181
2,arousal,"midpoint_as_high","balanced_sampler_ce",1,11,137,6,Dog_26,1,0,5.7009488955372944e-05
2,arousal,"midpoint_as_high","balanced_sampler_ce",1,11,138,6,8370,1,0,0.47997021675109863
2,arousal,"midpoint_as_high","balanced_sampler_ce",1,11,139,6,Dog_6,1,0,0.0028294536750763655
2,arousal,"midpoint_as_high","balanced_sampler_ce",1,11,140,6,9220,1,0,0.005930240266025066
2,arousal,"midpoint_as_high","balanced_sampler_ce",1,11,141,6,Lake_12,1,1,0.7348950505256653
2,arousal,"midpoint_as_high","balanced_sampler_ce",1,11,142,6,2314,1,1,0.9975306391716003
2,arousal,"midpoint_as_high","balanced_sampler_ce",1,11,143,6,1750,1,0,0.156479150056839
2,arousal,"midpoint_as_high","balanced_sampler_ce",1,11,144,6,8492,1,1,0.9914687871932983
2,arousal,"midpoint_as_high","balanced_sampler_ce",1,11,145,6,1441,1,0,0.003945065662264824
2,arousal,"midpoint_as_high","balanced_sampler_ce",1,11,146,6,Flowers_6,1,1,0.9851087927818298
2,arousal,"midpoint_as_high","balanced_sampler_ce",1,11,147,6,"Yarn_1",1,0,0.0006541770417243242
2,arousal,"midpoint_as_high","balanced_sampler_ce",1,11,148,6,9331,1,1,0.9878409504890442
2,arousal,"midpoint_as_high","balanced_sampler_ce",1,11,149,6,Beach_1,1,0,0.04957704618573189
2,arousal,"midpoint_as_high","balanced_sampler_ce",1,11,150,6,2491,0,1,0.7260004878044128
2,arousal,"midpoint_as_high","balanced_sampler_ce",1,11,151,6,9360,1,0,0.02323881909251213
2,arousal,"midpoint_as_high","balanced_sampler_ce",1,11,152,6,Lake_3,1,0,0.09584220498800278
2,arousal,"midpoint_as_high","balanced_sampler_ce",1,11,153,6,3170,1,0,0.40079382061958313
2,arousal,"midpoint_as_high","balanced_sampler_ce",1,11,154,6,8080,0,1,0.9322131872177124
2,arousal,"midpoint_as_high","balanced_sampler_ce",1,11,155,6,"Snow_1",1,1,0.9974019527435303
2,arousal,"midpoint_as_high","balanced_sampler_ce",1,11,156,6,4220,1,1,0.9452484250068665
2,arousal,"midpoint_as_high","balanced_sampler_ce",1,11,157,6,5760,1,1,0.8558371663093567
2,arousal,"midpoint_as_high","balanced_sampler_ce",1,11,158,6,3063,1,1,0.9998785257339478
2,arousal,"midpoint_as_high","balanced_sampler_ce",1,11,159,6,3080,1,1,0.9568353295326233
2,arousal,"midpoint_as_high","balanced_sampler_ce",1,11,160,7,Dummy_1,0,1,0.5285053253173828
2,arousal,"midpoint_as_high","balanced_sampler_ce",1,11,161,7,3053,1,1,0.999884843826294
2,arousal,"midpoint_as_high","balanced_sampler_ce",1,11,162,7,Tumor_1,1,0,0.11798234283924103
2,arousal,"midpoint_as_high","balanced_sampler_ce",1,11,163,7,Dog_18,1,0,0.11305826902389526
2,arousal,"midpoint_as_high","balanced_sampler_ce",1,11,164,7,Miserable_pose_3,0,1,0.6807686686515808
2,arousal,"midpoint_as_high","balanced_sampler_ce",1,11,165,7,"Pinecone_1",0,1,0.9959834814071655
2,arousal,"midpoint_as_high","balanced_sampler_ce",1,11,166,7,Garbage_dump_6,0,1,0.9609708786010742
2,arousal,"midpoint_as_high","balanced_sampler_ce",1,11,167,7,Depressed_pose_4,0,0,0.0012554803397506475
2,arousal,"midpoint_as_high","balanced_sampler_ce",1,11,168,7,"Angry_face_1",0,0,0.04135502502322197
2,arousal,"midpoint_as_high","balanced_sampler_ce",1,11,169,7,Dog_26,0,1,0.9141567945480347
2,arousal,"midpoint_as_high","balanced_sampler_ce",1,11,170,7,8370,0,0,0.045091912150382996
2,arousal,"midpoint_as_high","balanced_sampler_ce",1,11,171,7,Dog_6,1,1,0.9175226092338562
2,arousal,"midpoint_as_high","balanced_sampler_ce",1,11,172,7,9220,0,1,0.7604374885559082
2,arousal,"midpoint_as_high","balanced_sampler_ce",1,11,173,7,Lake_12,0,0,0.0038526158314198256
2,arousal,"midpoint_as_high","balanced_sampler_ce",1,11,174,7,2314,0,0,0.0023145999293774366
2,arousal,"midpoint_as_high","balanced_sampler_ce",1,11,175,7,1750,0,1,0.9613519310951233
2,arousal,"midpoint_as_high","balanced_sampler_ce",1,11,176,7,8492,0,1,0.9999979734420776
2,arousal,"midpoint_as_high","balanced_sampler_ce",1,11,177,7,1441,0,1,0.922687828540802
2,arousal,"midpoint_as_high","balanced_sampler_ce",1,11,178,7,Flowers_6,0,1,0.7907795310020447
2,arousal,"midpoint_as_high","balanced_sampler_ce",1,11,179,7,"Yarn_1",0,0,0.06325671076774597
2,arousal,"midpoint_as_high","balanced_sampler_ce",1,11,180,7,9331,0,1,0.9882688522338867
2,arousal,"midpoint_as_high","balanced_sampler_ce",1,11,181,7,Beach_1,0,1,0.9998090863227844
2,arousal,"midpoint_as_high","balanced_sampler_ce",1,11,182,7,2491,0,0,0.0018947941716760397
2,arousal,"midpoint_as_high","balanced_sampler_ce",1,11,183,7,9360,0,1,0.9999920129776001
2,arousal,"midpoint_as_high","balanced_sampler_ce",1,11,184,7,Lake_3,0,0,0.02941957488656044
2,arousal,"midpoint_as_high","balanced_sampler_ce",1,11,185,7,3170,0,0,0.0034417426213622093
2,arousal,"midpoint_as_high","balanced_sampler_ce",1,11,186,7,8080,0,0,0.004382109735161066
2,arousal,"midpoint_as_high","balanced_sampler_ce",1,11,187,7,"Snow_1",0,1,0.9773821234703064
2,arousal,"midpoint_as_high","balanced_sampler_ce",1,11,188,7,4220,0,1,0.7416569590568542
2,arousal,"midpoint_as_high","balanced_sampler_ce",1,11,189,7,5760,0,1,0.9994895458221436
2,arousal,"midpoint_as_high","balanced_sampler_ce",1,11,190,7,3063,0,0,0.3936684727668762
2,arousal,"midpoint_as_high","balanced_sampler_ce",1,11,191,7,3080,0,0,0.11319295316934586
2,arousal,"midpoint_as_high","balanced_sampler_ce",1,11,192,8,Dummy_1,1,1,0.919634997844696
2,arousal,"midpoint_as_high","balanced_sampler_ce",1,11,193,8,3053,1,1,0.9707289934158325
2,arousal,"midpoint_as_high","balanced_sampler_ce",1,11,194,8,Tumor_1,1,1,0.7377506494522095
2,arousal,"midpoint_as_high","balanced_sampler_ce",1,11,195,8,Dog_18,1,1,0.5740331411361694
2,arousal,"midpoint_as_high","balanced_sampler_ce",1,11,196,8,Miserable_pose_3,0,1,0.6749997735023499
2,arousal,"midpoint_as_high","balanced_sampler_ce",1,11,197,8,"Pinecone_1",0,0,0.1334853321313858
2,arousal,"midpoint_as_high","balanced_sampler_ce",1,11,198,8,Garbage_dump_6,0,0,0.19738970696926117
2,arousal,"midpoint_as_high","balanced_sampler_ce",1,11,199,8,Depressed_pose_4,0,0,0.0025158824864774942
2,arousal,"midpoint_as_high","balanced_sampler_ce",1,11,200,8,"Angry_face_1",0,0,0.015347663313150406
2,arousal,"midpoint_as_high","balanced_sampler_ce",1,11,201,8,Dog_26,1,1,0.9089760184288025
2,arousal,"midpoint_as_high","balanced_sampler_ce",1,11,202,8,8370,1,1,0.9616163372993469
2,arousal,"midpoint_as_high","balanced_sampler_ce",1,11,203,8,Dog_6,0,1,0.950794517993927
2,arousal,"midpoint_as_high","balanced_sampler_ce",1,11,204,8,9220,0,0,0.059714965522289276
2,arousal,"midpoint_as_high","balanced_sampler_ce",1,11,205,8,Lake_12,0,1,0.9705982804298401
2,arousal,"midpoint_as_high","balanced_sampler_ce",1,11,206,8,2314,0,0,0.0018791211768984795
2,arousal,"midpoint_as_high","balanced_sampler_ce",1,11,207,8,1750,0,1,0.7383550405502319
2,arousal,"midpoint_as_high","balanced_sampler_ce",1,11,208,8,8492,1,1,0.8957054018974304
2,arousal,"midpoint_as_high","balanced_sampler_ce",1,11,209,8,1441,0,0,0.0681896060705185
2,arousal,"midpoint_as_high","balanced_sampler_ce",1,11,210,8,Flowers_6,0,0,0.017159026116132736
2,arousal,"midpoint_as_high","balanced_sampler_ce",1,11,211,8,"Yarn_1",0,0,0.37222930788993835
2,arousal,"midpoint_as_high","balanced_sampler_ce",1,11,212,8,9331,0,0,0.014826410450041294
2,arousal,"midpoint_as_high","balanced_sampler_ce",1,11,213,8,Beach_1,0,1,0.9838285446166992
2,arousal,"midpoint_as_high","balanced_sampler_ce",1,11,214,8,2491,0,1,0.5630356073379517
2,arousal,"midpoint_as_high","balanced_sampler_ce",1,11,215,8,9360,0,1,0.5851304531097412
2,arousal,"midpoint_as_high","balanced_sampler_ce",1,11,216,8,Lake_3,0,1,0.9883188009262085
2,arousal,"midpoint_as_high","balanced_sampler_ce",1,11,217,8,3170,0,1,0.8666103482246399
2,arousal,"midpoint_as_high","balanced_sampler_ce",1,11,218,8,8080,1,0,0.4390729069709778
2,arousal,"midpoint_as_high","balanced_sampler_ce",1,11,219,8,"Snow_1",0,0,0.42165839672088623
2,arousal,"midpoint_as_high","balanced_sampler_ce",1,11,220,8,4220,1,1,0.9997994303703308
2,arousal,"midpoint_as_high","balanced_sampler_ce",1,11,221,8,5760,0,0,0.02780706249177456
2,arousal,"midpoint_as_high","balanced_sampler_ce",1,11,222,8,3063,1,1,0.9850813746452332
2,arousal,"midpoint_as_high","balanced_sampler_ce",1,11,223,8,3080,1,1,0.8976852893829346
2,arousal,"midpoint_as_high","balanced_sampler_ce",1,11,352,13,Dummy_1,0,0,0.4520892798900604
2,arousal,"midpoint_as_high","balanced_sampler_ce",1,11,353,13,3053,0,0,0.009538319893181324
2,arousal,"midpoint_as_high","balanced_sampler_ce",1,11,354,13,Tumor_1,1,0,0.24719472229480743
2,arousal,"midpoint_as_high","balanced_sampler_ce",1,11,355,13,Dog_18,0,1,0.9808773398399353
2,arousal,"midpoint_as_high","balanced_sampler_ce",1,11,356,13,Miserable_pose_3,0,1,0.9872108697891235
2,arousal,"midpoint_as_high","balanced_sampler_ce",1,11,357,13,"Pinecone_1",0,0,0.24111786484718323
2,arousal,"midpoint_as_high","balanced_sampler_ce",1,11,358,13,Garbage_dump_6,0,0,0.020481791347265244
2,arousal,"midpoint_as_high","balanced_sampler_ce",1,11,359,13,Depressed_pose_4,0,1,0.9441500306129456
2,arousal,"midpoint_as_high","balanced_sampler_ce",1,11,360,13,"Angry_face_1",0,1,0.6967105269432068
2,arousal,"midpoint_as_high","balanced_sampler_ce",1,11,361,13,Dog_26,0,1,0.9906005859375
2,arousal,"midpoint_as_high","balanced_sampler_ce",1,11,362,13,8370,0,1,0.5708399415016174
2,arousal,"midpoint_as_high","balanced_sampler_ce",1,11,363,13,Dog_6,0,0,0.06878300756216049
2,arousal,"midpoint_as_high","balanced_sampler_ce",1,11,364,13,9220,0,0,0.049626946449279785
2,arousal,"midpoint_as_high","balanced_sampler_ce",1,11,365,13,Lake_12,0,0,0.09217553585767746
2,arousal,"midpoint_as_high","balanced_sampler_ce",1,11,366,13,2314,0,1,0.7004833221435547
2,arousal,"midpoint_as_high","balanced_sampler_ce",1,11,367,13,1750,0,0,0.22603826224803925
2,arousal,"midpoint_as_high","balanced_sampler_ce",1,11,368,13,8492,0,0,0.21584537625312805
2,arousal,"midpoint_as_high","balanced_sampler_ce",1,11,369,13,1441,0,0,0.3184860050678253
2,arousal,"midpoint_as_high","balanced_sampler_ce",1,11,370,13,Flowers_6,0,0,0.3898076117038727
2,arousal,"midpoint_as_high","balanced_sampler_ce",1,11,371,13,"Yarn_1",0,1,0.9866118431091309
2,arousal,"midpoint_as_high","balanced_sampler_ce",1,11,372,13,9331,0,0,0.4665414094924927
2,arousal,"midpoint_as_high","balanced_sampler_ce",1,11,373,13,Beach_1,0,0,0.007394308689981699
2,arousal,"midpoint_as_high","balanced_sampler_ce",1,11,374,13,2491,0,0,0.20090027153491974
2,arousal,"midpoint_as_high","balanced_sampler_ce",1,11,375,13,9360,0,1,0.7641531825065613
2,arousal,"midpoint_as_high","balanced_sampler_ce",1,11,376,13,Lake_3,0,0,0.0023039961233735085
2,arousal,"midpoint_as_high","balanced_sampler_ce",1,11,377,13,3170,0,0,0.2376512587070465
2,arousal,"midpoint_as_high","balanced_sampler_ce",1,11,378,13,8080,0,1,0.9963675737380981
2,arousal,"midpoint_as_high","balanced_sampler_ce",1,11,379,13,"Snow_1",0,0,0.09880676865577698
2,arousal,"midpoint_as_high","balanced_sampler_ce",1,11,380,13,4220,0,0,0.1095048263669014
2,arousal,"midpoint_as_high","balanced_sampler_ce",1,11,381,13,5760,0,0,0.07813560217618942
2,arousal,"midpoint_as_high","balanced_sampler_ce",1,11,382,13,3063,0,1,0.9648203253746033
2,arousal,"midpoint_as_high","balanced_sampler_ce",1,11,383,13,3080,1,0,0.017711667343974113
2,arousal,"midpoint_as_high","balanced_sampler_ce",1,11,832,28,Dummy_1,1,1,0.6009151935577393
2,arousal,"midpoint_as_high","balanced_sampler_ce",1,11,833,28,3053,1,0,0.30985215306282043
2,arousal,"midpoint_as_high","balanced_sampler_ce",1,11,834,28,Tumor_1,1,0,0.009894022718071938
2,arousal,"midpoint_as_high","balanced_sampler_ce",1,11,835,28,Dog_18,0,0,0.000108641768747475
2,arousal,"midpoint_as_high","balanced_sampler_ce",1,11,836,28,Miserable_pose_3,1,0,0.0005010581808164716
2,arousal,"midpoint_as_high","balanced_sampler_ce",1,11,837,28,"Pinecone_1",0,1,0.7409802079200745
2,arousal,"midpoint_as_high","balanced_sampler_ce",1,11,838,28,Garbage_dump_6,0,1,0.9037926197052002
2,arousal,"midpoint_as_high","balanced_sampler_ce",1,11,839,28,Depressed_pose_4,0,0,0.005260168109089136
2,arousal,"midpoint_as_high","balanced_sampler_ce",1,11,840,28,"Angry_face_1",0,0,0.3936140537261963
2,arousal,"midpoint_as_high","balanced_sampler_ce",1,11,841,28,Dog_26,0,1,0.6083013415336609
2,arousal,"midpoint_as_high","balanced_sampler_ce",1,11,842,28,8370,0,1,0.981884241104126
2,arousal,"midpoint_as_high","balanced_sampler_ce",1,11,843,28,Dog_6,0,0,0.22101259231567383
2,arousal,"midpoint_as_high","balanced_sampler_ce",1,11,844,28,9220,0,1,0.8136100172996521
2,arousal,"midpoint_as_high","balanced_sampler_ce",1,11,845,28,Lake_12,0,0,0.005705215036869049
2,arousal,"midpoint_as_high","balanced_sampler_ce",1,11,846,28,2314,0,0,0.3419034481048584
2,arousal,"midpoint_as_high","balanced_sampler_ce",1,11,847,28,1750,0,0,0.04817163571715355
2,arousal,"midpoint_as_high","balanced_sampler_ce",1,11,848,28,8492,1,1,0.9541125297546387
2,arousal,"midpoint_as_high","balanced_sampler_ce",1,11,849,28,1441,0,0,0.04164174944162369
2,arousal,"midpoint_as_high","balanced_sampler_ce",1,11,850,28,Flowers_6,0,1,0.9562960863113403
2,arousal,"midpoint_as_high","balanced_sampler_ce",1,11,851,28,"Yarn_1",0,0,0.4246990382671356
2,arousal,"midpoint_as_high","balanced_sampler_ce",1,11,852,28,9331,0,0,0.0024571281392127275
2,arousal,"midpoint_as_high","balanced_sampler_ce",1,11,853,28,Beach_1,0,1,0.9947369694709778
2,arousal,"midpoint_as_high","balanced_sampler_ce",1,11,854,28,2491,0,1,0.8929975032806396
2,arousal,"midpoint_as_high","balanced_sampler_ce",1,11,855,28,9360,0,0,0.01121186651289463
2,arousal,"midpoint_as_high","balanced_sampler_ce",1,11,856,28,Lake_3,0,0,0.0008774122106842697
2,arousal,"midpoint_as_high","balanced_sampler_ce",1,11,857,28,3170,1,0,0.007577578071504831
2,arousal,"midpoint_as_high","balanced_sampler_ce",1,11,858,28,8080,0,0,0.0008834615000523627
2,arousal,"midpoint_as_high","balanced_sampler_ce",1,11,859,28,"Snow_1",0,1,0.9188472628593445
2,arousal,"midpoint_as_high","balanced_sampler_ce",1,11,860,28,4220,0,0,0.0006052873795852065
2,arousal,"midpoint_as_high","balanced_sampler_ce",1,11,861,28,5760,0,0,0.13874785602092743
2,arousal,"midpoint_as_high","balanced_sampler_ce",1,11,862,28,3063,1,0,0.0020550789777189493
2,arousal,"midpoint_as_high","balanced_sampler_ce",1,11,863,28,3080,1,0,0.013271020725369453
2,arousal,"midpoint_as_high","balanced_sampler_ce",1,11,1152,38,Dummy_1,1,0,0.020848052576184273
2,arousal,"midpoint_as_high","balanced_sampler_ce",1,11,1153,38,3053,1,0,0.16755510866641998
2,arousal,"midpoint_as_high","balanced_sampler_ce",1,11,1154,38,Tumor_1,1,0,0.03463057428598404
2,arousal,"midpoint_as_high","balanced_sampler_ce",1,11,1155,38,Dog_18,0,0,0.1952575147151947
2,arousal,"midpoint_as_high","balanced_sampler_ce",1,11,1156,38,Miserable_pose_3,1,0,0.0018660571658983827
2,arousal,"midpoint_as_high","balanced_sampler_ce",1,11,1157,38,"Pinecone_1",0,0,0.29461249709129333
2,arousal,"midpoint_as_high","balanced_sampler_ce",1,11,1158,38,Garbage_dump_6,1,1,0.5610770583152771
2,arousal,"midpoint_as_high","balanced_sampler_ce",1,11,1159,38,Depressed_pose_4,1,1,0.993835985660553
2,arousal,"midpoint_as_high","balanced_sampler_ce",1,11,1160,38,"Angry_face_1",0,0,0.0804738998413086
2,arousal,"midpoint_as_high","balanced_sampler_ce",1,11,1161,38,Dog_26,1,0,0.4490581452846527
2,arousal,"midpoint_as_high","balanced_sampler_ce",1,11,1162,38,8370,1,0,0.20474006235599518
2,arousal,"midpoint_as_high","balanced_sampler_ce",1,11,1163,38,Dog_6,0,1,0.6902601718902588
2,arousal,"midpoint_as_high","balanced_sampler_ce",1,11,1164,38,9220,1,0,0.015070483088493347
2,arousal,"midpoint_as_high","balanced_sampler_ce",1,11,1165,38,Lake_12,0,0,0.1616237312555313
2,arousal,"midpoint_as_high","balanced_sampler_ce",1,11,1166,38,2314,0,1,0.9915142059326172
2,arousal,"midpoint_as_high","balanced_sampler_ce",1,11,1167,38,1750,0,1,0.8548822402954102
2,arousal,"midpoint_as_high","balanced_sampler_ce",1,11,1168,38,8492,1,0,0.002361401217058301
2,arousal,"midpoint_as_high","balanced_sampler_ce",1,11,1169,38,1441,0,1,0.9965104460716248
2,arousal,"midpoint_as_high","balanced_sampler_ce",1,11,1170,38,Flowers_6,0,0,0.0012972071999683976
2,arousal,"midpoint_as_high","balanced_sampler_ce",1,11,1171,38,"Yarn_1",1,1,0.8183596730232239
2,arousal,"midpoint_as_high","balanced_sampler_ce",1,11,1172,38,9331,1,1,0.9982909560203552
2,arousal,"midpoint_as_high","balanced_sampler_ce",1,11,1173,38,Beach_1,0,0,0.0030533939134329557
2,arousal,"midpoint_as_high","balanced_sampler_ce",1,11,1174,38,2491,0,0,0.0010486640967428684
2,arousal,"midpoint_as_high","balanced_sampler_ce",1,11,1175,38,9360,1,0,0.0754699632525444
2,arousal,"midpoint_as_high","balanced_sampler_ce",1,11,1176,38,Lake_3,1,1,0.7099332213401794
2,arousal,"midpoint_as_high","balanced_sampler_ce",1,11,1177,38,3170,1,0,0.0007767451461404562
2,arousal,"midpoint_as_high","balanced_sampler_ce",1,11,1178,38,8080,1,0,0.0595807284116745
2,arousal,"midpoint_as_high","balanced_sampler_ce",1,11,1179,38,"Snow_1",0,0,0.004617928992956877
2,arousal,"midpoint_as_high","balanced_sampler_ce",1,11,1180,38,4220,0,1,0.997616171836853
2,arousal,"midpoint_as_high","balanced_sampler_ce",1,11,1181,38,5760,0,1,0.9892061948776245
2,arousal,"midpoint_as_high","balanced_sampler_ce",1,11,1182,38,3063,1,1,0.9026625156402588
2,arousal,"midpoint_as_high","balanced_sampler_ce",1,11,1183,38,3080,1,0,0.3707525432109833
2,arousal,"midpoint_as_high","balanced_sampler_ce",1,11,1312,43,Dummy_1,1,0,0.24081386625766754
2,arousal,"midpoint_as_high","balanced_sampler_ce",1,11,1313,43,3053,1,1,0.985671877861023
2,arousal,"midpoint_as_high","balanced_sampler_ce",1,11,1314,43,Tumor_1,1,1,0.9624674916267395
2,arousal,"midpoint_as_high","balanced_sampler_ce",1,11,1315,43,Dog_18,0,0,0.00413269829005003
2,arousal,"midpoint_as_high","balanced_sampler_ce",1,11,1316,43,Miserable_pose_3,1,0,0.34689170122146606
2,arousal,"midpoint_as_high","balanced_sampler_ce",1,11,1317,43,"Pinecone_1",0,1,0.6154052019119263
2,arousal,"midpoint_as_high","balanced_sampler_ce",1,11,1318,43,Garbage_dump_6,1,1,0.9936249256134033
2,arousal,"midpoint_as_high","balanced_sampler_ce",1,11,1319,43,Depressed_pose_4,0,1,0.9124107956886292
2,arousal,"midpoint_as_high","balanced_sampler_ce",1,11,1320,43,"Angry_face_1",1,0,0.49273189902305603
2,arousal,"midpoint_as_high","balanced_sampler_ce",1,11,1321,43,Dog_26,1,1,0.9863921403884888
2,arousal,"midpoint_as_high","balanced_sampler_ce",1,11,1322,43,8370,1,1,0.9155924916267395
2,arousal,"midpoint_as_high","balanced_sampler_ce",1,11,1323,43,Dog_6,0,0,0.07645083218812943
2,arousal,"midpoint_as_high","balanced_sampler_ce",1,11,1324,43,9220,1,0,0.3607911169528961
2,arousal,"midpoint_as_high","balanced_sampler_ce",1,11,1325,43,Lake_12,0,1,0.6349607110023499
2,arousal,"midpoint_as_high","balanced_sampler_ce",1,11,1326,43,2314,0,1,0.9168492555618286
2,arousal,"midpoint_as_high","balanced_sampler_ce",1,11,1327,43,1750,0,1,0.995147168636322
2,arousal,"midpoint_as_high","balanced_sampler_ce",1,11,1328,43,8492,0,0,0.3837302327156067
2,arousal,"midpoint_as_high","balanced_sampler_ce",1,11,1329,43,1441,0,1,0.9373666048049927
2,arousal,"midpoint_as_high","balanced_sampler_ce",1,11,1330,43,Flowers_6,0,0,0.01827847585082054
2,arousal,"midpoint_as_high","balanced_sampler_ce",1,11,1331,43,"Yarn_1",0,0,0.08512648940086365
2,arousal,"midpoint_as_high","balanced_sampler_ce",1,11,1332,43,9331,1,0,0.0027112977113574743
2,arousal,"midpoint_as_high","balanced_sampler_ce",1,11,1333,43,Beach_1,0,1,0.9505932331085205
2,arousal,"midpoint_as_high","balanced_sampler_ce",1,11,1334,43,2491,1,0,0.004263649228960276
2,arousal,"midpoint_as_high","balanced_sampler_ce",1,11,1335,43,9360,1,0,0.13794109225273132
2,arousal,"midpoint_as_high","balanced_sampler_ce",1,11,1336,43,Lake_3,0,0,4.851472476730123e-05
2,arousal,"midpoint_as_high","balanced_sampler_ce",1,11,1337,43,3170,1,1,0.9691134095191956
2,arousal,"midpoint_as_high","balanced_sampler_ce",1,11,1338,43,8080,1,0,0.03733331337571144
2,arousal,"midpoint_as_high","balanced_sampler_ce",1,11,1339,43,"Snow_1",0,1,0.9078377485275269
2,arousal,"midpoint_as_high","balanced_sampler_ce",1,11,1340,43,4220,0,0,0.0481080524623394
2,arousal,"midpoint_as_high","balanced_sampler_ce",1,11,1341,43,5760,0,1,0.6172638535499573
2,arousal,"midpoint_as_high","balanced_sampler_ce",1,11,1342,43,3063,1,0,0.06630688160657883
2,arousal,"midpoint_as_high","balanced_sampler_ce",1,11,1343,43,3080,1,0,0.059793706983327866
2,arousal,"midpoint_as_high","balanced_sampler_ce",1,11,1632,54,Dummy_1,1,1,0.9999740123748779
2,arousal,"midpoint_as_high","balanced_sampler_ce",1,11,1633,54,3053,1,1,0.9858808517456055
2,arousal,"midpoint_as_high","balanced_sampler_ce",1,11,1634,54,Tumor_1,1,1,0.8728312849998474
2,arousal,"midpoint_as_high","balanced_sampler_ce",1,11,1635,54,Dog_18,0,0,0.15909117460250854
2,arousal,"midpoint_as_high","balanced_sampler_ce",1,11,1636,54,Miserable_pose_3,1,1,0.9983569979667664
2,arousal,"midpoint_as_high","balanced_sampler_ce",1,11,1637,54,"Pinecone_1",0,0,0.04640614613890648
2,arousal,"midpoint_as_high","balanced_sampler_ce",1,11,1638,54,Garbage_dump_6,1,0,0.3759649395942688
2,arousal,"midpoint_as_high","balanced_sampler_ce",1,11,1639,54,Depressed_pose_4,1,1,0.9112831354141235
2,arousal,"midpoint_as_high","balanced_sampler_ce",1,11,1640,54,"Angry_face_1",1,0,0.1945434957742691
2,arousal,"midpoint_as_high","balanced_sampler_ce",1,11,1641,54,Dog_26,1,0,0.030505089089274406
2,arousal,"midpoint_as_high","balanced_sampler_ce",1,11,1642,54,8370,1,0,0.0040510776452720165
2,arousal,"midpoint_as_high","balanced_sampler_ce",1,11,1643,54,Dog_6,0,1,0.8669643402099609
2,arousal,"midpoint_as_high","balanced_sampler_ce",1,11,1644,54,9220,1,0,0.41598188877105713
2,arousal,"midpoint_as_high","balanced_sampler_ce",1,11,1645,54,Lake_12,0,1,0.7763038873672485
2,arousal,"midpoint_as_high","balanced_sampler_ce",1,11,1646,54,2314,0,0,0.32519087195396423
2,arousal,"midpoint_as_high","balanced_sampler_ce",1,11,1647,54,1750,0,1,0.9770637154579163
2,arousal,"midpoint_as_high","balanced_sampler_ce",1,11,1648,54,8492,1,1,0.999263346195221
2,arousal,"midpoint_as_high","balanced_sampler_ce",1,11,1649,54,1441,0,0,0.38603100180625916
2,arousal,"midpoint_as_high","balanced_sampler_ce",1,11,1650,54,Flowers_6,0,1,0.7074918150901794
2,arousal,"midpoint_as_high","balanced_sampler_ce",1,11,1651,54,"Yarn_1",1,1,0.861835777759552
2,arousal,"midpoint_as_high","balanced_sampler_ce",1,11,1652,54,9331,1,1,0.8907191157341003
2,arousal,"midpoint_as_high","balanced_sampler_ce",1,11,1653,54,Beach_1,0,1,0.8201594352722168
2,arousal,"midpoint_as_high","balanced_sampler_ce",1,11,1654,54,2491,0,1,0.9731639623641968
2,arousal,"midpoint_as_high","balanced_sampler_ce",1,11,1655,54,9360,1,1,0.7833868861198425
2,arousal,"midpoint_as_high","balanced_sampler_ce",1,11,1656,54,Lake_3,0,1,0.9976929426193237
2,arousal,"midpoint_as_high","balanced_sampler_ce",1,11,1657,54,3170,1,0,0.03642197325825691
2,arousal,"midpoint_as_high","balanced_sampler_ce",1,11,1658,54,8080,1,0,0.0027892019134014845
2,arousal,"midpoint_as_high","balanced_sampler_ce",1,11,1659,54,"Snow_1",1,1,0.6228399872779846
2,arousal,"midpoint_as_high","balanced_sampler_ce",1,11,1660,54,4220,1,1,0.6952144503593445
2,arousal,"midpoint_as_high","balanced_sampler_ce",1,11,1661,54,5760,0,1,0.9129608273506165
2,arousal,"midpoint_as_high","balanced_sampler_ce",1,11,1662,54,3063,1,0,0.12372621148824692
2,arousal,"midpoint_as_high","balanced_sampler_ce",1,11,1663,54,3080,1,1,0.5450167655944824
2,arousal,"midpoint_as_high","balanced_sampler_ce",1,11,1760,58,Dummy_1,1,0,0.0036393445916473866
2,arousal,"midpoint_as_high","balanced_sampler_ce",1,11,1761,58,3053,1,1,0.8724772334098816
2,arousal,"midpoint_as_high","balanced_sampler_ce",1,11,1762,58,Tumor_1,1,0,0.009442000649869442
2,arousal,"midpoint_as_high","balanced_sampler_ce",1,11,1763,58,Dog_18,0,1,0.6722702980041504
2,arousal,"midpoint_as_high","balanced_sampler_ce",1,11,1764,58,Miserable_pose_3,1,0,0.25043830275535583
2,arousal,"midpoint_as_high","balanced_sampler_ce",1,11,1765,58,"Pinecone_1",0,1,0.9612199664115906
2,arousal,"midpoint_as_high","balanced_sampler_ce",1,11,1766,58,Garbage_dump_6,0,0,0.006477456074208021
2,arousal,"midpoint_as_high","balanced_sampler_ce",1,11,1767,58,Depressed_pose_4,0,0,0.011916926130652428
2,arousal,"midpoint_as_high","balanced_sampler_ce",1,11,1768,58,"Angry_face_1",0,1,0.6547077894210815
2,arousal,"midpoint_as_high","balanced_sampler_ce",1,11,1769,58,Dog_26,1,0,0.011345535516738892
2,arousal,"midpoint_as_high","balanced_sampler_ce",1,11,1770,58,8370,0,0,0.0829721987247467
2,arousal,"midpoint_as_high","balanced_sampler_ce",1,11,1771,58,Dog_6,0,0,0.04853692278265953
2,arousal,"midpoint_as_high","balanced_sampler_ce",1,11,1772,58,9220,0,0,0.02528504468500614
2,arousal,"midpoint_as_high","balanced_sampler_ce",1,11,1773,58,Lake_12,0,0,0.3720909059047699
2,arousal,"midpoint_as_high","balanced_sampler_ce",1,11,1774,58,2314,0,1,0.9961089491844177
2,arousal,"midpoint_as_high","balanced_sampler_ce",1,11,1775,58,1750,0,0,0.04672457277774811
2,arousal,"midpoint_as_high","balanced_sampler_ce",1,11,1776,58,8492,1,1,0.8046576380729675
2,arousal,"midpoint_as_high","balanced_sampler_ce",1,11,1777,58,1441,0,0,0.003272585803642869
2,arousal,"midpoint_as_high","balanced_sampler_ce",1,11,1778,58,Flowers_6,0,0,0.03150001913309097
2,arousal,"midpoint_as_high","balanced_sampler_ce",1,11,1779,58,"Yarn_1",0,0,0.0002861141401808709
2,arousal,"midpoint_as_high","balanced_sampler_ce",1,11,1780,58,9331,0,0,0.008237040601670742
2,arousal,"midpoint_as_high","balanced_sampler_ce",1,11,1781,58,Beach_1,0,0,0.0013576262863352895
2,arousal,"midpoint_as_high","balanced_sampler_ce",1,11,1782,58,2491,0,1,0.9302579760551453
2,arousal,"midpoint_as_high","balanced_sampler_ce",1,11,1783,58,9360,0,1,0.7512992024421692
2,arousal,"midpoint_as_high","balanced_sampler_ce",1,11,1784,58,Lake_3,0,0,0.02707217074930668
2,arousal,"midpoint_as_high","balanced_sampler_ce",1,11,1785,58,3170,1,0,0.001110119977965951
2,arousal,"midpoint_as_high","balanced_sampler_ce",1,11,1786,58,8080,0,0,0.05867154896259308
2,arousal,"midpoint_as_high","balanced_sampler_ce",1,11,1787,58,"Snow_1",0,1,0.9994237422943115
2,arousal,"midpoint_as_high","balanced_sampler_ce",1,11,1788,58,4220,0,1,0.5266339182853699
2,arousal,"midpoint_as_high","balanced_sampler_ce",1,11,1789,58,5760,0,0,0.0008525845478288829
2,arousal,"midpoint_as_high","balanced_sampler_ce",1,11,1790,58,3063,1,0,0.0439186729490757
2,arousal,"midpoint_as_high","balanced_sampler_ce",1,11,1791,58,3080,1,0,0.15312287211418152
2,arousal,"midpoint_as_high","balanced_sampler_ce",1,11,1792,59,Dummy_1,1,0,0.021371031180024147
2,arousal,"midpoint_as_high","balanced_sampler_ce",1,11,1793,59,3053,1,1,0.9998416900634766
2,arousal,"midpoint_as_high","balanced_sampler_ce",1,11,1794,59,Tumor_1,1,0,0.0848441943526268
2,arousal,"midpoint_as_high","balanced_sampler_ce",1,11,1795,59,Dog_18,1,1,0.7023191452026367
2,arousal,"midpoint_as_high","balanced_sampler_ce",1,11,1796,59,Miserable_pose_3,1,1,0.9887794256210327
2,arousal,"midpoint_as_high","balanced_sampler_ce",1,11,1797,59,"Pinecone_1",0,1,0.6655367612838745
2,arousal,"midpoint_as_high","balanced_sampler_ce",1,11,1798,59,Garbage_dump_6,1,0,0.00706537114456296
2,arousal,"midpoint_as_high","balanced_sampler_ce",1,11,1799,59,Depressed_pose_4,1,0,0.05390243977308273
2,arousal,"midpoint_as_high","balanced_sampler_ce",1,11,1800,59,"Angry_face_1",1,1,0.986192524433136
2,arousal,"midpoint_as_high","balanced_sampler_ce",1,11,1801,59,Dog_26,1,1,0.8370776772499084
2,arousal,"midpoint_as_high","balanced_sampler_ce",1,11,1802,59,8370,1,1,0.9996116757392883
2,arousal,"midpoint_as_high","balanced_sampler_ce",1,11,1803,59,Dog_6,1,1,0.9720399975776672
2,arousal,"midpoint_as_high","balanced_sampler_ce",1,11,1804,59,9220,1,0,0.2943653166294098
2,arousal,"midpoint_as_high","balanced_sampler_ce",1,11,1805,59,Lake_12,0,0,0.005105477757751942
2,arousal,"midpoint_as_high","balanced_sampler_ce",1,11,1806,59,2314,1,0,0.005606629885733128
2,arousal,"midpoint_as_high","balanced_sampler_ce",1,11,1807,59,1750,1,1,0.701093852519989
2,arousal,"midpoint_as_high","balanced_sampler_ce",1,11,1808,59,8492,1,1,0.9979566335678101
2,arousal,"midpoint_as_high","balanced_sampler_ce",1,11,1809,59,1441,0,0,0.022367727011442184
2,arousal,"midpoint_as_high","balanced_sampler_ce",1,11,1810,59,Flowers_6,1,1,0.9935103058815002
2,arousal,"midpoint_as_high","balanced_sampler_ce",1,11,1811,59,"Yarn_1",0,1,0.9978838562965393
2,arousal,"midpoint_as_high","balanced_sampler_ce",1,11,1812,59,9331,1,0,0.03989274799823761
2,arousal,"midpoint_as_high","balanced_sampler_ce",1,11,1813,59,Beach_1,0,1,0.9310095310211182
2,arousal,"midpoint_as_high","balanced_sampler_ce",1,11,1814,59,2491,1,0,0.006218916270881891
2,arousal,"midpoint_as_high","balanced_sampler_ce",1,11,1815,59,9360,0,0,0.021076882258057594
2,arousal,"midpoint_as_high","balanced_sampler_ce",1,11,1816,59,Lake_3,0,1,0.999927282333374
2,arousal,"midpoint_as_high","balanced_sampler_ce",1,11,1817,59,3170,1,1,0.658332884311676
2,arousal,"midpoint_as_high","balanced_sampler_ce",1,11,1818,59,8080,1,1,0.693365752696991
2,arousal,"midpoint_as_high","balanced_sampler_ce",1,11,1819,59,"Snow_1",0,0,0.017588645219802856
2,arousal,"midpoint_as_high","balanced_sampler_ce",1,11,1820,59,4220,1,1,0.9963621497154236
2,arousal,"midpoint_as_high","balanced_sampler_ce",1,11,1821,59,5760,0,0,0.42082923650741577
2,arousal,"midpoint_as_high","balanced_sampler_ce",1,11,1822,59,3063,1,0,0.11134210973978043
2,arousal,"midpoint_as_high","balanced_sampler_ce",1,11,1823,59,3080,1,1,0.8542340397834778
2,arousal,"midpoint_as_high","balanced_sampler_ce",1,11,1984,65,Dummy_1,1,1,0.9074942469596863
2,arousal,"midpoint_as_high","balanced_sampler_ce",1,11,1985,65,3053,1,1,0.9919496774673462
2,arousal,"midpoint_as_high","balanced_sampler_ce",1,11,1986,65,Tumor_1,1,1,0.9455642104148865
2,arousal,"midpoint_as_high","balanced_sampler_ce",1,11,1987,65,Dog_18,0,1,0.8763063549995422
2,arousal,"midpoint_as_high","balanced_sampler_ce",1,11,1988,65,Miserable_pose_3,1,1,0.9432975053787231
2,arousal,"midpoint_as_high","balanced_sampler_ce",1,11,1989,65,"Pinecone_1",0,0,0.007825234904885292
2,arousal,"midpoint_as_high","balanced_sampler_ce",1,11,1990,65,Garbage_dump_6,0,0,0.3031787872314453
2,arousal,"midpoint_as_high","balanced_sampler_ce",1,11,1991,65,Depressed_pose_4,0,0,0.02008270099759102
2,arousal,"midpoint_as_high","balanced_sampler_ce",1,11,1992,65,"Angry_face_1",0,0,0.02760639414191246
2,arousal,"midpoint_as_high","balanced_sampler_ce",1,11,1993,65,Dog_26,1,1,0.6960538029670715
2,arousal,"midpoint_as_high","balanced_sampler_ce",1,11,1994,65,8370,0,0,0.003397224238142371
2,arousal,"midpoint_as_high","balanced_sampler_ce",1,11,1995,65,Dog_6,0,1,0.6583173871040344
2,arousal,"midpoint_as_high","balanced_sampler_ce",1,11,1996,65,9220,0,0,0.3873443603515625
2,arousal,"midpoint_as_high","balanced_sampler_ce",1,11,1997,65,Lake_12,0,1,0.9977547526359558
2,arousal,"midpoint_as_high","balanced_sampler_ce",1,11,1998,65,2314,0,1,0.6352911591529846
2,arousal,"midpoint_as_high","balanced_sampler_ce",1,11,1999,65,1750,0,0,0.15548737347126007
2,arousal,"midpoint_as_high","balanced_sampler_ce",1,11,2000,65,8492,1,0,0.009069600142538548
2,arousal,"midpoint_as_high","balanced_sampler_ce",1,11,2001,65,1441,0,1,0.9378576874732971
2,arousal,"midpoint_as_high","balanced_sampler_ce",1,11,2002,65,Flowers_6,0,1,0.9729045629501343
2,arousal,"midpoint_as_high","balanced_sampler_ce",1,11,2003,65,"Yarn_1",0,0,0.0020141908898949623
2,arousal,"midpoint_as_high","balanced_sampler_ce",1,11,2004,65,9331,0,1,0.8436151742935181
2,arousal,"midpoint_as_high","balanced_sampler_ce",1,11,2005,65,Beach_1,0,1,0.9953263998031616
2,arousal,"midpoint_as_high","balanced_sampler_ce",1,11,2006,65,2491,0,1,0.9960798621177673
2,arousal,"midpoint_as_high","balanced_sampler_ce",1,11,2007,65,9360,1,1,0.9999206066131592
2,arousal,"midpoint_as_high","balanced_sampler_ce",1,11,2008,65,Lake_3,0,1,0.9678568840026855
2,arousal,"midpoint_as_high","balanced_sampler_ce",1,11,2009,65,3170,1,0,0.00034330523340031505
2,arousal,"midpoint_as_high","balanced_sampler_ce",1,11,2010,65,8080,0,1,0.8311238884925842
2,arousal,"midpoint_as_high","balanced_sampler_ce",1,11,2011,65,"Snow_1",0,1,0.8979820609092712
2,arousal,"midpoint_as_high","balanced_sampler_ce",1,11,2012,65,4220,0,0,0.02621624805033207
2,arousal,"midpoint_as_high","balanced_sampler_ce",1,11,2013,65,5760,0,0,0.4152507781982422
2,arousal,"midpoint_as_high","balanced_sampler_ce",1,11,2014,65,3063,1,0,0.00012445384345483035
2,arousal,"midpoint_as_high","balanced_sampler_ce",1,11,2015,65,3080,1,1,0.5612061023712158
3,arousal,"midpoint_as_high",ce_class_weighted,2,11,32,2,Dummy_1,1,1,0.9798388481140137
3,arousal,"midpoint_as_high",ce_class_weighted,2,11,33,2,3053,1,1,0.887179434299469
3,arousal,"midpoint_as_high",ce_class_weighted,2,11,34,2,Tumor_1,1,1,0.999804675579071
3,arousal,"midpoint_as_high",ce_class_weighted,2,11,35,2,Dog_18,1,1,0.9927793145179749
3,arousal,"midpoint_as_high",ce_class_weighted,2,11,36,2,Miserable_pose_3,1,1,0.8632168173789978
3,arousal,"midpoint_as_high",ce_class_weighted,2,11,37,2,"Pinecone_1",0,0,0.1541239321231842
3,arousal,"midpoint_as_high",ce_class_weighted,2,11,38,2,Garbage_dump_6,1,1,0.9982043504714966
3,arousal,"midpoint_as_high",ce_class_weighted,2,11,39,2,Depressed_pose_4,1,1,0.7559495568275452
3,arousal,"midpoint_as_high",ce_class_weighted,2,11,40,2,"Angry_face_1",1,1,0.9983826875686646
3,arousal,"midpoint_as_high",ce_class_weighted,2,11,41,2,Dog_26,1,1,0.8847180604934692
3,arousal,"midpoint_as_high",ce_class_weighted,2,11,42,2,8370,1,1,0.9703567624092102
3,arousal,"midpoint_as_high",ce_class_weighted,2,11,43,2,Dog_6,1,1,0.9819332957267761
3,arousal,"midpoint_as_high",ce_class_weighted,2,11,44,2,9220,1,1,0.9960592985153198
3,arousal,"midpoint_as_high",ce_class_weighted,2,11,45,2,Lake_12,0,0,0.1336120218038559
3,arousal,"midpoint_as_high",ce_class_weighted,2,11,46,2,2314,1,1,0.7851208448410034
3,arousal,"midpoint_as_high",ce_class_weighted,2,11,47,2,1750,1,1,0.8085888624191284
3,arousal,"midpoint_as_high",ce_class_weighted,2,11,48,2,8492,1,1,0.9873071908950806
3,arousal,"midpoint_as_high",ce_class_weighted,2,11,49,2,1441,1,1,0.9956005811691284
3,arousal,"midpoint_as_high",ce_class_weighted,2,11,50,2,Flowers_6,0,1,0.9324831366539001
3,arousal,"midpoint_as_high",ce_class_weighted,2,11,51,2,"Yarn_1",0,1,0.9998941421508789
3,arousal,"midpoint_as_high",ce_class_weighted,2,11,52,2,9331,1,1,0.9870637655258179
3,arousal,"midpoint_as_high",ce_class_weighted,2,11,53,2,Beach_1,0,1,0.8944130539894104
3,arousal,"midpoint_as_high",ce_class_weighted,2,11,54,2,2491,1,1,0.9998849630355835
3,arousal,"midpoint_as_high",ce_class_weighted,2,11,55,2,9360,0,1,0.9962743520736694
3,arousal,"midpoint_as_high",ce_class_weighted,2,11,56,2,Lake_3,0,1,0.9966638684272766
3,arousal,"midpoint_as_high",ce_class_weighted,2,11,57,2,3170,1,1,0.7798736691474915
3,arousal,"midpoint_as_high",ce_class_weighted,2,11,58,2,8080,1,0,0.29782718420028687
3,arousal,"midpoint_as_high",ce_class_weighted,2,11,59,2,"Snow_1",1,1,0.9942405223846436
3,arousal,"midpoint_as_high",ce_class_weighted,2,11,60,2,4220,1,1,0.520179033279419
3,arousal,"midpoint_as_high",ce_class_weighted,2,11,61,2,5760,1,1,0.9891614317893982
3,arousal,"midpoint_as_high",ce_class_weighted,2,11,62,2,3063,1,1,0.6198385953903198
3,arousal,"midpoint_as_high",ce_class_weighted,2,11,63,2,3080,1,1,0.9990639090538025
3,arousal,"midpoint_as_high",ce_class_weighted,2,11,96,5,Dummy_1,1,1,0.9999951124191284
3,arousal,"midpoint_as_high",ce_class_weighted,2,11,97,5,3053,1,1,0.6670469641685486
3,arousal,"midpoint_as_high",ce_class_weighted,2,11,98,5,Tumor_1,1,1,0.9984725117683411
3,arousal,"midpoint_as_high",ce_class_weighted,2,11,99,5,Dog_18,0,1,0.9655758142471313
3,arousal,"midpoint_as_high",ce_class_weighted,2,11,100,5,Miserable_pose_3,1,0,0.05007071793079376
3,arousal,"midpoint_as_high",ce_class_weighted,2,11,101,5,"Pinecone_1",1,1,0.6723225116729736
3,arousal,"midpoint_as_high",ce_class_weighted,2,11,102,5,Garbage_dump_6,1,0,0.48148733377456665
3,arousal,"midpoint_as_high",ce_class_weighted,2,11,103,5,Depressed_pose_4,1,1,0.9458577632904053
3,arousal,"midpoint_as_high",ce_class_weighted,2,11,104,5,"Angry_face_1",1,1,0.9844332933425903
3,arousal,"midpoint_as_high",ce_class_weighted,2,11,105,5,Dog_26,1,1,0.9627476334571838
3,arousal,"midpoint_as_high",ce_class_weighted,2,11,106,5,8370,1,1,0.9200770854949951
3,arousal,"midpoint_as_high",ce_class_weighted,2,11,107,5,Dog_6,0,1,0.9827067852020264
3,arousal,"midpoint_as_high",ce_class_weighted,2,11,108,5,9220,0,1,0.9929681420326233
3,arousal,"midpoint_as_high",ce_class_weighted,2,11,109,5,Lake_12,0,1,0.9995726943016052
3,arousal,"midpoint_as_high",ce_class_weighted,2,11,110,5,2314,0,1,0.9998689889907837
3,arousal,"midpoint_as_high",ce_class_weighted,2,11,111,5,1750,0,0,0.4341529905796051
3,arousal,"midpoint_as_high",ce_class_weighted,2,11,112,5,8492,1,1,0.5966554880142212
3,arousal,"midpoint_as_high",ce_class_weighted,2,11,113,5,1441,1,0,0.262334942817688
3,arousal,"midpoint_as_high",ce_class_weighted,2,11,114,5,Flowers_6,0,1,0.9999946355819702
3,arousal,"midpoint_as_high",ce_class_weighted,2,11,115,5,"Yarn_1",1,1,0.811572790145874
3,arousal,"midpoint_as_high",ce_class_weighted,2,11,116,5,9331,1,1,0.9702675342559814
3,arousal,"midpoint_as_high",ce_class_weighted,2,11,117,5,Beach_1,0,1,0.963266134262085
3,arousal,"midpoint_as_high",ce_class_weighted,2,11,118,5,2491,0,1,0.9960002303123474
3,arousal,"midpoint_as_high",ce_class_weighted,2,11,119,5,9360,1,1,0.9232778549194336
3,arousal,"midpoint_as_high",ce_class_weighted,2,11,120,5,Lake_3,0,1,0.9950318336486816
3,arousal,"midpoint_as_high",ce_class_weighted,2,11,121,5,3170,1,0,0.13358645141124725
3,arousal,"midpoint_as_high",ce_class_weighted,2,11,122,5,8080,0,1,0.9832695722579956
3,arousal,"midpoint_as_high",ce_class_weighted,2,11,123,5,"Snow_1",1,1,0.7031656503677368
3,arousal,"midpoint_as_high",ce_class_weighted,2,11,124,5,4220,1,0,0.01153460144996643
3,arousal,"midpoint_as_high",ce_class_weighted,2,11,125,5,5760,0,1,0.5219964385032654
3,arousal,"midpoint_as_high",ce_class_weighted,2,11,126,5,3063,1,1,0.9932568073272705
3,arousal,"midpoint_as_high",ce_class_weighted,2,11,127,5,3080,1,1,0.9672887921333313
3,arousal,"midpoint_as_high",ce_class_weighted,2,11,288,11,Dummy_1,1,1,0.9994173049926758
3,arousal,"midpoint_as_high",ce_class_weighted,2,11,289,11,3053,1,1,0.9998542070388794
3,arousal,"midpoint_as_high",ce_class_weighted,2,11,290,11,Tumor_1,1,0,0.35147178173065186
3,arousal,"midpoint_as_high",ce_class_weighted,2,11,291,11,Dog_18,1,1,0.9994822144508362
3,arousal,"midpoint_as_high",ce_class_weighted,2,11,292,11,Miserable_pose_3,1,1,0.9973058700561523
3,arousal,"midpoint_as_high",ce_class_weighted,2,11,293,11,"Pinecone_1",0,0,0.14176879823207855
3,arousal,"midpoint_as_high",ce_class_weighted,2,11,294,11,Garbage_dump_6,1,1,0.8848937749862671
3,arousal,"midpoint_as_high",ce_class_weighted,2,11,295,11,Depressed_pose_4,1,1,0.9329732656478882
3,arousal,"midpoint_as_high",ce_class_weighted,2,11,296,11,"Angry_face_1",0,1,0.9287770986557007
3,arousal,"midpoint_as_high",ce_class_weighted,2,11,297,11,Dog_26,1,1,0.999995231628418
3,arousal,"midpoint_as_high",ce_class_weighted,2,11,298,11,8370,1,0,0.010136667639017105
3,arousal,"midpoint_as_high",ce_class_weighted,2,11,299,11,Dog_6,1,1,0.9932336211204529
3,arousal,"midpoint_as_high",ce_class_weighted,2,11,300,11,9220,1,0,0.32318171858787537
3,arousal,"midpoint_as_high",ce_class_weighted,2,11,301,11,Lake_12,0,1,0.9977962970733643
3,arousal,"midpoint_as_high",ce_class_weighted,2,11,302,11,2314,1,1,0.8921431303024292
3,arousal,"midpoint_as_high",ce_class_weighted,2,11,303,11,1750,1,1,0.9798837900161743
3,arousal,"midpoint_as_high",ce_class_weighted,2,11,304,11,8492,1,1,0.9733753204345703
3,arousal,"midpoint_as_high",ce_class_weighted,2,11,305,11,1441,0,1,0.5658324956893921
3,arousal,"midpoint_as_high",ce_class_weighted,2,11,306,11,Flowers_6,0,1,0.9997474551200867
3,arousal,"midpoint_as_high",ce_class_weighted,2,11,307,11,"Yarn_1",1,1,0.9885363578796387
3,arousal,"midpoint_as_high",ce_class_weighted,2,11,308,11,9331,1,1,0.9909502863883972
3,arousal,"midpoint_as_high",ce_class_weighted,2,11,309,11,Beach_1,0,1,0.9796890616416931
3,arousal,"midpoint_as_high",ce_class_weighted,2,11,310,11,2491,0,1,0.9993922710418701
3,arousal,"midpoint_as_high",ce_class_weighted,2,11,311,11,9360,1,1,0.9990540146827698
3,arousal,"midpoint_as_high",ce_class_weighted,2,11,312,11,Lake_3,0,1,0.9890451431274414
3,arousal,"midpoint_as_high",ce_class_weighted,2,11,313,11,3170,1,1,0.930782675743103
3,arousal,"midpoint_as_high",ce_class_weighted,2,11,314,11,8080,1,1,0.9961502552032471
3,arousal,"midpoint_as_high",ce_class_weighted,2,11,315,11,"Snow_1",0,1,0.9986237287521362
3,arousal,"midpoint_as_high",ce_class_weighted,2,11,316,11,4220,0,0,0.3556782305240631
3,arousal,"midpoint_as_high",ce_class_weighted,2,11,317,11,5760,0,1,0.9734634160995483
3,arousal,"midpoint_as_high",ce_class_weighted,2,11,318,11,3063,1,1,0.9611307382583618
3,arousal,"midpoint_as_high",ce_class_weighted,2,11,319,11,3080,1,1,0.9999063014984131
3,arousal,"midpoint_as_high",ce_class_weighted,2,11,480,17,Dummy_1,0,1,0.9999904632568359
3,arousal,"midpoint_as_high",ce_class_weighted,2,11,481,17,3053,1,1,0.9998571872711182
3,arousal,"midpoint_as_high",ce_class_weighted,2,11,482,17,Tumor_1,1,1,0.916763424873352
3,arousal,"midpoint_as_high",ce_class_weighted,2,11,483,17,Dog_18,0,1,0.9837015867233276
3,arousal,"midpoint_as_high",ce_class_weighted,2,11,484,17,Miserable_pose_3,1,1,0.9996956586837769
3,arousal,"midpoint_as_high",ce_class_weighted,2,11,485,17,"Pinecone_1",0,1,0.9999960660934448
3,arousal,"midpoint_as_high",ce_class_weighted,2,11,486,17,Garbage_dump_6,0,1,0.9932212829589844
3,arousal,"midpoint_as_high",ce_class_weighted,2,11,487,17,Depressed_pose_4,0,1,0.9677003026008606
3,arousal,"midpoint_as_high",ce_class_weighted,2,11,488,17,"Angry_face_1",0,1,0.8000060319900513
3,arousal,"midpoint_as_high",ce_class_weighted,2,11,489,17,Dog_26,1,1,0.7966107726097107
3,arousal,"midpoint_as_high",ce_class_weighted,2,11,490,17,8370,0,1,0.9997310042381287
3,arousal,"midpoint_as_high",ce_class_weighted,2,11,491,17,Dog_6,0,1,0.7974647283554077
3,arousal,"midpoint_as_high",ce_class_weighted,2,11,492,17,9220,0,1,0.924273669719696
3,arousal,"midpoint_as_high",ce_class_weighted,2,11,493,17,Lake_12,0,1,0.9635217189788818
3,arousal,"midpoint_as_high",ce_class_weighted,2,11,494,17,2314,0,0,0.16263101994991302
3,arousal,"midpoint_as_high",ce_class_weighted,2,11,495,17,1750,0,1,0.9983918070793152
3,arousal,"midpoint_as_high",ce_class_weighted,2,11,496,17,8492,0,1,0.9951153993606567
3,arousal,"midpoint_as_high",ce_class_weighted,2,11,497,17,1441,0,1,0.9959816932678223
3,arousal,"midpoint_as_high",ce_class_weighted,2,11,498,17,Flowers_6,0,1,0.9672536849975586
3,arousal,"midpoint_as_high",ce_class_weighted,2,11,499,17,"Yarn_1",0,0,0.3520900011062622
3,arousal,"midpoint_as_high",ce_class_weighted,2,11,500,17,9331,0,1,0.893483579158783
3,arousal,"midpoint_as_high",ce_class_weighted,2,11,501,17,Beach_1,0,1,0.9764700531959534
3,arousal,"midpoint_as_high",ce_class_weighted,2,11,502,17,2491,0,1,0.9890796542167664
3,arousal,"midpoint_as_high",ce_class_weighted,2,11,503,17,9360,1,1,0.7032642364501953
3,arousal,"midpoint_as_high",ce_class_weighted,2,11,504,17,Lake_3,0,1,0.9643014669418335
3,arousal,"midpoint_as_high",ce_class_weighted,2,11,505,17,3170,1,1,0.9595552682876587
3,arousal,"midpoint_as_high",ce_class_weighted,2,11,506,17,8080,0,1,0.7264501452445984
3,arousal,"midpoint_as_high",ce_class_weighted,2,11,507,17,"Snow_1",0,1,0.717457115650177
3,arousal,"midpoint_as_high",ce_class_weighted,2,11,508,17,4220,0,1,0.9981732368469238
3,arousal,"midpoint_as_high",ce_class_weighted,2,11,509,17,5760,0,0,0.002128652762621641
3,arousal,"midpoint_as_high",ce_class_weighted,2,11,510,17,3063,1,0,0.022597335278987885
3,arousal,"midpoint_as_high",ce_class_weighted,2,11,511,17,3080,1,0,0.21625341475009918
3,arousal,"midpoint_as_high",ce_class_weighted,2,11,768,26,Dummy_1,0,1,0.5316929817199707
3,arousal,"midpoint_as_high",ce_class_weighted,2,11,769,26,3053,1,1,0.9820543527603149
3,arousal,"midpoint_as_high",ce_class_weighted,2,11,770,26,Tumor_1,1,0,0.42609530687332153
3,arousal,"midpoint_as_high",ce_class_weighted,2,11,771,26,Dog_18,0,0,0.4727242887020111
3,arousal,"midpoint_as_high",ce_class_weighted,2,11,772,26,Miserable_pose_3,0,1,0.9999973773956299
3,arousal,"midpoint_as_high",ce_class_weighted,2,11,773,26,"Pinecone_1",0,1,0.9998327493667603
3,arousal,"midpoint_as_high",ce_class_weighted,2,11,774,26,Garbage_dump_6,1,1,0.9871456623077393
3,arousal,"midpoint_as_high",ce_class_weighted,2,11,775,26,Depressed_pose_4,0,0,0.37281909584999084
3,arousal,"midpoint_as_high",ce_class_weighted,2,11,776,26,"Angry_face_1",0,1,0.9106430411338806
3,arousal,"midpoint_as_high",ce_class_weighted,2,11,777,26,Dog_26,1,1,0.999950647354126
3,arousal,"midpoint_as_high",ce_class_weighted,2,11,778,26,8370,1,1,0.9998985528945923
3,arousal,"midpoint_as_high",ce_class_weighted,2,11,779,26,Dog_6,0,1,0.9972854852676392
3,arousal,"midpoint_as_high",ce_class_weighted,2,11,780,26,9220,0,0,0.22330164909362793
3,arousal,"midpoint_as_high",ce_class_weighted,2,11,781,26,Lake_12,0,1,0.7195101976394653
3,arousal,"midpoint_as_high",ce_class_weighted,2,11,782,26,2314,0,1,0.9958232641220093
3,arousal,"midpoint_as_high",ce_class_weighted,2,11,783,26,1750,0,0,0.34003856778144836
3,arousal,"midpoint_as_high",ce_class_weighted,2,11,784,26,8492,1,1,0.9941032528877258
3,arousal,"midpoint_as_high",ce_class_weighted,2,11,785,26,1441,0,1,0.7363040447235107
3,arousal,"midpoint_as_high",ce_class_weighted,2,11,786,26,Flowers_6,1,1,0.99382084608078
3,arousal,"midpoint_as_high",ce_class_weighted,2,11,787,26,"Yarn_1",0,1,0.7119529843330383
3,arousal,"midpoint_as_high",ce_class_weighted,2,11,788,26,9331,0,0,0.43914759159088135
3,arousal,"midpoint_as_high",ce_class_weighted,2,11,789,26,Beach_1,0,1,0.986816942691803
3,arousal,"midpoint_as_high",ce_class_weighted,2,11,790,26,2491,0,1,0.8882298469543457
3,arousal,"midpoint_as_high",ce_class_weighted,2,11,791,26,9360,0,1,0.9987550973892212
3,arousal,"midpoint_as_high",ce_class_weighted,2,11,792,26,Lake_3,0,1,0.9998990297317505
3,arousal,"midpoint_as_high",ce_class_weighted,2,11,793,26,3170,1,1,0.9965419173240662
3,arousal,"midpoint_as_high",ce_class_weighted,2,11,794,26,8080,0,1,0.8685413002967834
3,arousal,"midpoint_as_high",ce_class_weighted,2,11,795,26,"Snow_1",0,1,0.9851478934288025
3,arousal,"midpoint_as_high",ce_class_weighted,2,11,796,26,4220,1,1,0.997209370136261
3,arousal,"midpoint_as_high",ce_class_weighted,2,11,797,26,5760,0,1,0.9761117696762085
3,arousal,"midpoint_as_high",ce_class_weighted,2,11,798,26,3063,0,1,0.9979397654533386
3,arousal,"midpoint_as_high",ce_class_weighted,2,11,799,26,3080,1,1,0.9999926090240479
3,arousal,"midpoint_as_high",ce_class_weighted,2,11,928,31,Dummy_1,1,1,0.7767313718795776
3,arousal,"midpoint_as_high",ce_class_weighted,2,11,929,31,3053,1,1,0.9622794985771179
3,arousal,"midpoint_as_high",ce_class_weighted,2,11,930,31,Tumor_1,1,0,0.06480161845684052
3,arousal,"midpoint_as_high",ce_class_weighted,2,11,931,31,Dog_18,0,0,0.0009405513410456479
3,arousal,"midpoint_as_high",ce_class_weighted,2,11,932,31,Miserable_pose_3,1,1,0.9923566579818726
3,arousal,"midpoint_as_high",ce_class_weighted,2,11,933,31,"Pinecone_1",0,1,0.8034167289733887
3,arousal,"midpoint_as_high",ce_class_weighted,2,11,934,31,Garbage_dump_6,1,0,0.005315103568136692
3,arousal,"midpoint_as_high",ce_class_weighted,2,11,935,31,Depressed_pose_4,1,0,0.018736636266112328
3,arousal,"midpoint_as_high",ce_class_weighted,2,11,936,31,"Angry_face_1",1,1,0.9115021228790283
3,arousal,"midpoint_as_high",ce_class_weighted,2,11,937,31,Dog_26,1,0,0.02408381551504135
3,arousal,"midpoint_as_high",ce_class_weighted,2,11,938,31,8370,1,1,0.9781020283699036
3,arousal,"midpoint_as_high",ce_class_weighted,2,11,939,31,Dog_6,0,0,0.07317730039358139
3,arousal,"midpoint_as_high",ce_class_weighted,2,11,940,31,9220,0,1,0.9999829530715942
3,arousal,"midpoint_as_high",ce_class_weighted,2,11,941,31,Lake_12,0,1,0.6002721190452576
3,arousal,"midpoint_as_high",ce_class_weighted,2,11,942,31,2314,0,1,0.9972068667411804
3,arousal,"midpoint_as_high",ce_class_weighted,2,11,943,31,1750,0,1,0.9997486472129822
3,arousal,"midpoint_as_high",ce_class_weighted,2,11,944,31,8492,1,1,0.7795966267585754
3,arousal,"midpoint_as_high",ce_class_weighted,2,11,945,31,1441,0,1,0.9343608021736145
3,arousal,"midpoint_as_high",ce_class_weighted,2,11,946,31,Flowers_6,0,1,0.9201266765594482
3,arousal,"midpoint_as_high",ce_class_weighted,2,11,947,31,"Yarn_1",0,0,0.4919431507587433
3,arousal,"midpoint_as_high",ce_class_weighted,2,11,948,31,9331,1,1,0.7414560914039612
3,arousal,"midpoint_as_high",ce_class_weighted,2,11,949,31,Beach_1,0,1,0.5635185241699219
3,arousal,"midpoint_as_high",ce_class_weighted,2,11,950,31,2491,1,1,0.996266782283783
3,arousal,"midpoint_as_high",ce_class_weighted,2,11,951,31,9360,1,1,0.9880492091178894
3,arousal,"midpoint_as_high",ce_class_weighted,2,11,952,31,Lake_3,0,1,0.977931559085846
3,arousal,"midpoint_as_high",ce_class_weighted,2,11,953,31,3170,1,1,0.9318123459815979
3,arousal,"midpoint_as_high",ce_class_weighted,2,11,954,31,8080,1,1,0.9990633130073547
3,arousal,"midpoint_as_high",ce_class_weighted,2,11,955,31,"Snow_1",1,1,0.9991403818130493
3,arousal,"midpoint_as_high",ce_class_weighted,2,11,956,31,4220,0,1,0.8207842707633972
3,arousal,"midpoint_as_high",ce_class_weighted,2,11,957,31,5760,0,1,0.9490272998809814
3,arousal,"midpoint_as_high",ce_class_weighted,2,11,958,31,3063,1,1,0.9998425245285034
3,arousal,"midpoint_as_high",ce_class_weighted,2,11,959,31,3080,1,1,0.9708009958267212
3,arousal,"midpoint_as_high",ce_class_weighted,2,11,1024,34,Dummy_1,1,0,0.24758534133434296
3,arousal,"midpoint_as_high",ce_class_weighted,2,11,1025,34,3053,1,1,0.9950630068778992
3,arousal,"midpoint_as_high",ce_class_weighted,2,11,1026,34,Tumor_1,1,1,0.9845948219299316
3,arousal,"midpoint_as_high",ce_class_weighted,2,11,1027,34,Dog_18,0,0,0.2591041028499603
3,arousal,"midpoint_as_high",ce_class_weighted,2,11,1028,34,Miserable_pose_3,1,1,0.5898755788803101
3,arousal,"midpoint_as_high",ce_class_weighted,2,11,1029,34,"Pinecone_1",0,1,0.9994444251060486
3,arousal,"midpoint_as_high",ce_class_weighted,2,11,1030,34,Garbage_dump_6,1,1,0.9989736080169678
3,arousal,"midpoint_as_high",ce_class_weighted,2,11,1031,34,Depressed_pose_4,0,1,0.7315260171890259
3,arousal,"midpoint_as_high",ce_class_weighted,2,11,1032,34,"Angry_face_1",0,1,0.9999790191650391
3,arousal,"midpoint_as_high",ce_class_weighted,2,11,1033,34,Dog_26,0,1,0.9909964799880981
3,arousal,"midpoint_as_high",ce_class_weighted,2,11,1034,34,8370,1,1,0.9871121048927307
3,arousal,"midpoint_as_high",ce_class_weighted,2,11,1035,34,Dog_6,0,1,0.5760292410850525
3,arousal,"midpoint_as_high",ce_class_weighted,2,11,1036,34,9220,1,1,0.9389498233795166
3,arousal,"midpoint_as_high",ce_class_weighted,2,11,1037,34,Lake_12,0,1,0.9972858428955078
3,arousal,"midpoint_as_high",ce_class_weighted,2,11,1038,34,2314,0,1,0.9989235997200012
3,arousal,"midpoint_as_high",ce_class_weighted,2,11,1039,34,1750,0,0,0.03442938253283501
3,arousal,"midpoint_as_high",ce_class_weighted,2,11,1040,34,8492,1,1,0.8632405400276184
3,arousal,"midpoint_as_high",ce_class_weighted,2,11,1041,34,1441,0,0,0.07097871601581573
3,arousal,"midpoint_as_high",ce_class_weighted,2,11,1042,34,Flowers_6,0,1,0.9987688660621643
3,arousal,"midpoint_as_high",ce_class_weighted,2,11,1043,34,"Yarn_1",0,1,0.9995212554931641
3,arousal,"midpoint_as_high",ce_class_weighted,2,11,1044,34,9331,0,1,0.9962060451507568
3,arousal,"midpoint_as_high",ce_class_weighted,2,11,1045,34,Beach_1,0,1,0.9918292164802551
3,arousal,"midpoint_as_high",ce_class_weighted,2,11,1046,34,2491,0,1,0.992616593837738
3,arousal,"midpoint_as_high",ce_class_weighted,2,11,1047,34,9360,0,0,0.4957858622074127
3,arousal,"midpoint_as_high",ce_class_weighted,2,11,1048,34,Lake_3,0,1,0.9999938011169434
3,arousal,"midpoint_as_high",ce_class_weighted,2,11,1049,34,3170,1,0,0.2880309820175171
3,arousal,"midpoint_as_high",ce_class_weighted,2,11,1050,34,8080,0,1,0.9999030828475952
3,arousal,"midpoint_as_high",ce_class_weighted,2,11,1051,34,"Snow_1",0,1,0.9976211190223694
3,arousal,"midpoint_as_high",ce_class_weighted,2,11,1052,34,4220,1,1,0.8927828073501587
3,arousal,"midpoint_as_high",ce_class_weighted,2,11,1053,34,5760,0,0,0.2561929225921631
3,arousal,"midpoint_as_high",ce_class_weighted,2,11,1054,34,3063,1,1,0.9972283244132996
3,arousal,"midpoint_as_high",ce_class_weighted,2,11,1055,34,3080,1,1,0.9344499111175537
3,arousal,"midpoint_as_high",ce_class_weighted,2,11,1344,44,Dummy_1,1,1,0.6655203104019165
3,arousal,"midpoint_as_high",ce_class_weighted,2,11,1345,44,3053,1,1,0.9952107071876526
3,arousal,"midpoint_as_high",ce_class_weighted,2,11,1346,44,Tumor_1,1,0,0.18934719264507294
3,arousal,"midpoint_as_high",ce_class_weighted,2,11,1347,44,Dog_18,0,1,0.989604115486145
3,arousal,"midpoint_as_high",ce_class_weighted,2,11,1348,44,Miserable_pose_3,0,1,0.7491369843482971
3,arousal,"midpoint_as_high",ce_class_weighted,2,11,1349,44,"Pinecone_1",1,0,0.059968020766973495
3,arousal,"midpoint_as_high",ce_class_weighted,2,11,1350,44,Garbage_dump_6,0,1,0.9146188497543335
3,arousal,"midpoint_as_high",ce_class_weighted,2,11,1351,44,Depressed_pose_4,0,1,0.9366956353187561
3,arousal,"midpoint_as_high",ce_class_weighted,2,11,1352,44,"Angry_face_1",0,0,0.05856897309422493
3,arousal,"midpoint_as_high",ce_class_weighted,2,11,1353,44,Dog_26,1,1,0.9753071665763855
3,arousal,"midpoint_as_high",ce_class_weighted,2,11,1354,44,8370,0,1,0.9954019784927368
3,arousal,"midpoint_as_high",ce_class_weighted,2,11,1355,44,Dog_6,1,0,0.016867797821760178
3,arousal,"midpoint_as_high",ce_class_weighted,2,11,1356,44,9220,0,1,0.91579270362854
3,arousal,"midpoint_as_high",ce_class_weighted,2,11,1357,44,Lake_12,1,0,0.08324867486953735
3,arousal,"midpoint_as_high",ce_class_weighted,2,11,1358,44,2314,0,1,0.6688330173492432
3,arousal,"midpoint_as_high",ce_class_weighted,2,11,1359,44,1750,0,1,0.837146520614624
3,arousal,"midpoint_as_high",ce_class_weighted,2,11,1360,44,8492,1,1,0.9050352573394775
3,arousal,"midpoint_as_high",ce_class_weighted,2,11,1361,44,1441,0,0,0.1257280558347702
3,arousal,"midpoint_as_high",ce_class_weighted,2,11,1362,44,Flowers_6,0,0,0.1114458292722702
3,arousal,"midpoint_as_high",ce_class_weighted,2,11,1363,44,"Yarn_1",0,1,0.7068579196929932
3,arousal,"midpoint_as_high",ce_class_weighted,2,11,1364,44,9331,0,0,0.049707233905792236
3,arousal,"midpoint_as_high",ce_class_weighted,2,11,1365,44,Beach_1,0,0,0.15766002237796783
3,arousal,"midpoint_as_high",ce_class_weighted,2,11,1366,44,2491,0,0,0.0019961523357778788
3,arousal,"midpoint_as_high",ce_class_weighted,2,11,1367,44,9360,0,1,0.9901048541069031
3,arousal,"midpoint_as_high",ce_class_weighted,2,11,1368,44,Lake_3,0,1,0.9272109270095825
3,arousal,"midpoint_as_high",ce_class_weighted,2,11,1369,44,3170,1,1,0.9987046718597412
3,arousal,"midpoint_as_high",ce_class_weighted,2,11,1370,44,8080,0,1,0.6174549460411072
3,arousal,"midpoint_as_high",ce_class_weighted,2,11,1371,44,"Snow_1",1,0,0.266215980052948
3,arousal,"midpoint_as_high",ce_class_weighted,2,11,1372,44,4220,0,1,0.9997360110282898
3,arousal,"midpoint_as_high",ce_class_weighted,2,11,1373,44,5760,0,0,0.22448739409446716
3,arousal,"midpoint_as_high",ce_class_weighted,2,11,1374,44,3063,1,1,0.9862057566642761
3,arousal,"midpoint_as_high",ce_class_weighted,2,11,1375,44,3080,1,0,0.22586098313331604
3,arousal,"midpoint_as_high",ce_class_weighted,2,11,1408,46,Dummy_1,0,1,0.9880402684211731
3,arousal,"midpoint_as_high",ce_class_weighted,2,11,1409,46,3053,0,1,0.9520483016967773
3,arousal,"midpoint_as_high",ce_class_weighted,2,11,1410,46,Tumor_1,1,1,0.5743233561515808
3,arousal,"midpoint_as_high",ce_class_weighted,2,11,1411,46,Dog_18,0,1,0.9982191920280457
3,arousal,"midpoint_as_high",ce_class_weighted,2,11,1412,46,Miserable_pose_3,1,1,0.994899570941925
3,arousal,"midpoint_as_high",ce_class_weighted,2,11,1413,46,"Pinecone_1",0,0,0.36130475997924805
3,arousal,"midpoint_as_high",ce_class_weighted,2,11,1414,46,Garbage_dump_6,1,0,0.013454376719892025
3,arousal,"midpoint_as_high",ce_class_weighted,2,11,1415,46,Depressed_pose_4,1,1,0.6283891201019287
3,arousal,"midpoint_as_high",ce_class_weighted,2,11,1416,46,"Angry_face_1",1,0,0.003867338178679347
3,arousal,"midpoint_as_high",ce_class_weighted,2,11,1417,46,Dog_26,1,1,0.9967778325080872
3,arousal,"midpoint_as_high",ce_class_weighted,2,11,1418,46,8370,0,0,0.0229648370295763
3,arousal,"midpoint_as_high",ce_class_weighted,2,11,1419,46,Dog_6,0,1,0.9649399518966675
3,arousal,"midpoint_as_high",ce_class_weighted,2,11,1420,46,9220,1,1,0.9578342437744141
3,arousal,"midpoint_as_high",ce_class_weighted,2,11,1421,46,Lake_12,0,1,0.9959653615951538
3,arousal,"midpoint_as_high",ce_class_weighted,2,11,1422,46,2314,0,1,0.5856837034225464
3,arousal,"midpoint_as_high",ce_class_weighted,2,11,1423,46,1750,1,1,0.915245532989502
3,arousal,"midpoint_as_high",ce_class_weighted,2,11,1424,46,8492,1,1,0.9709380865097046
3,arousal,"midpoint_as_high",ce_class_weighted,2,11,1425,46,1441,0,0,0.3378506302833557
3,arousal,"midpoint_as_high",ce_class_weighted,2,11,1426,46,Flowers_6,0,1,0.7669594883918762
3,arousal,"midpoint_as_high",ce_class_weighted,2,11,1427,46,"Yarn_1",0,0,0.004743517842143774
3,arousal,"midpoint_as_high",ce_class_weighted,2,11,1428,46,9331,0,1,0.997090220451355
3,arousal,"midpoint_as_high",ce_class_weighted,2,11,1429,46,Beach_1,1,1,0.9511119723320007
3,arousal,"midpoint_as_high",ce_class_weighted,2,11,1430,46,2491,0,0,0.2879701256752014
3,arousal,"midpoint_as_high",ce_class_weighted,2,11,1431,46,9360,0,1,0.98907870054245
3,arousal,"midpoint_as_high",ce_class_weighted,2,11,1432,46,Lake_3,0,1,0.9976528286933899
3,arousal,"midpoint_as_high",ce_class_weighted,2,11,1433,46,3170,0,1,0.9931901097297668
3,arousal,"midpoint_as_high",ce_class_weighted,2,11,1434,46,8080,1,1,0.8984145522117615
3,arousal,"midpoint_as_high",ce_class_weighted,2,11,1435,46,"Snow_1",0,1,0.7367434501647949
3,arousal,"midpoint_as_high",ce_class_weighted,2,11,1436,46,4220,1,1,0.999367892742157
3,arousal,"midpoint_as_high",ce_class_weighted,2,11,1437,46,5760,0,1,0.9986591339111328
3,arousal,"midpoint_as_high",ce_class_weighted,2,11,1438,46,3063,1,0,0.002155615948140621
3,arousal,"midpoint_as_high",ce_class_weighted,2,11,1439,46,3080,1,1,0.9977057576179504
3,arousal,"midpoint_as_high",ce_class_weighted,2,11,1504,49,Dummy_1,0,1,0.9363403916358948
3,arousal,"midpoint_as_high",ce_class_weighted,2,11,1505,49,3053,1,0,0.23600925505161285
3,arousal,"midpoint_as_high",ce_class_weighted,2,11,1506,49,Tumor_1,0,0,0.13180632889270782
3,arousal,"midpoint_as_high",ce_class_weighted,2,11,1507,49,Dog_18,0,1,0.9998598098754883
3,arousal,"midpoint_as_high",ce_class_weighted,2,11,1508,49,Miserable_pose_3,1,1,0.9988963603973389
3,arousal,"midpoint_as_high",ce_class_weighted,2,11,1509,49,"Pinecone_1",1,1,0.958799421787262
3,arousal,"midpoint_as_high",ce_class_weighted,2,11,1510,49,Garbage_dump_6,0,1,0.9834808707237244
3,arousal,"midpoint_as_high",ce_class_weighted,2,11,1511,49,Depressed_pose_4,0,1,0.9987518787384033
3,arousal,"midpoint_as_high",ce_class_weighted,2,11,1512,49,"Angry_face_1",0,1,0.9832955002784729
3,arousal,"midpoint_as_high",ce_class_weighted,2,11,1513,49,Dog_26,0,1,0.9983072280883789
3,arousal,"midpoint_as_high",ce_class_weighted,2,11,1514,49,8370,0,1,0.9999654293060303
3,arousal,"midpoint_as_high",ce_class_weighted,2,11,1515,49,Dog_6,0,1,0.851446270942688
3,arousal,"midpoint_as_high",ce_class_weighted,2,11,1516,49,9220,0,1,0.9059703946113586
3,arousal,"midpoint_as_high",ce_class_weighted,2,11,1517,49,Lake_12,0,1,0.9527664184570312
3,arousal,"midpoint_as_high",ce_class_weighted,2,11,1518,49,2314,0,1,0.8843190670013428
3,arousal,"midpoint_as_high",ce_class_weighted,2,11,1519,49,1750,0,1,0.998235821723938
3,arousal,"midpoint_as_high",ce_class_weighted,2,11,1520,49,8492,0,1,0.9963088631629944
3,arousal,"midpoint_as_high",ce_class_weighted,2,11,1521,49,1441,0,1,0.9690303802490234
3,arousal,"midpoint_as_high",ce_class_weighted,2,11,1522,49,Flowers_6,0,1,0.994903564453125
3,arousal,"midpoint_as_high",ce_class_weighted,2,11,1523,49,"Yarn_1",0,1,0.5375650525093079
3,arousal,"midpoint_as_high",ce_class_weighted,2,11,1524,49,9331,0,1,0.9950264096260071
3,arousal,"midpoint_as_high",ce_class_weighted,2,11,1525,49,Beach_1,0,1,0.6712431907653809
3,arousal,"midpoint_as_high",ce_class_weighted,2,11,1526,49,2491,0,1,0.9534385800361633
3,arousal,"midpoint_as_high",ce_class_weighted,2,11,1527,49,9360,1,1,0.866157054901123
3,arousal,"midpoint_as_high",ce_class_weighted,2,11,1528,49,Lake_3,0,1,0.999011754989624
3,arousal,"midpoint_as_high",ce_class_weighted,2,11,1529,49,3170,0,0,0.05991749465465546
3,arousal,"midpoint_as_high",ce_class_weighted,2,11,1530,49,8080,0,1,0.9999817609786987
3,arousal,"midpoint_as_high",ce_class_weighted,2,11,1531,49,"Snow_1",0,1,0.9955990314483643
3,arousal,"midpoint_as_high",ce_class_weighted,2,11,1532,49,4220,0,1,0.7011263966560364
3,arousal,"midpoint_as_high",ce_class_weighted,2,11,1533,49,5760,0,1,0.7532329559326172
3,arousal,"midpoint_as_high",ce_class_weighted,2,11,1534,49,3063,1,1,0.7698901295661926
3,arousal,"midpoint_as_high",ce_class_weighted,2,11,1535,49,3080,0,1,0.9608054757118225
3,arousal,"midpoint_as_high",ce_class_weighted,2,11,1920,63,Dummy_1,0,1,0.999422550201416
3,arousal,"midpoint_as_high",ce_class_weighted,2,11,1921,63,3053,1,0,0.021244505420327187
3,arousal,"midpoint_as_high",ce_class_weighted,2,11,1922,63,Tumor_1,1,0,0.330748587846756
3,arousal,"midpoint_as_high",ce_class_weighted,2,11,1923,63,Dog_18,0,1,0.8968637585639954
3,arousal,"midpoint_as_high",ce_class_weighted,2,11,1924,63,Miserable_pose_3,1,1,0.9997946619987488
3,arousal,"midpoint_as_high",ce_class_weighted,2,11,1925,63,"Pinecone_1",0,1,0.9991458654403687
3,arousal,"midpoint_as_high",ce_class_weighted,2,11,1926,63,Garbage_dump_6,1,1,0.7555772662162781
3,arousal,"midpoint_as_high",ce_class_weighted,2,11,1927,63,Depressed_pose_4,0,1,0.8089512586593628
3,arousal,"midpoint_as_high",ce_class_weighted,2,11,1928,63,"Angry_face_1",0,1,0.6332584619522095
3,arousal,"midpoint_as_high",ce_class_weighted,2,11,1929,63,Dog_26,1,1,0.7005062103271484
3,arousal,"midpoint_as_high",ce_class_weighted,2,11,1930,63,8370,1,1,0.9900610446929932
3,arousal,"midpoint_as_high",ce_class_weighted,2,11,1931,63,Dog_6,1,0,0.39019379019737244
3,arousal,"midpoint_as_high",ce_class_weighted,2,11,1932,63,9220,1,1,0.5893794894218445
3,arousal,"midpoint_as_high",ce_class_weighted,2,11,1933,63,Lake_12,0,1,0.5336682796478271
3,arousal,"midpoint_as_high",ce_class_weighted,2,11,1934,63,2314,0,1,0.9963297247886658
3,arousal,"midpoint_as_high",ce_class_weighted,2,11,1935,63,1750,0,0,0.160739928483963
3,arousal,"midpoint_as_high",ce_class_weighted,2,11,1936,63,8492,1,1,0.9980937838554382
3,arousal,"midpoint_as_high",ce_class_weighted,2,11,1937,63,1441,0,1,0.9992203712463379
3,arousal,"midpoint_as_high",ce_class_weighted,2,11,1938,63,Flowers_6,0,1,0.8866324424743652
3,arousal,"midpoint_as_high",ce_class_weighted,2,11,1939,63,"Yarn_1",0,1,0.8354949951171875
3,arousal,"midpoint_as_high",ce_class_weighted,2,11,1940,63,9331,0,0,0.04001729562878609
3,arousal,"midpoint_as_high",ce_class_weighted,2,11,1941,63,Beach_1,0,0,0.009146887809038162
3,arousal,"midpoint_as_high",ce_class_weighted,2,11,1942,63,2491,0,1,0.8497323393821716
3,arousal,"midpoint_as_high",ce_class_weighted,2,11,1943,63,9360,0,1,0.9996535778045654
3,arousal,"midpoint_as_high",ce_class_weighted,2,11,1944,63,Lake_3,0,1,0.9981756210327148
3,arousal,"midpoint_as_high",ce_class_weighted,2,11,1945,63,3170,1,1,0.9740971326828003
3,arousal,"midpoint_as_high",ce_class_weighted,2,11,1946,63,8080,0,1,0.9747036099433899
3,arousal,"midpoint_as_high",ce_class_weighted,2,11,1947,63,"Snow_1",0,1,0.8411520719528198
3,arousal,"midpoint_as_high",ce_class_weighted,2,11,1948,63,4220,0,1,0.9845116138458252
3,arousal,"midpoint_as_high",ce_class_weighted,2,11,1949,63,5760,0,1,0.6280492544174194
3,arousal,"midpoint_as_high",ce_class_weighted,2,11,1950,63,3063,1,1,0.9948286414146423
3,arousal,"midpoint_as_high",ce_class_weighted,2,11,1951,63,3080,1,1,0.9913197159767151
4,arousal,"midpoint_as_high","balanced_sampler_ce",2,11,32,2,Dummy_1,1,1,0.8627314567565918
4,arousal,"midpoint_as_high","balanced_sampler_ce",2,11,33,2,3053,1,0,0.40206754207611084
4,arousal,"midpoint_as_high","balanced_sampler_ce",2,11,34,2,Tumor_1,1,1,0.8432546854019165
4,arousal,"midpoint_as_high","balanced_sampler_ce",2,11,35,2,Dog_18,1,1,0.9999665021896362
4,arousal,"midpoint_as_high","balanced_sampler_ce",2,11,36,2,Miserable_pose_3,1,1,0.955093264579773
4,arousal,"midpoint_as_high","balanced_sampler_ce",2,11,37,2,"Pinecone_1",0,1,0.8175411224365234
4,arousal,"midpoint_as_high","balanced_sampler_ce",2,11,38,2,Garbage_dump_6,1,1,0.9991657733917236
4,arousal,"midpoint_as_high","balanced_sampler_ce",2,11,39,2,Depressed_pose_4,1,1,0.9943935871124268
4,arousal,"midpoint_as_high","balanced_sampler_ce",2,11,40,2,"Angry_face_1",1,1,1.0
4,arousal,"midpoint_as_high","balanced_sampler_ce",2,11,41,2,Dog_26,1,1,0.9999598264694214
4,arousal,"midpoint_as_high","balanced_sampler_ce",2,11,42,2,8370,1,1,0.9706694483757019
4,arousal,"midpoint_as_high","balanced_sampler_ce",2,11,43,2,Dog_6,1,1,0.9999920129776001
4,arousal,"midpoint_as_high","balanced_sampler_ce",2,11,44,2,9220,1,0,0.1874474287033081
4,arousal,"midpoint_as_high","balanced_sampler_ce",2,11,45,2,Lake_12,0,1,0.9149336218833923
4,arousal,"midpoint_as_high","balanced_sampler_ce",2,11,46,2,2314,1,1,0.9527328610420227
4,arousal,"midpoint_as_high","balanced_sampler_ce",2,11,47,2,1750,1,1,0.9982506632804871
4,arousal,"midpoint_as_high","balanced_sampler_ce",2,11,48,2,8492,1,1,0.9980388283729553
4,arousal,"midpoint_as_high","balanced_sampler_ce",2,11,49,2,1441,1,1,0.9108343720436096
4,arousal,"midpoint_as_high","balanced_sampler_ce",2,11,50,2,Flowers_6,0,1,0.9013417363166809
4,arousal,"midpoint_as_high","balanced_sampler_ce",2,11,51,2,"Yarn_1",0,1,0.999373733997345
4,arousal,"midpoint_as_high","balanced_sampler_ce",2,11,52,2,9331,1,1,0.9977602958679199
4,arousal,"midpoint_as_high","balanced_sampler_ce",2,11,53,2,Beach_1,0,1,0.9973664879798889
4,arousal,"midpoint_as_high","balanced_sampler_ce",2,11,54,2,2491,1,1,0.999249279499054
4,arousal,"midpoint_as_high","balanced_sampler_ce",2,11,55,2,9360,0,1,0.9999804496765137
4,arousal,"midpoint_as_high","balanced_sampler_ce",2,11,56,2,Lake_3,0,1,0.9969281554222107
4,arousal,"midpoint_as_high","balanced_sampler_ce",2,11,57,2,3170,1,1,0.9650173187255859
4,arousal,"midpoint_as_high","balanced_sampler_ce",2,11,58,2,8080,1,1,0.9986085295677185
4,arousal,"midpoint_as_high","balanced_sampler_ce",2,11,59,2,"Snow_1",1,1,0.9591208100318909
4,arousal,"midpoint_as_high","balanced_sampler_ce",2,11,60,2,4220,1,1,0.9938597679138184
4,arousal,"midpoint_as_high","balanced_sampler_ce",2,11,61,2,5760,1,1,0.9931921362876892
4,arousal,"midpoint_as_high","balanced_sampler_ce",2,11,62,2,3063,1,1,0.9894417524337769
4,arousal,"midpoint_as_high","balanced_sampler_ce",2,11,63,2,3080,1,1,0.9347785115242004
4,arousal,"midpoint_as_high","balanced_sampler_ce",2,11,96,5,Dummy_1,1,1,0.9990390539169312
4,arousal,"midpoint_as_high","balanced_sampler_ce",2,11,97,5,3053,1,1,0.9894270896911621
4,arousal,"midpoint_as_high","balanced_sampler_ce",2,11,98,5,Tumor_1,1,1,0.998870313167572
4,arousal,"midpoint_as_high","balanced_sampler_ce",2,11,99,5,Dog_18,0,1,0.999956488609314
4,arousal,"midpoint_as_high","balanced_sampler_ce",2,11,100,5,Miserable_pose_3,1,1,0.7085029482841492
4,arousal,"midpoint_as_high","balanced_sampler_ce",2,11,101,5,"Pinecone_1",1,1,0.9905019998550415
4,arousal,"midpoint_as_high","balanced_sampler_ce",2,11,102,5,Garbage_dump_6,1,1,0.9866740703582764
4,arousal,"midpoint_as_high","balanced_sampler_ce",2,11,103,5,Depressed_pose_4,1,1,0.9862453937530518
4,arousal,"midpoint_as_high","balanced_sampler_ce",2,11,104,5,"Angry_face_1",1,1,0.9375724792480469
4,arousal,"midpoint_as_high","balanced_sampler_ce",2,11,105,5,Dog_26,1,1,0.8439717292785645
4,arousal,"midpoint_as_high","balanced_sampler_ce",2,11,106,5,8370,1,0,0.27756720781326294
4,arousal,"midpoint_as_high","balanced_sampler_ce",2,11,107,5,Dog_6,0,1,0.9729326963424683
4,arousal,"midpoint_as_high","balanced_sampler_ce",2,11,108,5,9220,0,1,0.6021018624305725
4,arousal,"midpoint_as_high","balanced_sampler_ce",2,11,109,5,Lake_12,0,1,0.9845801591873169
4,arousal,"midpoint_as_high","balanced_sampler_ce",2,11,110,5,2314,0,1,0.9035571217536926
4,arousal,"midpoint_as_high","balanced_sampler_ce",2,11,111,5,1750,0,1,0.9842265248298645
4,arousal,"midpoint_as_high","balanced_sampler_ce",2,11,112,5,8492,1,1,0.9969316720962524
4,arousal,"midpoint_as_high","balanced_sampler_ce",2,11,113,5,1441,1,1,0.9229649901390076
4,arousal,"midpoint_as_high","balanced_sampler_ce",2,11,114,5,Flowers_6,0,1,0.9999997615814209
4,arousal,"midpoint_as_high","balanced_sampler_ce",2,11,115,5,"Yarn_1",1,1,0.9972037076950073
4,arousal,"midpoint_as_high","balanced_sampler_ce",2,11,116,5,9331,1,1,0.9866451621055603
4,arousal,"midpoint_as_high","balanced_sampler_ce",2,11,117,5,Beach_1,0,1,0.9982547163963318
4,arousal,"midpoint_as_high","balanced_sampler_ce",2,11,118,5,2491,0,1,0.9999490976333618
4,arousal,"midpoint_as_high","balanced_sampler_ce",2,11,119,5,9360,1,1,0.9976626634597778
4,arousal,"midpoint_as_high","balanced_sampler_ce",2,11,120,5,Lake_3,0,1,0.9999240636825562
4,arousal,"midpoint_as_high","balanced_sampler_ce",2,11,121,5,3170,1,1,0.9998018145561218
4,arousal,"midpoint_as_high","balanced_sampler_ce",2,11,122,5,8080,0,1,0.9783745408058167
4,arousal,"midpoint_as_high","balanced_sampler_ce",2,11,123,5,"Snow_1",1,0,0.004606650210916996
4,arousal,"midpoint_as_high","balanced_sampler_ce",2,11,124,5,4220,1,1,0.9818697571754456
4,arousal,"midpoint_as_high","balanced_sampler_ce",2,11,125,5,5760,0,1,0.6628438234329224
4,arousal,"midpoint_as_high","balanced_sampler_ce",2,11,126,5,3063,1,1,0.9969649910926819
4,arousal,"midpoint_as_high","balanced_sampler_ce",2,11,127,5,3080,1,0,0.04534460976719856
4,arousal,"midpoint_as_high","balanced_sampler_ce",2,11,288,11,Dummy_1,1,1,0.9323673844337463
4,arousal,"midpoint_as_high","balanced_sampler_ce",2,11,289,11,3053,1,1,0.9998717308044434
4,arousal,"midpoint_as_high","balanced_sampler_ce",2,11,290,11,Tumor_1,1,1,0.9954415559768677
4,arousal,"midpoint_as_high","balanced_sampler_ce",2,11,291,11,Dog_18,1,1,0.9799938201904297
4,arousal,"midpoint_as_high","balanced_sampler_ce",2,11,292,11,Miserable_pose_3,1,1,0.9957382678985596
4,arousal,"midpoint_as_high","balanced_sampler_ce",2,11,293,11,"Pinecone_1",0,1,0.9991528987884521
4,arousal,"midpoint_as_high","balanced_sampler_ce",2,11,294,11,Garbage_dump_6,1,1,0.9997933506965637
4,arousal,"midpoint_as_high","balanced_sampler_ce",2,11,295,11,Depressed_pose_4,1,1,0.8256063461303711
4,arousal,"midpoint_as_high","balanced_sampler_ce",2,11,296,11,"Angry_face_1",0,1,0.9858629107475281
4,arousal,"midpoint_as_high","balanced_sampler_ce",2,11,297,11,Dog_26,1,1,0.9939832091331482
4,arousal,"midpoint_as_high","balanced_sampler_ce",2,11,298,11,8370,1,0,0.0040517160668969154
4,arousal,"midpoint_as_high","balanced_sampler_ce",2,11,299,11,Dog_6,1,1,0.9977808594703674
4,arousal,"midpoint_as_high","balanced_sampler_ce",2,11,300,11,9220,1,1,0.997391939163208
4,arousal,"midpoint_as_high","balanced_sampler_ce",2,11,301,11,Lake_12,0,1,0.9897438883781433
4,arousal,"midpoint_as_high","balanced_sampler_ce",2,11,302,11,2314,1,1,0.9976703524589539
4,arousal,"midpoint_as_high","balanced_sampler_ce",2,11,303,11,1750,1,1,0.9889681935310364
4,arousal,"midpoint_as_high","balanced_sampler_ce",2,11,304,11,8492,1,1,0.9991853833198547
4,arousal,"midpoint_as_high","balanced_sampler_ce",2,11,305,11,1441,0,1,0.9962427616119385
4,arousal,"midpoint_as_high","balanced_sampler_ce",2,11,306,11,Flowers_6,0,1,0.9999221563339233
4,arousal,"midpoint_as_high","balanced_sampler_ce",2,11,307,11,"Yarn_1",1,1,0.9958755373954773
4,arousal,"midpoint_as_high","balanced_sampler_ce",2,11,308,11,9331,1,1,0.9999445676803589
4,arousal,"midpoint_as_high","balanced_sampler_ce",2,11,309,11,Beach_1,0,1,0.9999865293502808
4,arousal,"midpoint_as_high","balanced_sampler_ce",2,11,310,11,2491,0,1,0.9977607727050781
4,arousal,"midpoint_as_high","balanced_sampler_ce",2,11,311,11,9360,1,1,0.9139489531517029
4,arousal,"midpoint_as_high","balanced_sampler_ce",2,11,312,11,Lake_3,0,1,0.9995192289352417
4,arousal,"midpoint_as_high","balanced_sampler_ce",2,11,313,11,3170,1,1,0.9991129040718079
4,arousal,"midpoint_as_high","balanced_sampler_ce",2,11,314,11,8080,1,1,0.9953566193580627
4,arousal,"midpoint_as_high","balanced_sampler_ce",2,11,315,11,"Snow_1",0,1,0.9759269952774048
4,arousal,"midpoint_as_high","balanced_sampler_ce",2,11,316,11,4220,0,1,0.9999085664749146
4,arousal,"midpoint_as_high","balanced_sampler_ce",2,11,317,11,5760,0,1,0.999241828918457
4,arousal,"midpoint_as_high","balanced_sampler_ce",2,11,318,11,3063,1,1,0.9914678335189819
4,arousal,"midpoint_as_high","balanced_sampler_ce",2,11,319,11,3080,1,1,0.9999805688858032
4,arousal,"midpoint_as_high","balanced_sampler_ce",2,11,480,17,Dummy_1,0,1,0.9999921321868896
4,arousal,"midpoint_as_high","balanced_sampler_ce",2,11,481,17,3053,1,1,0.9984630346298218
4,arousal,"midpoint_as_high","balanced_sampler_ce",2,11,482,17,Tumor_1,1,1,0.9987730383872986
4,arousal,"midpoint_as_high","balanced_sampler_ce",2,11,483,17,Dog_18,0,1,0.9993928670883179
4,arousal,"midpoint_as_high","balanced_sampler_ce",2,11,484,17,Miserable_pose_3,1,1,0.7558407783508301
4,arousal,"midpoint_as_high","balanced_sampler_ce",2,11,485,17,"Pinecone_1",0,1,0.9999302625656128
4,arousal,"midpoint_as_high","balanced_sampler_ce",2,11,486,17,Garbage_dump_6,0,1,0.9881570935249329
4,arousal,"midpoint_as_high","balanced_sampler_ce",2,11,487,17,Depressed_pose_4,0,1,0.801819384098053
4,arousal,"midpoint_as_high","balanced_sampler_ce",2,11,488,17,"Angry_face_1",0,1,0.9819145798683167
4,arousal,"midpoint_as_high","balanced_sampler_ce",2,11,489,17,Dog_26,1,1,0.9815787076950073
4,arousal,"midpoint_as_high","balanced_sampler_ce",2,11,490,17,8370,0,1,0.8503621220588684
4,arousal,"midpoint_as_high","balanced_sampler_ce",2,11,491,17,Dog_6,0,0,0.42728251218795776
4,arousal,"midpoint_as_high","balanced_sampler_ce",2,11,492,17,9220,0,1,0.7960495948791504
4,arousal,"midpoint_as_high","balanced_sampler_ce",2,11,493,17,Lake_12,0,1,0.9999784231185913
4,arousal,"midpoint_as_high","balanced_sampler_ce",2,11,494,17,2314,0,0,0.11330065876245499
4,arousal,"midpoint_as_high","balanced_sampler_ce",2,11,495,17,1750,0,1,0.9918057918548584
4,arousal,"midpoint_as_high","balanced_sampler_ce",2,11,496,17,8492,0,1,0.9670774936676025
4,arousal,"midpoint_as_high","balanced_sampler_ce",2,11,497,17,1441,0,1,0.9997096657752991
4,arousal,"midpoint_as_high","balanced_sampler_ce",2,11,498,17,Flowers_6,0,1,0.5365988612174988
4,arousal,"midpoint_as_high","balanced_sampler_ce",2,11,499,17,"Yarn_1",0,0,0.17222842574119568
4,arousal,"midpoint_as_high","balanced_sampler_ce",2,11,500,17,9331,0,0,0.0023741875775158405
4,arousal,"midpoint_as_high","balanced_sampler_ce",2,11,501,17,Beach_1,0,1,0.9723147749900818
4,arousal,"midpoint_as_high","balanced_sampler_ce",2,11,502,17,2491,0,1,0.9966014623641968
4,arousal,"midpoint_as_high","balanced_sampler_ce",2,11,503,17,9360,1,1,0.9999939203262329
4,arousal,"midpoint_as_high","balanced_sampler_ce",2,11,504,17,Lake_3,0,1,0.9997406601905823
4,arousal,"midpoint_as_high","balanced_sampler_ce",2,11,505,17,3170,1,1,0.9949721097946167
4,arousal,"midpoint_as_high","balanced_sampler_ce",2,11,506,17,8080,0,1,0.999602735042572
4,arousal,"midpoint_as_high","balanced_sampler_ce",2,11,507,17,"Snow_1",0,1,0.8795921802520752
4,arousal,"midpoint_as_high","balanced_sampler_ce",2,11,508,17,4220,0,1,0.7672683000564575
4,arousal,"midpoint_as_high","balanced_sampler_ce",2,11,509,17,5760,0,0,0.1316266804933548
4,arousal,"midpoint_as_high","balanced_sampler_ce",2,11,510,17,3063,1,0,0.07754497230052948
4,arousal,"midpoint_as_high","balanced_sampler_ce",2,11,511,17,3080,1,1,0.9919614195823669
4,arousal,"midpoint_as_high","balanced_sampler_ce",2,11,768,26,Dummy_1,0,1,0.9722723364830017
4,arousal,"midpoint_as_high","balanced_sampler_ce",2,11,769,26,3053,1,1,0.9998941421508789
4,arousal,"midpoint_as_high","balanced_sampler_ce",2,11,770,26,Tumor_1,1,1,0.9252221584320068
4,arousal,"midpoint_as_high","balanced_sampler_ce",2,11,771,26,Dog_18,0,1,0.9917599558830261
4,arousal,"midpoint_as_high","balanced_sampler_ce",2,11,772,26,Miserable_pose_3,0,1,0.9999300241470337
4,arousal,"midpoint_as_high","balanced_sampler_ce",2,11,773,26,"Pinecone_1",0,1,0.95872962474823
4,arousal,"midpoint_as_high","balanced_sampler_ce",2,11,774,26,Garbage_dump_6,1,1,0.9647170305252075
4,arousal,"midpoint_as_high","balanced_sampler_ce",2,11,775,26,Depressed_pose_4,0,1,0.6980715990066528
4,arousal,"midpoint_as_high","balanced_sampler_ce",2,11,776,26,"Angry_face_1",0,1,0.9911845326423645
4,arousal,"midpoint_as_high","balanced_sampler_ce",2,11,777,26,Dog_26,1,1,0.8844648003578186
4,arousal,"midpoint_as_high","balanced_sampler_ce",2,11,778,26,8370,1,1,0.9985645413398743
4,arousal,"midpoint_as_high","balanced_sampler_ce",2,11,779,26,Dog_6,0,1,0.9999918937683105
4,arousal,"midpoint_as_high","balanced_sampler_ce",2,11,780,26,9220,0,1,0.9970623850822449
4,arousal,"midpoint_as_high","balanced_sampler_ce",2,11,781,26,Lake_12,0,1,0.8329123854637146
4,arousal,"midpoint_as_high","balanced_sampler_ce",2,11,782,26,2314,0,1,0.5875948071479797
4,arousal,"midpoint_as_high","balanced_sampler_ce",2,11,783,26,1750,0,1,0.8499367237091064
4,arousal,"midpoint_as_high","balanced_sampler_ce",2,11,784,26,8492,1,1,0.9978806972503662
4,arousal,"midpoint_as_high","balanced_sampler_ce",2,11,785,26,1441,0,1,0.9947540760040283
4,arousal,"midpoint_as_high","balanced_sampler_ce",2,11,786,26,Flowers_6,1,1,0.9998034834861755
4,arousal,"midpoint_as_high","balanced_sampler_ce",2,11,787,26,"Yarn_1",0,1,0.9873161315917969
4,arousal,"midpoint_as_high","balanced_sampler_ce",2,11,788,26,9331,0,1,0.842349648475647
4,arousal,"midpoint_as_high","balanced_sampler_ce",2,11,789,26,Beach_1,0,1,0.8290342688560486
4,arousal,"midpoint_as_high","balanced_sampler_ce",2,11,790,26,2491,0,1,0.9957370758056641
4,arousal,"midpoint_as_high","balanced_sampler_ce",2,11,791,26,9360,0,1,0.9998793601989746
4,arousal,"midpoint_as_high","balanced_sampler_ce",2,11,792,26,Lake_3,0,1,0.9983250498771667
4,arousal,"midpoint_as_high","balanced_sampler_ce",2,11,793,26,3170,1,1,0.5369337201118469
4,arousal,"midpoint_as_high","balanced_sampler_ce",2,11,794,26,8080,0,1,0.8519813418388367
4,arousal,"midpoint_as_high","balanced_sampler_ce",2,11,795,26,"Snow_1",0,1,0.8839400410652161
4,arousal,"midpoint_as_high","balanced_sampler_ce",2,11,796,26,4220,1,1,0.971258819103241
4,arousal,"midpoint_as_high","balanced_sampler_ce",2,11,797,26,5760,0,1,0.9960190653800964
4,arousal,"midpoint_as_high","balanced_sampler_ce",2,11,798,26,3063,0,1,0.8553945422172546
4,arousal,"midpoint_as_high","balanced_sampler_ce",2,11,799,26,3080,1,1,0.9999992847442627
4,arousal,"midpoint_as_high","balanced_sampler_ce",2,11,928,31,Dummy_1,1,0,0.1822972148656845
4,arousal,"midpoint_as_high","balanced_sampler_ce",2,11,929,31,3053,1,1,0.9942384958267212
4,arousal,"midpoint_as_high","balanced_sampler_ce",2,11,930,31,Tumor_1,1,0,0.36981916427612305
4,arousal,"midpoint_as_high","balanced_sampler_ce",2,11,931,31,Dog_18,0,1,0.8995628356933594
4,arousal,"midpoint_as_high","balanced_sampler_ce",2,11,932,31,Miserable_pose_3,1,1,0.9996631145477295
4,arousal,"midpoint_as_high","balanced_sampler_ce",2,11,933,31,"Pinecone_1",0,1,0.9937114715576172
4,arousal,"midpoint_as_high","balanced_sampler_ce",2,11,934,31,Garbage_dump_6,1,0,0.10266599804162979
4,arousal,"midpoint_as_high","balanced_sampler_ce",2,11,935,31,Depressed_pose_4,1,0,0.1465102881193161
4,arousal,"midpoint_as_high","balanced_sampler_ce",2,11,936,31,"Angry_face_1",1,1,0.9316174983978271
4,arousal,"midpoint_as_high","balanced_sampler_ce",2,11,937,31,Dog_26,1,1,0.6747131943702698
4,arousal,"midpoint_as_high","balanced_sampler_ce",2,11,938,31,8370,1,1,0.6636465191841125
4,arousal,"midpoint_as_high","balanced_sampler_ce",2,11,939,31,Dog_6,0,1,0.9966524243354797
4,arousal,"midpoint_as_high","balanced_sampler_ce",2,11,940,31,9220,0,1,0.9987238049507141
4,arousal,"midpoint_as_high","balanced_sampler_ce",2,11,941,31,Lake_12,0,1,0.59178626537323
4,arousal,"midpoint_as_high","balanced_sampler_ce",2,11,942,31,2314,0,1,0.9999572038650513
4,arousal,"midpoint_as_high","balanced_sampler_ce",2,11,943,31,1750,0,1,0.9998553991317749
4,arousal,"midpoint_as_high","balanced_sampler_ce",2,11,944,31,8492,1,0,0.4664458632469177
4,arousal,"midpoint_as_high","balanced_sampler_ce",2,11,945,31,1441,0,0,0.46476906538009644
4,arousal,"midpoint_as_high","balanced_sampler_ce",2,11,946,31,Flowers_6,0,1,0.9970445036888123
4,arousal,"midpoint_as_high","balanced_sampler_ce",2,11,947,31,"Yarn_1",0,1,0.7185719013214111
4,arousal,"midpoint_as_high","balanced_sampler_ce",2,11,948,31,9331,1,0,0.37114977836608887
4,arousal,"midpoint_as_high","balanced_sampler_ce",2,11,949,31,Beach_1,0,1,0.6777743697166443
4,arousal,"midpoint_as_high","balanced_sampler_ce",2,11,950,31,2491,1,1,0.9876676201820374
4,arousal,"midpoint_as_high","balanced_sampler_ce",2,11,951,31,9360,1,0,0.15257695317268372
4,arousal,"midpoint_as_high","balanced_sampler_ce",2,11,952,31,Lake_3,0,1,0.9384381175041199
4,arousal,"midpoint_as_high","balanced_sampler_ce",2,11,953,31,3170,1,1,0.998701810836792
4,arousal,"midpoint_as_high","balanced_sampler_ce",2,11,954,31,8080,1,1,0.9948287606239319
4,arousal,"midpoint_as_high","balanced_sampler_ce",2,11,955,31,"Snow_1",1,1,0.999942421913147
4,arousal,"midpoint_as_high","balanced_sampler_ce",2,11,956,31,4220,0,1,0.9991866946220398
4,arousal,"midpoint_as_high","balanced_sampler_ce",2,11,957,31,5760,0,1,0.999713122844696
4,arousal,"midpoint_as_high","balanced_sampler_ce",2,11,958,31,3063,1,1,0.9999899864196777
4,arousal,"midpoint_as_high","balanced_sampler_ce",2,11,959,31,3080,1,1,0.8931812047958374
4,arousal,"midpoint_as_high","balanced_sampler_ce",2,11,1024,34,Dummy_1,1,1,0.8538646697998047
4,arousal,"midpoint_as_high","balanced_sampler_ce",2,11,1025,34,3053,1,1,0.9907647371292114
4,arousal,"midpoint_as_high","balanced_sampler_ce",2,11,1026,34,Tumor_1,1,1,0.9999405145645142
4,arousal,"midpoint_as_high","balanced_sampler_ce",2,11,1027,34,Dog_18,0,1,0.9960653185844421
4,arousal,"midpoint_as_high","balanced_sampler_ce",2,11,1028,34,Miserable_pose_3,1,1,0.9995802044868469
4,arousal,"midpoint_as_high","balanced_sampler_ce",2,11,1029,34,"Pinecone_1",0,1,0.9814003705978394
4,arousal,"midpoint_as_high","balanced_sampler_ce",2,11,1030,34,Garbage_dump_6,1,1,0.9990266561508179
4,arousal,"midpoint_as_high","balanced_sampler_ce",2,11,1031,34,Depressed_pose_4,0,1,0.9954506754875183
4,arousal,"midpoint_as_high","balanced_sampler_ce",2,11,1032,34,"Angry_face_1",0,1,0.9963585734367371
4,arousal,"midpoint_as_high","balanced_sampler_ce",2,11,1033,34,Dog_26,0,1,0.9999642372131348
4,arousal,"midpoint_as_high","balanced_sampler_ce",2,11,1034,34,8370,1,1,0.999462902545929
4,arousal,"midpoint_as_high","balanced_sampler_ce",2,11,1035,34,Dog_6,0,1,0.8781846165657043
4,arousal,"midpoint_as_high","balanced_sampler_ce",2,11,1036,34,9220,1,1,0.9992166757583618
4,arousal,"midpoint_as_high","balanced_sampler_ce",2,11,1037,34,Lake_12,0,1,0.9989997744560242
4,arousal,"midpoint_as_high","balanced_sampler_ce",2,11,1038,34,2314,0,1,0.9999827146530151
4,arousal,"midpoint_as_high","balanced_sampler_ce",2,11,1039,34,1750,0,1,0.9859486818313599
4,arousal,"midpoint_as_high","balanced_sampler_ce",2,11,1040,34,8492,1,1,0.9587710499763489
4,arousal,"midpoint_as_high","balanced_sampler_ce",2,11,1041,34,1441,0,1,0.7697106003761292
4,arousal,"midpoint_as_high","balanced_sampler_ce",2,11,1042,34,Flowers_6,0,1,0.9982215762138367
4,arousal,"midpoint_as_high","balanced_sampler_ce",2,11,1043,34,"Yarn_1",0,1,0.9941633343696594
4,arousal,"midpoint_as_high","balanced_sampler_ce",2,11,1044,34,9331,0,1,0.9997856020927429
4,arousal,"midpoint_as_high","balanced_sampler_ce",2,11,1045,34,Beach_1,0,1,0.9130817651748657
4,arousal,"midpoint_as_high","balanced_sampler_ce",2,11,1046,34,2491,0,1,0.9999141693115234
4,arousal,"midpoint_as_high","balanced_sampler_ce",2,11,1047,34,9360,0,0,0.07218089699745178
4,arousal,"midpoint_as_high","balanced_sampler_ce",2,11,1048,34,Lake_3,0,1,0.9997418522834778
4,arousal,"midpoint_as_high","balanced_sampler_ce",2,11,1049,34,3170,1,1,0.9848633408546448
4,arousal,"midpoint_as_high","balanced_sampler_ce",2,11,1050,34,8080,0,1,0.9763321876525879
4,arousal,"midpoint_as_high","balanced_sampler_ce",2,11,1051,34,"Snow_1",0,1,0.8265738487243652
4,arousal,"midpoint_as_high","balanced_sampler_ce",2,11,1052,34,4220,1,1,0.9889335632324219
4,arousal,"midpoint_as_high","balanced_sampler_ce",2,11,1053,34,5760,0,1,0.8779885172843933
4,arousal,"midpoint_as_high","balanced_sampler_ce",2,11,1054,34,3063,1,1,0.9898298382759094
4,arousal,"midpoint_as_high","balanced_sampler_ce",2,11,1055,34,3080,1,1,0.9999182224273682
4,arousal,"midpoint_as_high","balanced_sampler_ce",2,11,1344,44,Dummy_1,1,0,0.3786080479621887
4,arousal,"midpoint_as_high","balanced_sampler_ce",2,11,1345,44,3053,1,1,0.770963728427887
4,arousal,"midpoint_as_high","balanced_sampler_ce",2,11,1346,44,Tumor_1,1,1,0.8927206993103027
4,arousal,"midpoint_as_high","balanced_sampler_ce",2,11,1347,44,Dog_18,0,1,0.8688223361968994
4,arousal,"midpoint_as_high","balanced_sampler_ce",2,11,1348,44,Miserable_pose_3,0,1,0.9168099164962769
4,arousal,"midpoint_as_high","balanced_sampler_ce",2,11,1349,44,"Pinecone_1",1,1,0.9813656806945801
4,arousal,"midpoint_as_high","balanced_sampler_ce",2,11,1350,44,Garbage_dump_6,0,1,0.9997017979621887
4,arousal,"midpoint_as_high","balanced_sampler_ce",2,11,1351,44,Depressed_pose_4,0,1,0.9871074557304382
4,arousal,"midpoint_as_high","balanced_sampler_ce",2,11,1352,44,"Angry_face_1",0,0,0.13037481904029846
4,arousal,"midpoint_as_high","balanced_sampler_ce",2,11,1353,44,Dog_26,1,0,0.23285460472106934
4,arousal,"midpoint_as_high","balanced_sampler_ce",2,11,1354,44,8370,0,1,0.9996547698974609
4,arousal,"midpoint_as_high","balanced_sampler_ce",2,11,1355,44,Dog_6,1,1,0.963761031627655
4,arousal,"midpoint_as_high","balanced_sampler_ce",2,11,1356,44,9220,0,1,0.997785210609436
4,arousal,"midpoint_as_high","balanced_sampler_ce",2,11,1357,44,Lake_12,1,0,0.04674920067191124
4,arousal,"midpoint_as_high","balanced_sampler_ce",2,11,1358,44,2314,0,1,0.9994307160377502
4,arousal,"midpoint_as_high","balanced_sampler_ce",2,11,1359,44,1750,0,1,0.972216784954071
4,arousal,"midpoint_as_high","balanced_sampler_ce",2,11,1360,44,8492,1,1,0.9846320152282715
4,arousal,"midpoint_as_high","balanced_sampler_ce",2,11,1361,44,1441,0,0,0.03791926056146622
4,arousal,"midpoint_as_high","balanced_sampler_ce",2,11,1362,44,Flowers_6,0,1,0.988673985004425
4,arousal,"midpoint_as_high","balanced_sampler_ce",2,11,1363,44,"Yarn_1",0,1,0.6924317479133606
4,arousal,"midpoint_as_high","balanced_sampler_ce",2,11,1364,44,9331,0,0,0.26395177841186523
4,arousal,"midpoint_as_high","balanced_sampler_ce",2,11,1365,44,Beach_1,0,1,0.9775413870811462
4,arousal,"midpoint_as_high","balanced_sampler_ce",2,11,1366,44,2491,0,1,0.999862551689148
4,arousal,"midpoint_as_high","balanced_sampler_ce",2,11,1367,44,9360,0,1,0.9933307766914368
4,arousal,"midpoint_as_high","balanced_sampler_ce",2,11,1368,44,Lake_3,0,1,0.9999626874923706
4,arousal,"midpoint_as_high","balanced_sampler_ce",2,11,1369,44,3170,1,1,0.9988847374916077
4,arousal,"midpoint_as_high","balanced_sampler_ce",2,11,1370,44,8080,0,1,0.9961846470832825
4,arousal,"midpoint_as_high","balanced_sampler_ce",2,11,1371,44,"Snow_1",1,1,0.6560805439949036
4,arousal,"midpoint_as_high","balanced_sampler_ce",2,11,1372,44,4220,0,1,0.962095320224762
4,arousal,"midpoint_as_high","balanced_sampler_ce",2,11,1373,44,5760,0,1,0.7357932329177856
4,arousal,"midpoint_as_high","balanced_sampler_ce",2,11,1374,44,3063,1,1,0.8724040985107422
4,arousal,"midpoint_as_high","balanced_sampler_ce",2,11,1375,44,3080,1,1,0.9889581203460693
4,arousal,"midpoint_as_high","balanced_sampler_ce",2,11,1408,46,Dummy_1,0,1,0.982849657535553
4,arousal,"midpoint_as_high","balanced_sampler_ce",2,11,1409,46,3053,0,0,0.40553557872772217
4,arousal,"midpoint_as_high","balanced_sampler_ce",2,11,1410,46,Tumor_1,1,1,0.8028925657272339
4,arousal,"midpoint_as_high","balanced_sampler_ce",2,11,1411,46,Dog_18,0,1,0.9951323866844177
4,arousal,"midpoint_as_high","balanced_sampler_ce",2,11,1412,46,Miserable_pose_3,1,1,0.9998243451118469
4,arousal,"midpoint_as_high","balanced_sampler_ce",2,11,1413,46,"Pinecone_1",0,1,0.6003422737121582
4,arousal,"midpoint_as_high","balanced_sampler_ce",2,11,1414,46,Garbage_dump_6,1,1,0.9998094439506531
4,arousal,"midpoint_as_high","balanced_sampler_ce",2,11,1415,46,Depressed_pose_4,1,1,0.9913560152053833
4,arousal,"midpoint_as_high","balanced_sampler_ce",2,11,1416,46,"Angry_face_1",1,1,0.991208553314209
4,arousal,"midpoint_as_high","balanced_sampler_ce",2,11,1417,46,Dog_26,1,1,0.9985027313232422
4,arousal,"midpoint_as_high","balanced_sampler_ce",2,11,1418,46,8370,0,0,0.0004198795650154352
4,arousal,"midpoint_as_high","balanced_sampler_ce",2,11,1419,46,Dog_6,0,1,0.9668523073196411
4,arousal,"midpoint_as_high","balanced_sampler_ce",2,11,1420,46,9220,1,1,0.9721678495407104
4,arousal,"midpoint_as_high","balanced_sampler_ce",2,11,1421,46,Lake_12,0,1,0.9989811778068542
4,arousal,"midpoint_as_high","balanced_sampler_ce",2,11,1422,46,2314,0,1,0.9988120794296265
4,arousal,"midpoint_as_high","balanced_sampler_ce",2,11,1423,46,1750,1,1,0.999863862991333
4,arousal,"midpoint_as_high","balanced_sampler_ce",2,11,1424,46,8492,1,1,0.997905969619751
4,arousal,"midpoint_as_high","balanced_sampler_ce",2,11,1425,46,1441,0,0,0.09204699099063873
4,arousal,"midpoint_as_high","balanced_sampler_ce",2,11,1426,46,Flowers_6,0,1,0.8199928998947144
4,arousal,"midpoint_as_high","balanced_sampler_ce",2,11,1427,46,"Yarn_1",0,0,0.3445472717285156
4,arousal,"midpoint_as_high","balanced_sampler_ce",2,11,1428,46,9331,0,0,0.30480116605758667
4,arousal,"midpoint_as_high","balanced_sampler_ce",2,11,1429,46,Beach_1,1,1,0.9829478859901428
4,arousal,"midpoint_as_high","balanced_sampler_ce",2,11,1430,46,2491,0,1,0.5320979952812195
4,arousal,"midpoint_as_high","balanced_sampler_ce",2,11,1431,46,9360,0,1,0.9983940720558167
4,arousal,"midpoint_as_high","balanced_sampler_ce",2,11,1432,46,Lake_3,0,1,0.9966092109680176
4,arousal,"midpoint_as_high","balanced_sampler_ce",2,11,1433,46,3170,0,1,0.9833121299743652
4,arousal,"midpoint_as_high","balanced_sampler_ce",2,11,1434,46,8080,1,0,0.40305909514427185
4,arousal,"midpoint_as_high","balanced_sampler_ce",2,11,1435,46,"Snow_1",0,0,0.36947518587112427
4,arousal,"midpoint_as_high","balanced_sampler_ce",2,11,1436,46,4220,1,1,0.9990394711494446
4,arousal,"midpoint_as_high","balanced_sampler_ce",2,11,1437,46,5760,0,1,0.9995619654655457
4,arousal,"midpoint_as_high","balanced_sampler_ce",2,11,1438,46,3063,1,0,0.009490163065493107
4,arousal,"midpoint_as_high","balanced_sampler_ce",2,11,1439,46,3080,1,1,0.9963182210922241
4,arousal,"midpoint_as_high","balanced_sampler_ce",2,11,1504,49,Dummy_1,0,1,0.9279780387878418
4,arousal,"midpoint_as_high","balanced_sampler_ce",2,11,1505,49,3053,1,1,0.9857585430145264
4,arousal,"midpoint_as_high","balanced_sampler_ce",2,11,1506,49,Tumor_1,0,0,0.292852520942688
4,arousal,"midpoint_as_high","balanced_sampler_ce",2,11,1507,49,Dog_18,0,1,0.987417459487915
4,arousal,"midpoint_as_high","balanced_sampler_ce",2,11,1508,49,Miserable_pose_3,1,1,0.9996016621589661
4,arousal,"midpoint_as_high","balanced_sampler_ce",2,11,1509,49,"Pinecone_1",1,0,0.21969079971313477
4,arousal,"midpoint_as_high","balanced_sampler_ce",2,11,1510,49,Garbage_dump_6,0,1,0.9756932854652405
4,arousal,"midpoint_as_high","balanced_sampler_ce",2,11,1511,49,Depressed_pose_4,0,1,0.9383937120437622
4,arousal,"midpoint_as_high","balanced_sampler_ce",2,11,1512,49,"Angry_face_1",0,1,0.9998639822006226
4,arousal,"midpoint_as_high","balanced_sampler_ce",2,11,1513,49,Dog_26,0,1,0.9999518394470215
4,arousal,"midpoint_as_high","balanced_sampler_ce",2,11,1514,49,8370,0,1,0.9547958374023438
4,arousal,"midpoint_as_high","balanced_sampler_ce",2,11,1515,49,Dog_6,0,1,0.9765061736106873
4,arousal,"midpoint_as_high","balanced_sampler_ce",2,11,1516,49,9220,0,1,0.7545852661132812
4,arousal,"midpoint_as_high","balanced_sampler_ce",2,11,1517,49,Lake_12,0,1,0.9999324083328247
4,arousal,"midpoint_as_high","balanced_sampler_ce",2,11,1518,49,2314,0,0,0.26989662647247314
4,arousal,"midpoint_as_high","balanced_sampler_ce",2,11,1519,49,1750,0,1,0.9994345307350159
4,arousal,"midpoint_as_high","balanced_sampler_ce",2,11,1520,49,8492,0,1,0.9992390871047974
4,arousal,"midpoint_as_high","balanced_sampler_ce",2,11,1521,49,1441,0,0,0.29778948426246643
4,arousal,"midpoint_as_high","balanced_sampler_ce",2,11,1522,49,Flowers_6,0,0,0.002355903387069702
4,arousal,"midpoint_as_high","balanced_sampler_ce",2,11,1523,49,"Yarn_1",0,1,0.8881948590278625
4,arousal,"midpoint_as_high","balanced_sampler_ce",2,11,1524,49,9331,0,1,0.9997714161872864
4,arousal,"midpoint_as_high","balanced_sampler_ce",2,11,1525,49,Beach_1,0,1,0.878309428691864
4,arousal,"midpoint_as_high","balanced_sampler_ce",2,11,1526,49,2491,0,1,0.6501233577728271
4,arousal,"midpoint_as_high","balanced_sampler_ce",2,11,1527,49,9360,1,1,0.993008017539978
4,arousal,"midpoint_as_high","balanced_sampler_ce",2,11,1528,49,Lake_3,0,1,0.9731805324554443
4,arousal,"midpoint_as_high","balanced_sampler_ce",2,11,1529,49,3170,0,1,0.9386982917785645
4,arousal,"midpoint_as_high","balanced_sampler_ce",2,11,1530,49,8080,0,1,0.9998592138290405
4,arousal,"midpoint_as_high","balanced_sampler_ce",2,11,1531,49,"Snow_1",0,1,0.898755669593811
4,arousal,"midpoint_as_high","balanced_sampler_ce",2,11,1532,49,4220,0,1,0.9997032284736633
4,arousal,"midpoint_as_high","balanced_sampler_ce",2,11,1533,49,5760,0,1,0.9733587503433228
4,arousal,"midpoint_as_high","balanced_sampler_ce",2,11,1534,49,3063,1,0,0.07560212165117264
4,arousal,"midpoint_as_high","balanced_sampler_ce",2,11,1535,49,3080,0,0,0.13310573995113373
4,arousal,"midpoint_as_high","balanced_sampler_ce",2,11,1920,63,Dummy_1,0,1,0.8746494650840759
4,arousal,"midpoint_as_high","balanced_sampler_ce",2,11,1921,63,3053,1,1,0.9995524287223816
4,arousal,"midpoint_as_high","balanced_sampler_ce",2,11,1922,63,Tumor_1,1,0,0.4962630569934845
4,arousal,"midpoint_as_high","balanced_sampler_ce",2,11,1923,63,Dog_18,0,1,0.9999916553497314
4,arousal,"midpoint_as_high","balanced_sampler_ce",2,11,1924,63,Miserable_pose_3,1,1,0.9998555183410645
4,arousal,"midpoint_as_high","balanced_sampler_ce",2,11,1925,63,"Pinecone_1",0,1,0.9939960241317749
4,arousal,"midpoint_as_high","balanced_sampler_ce",2,11,1926,63,Garbage_dump_6,1,0,0.32119205594062805
4,arousal,"midpoint_as_high","balanced_sampler_ce",2,11,1927,63,Depressed_pose_4,0,1,0.820672869682312
4,arousal,"midpoint_as_high","balanced_sampler_ce",2,11,1928,63,"Angry_face_1",0,1,0.6104848980903625
4,arousal,"midpoint_as_high","balanced_sampler_ce",2,11,1929,63,Dog_26,1,1,0.9998375177383423
4,arousal,"midpoint_as_high","balanced_sampler_ce",2,11,1930,63,8370,1,1,0.9986034035682678
4,arousal,"midpoint_as_high","balanced_sampler_ce",2,11,1931,63,Dog_6,1,0,0.42296987771987915
4,arousal,"midpoint_as_high","balanced_sampler_ce",2,11,1932,63,9220,1,1,0.9992765784263611
4,arousal,"midpoint_as_high","balanced_sampler_ce",2,11,1933,63,Lake_12,0,1,0.9891803860664368
4,arousal,"midpoint_as_high","balanced_sampler_ce",2,11,1934,63,2314,0,1,0.8873246908187866
4,arousal,"midpoint_as_high","balanced_sampler_ce",2,11,1935,63,1750,0,1,0.8818514347076416
4,arousal,"midpoint_as_high","balanced_sampler_ce",2,11,1936,63,8492,1,1,0.979949414730072
4,arousal,"midpoint_as_high","balanced_sampler_ce",2,11,1937,63,1441,0,1,0.9605928063392639
4,arousal,"midpoint_as_high","balanced_sampler_ce",2,11,1938,63,Flowers_6,0,1,0.9857336282730103
4,arousal,"midpoint_as_high","balanced_sampler_ce",2,11,1939,63,"Yarn_1",0,1,0.9939613342285156
4,arousal,"midpoint_as_high","balanced_sampler_ce",2,11,1940,63,9331,0,0,0.05293893814086914
4,arousal,"midpoint_as_high","balanced_sampler_ce",2,11,1941,63,Beach_1,0,0,0.33153343200683594
4,arousal,"midpoint_as_high","balanced_sampler_ce",2,11,1942,63,2491,0,1,0.6256718635559082
4,arousal,"midpoint_as_high","balanced_sampler_ce",2,11,1943,63,9360,0,1,0.9885228872299194
4,arousal,"midpoint_as_high","balanced_sampler_ce",2,11,1944,63,Lake_3,0,1,0.6256476044654846
4,arousal,"midpoint_as_high","balanced_sampler_ce",2,11,1945,63,3170,1,1,0.9292980432510376
4,arousal,"midpoint_as_high","balanced_sampler_ce",2,11,1946,63,8080,0,1,0.995591938495636
4,arousal,"midpoint_as_high","balanced_sampler_ce",2,11,1947,63,"Snow_1",0,1,0.9818279147148132
4,arousal,"midpoint_as_high","balanced_sampler_ce",2,11,1948,63,4220,0,1,0.9308969974517822
4,arousal,"midpoint_as_high","balanced_sampler_ce",2,11,1949,63,5760,0,1,0.9998291730880737
4,arousal,"midpoint_as_high","balanced_sampler_ce",2,11,1950,63,3063,1,1,0.9999115467071533
4,arousal,"midpoint_as_high","balanced_sampler_ce",2,11,1951,63,3080,1,1,0.6558741331100464
