run_id,task,policy,recipe,sampler,fold_id,seed,cache_row,subject_id,stimulus_id,y_true,y_pred,prob1,logit_margin
1,arousal,midpoint_as_high,ce_class_weighted,shuffle,1,11,128,6,Dummy_1,1,1,0.6367930173873901,0.561471700668335
1,arousal,midpoint_as_high,ce_class_weighted,shuffle,1,11,129,6,3053,1,0,0.15282607078552246,-1.712605595588684
1,arousal,midpoint_as_high,ce_class_weighted,shuffle,1,11,130,6,Tumor_1,1,0,0.2643270790576935,-1.0235984325408936
1,arousal,midpoint_as_high,ce_class_weighted,shuffle,1,11,131,6,Dog_18,1,1,0.868066668510437,1.8839714527130127
1,arousal,midpoint_as_high,ce_class_weighted,shuffle,1,11,132,6,Miserable_pose_3,1,0,0.14819391071796417,-1.7488372325897217
1,arousal,midpoint_as_high,ce_class_weighted,shuffle,1,11,133,6,Pinecone_1,1,1,0.5779592990875244,0.31440168619155884
1,arousal,midpoint_as_high,ce_class_weighted,shuffle,1,11,134,6,Garbage_dump_6,1,0,0.14587511122226715,-1.7673265933990479
1,arousal,midpoint_as_high,ce_class_weighted,shuffle,1,11,135,6,Depressed_pose_4,1,0,0.3169013559818268,-0.7680487632751465
1,arousal,midpoint_as_high,ce_class_weighted,shuffle,1,11,136,6,Angry_face_1,1,0,0.09861564636230469,-2.2127017974853516
1,arousal,midpoint_as_high,ce_class_weighted,shuffle,1,11,137,6,Dog_26,1,1,0.8389594554901123,1.6505060195922852
1,arousal,midpoint_as_high,ce_class_weighted,shuffle,1,11,138,6,8370,1,0,0.46518102288246155,-0.13950178027153015
1,arousal,midpoint_as_high,ce_class_weighted,shuffle,1,11,139,6,Dog_6,1,1,0.8371989727020264,1.6375327110290527
1,arousal,midpoint_as_high,ce_class_weighted,shuffle,1,11,140,6,9220,1,0,0.17788748443126678,-1.5307259559631348
1,arousal,midpoint_as_high,ce_class_weighted,shuffle,1,11,141,6,Lake_12,1,0,0.025736993178725243,-3.63375186920166
1,arousal,midpoint_as_high,ce_class_weighted,shuffle,1,11,142,6,2314,1,0,0.13394302129745483,-1.866536259651184
1,arousal,midpoint_as_high,ce_class_weighted,shuffle,1,11,143,6,1750,1,1,0.7408165335655212,1.0502169132232666
1,arousal,midpoint_as_high,ce_class_weighted,shuffle,1,11,144,6,8492,1,1,0.6715386509895325,0.7151521444320679
1,arousal,midpoint_as_high,ce_class_weighted,shuffle,1,11,145,6,1441,1,0,0.08410942554473877,-2.3877782821655273
1,arousal,midpoint_as_high,ce_class_weighted,shuffle,1,11,146,6,Flowers_6,1,1,0.7280877828598022,0.9849423766136169
1,arousal,midpoint_as_high,ce_class_weighted,shuffle,1,11,147,6,Yarn_1,1,1,0.6434280872344971,0.5902743339538574
1,arousal,midpoint_as_high,ce_class_weighted,shuffle,1,11,148,6,9331,1,0,0.24175353348255157,-1.1430896520614624
1,arousal,midpoint_as_high,ce_class_weighted,shuffle,1,11,149,6,Beach_1,1,0,0.03149385377764702,-3.425962448120117
1,arousal,midpoint_as_high,ce_class_weighted,shuffle,1,11,150,6,2491,0,0,0.10230811685323715,-2.17183780670166
1,arousal,midpoint_as_high,ce_class_weighted,shuffle,1,11,151,6,9360,1,0,0.3590184152126312,-0.5796270370483398
1,arousal,midpoint_as_high,ce_class_weighted,shuffle,1,11,152,6,Lake_3,1,0,0.4844404458999634,-0.06225821375846863
1,arousal,midpoint_as_high,ce_class_weighted,shuffle,1,11,153,6,3170,1,0,0.2986947000026703,-0.8535212278366089
1,arousal,midpoint_as_high,ce_class_weighted,shuffle,1,11,154,6,8080,0,1,0.7215853333473206,0.9523390531539917
1,arousal,midpoint_as_high,ce_class_weighted,shuffle,1,11,155,6,Snow_1,1,0,0.1760079264640808,-1.5436317920684814
1,arousal,midpoint_as_high,ce_class_weighted,shuffle,1,11,156,6,4220,1,1,0.6163589358329773,0.47412198781967163
1,arousal,midpoint_as_high,ce_class_weighted,shuffle,1,11,157,6,5760,1,0,0.20247803628444672,-1.370877981185913
1,arousal,midpoint_as_high,ce_class_weighted,shuffle,1,11,158,6,3063,1,0,0.08749789744615555,-2.3445756435394287
1,arousal,midpoint_as_high,ce_class_weighted,shuffle,1,11,159,6,3080,1,0,0.06525734066963196,-2.6619327068328857
1,arousal,midpoint_as_high,ce_class_weighted,shuffle,1,11,160,7,Dummy_1,0,0,0.4427744746208191,-0.2299095094203949
1,arousal,midpoint_as_high,ce_class_weighted,shuffle,1,11,161,7,3053,1,1,0.8764896392822266,1.9595997333526611
1,arousal,midpoint_as_high,ce_class_weighted,shuffle,1,11,162,7,Tumor_1,1,0,0.04509906843304634,-3.052746057510376
1,arousal,midpoint_as_high,ce_class_weighted,shuffle,1,11,163,7,Dog_18,1,1,0.7621707320213318,1.1646175384521484
1,arousal,midpoint_as_high,ce_class_weighted,shuffle,1,11,164,7,Miserable_pose_3,0,0,0.09846968948841095,-2.2143449783325195
1,arousal,midpoint_as_high,ce_class_weighted,shuffle,1,11,165,7,Pinecone_1,0,0,0.0692862719297409,-2.5977048873901367
1,arousal,midpoint_as_high,ce_class_weighted,shuffle,1,11,166,7,Garbage_dump_6,0,0,0.06123797222971916,-2.729794502258301
1,arousal,midpoint_as_high,ce_class_weighted,shuffle,1,11,167,7,Depressed_pose_4,0,0,0.25314193964004517,-1.0819247961044312
1,arousal,midpoint_as_high,ce_class_weighted,shuffle,1,11,168,7,Angry_face_1,0,1,0.8729918003082275,1.927674651145935
1,arousal,midpoint_as_high,ce_class_weighted,shuffle,1,11,169,7,Dog_26,0,0,0.3901786804199219,-0.44656118750572205
1,arousal,midpoint_as_high,ce_class_weighted,shuffle,1,11,170,7,8370,0,1,0.8624443411827087,1.8357422351837158
1,arousal,midpoint_as_high,ce_class_weighted,shuffle,1,11,171,7,Dog_6,1,0,0.3635278642177582,-0.5600845813751221
1,arousal,midpoint_as_high,ce_class_weighted,shuffle,1,11,172,7,9220,0,0,0.06570558995008469,-2.6546075344085693
1,arousal,midpoint_as_high,ce_class_weighted,shuffle,1,11,173,7,Lake_12,0,0,0.2974216639995575,-0.859606146812439
1,arousal,midpoint_as_high,ce_class_weighted,shuffle,1,11,174,7,2314,0,1,0.9388644099235535,2.731576442718506
1,arousal,midpoint_as_high,ce_class_weighted,shuffle,1,11,175,7,1750,0,0,0.2620694041252136,-1.0352404117584229
1,arousal,midpoint_as_high,ce_class_weighted,shuffle,1,11,176,7,8492,0,1,0.9486205577850342,2.915771007537842
1,arousal,midpoint_as_high,ce_class_weighted,shuffle,1,11,177,7,1441,0,0,0.16369108855724335,-1.6310169696807861
1,arousal,midpoint_as_high,ce_class_weighted,shuffle,1,11,178,7,Flowers_6,0,1,0.8598112463951111,1.8137226104736328
1,arousal,midpoint_as_high,ce_class_weighted,shuffle,1,11,179,7,Yarn_1,0,0,0.07535621523857117,-2.5071821212768555
1,arousal,midpoint_as_high,ce_class_weighted,shuffle,1,11,180,7,9331,0,0,0.04502788558602333,-3.0544002056121826
1,arousal,midpoint_as_high,ce_class_weighted,shuffle,1,11,181,7,Beach_1,0,1,0.8955507874488831,2.148737907409668
1,arousal,midpoint_as_high,ce_class_weighted,shuffle,1,11,182,7,2491,0,1,0.6187418103218079,0.48421117663383484
1,arousal,midpoint_as_high,ce_class_weighted,shuffle,1,11,183,7,9360,0,0,0.2543158233165741,-1.0757253170013428
1,arousal,midpoint_as_high,ce_class_weighted,shuffle,1,11,184,7,Lake_3,0,0,0.06587506085634232,-2.6518502235412598
1,arousal,midpoint_as_high,ce_class_weighted,shuffle,1,11,185,7,3170,0,1,0.592085063457489,0.3725918233394623
1,arousal,midpoint_as_high,ce_class_weighted,shuffle,1,11,186,7,8080,0,1,0.9664993286132812,3.3621153831481934
1,arousal,midpoint_as_high,ce_class_weighted,shuffle,1,11,187,7,Snow_1,0,1,0.9702482223510742,3.484663248062134
1,arousal,midpoint_as_high,ce_class_weighted,shuffle,1,11,188,7,4220,0,1,0.9800103306770325,3.892345666885376
1,arousal,midpoint_as_high,ce_class_weighted,shuffle,1,11,189,7,5760,0,1,0.8907188773155212,2.0981054306030273
1,arousal,midpoint_as_high,ce_class_weighted,shuffle,1,11,190,7,3063,0,1,0.8733739852905273,1.931126356124878
1,arousal,midpoint_as_high,ce_class_weighted,shuffle,1,11,191,7,3080,0,1,0.5472660064697266,0.18963028490543365
1,arousal,midpoint_as_high,ce_class_weighted,shuffle,1,11,192,8,Dummy_1,1,1,0.7961141467094421,1.3621822595596313
1,arousal,midpoint_as_high,ce_class_weighted,shuffle,1,11,193,8,3053,1,0,0.38857516646385193,-0.4533053934574127
1,arousal,midpoint_as_high,ce_class_weighted,shuffle,1,11,194,8,Tumor_1,1,0,0.11127100139856339,-2.0778236389160156
1,arousal,midpoint_as_high,ce_class_weighted,shuffle,1,11,195,8,Dog_18,1,0,0.20836834609508514,-1.3347887992858887
1,arousal,midpoint_as_high,ce_class_weighted,shuffle,1,11,196,8,Miserable_pose_3,0,1,0.844177782535553,1.6896474361419678
1,arousal,midpoint_as_high,ce_class_weighted,shuffle,1,11,197,8,Pinecone_1,0,1,0.9300886392593384,2.5880513191223145
1,arousal,midpoint_as_high,ce_class_weighted,shuffle,1,11,198,8,Garbage_dump_6,0,1,0.8064261078834534,1.4269527196884155
1,arousal,midpoint_as_high,ce_class_weighted,shuffle,1,11,199,8,Depressed_pose_4,0,0,0.05550216883420944,-2.834231376647949
1,arousal,midpoint_as_high,ce_class_weighted,shuffle,1,11,200,8,Angry_face_1,0,1,0.8594827055931091,1.810999870300293
1,arousal,midpoint_as_high,ce_class_weighted,shuffle,1,11,201,8,Dog_26,1,1,0.6340234875679016,0.5495168566703796
1,arousal,midpoint_as_high,ce_class_weighted,shuffle,1,11,202,8,8370,1,1,0.9718158841133118,3.5404067039489746
1,arousal,midpoint_as_high,ce_class_weighted,shuffle,1,11,203,8,Dog_6,0,1,0.9667384624481201,3.369525671005249
1,arousal,midpoint_as_high,ce_class_weighted,shuffle,1,11,204,8,9220,0,1,0.6040263772010803,0.42227017879486084
1,arousal,midpoint_as_high,ce_class_weighted,shuffle,1,11,205,8,Lake_12,0,0,0.027494331821799278,-3.5658960342407227
1,arousal,midpoint_as_high,ce_class_weighted,shuffle,1,11,206,8,2314,0,1,0.8890569806098938,2.0811445713043213
1,arousal,midpoint_as_high,ce_class_weighted,shuffle,1,11,207,8,1750,0,1,0.8766794204711914,1.9613538980484009
1,arousal,midpoint_as_high,ce_class_weighted,shuffle,1,11,208,8,8492,1,0,0.02753128670156002,-3.5645148754119873
1,arousal,midpoint_as_high,ce_class_weighted,shuffle,1,11,209,8,1441,0,1,0.7501004934310913,1.0991485118865967
1,arousal,midpoint_as_high,ce_class_weighted,shuffle,1,11,210,8,Flowers_6,0,1,0.9633537530899048,3.269108772277832
1,arousal,midpoint_as_high,ce_class_weighted,shuffle,1,11,211,8,Yarn_1,0,0,0.38447996973991394,-0.4705759286880493
1,arousal,midpoint_as_high,ce_class_weighted,shuffle,1,11,212,8,9331,0,0,0.0893092155456543,-2.322098731994629
1,arousal,midpoint_as_high,ce_class_weighted,shuffle,1,11,213,8,Beach_1,0,1,0.9120303392410278,2.338681221008301
1,arousal,midpoint_as_high,ce_class_weighted,shuffle,1,11,214,8,2491,0,0,0.2766135334968567,-0.9613223075866699
1,arousal,midpoint_as_high,ce_class_weighted,shuffle,1,11,215,8,9360,0,0,0.26030606031417847,-1.044378399848938
1,arousal,midpoint_as_high,ce_class_weighted,shuffle,1,11,216,8,Lake_3,0,0,0.28069376945495605,-0.9410228729248047
1,arousal,midpoint_as_high,ce_class_weighted,shuffle,1,11,217,8,3170,0,0,0.3711682856082916,-0.527208149433136
1,arousal,midpoint_as_high,ce_class_weighted,shuffle,1,11,218,8,8080,1,0,0.06277069449424744,-2.703439712524414
1,arousal,midpoint_as_high,ce_class_weighted,shuffle,1,11,219,8,Snow_1,0,1,0.6163859963417053,0.4742366075515747
1,arousal,midpoint_as_high,ce_class_weighted,shuffle,1,11,220,8,4220,1,1,0.6846264600753784,0.775115430355072
1,arousal,midpoint_as_high,ce_class_weighted,shuffle,1,11,221,8,5760,0,0,0.4839507043361664,-0.06421931087970734
1,arousal,midpoint_as_high,ce_class_weighted,shuffle,1,11,222,8,3063,1,0,0.22629320621490479,-1.2293614149093628
1,arousal,midpoint_as_high,ce_class_weighted,shuffle,1,11,223,8,3080,1,1,0.7598035335540771,1.151602864265442
1,arousal,midpoint_as_high,ce_class_weighted,shuffle,1,11,352,13,Dummy_1,0,0,0.07423149794340134,-2.523435592651367
1,arousal,midpoint_as_high,ce_class_weighted,shuffle,1,11,353,13,3053,0,0,0.1777047961950302,-1.5319757461547852
1,arousal,midpoint_as_high,ce_class_weighted,shuffle,1,11,354,13,Tumor_1,1,0,0.06471419334411621,-2.6708714962005615
1,arousal,midpoint_as_high,ce_class_weighted,shuffle,1,11,355,13,Dog_18,0,0,0.2665610611438751,-1.0121409893035889
1,arousal,midpoint_as_high,ce_class_weighted,shuffle,1,11,356,13,Miserable_pose_3,0,1,0.6921250820159912,0.8100732564926147
1,arousal,midpoint_as_high,ce_class_weighted,shuffle,1,11,357,13,Pinecone_1,0,0,0.35643139481544495,-0.5908869504928589
1,arousal,midpoint_as_high,ce_class_weighted,shuffle,1,11,358,13,Garbage_dump_6,0,0,0.4257757067680359,-0.2991073727607727
1,arousal,midpoint_as_high,ce_class_weighted,shuffle,1,11,359,13,Depressed_pose_4,0,1,0.9313040971755981,2.606895923614502
1,arousal,midpoint_as_high,ce_class_weighted,shuffle,1,11,360,13,Angry_face_1,0,0,0.46751847863197327,-0.13010942935943604
1,arousal,midpoint_as_high,ce_class_weighted,shuffle,1,11,361,13,Dog_26,0,0,0.07757045328617096,-2.4758243560791016
1,arousal,midpoint_as_high,ce_class_weighted,shuffle,1,11,362,13,8370,0,0,0.0701032429933548,-2.585104465484619
1,arousal,midpoint_as_high,ce_class_weighted,shuffle,1,11,363,13,Dog_6,0,0,0.05084734782576561,-2.926741600036621
1,arousal,midpoint_as_high,ce_class_weighted,shuffle,1,11,364,13,9220,0,0,0.11544967442750931,-2.0362446308135986
1,arousal,midpoint_as_high,ce_class_weighted,shuffle,1,11,365,13,Lake_12,0,0,0.06740465015172958,-2.6272573471069336
1,arousal,midpoint_as_high,ce_class_weighted,shuffle,1,11,366,13,2314,0,1,0.5753237009048462,0.3036056160926819
1,arousal,midpoint_as_high,ce_class_weighted,shuffle,1,11,367,13,1750,0,1,0.9413259029388428,2.7752909660339355
1,arousal,midpoint_as_high,ce_class_weighted,shuffle,1,11,368,13,8492,0,0,0.02033042535185814,-3.8750967979431152
1,arousal,midpoint_as_high,ce_class_weighted,shuffle,1,11,369,13,1441,0,0,0.06260205060243607,-2.7063097953796387
1,arousal,midpoint_as_high,ce_class_weighted,shuffle,1,11,370,13,Flowers_6,0,0,0.12427552789449692,-1.9525504112243652
1,arousal,midpoint_as_high,ce_class_weighted,shuffle,1,11,371,13,Yarn_1,0,1,0.6983576416969299,0.8394894599914551
1,arousal,midpoint_as_high,ce_class_weighted,shuffle,1,11,372,13,9331,0,0,0.04138787463307381,-3.142498731613159
1,arousal,midpoint_as_high,ce_class_weighted,shuffle,1,11,373,13,Beach_1,0,0,0.4352685511112213,-0.2603870928287506
1,arousal,midpoint_as_high,ce_class_weighted,shuffle,1,11,374,13,2491,0,0,0.026317253708839417,-3.610860824584961
1,arousal,midpoint_as_high,ce_class_weighted,shuffle,1,11,375,13,9360,0,0,0.3225412666797638,-0.7421175241470337
1,arousal,midpoint_as_high,ce_class_weighted,shuffle,1,11,376,13,Lake_3,0,0,0.1023801863193512,-2.171053409576416
1,arousal,midpoint_as_high,ce_class_weighted,shuffle,1,11,377,13,3170,0,0,0.02686581388115883,-3.589667320251465
1,arousal,midpoint_as_high,ce_class_weighted,shuffle,1,11,378,13,8080,0,0,0.06249907612800598,-2.708065986633301
1,arousal,midpoint_as_high,ce_class_weighted,shuffle,1,11,379,13,Snow_1,0,1,0.7757987380027771,1.2413493394851685
1,arousal,midpoint_as_high,ce_class_weighted,shuffle,1,11,380,13,4220,0,0,0.27758705615997314,-0.9564622640609741
1,arousal,midpoint_as_high,ce_class_weighted,shuffle,1,11,381,13,5760,0,1,0.8810462355613708,2.002375364303589
1,arousal,midpoint_as_high,ce_class_weighted,shuffle,1,11,382,13,3063,0,0,0.21957246959209442,-1.2681596279144287
1,arousal,midpoint_as_high,ce_class_weighted,shuffle,1,11,383,13,3080,1,0,0.08609973639249802,-2.362215042114258
1,arousal,midpoint_as_high,ce_class_weighted,shuffle,1,11,832,28,Dummy_1,1,1,0.5840507745742798,0.33942490816116333
1,arousal,midpoint_as_high,ce_class_weighted,shuffle,1,11,833,28,3053,1,1,0.9528148770332336,3.005342483520508
1,arousal,midpoint_as_high,ce_class_weighted,shuffle,1,11,834,28,Tumor_1,1,0,0.21045447885990143,-1.322188138961792
1,arousal,midpoint_as_high,ce_class_weighted,shuffle,1,11,835,28,Dog_18,0,0,0.12034399807453156,-1.989176630973816
1,arousal,midpoint_as_high,ce_class_weighted,shuffle,1,11,836,28,Miserable_pose_3,1,0,0.04757126048207283,-2.996786594390869
1,arousal,midpoint_as_high,ce_class_weighted,shuffle,1,11,837,28,Pinecone_1,0,1,0.6435590386390686,0.5908452272415161
1,arousal,midpoint_as_high,ce_class_weighted,shuffle,1,11,838,28,Garbage_dump_6,0,1,0.7043272852897644,0.8679900169372559
1,arousal,midpoint_as_high,ce_class_weighted,shuffle,1,11,839,28,Depressed_pose_4,0,0,0.15062159299850464,-1.7297340631484985
1,arousal,midpoint_as_high,ce_class_weighted,shuffle,1,11,840,28,Angry_face_1,0,1,0.5622699856758118,0.2503798007965088
1,arousal,midpoint_as_high,ce_class_weighted,shuffle,1,11,841,28,Dog_26,0,0,0.07586577534675598,-2.499891757965088
1,arousal,midpoint_as_high,ce_class_weighted,shuffle,1,11,842,28,8370,0,0,0.3693045675754547,-0.535201370716095
1,arousal,midpoint_as_high,ce_class_weighted,shuffle,1,11,843,28,Dog_6,0,0,0.021820658817887306,-3.8028359413146973
1,arousal,midpoint_as_high,ce_class_weighted,shuffle,1,11,844,28,9220,0,0,0.2705134153366089,-0.9920193552970886
1,arousal,midpoint_as_high,ce_class_weighted,shuffle,1,11,845,28,Lake_12,0,0,0.43511098623275757,-0.26102814078330994
1,arousal,midpoint_as_high,ce_class_weighted,shuffle,1,11,846,28,2314,0,0,0.08343464881181717,-2.3965697288513184
1,arousal,midpoint_as_high,ce_class_weighted,shuffle,1,11,847,28,1750,0,1,0.7818986177444458,1.2767651081085205
1,arousal,midpoint_as_high,ce_class_weighted,shuffle,1,11,848,28,8492,1,0,0.18894127011299133,-1.4569042921066284
1,arousal,midpoint_as_high,ce_class_weighted,shuffle,1,11,849,28,1441,0,0,0.036341261118650436,-3.2777833938598633
1,arousal,midpoint_as_high,ce_class_weighted,shuffle,1,11,850,28,Flowers_6,0,1,0.9432512521743774,2.810699462890625
1,arousal,midpoint_as_high,ce_class_weighted,shuffle,1,11,851,28,Yarn_1,0,0,0.243880957365036,-1.1315186023712158
1,arousal,midpoint_as_high,ce_class_weighted,shuffle,1,11,852,28,9331,0,1,0.7262769937515259,0.9758145809173584
1,arousal,midpoint_as_high,ce_class_weighted,shuffle,1,11,853,28,Beach_1,0,0,0.13004335761070251,-1.9005753993988037
1,arousal,midpoint_as_high,ce_class_weighted,shuffle,1,11,854,28,2491,0,1,0.6228588223457336,0.5017002820968628
1,arousal,midpoint_as_high,ce_class_weighted,shuffle,1,11,855,28,9360,0,0,0.10243532806634903,-2.1704535484313965
1,arousal,midpoint_as_high,ce_class_weighted,shuffle,1,11,856,28,Lake_3,0,0,0.0468180850148201,-3.013536214828491
1,arousal,midpoint_as_high,ce_class_weighted,shuffle,1,11,857,28,3170,1,1,0.5468192100524902,0.18782715499401093
1,arousal,midpoint_as_high,ce_class_weighted,shuffle,1,11,858,28,8080,0,0,0.146733358502388,-1.7604551315307617
1,arousal,midpoint_as_high,ce_class_weighted,shuffle,1,11,859,28,Snow_1,0,0,0.05460810288786888,-2.851417303085327
1,arousal,midpoint_as_high,ce_class_weighted,shuffle,1,11,860,28,4220,0,1,0.6990358829498291,0.8427109718322754
1,arousal,midpoint_as_high,ce_class_weighted,shuffle,1,11,861,28,5760,0,1,0.898259162902832,2.178030014038086
1,arousal,midpoint_as_high,ce_class_weighted,shuffle,1,11,862,28,3063,1,0,0.2730293273925781,-0.9793070554733276
1,arousal,midpoint_as_high,ce_class_weighted,shuffle,1,11,863,28,3080,1,1,0.8473343849182129,1.7138457298278809
1,arousal,midpoint_as_high,ce_class_weighted,shuffle,1,11,1152,38,Dummy_1,1,1,0.694783091545105,0.8225768804550171
1,arousal,midpoint_as_high,ce_class_weighted,shuffle,1,11,1153,38,3053,1,1,0.6980358362197876,0.8379621505737305
1,arousal,midpoint_as_high,ce_class_weighted,shuffle,1,11,1154,38,Tumor_1,1,1,0.7702621221542358,1.209791898727417
1,arousal,midpoint_as_high,ce_class_weighted,shuffle,1,11,1155,38,Dog_18,0,1,0.8608510494232178,1.8223766088485718
1,arousal,midpoint_as_high,ce_class_weighted,shuffle,1,11,1156,38,Miserable_pose_3,1,0,0.413051962852478,-0.3513628840446472
1,arousal,midpoint_as_high,ce_class_weighted,shuffle,1,11,1157,38,Pinecone_1,0,1,0.7975975871086121,1.3713464736938477
1,arousal,midpoint_as_high,ce_class_weighted,shuffle,1,11,1158,38,Garbage_dump_6,1,0,0.4328221082687378,-0.27034613490104675
1,arousal,midpoint_as_high,ce_class_weighted,shuffle,1,11,1159,38,Depressed_pose_4,1,1,0.6568692326545715,0.6493732929229736
1,arousal,midpoint_as_high,ce_class_weighted,shuffle,1,11,1160,38,Angry_face_1,0,1,0.8563855290412903,1.7855885028839111
1,arousal,midpoint_as_high,ce_class_weighted,shuffle,1,11,1161,38,Dog_26,1,0,0.3576393127441406,-0.5856249332427979
1,arousal,midpoint_as_high,ce_class_weighted,shuffle,1,11,1162,38,8370,1,0,0.04918732866644859,-2.9616811275482178
1,arousal,midpoint_as_high,ce_class_weighted,shuffle,1,11,1163,38,Dog_6,0,0,0.02770911157131195,-3.557893753051758
1,arousal,midpoint_as_high,ce_class_weighted,shuffle,1,11,1164,38,9220,1,0,0.10547637939453125,-2.1378042697906494
1,arousal,midpoint_as_high,ce_class_weighted,shuffle,1,11,1165,38,Lake_12,0,1,0.9296331405639648,2.5810675621032715
1,arousal,midpoint_as_high,ce_class_weighted,shuffle,1,11,1166,38,2314,0,0,0.40731388330459595,-0.3750808537006378
1,arousal,midpoint_as_high,ce_class_weighted,shuffle,1,11,1167,38,1750,0,0,0.027428437024354935,-3.5683634281158447
1,arousal,midpoint_as_high,ce_class_weighted,shuffle,1,11,1168,38,8492,1,0,0.06321699917316437,-2.695878505706787
1,arousal,midpoint_as_high,ce_class_weighted,shuffle,1,11,1169,38,1441,0,1,0.5022163391113281,0.008865490555763245
1,arousal,midpoint_as_high,ce_class_weighted,shuffle,1,11,1170,38,Flowers_6,0,0,0.05852500721812248,-2.777993679046631
1,arousal,midpoint_as_high,ce_class_weighted,shuffle,1,11,1171,38,Yarn_1,1,0,0.15558400750160217,-1.6914594173431396
1,arousal,midpoint_as_high,ce_class_weighted,shuffle,1,11,1172,38,9331,1,1,0.5066756010055542,0.02670377865433693
1,arousal,midpoint_as_high,ce_class_weighted,shuffle,1,11,1173,38,Beach_1,0,0,0.036305658519268036,-3.2788004875183105
1,arousal,midpoint_as_high,ce_class_weighted,shuffle,1,11,1174,38,2491,0,0,0.04588440805673599,-3.0346593856811523
1,arousal,midpoint_as_high,ce_class_weighted,shuffle,1,11,1175,38,9360,1,1,0.7940837740898132,1.349719524383545
1,arousal,midpoint_as_high,ce_class_weighted,shuffle,1,11,1176,38,Lake_3,1,0,0.03163342922925949,-3.421396255493164
1,arousal,midpoint_as_high,ce_class_weighted,shuffle,1,11,1177,38,3170,1,1,0.8038615584373474,1.4106063842773438
1,arousal,midpoint_as_high,ce_class_weighted,shuffle,1,11,1178,38,8080,1,1,0.8465198874473572,1.7075624465942383
1,arousal,midpoint_as_high,ce_class_weighted,shuffle,1,11,1179,38,Snow_1,0,1,0.8667204976081848,1.872267723083496
1,arousal,midpoint_as_high,ce_class_weighted,shuffle,1,11,1180,38,4220,0,0,0.04379435256123543,-3.083468198776245
1,arousal,midpoint_as_high,ce_class_weighted,shuffle,1,11,1181,38,5760,0,0,0.37601035833358765,-0.5065170526504517
1,arousal,midpoint_as_high,ce_class_weighted,shuffle,1,11,1182,38,3063,1,0,0.03909916803240776,-3.201770067214966
1,arousal,midpoint_as_high,ce_class_weighted,shuffle,1,11,1183,38,3080,1,0,0.18715056777000427,-1.468632459640503
1,arousal,midpoint_as_high,ce_class_weighted,shuffle,1,11,1312,43,Dummy_1,1,0,0.356380432844162,-0.591109037399292
1,arousal,midpoint_as_high,ce_class_weighted,shuffle,1,11,1313,43,3053,1,1,0.6283239126205444,0.5250329375267029
1,arousal,midpoint_as_high,ce_class_weighted,shuffle,1,11,1314,43,Tumor_1,1,1,0.7681652903556824,1.1979801654815674
1,arousal,midpoint_as_high,ce_class_weighted,shuffle,1,11,1315,43,Dog_18,0,0,0.4813578426837921,-0.07460328936576843
1,arousal,midpoint_as_high,ce_class_weighted,shuffle,1,11,1316,43,Miserable_pose_3,1,1,0.6928029656410217,0.8132563233375549
1,arousal,midpoint_as_high,ce_class_weighted,shuffle,1,11,1317,43,Pinecone_1,0,0,0.10846636444330215,-2.1065030097961426
1,arousal,midpoint_as_high,ce_class_weighted,shuffle,1,11,1318,43,Garbage_dump_6,1,0,0.046672336757183075,-3.0168070793151855
1,arousal,midpoint_as_high,ce_class_weighted,shuffle,1,11,1319,43,Depressed_pose_4,0,1,0.9202413558959961,2.4456303119659424
1,arousal,midpoint_as_high,ce_class_weighted,shuffle,1,11,1320,43,Angry_face_1,1,1,0.5190846920013428,0.07637597620487213
1,arousal,midpoint_as_high,ce_class_weighted,shuffle,1,11,1321,43,Dog_26,1,0,0.2139834314584732,-1.301079273223877
1,arousal,midpoint_as_high,ce_class_weighted,shuffle,1,11,1322,43,8370,1,1,0.8386054635047913,1.647888422012329
1,arousal,midpoint_as_high,ce_class_weighted,shuffle,1,11,1323,43,Dog_6,0,0,0.13033702969551086,-1.897982120513916
1,arousal,midpoint_as_high,ce_class_weighted,shuffle,1,11,1324,43,9220,1,1,0.6728598475456238,0.7211481928825378
1,arousal,midpoint_as_high,ce_class_weighted,shuffle,1,11,1325,43,Lake_12,0,1,0.7081722617149353,0.8865238428115845
1,arousal,midpoint_as_high,ce_class_weighted,shuffle,1,11,1326,43,2314,0,0,0.45620688796043396,-0.17562244832515717
1,arousal,midpoint_as_high,ce_class_weighted,shuffle,1,11,1327,43,1750,0,0,0.06781309098005295,-2.6207780838012695
1,arousal,midpoint_as_high,ce_class_weighted,shuffle,1,11,1328,43,8492,0,0,0.06861752271652222,-2.6081221103668213
1,arousal,midpoint_as_high,ce_class_weighted,shuffle,1,11,1329,43,1441,0,1,0.8210077285766602,1.5231900215148926
1,arousal,midpoint_as_high,ce_class_weighted,shuffle,1,11,1330,43,Flowers_6,0,0,0.04433371126651764,-3.0706634521484375
1,arousal,midpoint_as_high,ce_class_weighted,shuffle,1,11,1331,43,Yarn_1,0,1,0.8482583165168762,1.7210056781768799
1,arousal,midpoint_as_high,ce_class_weighted,shuffle,1,11,1332,43,9331,1,1,0.7177525758743286,0.9333407878875732
1,arousal,midpoint_as_high,ce_class_weighted,shuffle,1,11,1333,43,Beach_1,0,1,0.8592198491096497,1.8088250160217285
1,arousal,midpoint_as_high,ce_class_weighted,shuffle,1,11,1334,43,2491,1,1,0.8726670742034912,1.924748420715332
1,arousal,midpoint_as_high,ce_class_weighted,shuffle,1,11,1335,43,9360,1,0,0.3479210436344147,-0.6281900405883789
1,arousal,midpoint_as_high,ce_class_weighted,shuffle,1,11,1336,43,Lake_3,0,0,0.2836078107357025,-0.9266355037689209
1,arousal,midpoint_as_high,ce_class_weighted,shuffle,1,11,1337,43,3170,1,1,0.8059093356132507,1.4236459732055664
1,arousal,midpoint_as_high,ce_class_weighted,shuffle,1,11,1338,43,8080,1,0,0.23135168850421906,-1.2006945610046387
1,arousal,midpoint_as_high,ce_class_weighted,shuffle,1,11,1339,43,Snow_1,0,1,0.7788338661193848,1.2588837146759033
1,arousal,midpoint_as_high,ce_class_weighted,shuffle,1,11,1340,43,4220,0,1,0.5135471820831299,0.0542018786072731
1,arousal,midpoint_as_high,ce_class_weighted,shuffle,1,11,1341,43,5760,0,0,0.18861636519432068,-1.4590258598327637
1,arousal,midpoint_as_high,ce_class_weighted,shuffle,1,11,1342,43,3063,1,1,0.9214978814125061,2.462874412536621
1,arousal,midpoint_as_high,ce_class_weighted,shuffle,1,11,1343,43,3080,1,0,0.3855213224887848,-0.4661778211593628
1,arousal,midpoint_as_high,ce_class_weighted,shuffle,1,11,1632,54,Dummy_1,1,1,0.7148898839950562,0.9192531108856201
1,arousal,midpoint_as_high,ce_class_weighted,shuffle,1,11,1633,54,3053,1,0,0.3027578592300415,-0.8341994285583496
1,arousal,midpoint_as_high,ce_class_weighted,shuffle,1,11,1634,54,Tumor_1,1,0,0.026979681104421616,-3.5853209495544434
1,arousal,midpoint_as_high,ce_class_weighted,shuffle,1,11,1635,54,Dog_18,0,0,0.023442603647708893,-3.729478597640991
1,arousal,midpoint_as_high,ce_class_weighted,shuffle,1,11,1636,54,Miserable_pose_3,1,0,0.285611629486084,-0.9167938232421875
1,arousal,midpoint_as_high,ce_class_weighted,shuffle,1,11,1637,54,Pinecone_1,0,0,0.12149511277675629,-1.9783475399017334
1,arousal,midpoint_as_high,ce_class_weighted,shuffle,1,11,1638,54,Garbage_dump_6,1,0,0.04030882939696312,-3.170041084289551
1,arousal,midpoint_as_high,ce_class_weighted,shuffle,1,11,1639,54,Depressed_pose_4,1,0,0.058179039508104324,-2.784290075302124
1,arousal,midpoint_as_high,ce_class_weighted,shuffle,1,11,1640,54,Angry_face_1,1,1,0.5293220281600952,0.11742301285266876
1,arousal,midpoint_as_high,ce_class_weighted,shuffle,1,11,1641,54,Dog_26,1,1,0.589471697807312,0.3617819845676422
1,arousal,midpoint_as_high,ce_class_weighted,shuffle,1,11,1642,54,8370,1,1,0.8575192093849182,1.7948360443115234
1,arousal,midpoint_as_high,ce_class_weighted,shuffle,1,11,1643,54,Dog_6,0,0,0.3259001076221466,-0.7267875075340271
1,arousal,midpoint_as_high,ce_class_weighted,shuffle,1,11,1644,54,9220,1,0,0.038073182106018066,-3.229428291320801
1,arousal,midpoint_as_high,ce_class_weighted,shuffle,1,11,1645,54,Lake_12,0,0,0.07493562996387482,-2.5132339000701904
1,arousal,midpoint_as_high,ce_class_weighted,shuffle,1,11,1646,54,2314,0,0,0.29867008328437805,-0.8536388874053955
1,arousal,midpoint_as_high,ce_class_weighted,shuffle,1,11,1647,54,1750,0,0,0.3985637426376343,-0.41145315766334534
1,arousal,midpoint_as_high,ce_class_weighted,shuffle,1,11,1648,54,8492,1,1,0.6159634590148926,0.47244992852211
1,arousal,midpoint_as_high,ce_class_weighted,shuffle,1,11,1649,54,1441,0,1,0.809759795665741,1.4484500885009766
1,arousal,midpoint_as_high,ce_class_weighted,shuffle,1,11,1650,54,Flowers_6,0,0,0.22804386913776398,-1.2193896770477295
1,arousal,midpoint_as_high,ce_class_weighted,shuffle,1,11,1651,54,Yarn_1,1,0,0.25359126925468445,-1.0795495510101318
1,arousal,midpoint_as_high,ce_class_weighted,shuffle,1,11,1652,54,9331,1,0,0.25108247995376587,-1.092847228050232
1,arousal,midpoint_as_high,ce_class_weighted,shuffle,1,11,1653,54,Beach_1,0,1,0.6567582488059998,0.6488808989524841
1,arousal,midpoint_as_high,ce_class_weighted,shuffle,1,11,1654,54,2491,0,0,0.18970194458961487,-1.4519480466842651
1,arousal,midpoint_as_high,ce_class_weighted,shuffle,1,11,1655,54,9360,1,1,0.773496687412262,1.2281619310379028
1,arousal,midpoint_as_high,ce_class_weighted,shuffle,1,11,1656,54,Lake_3,0,1,0.5666543245315552,0.2682136595249176
1,arousal,midpoint_as_high,ce_class_weighted,shuffle,1,11,1657,54,3170,1,0,0.22052007913589478,-1.2626380920410156
1,arousal,midpoint_as_high,ce_class_weighted,shuffle,1,11,1658,54,8080,1,1,0.6112746000289917,0.45267319679260254
1,arousal,midpoint_as_high,ce_class_weighted,shuffle,1,11,1659,54,Snow_1,1,1,0.6737276911735535,0.7250937819480896
1,arousal,midpoint_as_high,ce_class_weighted,shuffle,1,11,1660,54,4220,1,1,0.5404625535011292,0.16220501065254211
1,arousal,midpoint_as_high,ce_class_weighted,shuffle,1,11,1661,54,5760,0,0,0.42197883129119873,-0.3146554231643677
1,arousal,midpoint_as_high,ce_class_weighted,shuffle,1,11,1662,54,3063,1,0,0.17203335464000702,-1.571284532546997
1,arousal,midpoint_as_high,ce_class_weighted,shuffle,1,11,1663,54,3080,1,1,0.6961663365364075,0.8291082978248596
1,arousal,midpoint_as_high,ce_class_weighted,shuffle,1,11,1760,58,Dummy_1,1,0,0.21163129806518555,-1.3151202201843262
1,arousal,midpoint_as_high,ce_class_weighted,shuffle,1,11,1761,58,3053,1,0,0.050512321293354034,-2.9337053298950195
1,arousal,midpoint_as_high,ce_class_weighted,shuffle,1,11,1762,58,Tumor_1,1,1,0.5475276112556458,0.19068625569343567
1,arousal,midpoint_as_high,ce_class_weighted,shuffle,1,11,1763,58,Dog_18,0,0,0.08561385422945023,-2.368405818939209
1,arousal,midpoint_as_high,ce_class_weighted,shuffle,1,11,1764,58,Miserable_pose_3,1,0,0.08469299972057343,-2.3802266120910645
1,arousal,midpoint_as_high,ce_class_weighted,shuffle,1,11,1765,58,Pinecone_1,0,1,0.6401234865188599,0.5759000778198242
1,arousal,midpoint_as_high,ce_class_weighted,shuffle,1,11,1766,58,Garbage_dump_6,0,1,0.7380529046058655,1.0358728170394897
1,arousal,midpoint_as_high,ce_class_weighted,shuffle,1,11,1767,58,Depressed_pose_4,0,0,0.04760129749774933,-2.996123790740967
1,arousal,midpoint_as_high,ce_class_weighted,shuffle,1,11,1768,58,Angry_face_1,0,0,0.1044556125998497,-2.148669481277466
1,arousal,midpoint_as_high,ce_class_weighted,shuffle,1,11,1769,58,Dog_26,1,1,0.5621702671051025,0.24997478723526
1,arousal,midpoint_as_high,ce_class_weighted,shuffle,1,11,1770,58,8370,0,0,0.05751302093267441,-2.796510696411133
1,arousal,midpoint_as_high,ce_class_weighted,shuffle,1,11,1771,58,Dog_6,0,0,0.28214791417121887,-0.9338321685791016
1,arousal,midpoint_as_high,ce_class_weighted,shuffle,1,11,1772,58,9220,0,0,0.09556588530540466,-2.2474935054779053
1,arousal,midpoint_as_high,ce_class_weighted,shuffle,1,11,1773,58,Lake_12,0,0,0.1159883439540863,-2.0309805870056152
1,arousal,midpoint_as_high,ce_class_weighted,shuffle,1,11,1774,58,2314,0,0,0.029346046969294548,-3.498812198638916
1,arousal,midpoint_as_high,ce_class_weighted,shuffle,1,11,1775,58,1750,0,0,0.029585255309939384,-3.490447521209717
1,arousal,midpoint_as_high,ce_class_weighted,shuffle,1,11,1776,58,8492,1,0,0.4778161346912384,-0.08879375457763672
1,arousal,midpoint_as_high,ce_class_weighted,shuffle,1,11,1777,58,1441,0,0,0.03167184069752693,-3.420142889022827
1,arousal,midpoint_as_high,ce_class_weighted,shuffle,1,11,1778,58,Flowers_6,0,0,0.07203666865825653,-2.555816888809204
1,arousal,midpoint_as_high,ce_class_weighted,shuffle,1,11,1779,58,Yarn_1,0,0,0.26521947979927063,-1.0190141201019287
1,arousal,midpoint_as_high,ce_class_weighted,shuffle,1,11,1780,58,9331,0,1,0.8705372214317322,1.9057166576385498
1,arousal,midpoint_as_high,ce_class_weighted,shuffle,1,11,1781,58,Beach_1,0,1,0.6586031913757324,0.6570757627487183
1,arousal,midpoint_as_high,ce_class_weighted,shuffle,1,11,1782,58,2491,0,0,0.01702987216413021,-4.055609703063965
1,arousal,midpoint_as_high,ce_class_weighted,shuffle,1,11,1783,58,9360,0,0,0.0308347437530756,-3.4477930068969727
1,arousal,midpoint_as_high,ce_class_weighted,shuffle,1,11,1784,58,Lake_3,0,0,0.0317816436290741,-3.4165687561035156
1,arousal,midpoint_as_high,ce_class_weighted,shuffle,1,11,1785,58,3170,1,1,0.84665846824646,1.7086296081542969
1,arousal,midpoint_as_high,ce_class_weighted,shuffle,1,11,1786,58,8080,0,0,0.02083135023713112,-3.8502447605133057
1,arousal,midpoint_as_high,ce_class_weighted,shuffle,1,11,1787,58,Snow_1,0,0,0.27952495217323303,-0.9468193650245667
1,arousal,midpoint_as_high,ce_class_weighted,shuffle,1,11,1788,58,4220,0,0,0.06676744669675827,-2.6374387741088867
1,arousal,midpoint_as_high,ce_class_weighted,shuffle,1,11,1789,58,5760,0,0,0.03402956202626228,-3.3459036350250244
1,arousal,midpoint_as_high,ce_class_weighted,shuffle,1,11,1790,58,3063,1,0,0.023381344974040985,-3.7321577072143555
1,arousal,midpoint_as_high,ce_class_weighted,shuffle,1,11,1791,58,3080,1,0,0.025035493075847626,-3.662106513977051
1,arousal,midpoint_as_high,ce_class_weighted,shuffle,1,11,1792,59,Dummy_1,1,0,0.3415132761001587,-0.6565577387809753
1,arousal,midpoint_as_high,ce_class_weighted,shuffle,1,11,1793,59,3053,1,0,0.11087657511234283,-2.0818183422088623
1,arousal,midpoint_as_high,ce_class_weighted,shuffle,1,11,1794,59,Tumor_1,1,1,0.5300320386886597,0.12027290463447571
1,arousal,midpoint_as_high,ce_class_weighted,shuffle,1,11,1795,59,Dog_18,1,1,0.5277942419052124,0.11129188537597656
1,arousal,midpoint_as_high,ce_class_weighted,shuffle,1,11,1796,59,Miserable_pose_3,1,0,0.19320356845855713,-1.4293270111083984
1,arousal,midpoint_as_high,ce_class_weighted,shuffle,1,11,1797,59,Pinecone_1,0,0,0.14229413866996765,-1.7963649034500122
1,arousal,midpoint_as_high,ce_class_weighted,shuffle,1,11,1798,59,Garbage_dump_6,1,0,0.056719664484262466,-2.8112425804138184
1,arousal,midpoint_as_high,ce_class_weighted,shuffle,1,11,1799,59,Depressed_pose_4,1,1,0.5741150975227356,0.2986608147621155
1,arousal,midpoint_as_high,ce_class_weighted,shuffle,1,11,1800,59,Angry_face_1,1,1,0.5807592272758484,0.32589077949523926
1,arousal,midpoint_as_high,ce_class_weighted,shuffle,1,11,1801,59,Dog_26,1,0,0.17300741374492645,-1.5644612312316895
1,arousal,midpoint_as_high,ce_class_weighted,shuffle,1,11,1802,59,8370,1,1,0.7609021067619324,1.157631516456604
1,arousal,midpoint_as_high,ce_class_weighted,shuffle,1,11,1803,59,Dog_6,1,1,0.8348584771156311,1.620459794998169
1,arousal,midpoint_as_high,ce_class_weighted,shuffle,1,11,1804,59,9220,1,1,0.810442328453064,1.4528865814208984
1,arousal,midpoint_as_high,ce_class_weighted,shuffle,1,11,1805,59,Lake_12,0,0,0.030550485476851463,-3.457347869873047
1,arousal,midpoint_as_high,ce_class_weighted,shuffle,1,11,1806,59,2314,1,1,0.8882172703742981,2.0726587772369385
1,arousal,midpoint_as_high,ce_class_weighted,shuffle,1,11,1807,59,1750,1,0,0.2957150638103485,-0.8677865862846375
1,arousal,midpoint_as_high,ce_class_weighted,shuffle,1,11,1808,59,8492,1,0,0.3757849633693695,-0.5074779987335205
1,arousal,midpoint_as_high,ce_class_weighted,shuffle,1,11,1809,59,1441,0,0,0.4015764892101288,-0.39890068769454956
1,arousal,midpoint_as_high,ce_class_weighted,shuffle,1,11,1810,59,Flowers_6,1,0,0.15339593589305878,-1.708210825920105
1,arousal,midpoint_as_high,ce_class_weighted,shuffle,1,11,1811,59,Yarn_1,0,1,0.6677027940750122,0.6978135108947754
1,arousal,midpoint_as_high,ce_class_weighted,shuffle,1,11,1812,59,9331,1,0,0.4895784556865692,-0.04169220104813576
1,arousal,midpoint_as_high,ce_class_weighted,shuffle,1,11,1813,59,Beach_1,0,0,0.16945986449718475,-1.5894601345062256
1,arousal,midpoint_as_high,ce_class_weighted,shuffle,1,11,1814,59,2491,1,0,0.24908241629600525,-1.1035120487213135
1,arousal,midpoint_as_high,ce_class_weighted,shuffle,1,11,1815,59,9360,0,1,0.8070405721664429,1.430894136428833
1,arousal,midpoint_as_high,ce_class_weighted,shuffle,1,11,1816,59,Lake_3,0,1,0.9542924761772156,3.0387067794799805
1,arousal,midpoint_as_high,ce_class_weighted,shuffle,1,11,1817,59,3170,1,1,0.6332685947418213,0.5462650060653687
1,arousal,midpoint_as_high,ce_class_weighted,shuffle,1,11,1818,59,8080,1,0,0.1063028946518898,-2.1290743350982666
1,arousal,midpoint_as_high,ce_class_weighted,shuffle,1,11,1819,59,Snow_1,0,1,0.7244741916656494,0.9667649269104004
1,arousal,midpoint_as_high,ce_class_weighted,shuffle,1,11,1820,59,4220,1,0,0.09033627063035965,-2.3095359802246094
1,arousal,midpoint_as_high,ce_class_weighted,shuffle,1,11,1821,59,5760,0,0,0.0314839631319046,-3.4262866973876953
1,arousal,midpoint_as_high,ce_class_weighted,shuffle,1,11,1822,59,3063,1,1,0.8609812259674072,1.8234636783599854
1,arousal,midpoint_as_high,ce_class_weighted,shuffle,1,11,1823,59,3080,1,1,0.8347800374031067,1.619890809059143
1,arousal,midpoint_as_high,ce_class_weighted,shuffle,1,11,1984,65,Dummy_1,1,1,0.5285802483558655,0.11444593966007233
1,arousal,midpoint_as_high,ce_class_weighted,shuffle,1,11,1985,65,3053,1,1,0.5516870617866516,0.207489475607872
1,arousal,midpoint_as_high,ce_class_weighted,shuffle,1,11,1986,65,Tumor_1,1,1,0.7959727048873901,1.3613111972808838
1,arousal,midpoint_as_high,ce_class_weighted,shuffle,1,11,1987,65,Dog_18,0,0,0.06958495080471039,-2.5930824279785156
1,arousal,midpoint_as_high,ce_class_weighted,shuffle,1,11,1988,65,Miserable_pose_3,1,0,0.08163732290267944,-2.4203057289123535
1,arousal,midpoint_as_high,ce_class_weighted,shuffle,1,11,1989,65,Pinecone_1,0,1,0.8542162179946899,1.7680599689483643
1,arousal,midpoint_as_high,ce_class_weighted,shuffle,1,11,1990,65,Garbage_dump_6,0,1,0.6675291657447815,0.6970308423042297
1,arousal,midpoint_as_high,ce_class_weighted,shuffle,1,11,1991,65,Depressed_pose_4,0,0,0.03774353861808777,-3.238466739654541
1,arousal,midpoint_as_high,ce_class_weighted,shuffle,1,11,1992,65,Angry_face_1,0,0,0.07620914280414581,-2.495004177093506
1,arousal,midpoint_as_high,ce_class_weighted,shuffle,1,11,1993,65,Dog_26,1,1,0.727708637714386,0.9830279350280762
1,arousal,midpoint_as_high,ce_class_weighted,shuffle,1,11,1994,65,8370,0,0,0.051661714911460876,-2.90999436378479
1,arousal,midpoint_as_high,ce_class_weighted,shuffle,1,11,1995,65,Dog_6,0,0,0.19224928319454193,-1.4354605674743652
1,arousal,midpoint_as_high,ce_class_weighted,shuffle,1,11,1996,65,9220,0,0,0.10465732216835022,-2.146515130996704
1,arousal,midpoint_as_high,ce_class_weighted,shuffle,1,11,1997,65,Lake_12,0,1,0.9590653777122498,3.1539814472198486
1,arousal,midpoint_as_high,ce_class_weighted,shuffle,1,11,1998,65,2314,0,0,0.07286659628152847,-2.5434670448303223
1,arousal,midpoint_as_high,ce_class_weighted,shuffle,1,11,1999,65,1750,0,0,0.21233679354190826,-1.310896873474121
1,arousal,midpoint_as_high,ce_class_weighted,shuffle,1,11,2000,65,8492,1,0,0.33939328789711,-0.6659990549087524
1,arousal,midpoint_as_high,ce_class_weighted,shuffle,1,11,2001,65,1441,0,1,0.5697896480560303,0.2809928059577942
1,arousal,midpoint_as_high,ce_class_weighted,shuffle,1,11,2002,65,Flowers_6,0,0,0.423358291387558,-0.3090023100376129
1,arousal,midpoint_as_high,ce_class_weighted,shuffle,1,11,2003,65,Yarn_1,0,0,0.49505800008773804,-0.019768700003623962
1,arousal,midpoint_as_high,ce_class_weighted,shuffle,1,11,2004,65,9331,0,1,0.7128514051437378,0.9092731475830078
1,arousal,midpoint_as_high,ce_class_weighted,shuffle,1,11,2005,65,Beach_1,0,1,0.7414580583572388,1.053560495376587
1,arousal,midpoint_as_high,ce_class_weighted,shuffle,1,11,2006,65,2491,0,0,0.08199942111968994,-2.4154858589172363
1,arousal,midpoint_as_high,ce_class_weighted,shuffle,1,11,2007,65,9360,1,1,0.8336493968963623,1.6117151975631714
1,arousal,midpoint_as_high,ce_class_weighted,shuffle,1,11,2008,65,Lake_3,0,1,0.5068387985229492,0.027356844395399094
1,arousal,midpoint_as_high,ce_class_weighted,shuffle,1,11,2009,65,3170,1,0,0.29919013381004333,-0.8511574268341064
1,arousal,midpoint_as_high,ce_class_weighted,shuffle,1,11,2010,65,8080,0,1,0.9730259776115417,3.5855369567871094
1,arousal,midpoint_as_high,ce_class_weighted,shuffle,1,11,2011,65,Snow_1,0,0,0.217450812458992,-1.2805840969085693
1,arousal,midpoint_as_high,ce_class_weighted,shuffle,1,11,2012,65,4220,0,1,0.5536055564880371,0.2152494192123413
1,arousal,midpoint_as_high,ce_class_weighted,shuffle,1,11,2013,65,5760,0,1,0.9550805687904358,3.056924343109131
1,arousal,midpoint_as_high,ce_class_weighted,shuffle,1,11,2014,65,3063,1,1,0.7346641421318054,1.0184170007705688
1,arousal,midpoint_as_high,ce_class_weighted,shuffle,1,11,2015,65,3080,1,0,0.3283948302268982,-0.7154539823532104
2,arousal,midpoint_as_high,balanced_sampler_ce,weighted_random_sampler,1,11,128,6,Dummy_1,1,0,0.45713090896606445,-0.17189833521842957
2,arousal,midpoint_as_high,balanced_sampler_ce,weighted_random_sampler,1,11,129,6,3053,1,0,0.23626312613487244,-1.1732772588729858
2,arousal,midpoint_as_high,balanced_sampler_ce,weighted_random_sampler,1,11,130,6,Tumor_1,1,0,0.4362359344959259,-0.256452739238739
2,arousal,midpoint_as_high,balanced_sampler_ce,weighted_random_sampler,1,11,131,6,Dog_18,1,1,0.8890954256057739,2.081533908843994
2,arousal,midpoint_as_high,balanced_sampler_ce,weighted_random_sampler,1,11,132,6,Miserable_pose_3,1,1,0.6670666933059692,0.6949479579925537
2,arousal,midpoint_as_high,balanced_sampler_ce,weighted_random_sampler,1,11,133,6,Pinecone_1,1,0,0.20386125147342682,-1.3623337745666504
2,arousal,midpoint_as_high,balanced_sampler_ce,weighted_random_sampler,1,11,134,6,Garbage_dump_6,1,0,0.3996264338493347,-0.4070218801498413
2,arousal,midpoint_as_high,balanced_sampler_ce,weighted_random_sampler,1,11,135,6,Depressed_pose_4,1,0,0.4428599774837494,-0.22956298291683197
2,arousal,midpoint_as_high,balanced_sampler_ce,weighted_random_sampler,1,11,136,6,Angry_face_1,1,1,0.8344439268112183,1.6174553632736206
2,arousal,midpoint_as_high,balanced_sampler_ce,weighted_random_sampler,1,11,137,6,Dog_26,1,1,0.8678586483001709,1.8821566104888916
2,arousal,midpoint_as_high,balanced_sampler_ce,weighted_random_sampler,1,11,138,6,8370,1,0,0.42029258608818054,-0.3215724527835846
2,arousal,midpoint_as_high,balanced_sampler_ce,weighted_random_sampler,1,11,139,6,Dog_6,1,1,0.5837785005569458,0.3383041024208069
2,arousal,midpoint_as_high,balanced_sampler_ce,weighted_random_sampler,1,11,140,6,9220,1,1,0.8787707090377808,1.9808399677276611
2,arousal,midpoint_as_high,balanced_sampler_ce,weighted_random_sampler,1,11,141,6,Lake_12,1,0,0.15679968893527985,-1.6822353601455688
2,arousal,midpoint_as_high,balanced_sampler_ce,weighted_random_sampler,1,11,142,6,2314,1,1,0.6832448840141296,0.7687244415283203
2,arousal,midpoint_as_high,balanced_sampler_ce,weighted_random_sampler,1,11,143,6,1750,1,1,0.813182532787323,1.4708235263824463
2,arousal,midpoint_as_high,balanced_sampler_ce,weighted_random_sampler,1,11,144,6,8492,1,1,0.8667092323303223,1.872170329093933
2,arousal,midpoint_as_high,balanced_sampler_ce,weighted_random_sampler,1,11,145,6,1441,1,0,0.2845683991909027,-0.9219121932983398
2,arousal,midpoint_as_high,balanced_sampler_ce,weighted_random_sampler,1,11,146,6,Flowers_6,1,0,0.22615981101989746,-1.230123519897461
2,arousal,midpoint_as_high,balanced_sampler_ce,weighted_random_sampler,1,11,147,6,Yarn_1,1,1,0.8622230887413025,1.8338780403137207
2,arousal,midpoint_as_high,balanced_sampler_ce,weighted_random_sampler,1,11,148,6,9331,1,0,0.2304607629776001,-1.2057113647460938
2,arousal,midpoint_as_high,balanced_sampler_ce,weighted_random_sampler,1,11,149,6,Beach_1,1,0,0.18691708147525787,-1.4701679944992065
2,arousal,midpoint_as_high,balanced_sampler_ce,weighted_random_sampler,1,11,150,6,2491,0,1,0.5419382452964783,0.16814807057380676
2,arousal,midpoint_as_high,balanced_sampler_ce,weighted_random_sampler,1,11,151,6,9360,1,1,0.5210336446762085,0.08418422937393188
2,arousal,midpoint_as_high,balanced_sampler_ce,weighted_random_sampler,1,11,152,6,Lake_3,1,0,0.112727589905262,-2.0631778240203857
2,arousal,midpoint_as_high,balanced_sampler_ce,weighted_random_sampler,1,11,153,6,3170,1,0,0.14667458832263947,-1.7609245777130127
2,arousal,midpoint_as_high,balanced_sampler_ce,weighted_random_sampler,1,11,154,6,8080,0,1,0.7971522808074951,1.368590235710144
2,arousal,midpoint_as_high,balanced_sampler_ce,weighted_random_sampler,1,11,155,6,Snow_1,1,1,0.680083155632019,0.7541540861129761
2,arousal,midpoint_as_high,balanced_sampler_ce,weighted_random_sampler,1,11,156,6,4220,1,1,0.8332882523536682,1.6091134548187256
2,arousal,midpoint_as_high,balanced_sampler_ce,weighted_random_sampler,1,11,157,6,5760,1,0,0.18041057884693146,-1.51356840133667
2,arousal,midpoint_as_high,balanced_sampler_ce,weighted_random_sampler,1,11,158,6,3063,1,1,0.681578516960144,0.7610356211662292
2,arousal,midpoint_as_high,balanced_sampler_ce,weighted_random_sampler,1,11,159,6,3080,1,1,0.6596879363059998,0.6619040369987488
2,arousal,midpoint_as_high,balanced_sampler_ce,weighted_random_sampler,1,11,160,7,Dummy_1,0,1,0.6786903142929077,0.7477592825889587
2,arousal,midpoint_as_high,balanced_sampler_ce,weighted_random_sampler,1,11,161,7,3053,1,1,0.5139620900154114,0.0558629035949707
2,arousal,midpoint_as_high,balanced_sampler_ce,weighted_random_sampler,1,11,162,7,Tumor_1,1,1,0.5176213383674622,0.07051461935043335
2,arousal,midpoint_as_high,balanced_sampler_ce,weighted_random_sampler,1,11,163,7,Dog_18,1,1,0.6176973581314087,0.47978609800338745
2,arousal,midpoint_as_high,balanced_sampler_ce,weighted_random_sampler,1,11,164,7,Miserable_pose_3,0,0,0.4198479652404785,-0.3233976662158966
2,arousal,midpoint_as_high,balanced_sampler_ce,weighted_random_sampler,1,11,165,7,Pinecone_1,0,0,0.4182879626750946,-0.32980549335479736
2,arousal,midpoint_as_high,balanced_sampler_ce,weighted_random_sampler,1,11,166,7,Garbage_dump_6,0,1,0.6059405207633972,0.4302798807621002
2,arousal,midpoint_as_high,balanced_sampler_ce,weighted_random_sampler,1,11,167,7,Depressed_pose_4,0,1,0.8764476180076599,1.9592113494873047
2,arousal,midpoint_as_high,balanced_sampler_ce,weighted_random_sampler,1,11,168,7,Angry_face_1,0,1,0.729066789150238,0.9898928999900818
2,arousal,midpoint_as_high,balanced_sampler_ce,weighted_random_sampler,1,11,169,7,Dog_26,0,0,0.3826565742492676,-0.4782875180244446
2,arousal,midpoint_as_high,balanced_sampler_ce,weighted_random_sampler,1,11,170,7,8370,0,1,0.9040549993515015,2.2431154251098633
2,arousal,midpoint_as_high,balanced_sampler_ce,weighted_random_sampler,1,11,171,7,Dog_6,1,0,0.20111830532550812,-1.379319667816162
2,arousal,midpoint_as_high,balanced_sampler_ce,weighted_random_sampler,1,11,172,7,9220,0,1,0.7916070818901062,1.3346397876739502
2,arousal,midpoint_as_high,balanced_sampler_ce,weighted_random_sampler,1,11,173,7,Lake_12,0,1,0.8537460565567017,1.7642889022827148
2,arousal,midpoint_as_high,balanced_sampler_ce,weighted_random_sampler,1,11,174,7,2314,0,1,0.5686884522438049,0.2765021026134491
2,arousal,midpoint_as_high,balanced_sampler_ce,weighted_random_sampler,1,11,175,7,1750,0,1,0.6437954306602478,0.5918759107589722
2,arousal,midpoint_as_high,balanced_sampler_ce,weighted_random_sampler,1,11,176,7,8492,0,1,0.9019783735275269,2.219402313232422
2,arousal,midpoint_as_high,balanced_sampler_ce,weighted_random_sampler,1,11,177,7,1441,0,0,0.3025151491165161,-0.835349440574646
2,arousal,midpoint_as_high,balanced_sampler_ce,weighted_random_sampler,1,11,178,7,Flowers_6,0,1,0.9238587617874146,2.495969295501709
2,arousal,midpoint_as_high,balanced_sampler_ce,weighted_random_sampler,1,11,179,7,Yarn_1,0,1,0.8340035080909729,1.6142709255218506
2,arousal,midpoint_as_high,balanced_sampler_ce,weighted_random_sampler,1,11,180,7,9331,0,0,0.34802886843681335,-0.6277148127555847
2,arousal,midpoint_as_high,balanced_sampler_ce,weighted_random_sampler,1,11,181,7,Beach_1,0,1,0.906184196472168,2.267909049987793
2,arousal,midpoint_as_high,balanced_sampler_ce,weighted_random_sampler,1,11,182,7,2491,0,1,0.6465532183647156,0.6039226651191711
2,arousal,midpoint_as_high,balanced_sampler_ce,weighted_random_sampler,1,11,183,7,9360,0,1,0.8753345012664795,1.9489719867706299
2,arousal,midpoint_as_high,balanced_sampler_ce,weighted_random_sampler,1,11,184,7,Lake_3,0,0,0.48459598422050476,-0.0616355836391449
2,arousal,midpoint_as_high,balanced_sampler_ce,weighted_random_sampler,1,11,185,7,3170,0,1,0.8384385704994202,1.6466560363769531
2,arousal,midpoint_as_high,balanced_sampler_ce,weighted_random_sampler,1,11,186,7,8080,0,1,0.6403599977493286,0.5769269466400146
2,arousal,midpoint_as_high,balanced_sampler_ce,weighted_random_sampler,1,11,187,7,Snow_1,0,1,0.6324759125709534,0.5428532958030701
2,arousal,midpoint_as_high,balanced_sampler_ce,weighted_random_sampler,1,11,188,7,4220,0,0,0.18832437694072723,-1.4609348773956299
2,arousal,midpoint_as_high,balanced_sampler_ce,weighted_random_sampler,1,11,189,7,5760,0,0,0.20665118098258972,-1.3452308177947998
2,arousal,midpoint_as_high,balanced_sampler_ce,weighted_random_sampler,1,11,190,7,3063,0,1,0.833476185798645,1.6104671955108643
2,arousal,midpoint_as_high,balanced_sampler_ce,weighted_random_sampler,1,11,191,7,3080,0,0,0.4146205186843872,-0.34489667415618896
2,arousal,midpoint_as_high,balanced_sampler_ce,weighted_random_sampler,1,11,192,8,Dummy_1,1,1,0.9405404925346375,2.7611589431762695
2,arousal,midpoint_as_high,balanced_sampler_ce,weighted_random_sampler,1,11,193,8,3053,1,0,0.3052597641944885,-0.8223749399185181
2,arousal,midpoint_as_high,balanced_sampler_ce,weighted_random_sampler,1,11,194,8,Tumor_1,1,1,0.8343315720558167,1.6166422367095947
2,arousal,midpoint_as_high,balanced_sampler_ce,weighted_random_sampler,1,11,195,8,Dog_18,1,1,0.8954262137413025,2.147407293319702
2,arousal,midpoint_as_high,balanced_sampler_ce,weighted_random_sampler,1,11,196,8,Miserable_pose_3,0,1,0.9272540807723999,2.545254945755005
2,arousal,midpoint_as_high,balanced_sampler_ce,weighted_random_sampler,1,11,197,8,Pinecone_1,0,1,0.8733991980552673,1.931354284286499
2,arousal,midpoint_as_high,balanced_sampler_ce,weighted_random_sampler,1,11,198,8,Garbage_dump_6,0,1,0.9539431929588318,3.030726909637451
2,arousal,midpoint_as_high,balanced_sampler_ce,weighted_random_sampler,1,11,199,8,Depressed_pose_4,0,1,0.7733088135719299,1.227089762687683
2,arousal,midpoint_as_high,balanced_sampler_ce,weighted_random_sampler,1,11,200,8,Angry_face_1,0,1,0.8740047216415405,1.9368407726287842
2,arousal,midpoint_as_high,balanced_sampler_ce,weighted_random_sampler,1,11,201,8,Dog_26,1,0,0.33216676115989685,-0.6984013915061951
2,arousal,midpoint_as_high,balanced_sampler_ce,weighted_random_sampler,1,11,202,8,8370,1,0,0.3431030213832855,-0.6494964957237244
2,arousal,midpoint_as_high,balanced_sampler_ce,weighted_random_sampler,1,11,203,8,Dog_6,0,1,0.94521164894104,2.847931146621704
2,arousal,midpoint_as_high,balanced_sampler_ce,weighted_random_sampler,1,11,204,8,9220,0,1,0.9158082008361816,2.386709690093994
2,arousal,midpoint_as_high,balanced_sampler_ce,weighted_random_sampler,1,11,205,8,Lake_12,0,0,0.15454408526420593,-1.6993966102600098
2,arousal,midpoint_as_high,balanced_sampler_ce,weighted_random_sampler,1,11,206,8,2314,0,1,0.8114305734634399,1.4593327045440674
2,arousal,midpoint_as_high,balanced_sampler_ce,weighted_random_sampler,1,11,207,8,1750,0,1,0.8985669016838074,2.1814017295837402
2,arousal,midpoint_as_high,balanced_sampler_ce,weighted_random_sampler,1,11,208,8,8492,1,0,0.11157475411891937,-2.0747556686401367
2,arousal,midpoint_as_high,balanced_sampler_ce,weighted_random_sampler,1,11,209,8,1441,0,1,0.882158637046814,2.0130324363708496
2,arousal,midpoint_as_high,balanced_sampler_ce,weighted_random_sampler,1,11,210,8,Flowers_6,0,1,0.9062473773956299,2.2686519622802734
2,arousal,midpoint_as_high,balanced_sampler_ce,weighted_random_sampler,1,11,211,8,Yarn_1,0,1,0.5921979546546936,0.37305906414985657
2,arousal,midpoint_as_high,balanced_sampler_ce,weighted_random_sampler,1,11,212,8,9331,0,1,0.7820624709129333,1.277726173400879
2,arousal,midpoint_as_high,balanced_sampler_ce,weighted_random_sampler,1,11,213,8,Beach_1,0,1,0.8519375324249268,1.7498791217803955
2,arousal,midpoint_as_high,balanced_sampler_ce,weighted_random_sampler,1,11,214,8,2491,0,1,0.7457523941993713,1.0760853290557861
2,arousal,midpoint_as_high,balanced_sampler_ce,weighted_random_sampler,1,11,215,8,9360,0,1,0.9518646597862244,2.9844064712524414
2,arousal,midpoint_as_high,balanced_sampler_ce,weighted_random_sampler,1,11,216,8,Lake_3,0,1,0.9403968453407288,2.758594512939453
2,arousal,midpoint_as_high,balanced_sampler_ce,weighted_random_sampler,1,11,217,8,3170,0,0,0.1948643922805786,-1.4187068939208984
2,arousal,midpoint_as_high,balanced_sampler_ce,weighted_random_sampler,1,11,218,8,8080,1,1,0.8754314184188843,1.9498600959777832
2,arousal,midpoint_as_high,balanced_sampler_ce,weighted_random_sampler,1,11,219,8,Snow_1,0,1,0.9233770370483398,2.489140510559082
2,arousal,midpoint_as_high,balanced_sampler_ce,weighted_random_sampler,1,11,220,8,4220,1,1,0.8876954913139343,2.067415237426758
2,arousal,midpoint_as_high,balanced_sampler_ce,weighted_random_sampler,1,11,221,8,5760,0,1,0.8396754264831543,1.655815601348877
2,arousal,midpoint_as_high,balanced_sampler_ce,weighted_random_sampler,1,11,222,8,3063,1,1,0.6400782465934753,0.5757036209106445
2,arousal,midpoint_as_high,balanced_sampler_ce,weighted_random_sampler,1,11,223,8,3080,1,1,0.9000145196914673,2.197385787963867
2,arousal,midpoint_as_high,balanced_sampler_ce,weighted_random_sampler,1,11,352,13,Dummy_1,0,0,0.25225207209587097,-1.086637020111084
2,arousal,midpoint_as_high,balanced_sampler_ce,weighted_random_sampler,1,11,353,13,3053,0,0,0.4297775626182556,-0.28275883197784424
2,arousal,midpoint_as_high,balanced_sampler_ce,weighted_random_sampler,1,11,354,13,Tumor_1,1,0,0.2173505425453186,-1.2811734676361084
2,arousal,midpoint_as_high,balanced_sampler_ce,weighted_random_sampler,1,11,355,13,Dog_18,0,1,0.6713919043540955,0.7144872546195984
2,arousal,midpoint_as_high,balanced_sampler_ce,weighted_random_sampler,1,11,356,13,Miserable_pose_3,0,0,0.3411053419113159,-0.6583723425865173
2,arousal,midpoint_as_high,balanced_sampler_ce,weighted_random_sampler,1,11,357,13,Pinecone_1,0,0,0.29037603735923767,-0.8935584425926208
2,arousal,midpoint_as_high,balanced_sampler_ce,weighted_random_sampler,1,11,358,13,Garbage_dump_6,0,1,0.9284290671348572,2.5628044605255127
2,arousal,midpoint_as_high,balanced_sampler_ce,weighted_random_sampler,1,11,359,13,Depressed_pose_4,0,1,0.7483024597167969,1.0895791053771973
2,arousal,midpoint_as_high,balanced_sampler_ce,weighted_random_sampler,1,11,360,13,Angry_face_1,0,1,0.8428507447242737,1.679593801498413
2,arousal,midpoint_as_high,balanced_sampler_ce,weighted_random_sampler,1,11,361,13,Dog_26,0,0,0.12466801702976227,-1.948948860168457
2,arousal,midpoint_as_high,balanced_sampler_ce,weighted_random_sampler,1,11,362,13,8370,0,1,0.8399791717529297,1.658072590827942
2,arousal,midpoint_as_high,balanced_sampler_ce,weighted_random_sampler,1,11,363,13,Dog_6,0,0,0.14992640912532806,-1.7351783514022827
2,arousal,midpoint_as_high,balanced_sampler_ce,weighted_random_sampler,1,11,364,13,9220,0,1,0.8099832534790039,1.449901819229126
2,arousal,midpoint_as_high,balanced_sampler_ce,weighted_random_sampler,1,11,365,13,Lake_12,0,0,0.2722240686416626,-0.9833676815032959
2,arousal,midpoint_as_high,balanced_sampler_ce,weighted_random_sampler,1,11,366,13,2314,0,1,0.9116814732551575,2.3343405723571777
2,arousal,midpoint_as_high,balanced_sampler_ce,weighted_random_sampler,1,11,367,13,1750,0,1,0.7760929465293884,1.2430415153503418
2,arousal,midpoint_as_high,balanced_sampler_ce,weighted_random_sampler,1,11,368,13,8492,0,0,0.17123578488826752,-1.5768942832946777
2,arousal,midpoint_as_high,balanced_sampler_ce,weighted_random_sampler,1,11,369,13,1441,0,1,0.8138257265090942,1.4750628471374512
2,arousal,midpoint_as_high,balanced_sampler_ce,weighted_random_sampler,1,11,370,13,Flowers_6,0,0,0.16978980600833893,-1.5871175527572632
2,arousal,midpoint_as_high,balanced_sampler_ce,weighted_random_sampler,1,11,371,13,Yarn_1,0,1,0.8150123953819275,1.482914686203003
2,arousal,midpoint_as_high,balanced_sampler_ce,weighted_random_sampler,1,11,372,13,9331,0,0,0.2691114544868469,-0.9991353154182434
2,arousal,midpoint_as_high,balanced_sampler_ce,weighted_random_sampler,1,11,373,13,Beach_1,0,0,0.428865909576416,-0.2864798307418823
2,arousal,midpoint_as_high,balanced_sampler_ce,weighted_random_sampler,1,11,374,13,2491,0,1,0.8649047017097473,1.8566389083862305
2,arousal,midpoint_as_high,balanced_sampler_ce,weighted_random_sampler,1,11,375,13,9360,0,0,0.33941659331321716,-0.6658951044082642
2,arousal,midpoint_as_high,balanced_sampler_ce,weighted_random_sampler,1,11,376,13,Lake_3,0,1,0.8028309345245361,1.4040825366973877
2,arousal,midpoint_as_high,balanced_sampler_ce,weighted_random_sampler,1,11,377,13,3170,0,0,0.13509505987167358,-1.8566409349441528
2,arousal,midpoint_as_high,balanced_sampler_ce,weighted_random_sampler,1,11,378,13,8080,0,1,0.6712707877159119,0.7139381766319275
2,arousal,midpoint_as_high,balanced_sampler_ce,weighted_random_sampler,1,11,379,13,Snow_1,0,1,0.851289689540863,1.7447524070739746
2,arousal,midpoint_as_high,balanced_sampler_ce,weighted_random_sampler,1,11,380,13,4220,0,1,0.6568205952644348,0.6491575837135315
2,arousal,midpoint_as_high,balanced_sampler_ce,weighted_random_sampler,1,11,381,13,5760,0,1,0.6840800046920776,0.7725857496261597
2,arousal,midpoint_as_high,balanced_sampler_ce,weighted_random_sampler,1,11,382,13,3063,0,1,0.5209310054779053,0.08377298712730408
2,arousal,midpoint_as_high,balanced_sampler_ce,weighted_random_sampler,1,11,383,13,3080,1,0,0.1482672393321991,-1.7482564449310303
2,arousal,midpoint_as_high,balanced_sampler_ce,weighted_random_sampler,1,11,832,28,Dummy_1,1,1,0.8768041729927063,1.962508201599121
2,arousal,midpoint_as_high,balanced_sampler_ce,weighted_random_sampler,1,11,833,28,3053,1,1,0.7709746956825256,1.2138231992721558
2,arousal,midpoint_as_high,balanced_sampler_ce,weighted_random_sampler,1,11,834,28,Tumor_1,1,1,0.8121599555015564,1.4641069173812866
2,arousal,midpoint_as_high,balanced_sampler_ce,weighted_random_sampler,1,11,835,28,Dog_18,0,1,0.7087898850440979,0.8895142078399658
2,arousal,midpoint_as_high,balanced_sampler_ce,weighted_random_sampler,1,11,836,28,Miserable_pose_3,1,0,0.2329929620027542,-1.1914877891540527
2,arousal,midpoint_as_high,balanced_sampler_ce,weighted_random_sampler,1,11,837,28,Pinecone_1,0,0,0.3777127265930176,-0.49926793575286865
2,arousal,midpoint_as_high,balanced_sampler_ce,weighted_random_sampler,1,11,838,28,Garbage_dump_6,0,1,0.5198259353637695,0.07934540510177612
2,arousal,midpoint_as_high,balanced_sampler_ce,weighted_random_sampler,1,11,839,28,Depressed_pose_4,0,1,0.7964597344398499,1.3643128871917725
2,arousal,midpoint_as_high,balanced_sampler_ce,weighted_random_sampler,1,11,840,28,Angry_face_1,0,1,0.8451215624809265,1.696839690208435
2,arousal,midpoint_as_high,balanced_sampler_ce,weighted_random_sampler,1,11,841,28,Dog_26,0,1,0.7256466150283813,0.9726463556289673
2,arousal,midpoint_as_high,balanced_sampler_ce,weighted_random_sampler,1,11,842,28,8370,0,0,0.17172351479530334,-1.5734612941741943
2,arousal,midpoint_as_high,balanced_sampler_ce,weighted_random_sampler,1,11,843,28,Dog_6,0,0,0.17424696683883667,-1.5558220148086548
2,arousal,midpoint_as_high,balanced_sampler_ce,weighted_random_sampler,1,11,844,28,9220,0,0,0.17891724407672882,-1.523700475692749
2,arousal,midpoint_as_high,balanced_sampler_ce,weighted_random_sampler,1,11,845,28,Lake_12,0,0,0.12220636755228043,-1.9717003107070923
2,arousal,midpoint_as_high,balanced_sampler_ce,weighted_random_sampler,1,11,846,28,2314,0,0,0.2524736523628235,-1.0854628086090088
2,arousal,midpoint_as_high,balanced_sampler_ce,weighted_random_sampler,1,11,847,28,1750,0,1,0.859889566898346,1.8143733739852905
2,arousal,midpoint_as_high,balanced_sampler_ce,weighted_random_sampler,1,11,848,28,8492,1,0,0.3683043420314789,-0.539497971534729
2,arousal,midpoint_as_high,balanced_sampler_ce,weighted_random_sampler,1,11,849,28,1441,0,0,0.13014660775661469,-1.8996632099151611
2,arousal,midpoint_as_high,balanced_sampler_ce,weighted_random_sampler,1,11,850,28,Flowers_6,0,1,0.9155707955360413,2.3836350440979004
2,arousal,midpoint_as_high,balanced_sampler_ce,weighted_random_sampler,1,11,851,28,Yarn_1,0,1,0.6565634608268738,0.6480169296264648
2,arousal,midpoint_as_high,balanced_sampler_ce,weighted_random_sampler,1,11,852,28,9331,0,0,0.42278021574020386,-0.3113706111907959
2,arousal,midpoint_as_high,balanced_sampler_ce,weighted_random_sampler,1,11,853,28,Beach_1,0,0,0.16758090257644653,-1.6028698682785034
2,arousal,midpoint_as_high,balanced_sampler_ce,weighted_random_sampler,1,11,854,28,2491,0,0,0.24220988154411316,-1.1406018733978271
2,arousal,midpoint_as_high,balanced_sampler_ce,weighted_random_sampler,1,11,855,28,9360,0,0,0.23238089680671692,-1.1949158906936646
2,arousal,midpoint_as_high,balanced_sampler_ce,weighted_random_sampler,1,11,856,28,Lake_3,0,1,0.6285687685012817,0.5260817408561707
2,arousal,midpoint_as_high,balanced_sampler_ce,weighted_random_sampler,1,11,857,28,3170,1,0,0.4846825897693634,-0.061288878321647644
2,arousal,midpoint_as_high,balanced_sampler_ce,weighted_random_sampler,1,11,858,28,8080,0,1,0.8604480028152466,1.8190157413482666
2,arousal,midpoint_as_high,balanced_sampler_ce,weighted_random_sampler,1,11,859,28,Snow_1,0,0,0.47460782527923584,-0.10165616869926453
2,arousal,midpoint_as_high,balanced_sampler_ce,weighted_random_sampler,1,11,860,28,4220,0,1,0.9130837321281433,2.3518826961517334
2,arousal,midpoint_as_high,balanced_sampler_ce,weighted_random_sampler,1,11,861,28,5760,0,1,0.878422200679779,1.9775733947753906
2,arousal,midpoint_as_high,balanced_sampler_ce,weighted_random_sampler,1,11,862,28,3063,1,1,0.8689857721328735,1.8920209407806396
2,arousal,midpoint_as_high,balanced_sampler_ce,weighted_random_sampler,1,11,863,28,3080,1,1,0.8027969002723694,1.403867483139038
2,arousal,midpoint_as_high,balanced_sampler_ce,weighted_random_sampler,1,11,1152,38,Dummy_1,1,1,0.8616109490394592,1.828735113143921
2,arousal,midpoint_as_high,balanced_sampler_ce,weighted_random_sampler,1,11,1153,38,3053,1,1,0.5961636304855347,0.38950538635253906
2,arousal,midpoint_as_high,balanced_sampler_ce,weighted_random_sampler,1,11,1154,38,Tumor_1,1,1,0.5003653168678284,0.0014613568782806396
2,arousal,midpoint_as_high,balanced_sampler_ce,weighted_random_sampler,1,11,1155,38,Dog_18,0,1,0.9193245768547058,2.4332051277160645
2,arousal,midpoint_as_high,balanced_sampler_ce,weighted_random_sampler,1,11,1156,38,Miserable_pose_3,1,0,0.47250792384147644,-0.1100793182849884
2,arousal,midpoint_as_high,balanced_sampler_ce,weighted_random_sampler,1,11,1157,38,Pinecone_1,0,0,0.4317549169063568,-0.2746947705745697
2,arousal,midpoint_as_high,balanced_sampler_ce,weighted_random_sampler,1,11,1158,38,Garbage_dump_6,1,1,0.5270819664001465,0.10843399167060852
2,arousal,midpoint_as_high,balanced_sampler_ce,weighted_random_sampler,1,11,1159,38,Depressed_pose_4,1,1,0.9368302822113037,2.6966781616210938
2,arousal,midpoint_as_high,balanced_sampler_ce,weighted_random_sampler,1,11,1160,38,Angry_face_1,0,1,0.9112802147865295,2.3293681144714355
2,arousal,midpoint_as_high,balanced_sampler_ce,weighted_random_sampler,1,11,1161,38,Dog_26,1,1,0.9095813632011414,2.3085341453552246
2,arousal,midpoint_as_high,balanced_sampler_ce,weighted_random_sampler,1,11,1162,38,8370,1,1,0.656278133392334,0.646751880645752
2,arousal,midpoint_as_high,balanced_sampler_ce,weighted_random_sampler,1,11,1163,38,Dog_6,0,0,0.10919279605150223,-2.099012851715088
2,arousal,midpoint_as_high,balanced_sampler_ce,weighted_random_sampler,1,11,1164,38,9220,1,1,0.9232187271118164,2.486905574798584
2,arousal,midpoint_as_high,balanced_sampler_ce,weighted_random_sampler,1,11,1165,38,Lake_12,0,1,0.9419429898262024,2.786519765853882
2,arousal,midpoint_as_high,balanced_sampler_ce,weighted_random_sampler,1,11,1166,38,2314,0,1,0.7040466070175171,0.8666425943374634
2,arousal,midpoint_as_high,balanced_sampler_ce,weighted_random_sampler,1,11,1167,38,1750,0,1,0.5240909457206726,0.09643861651420593
2,arousal,midpoint_as_high,balanced_sampler_ce,weighted_random_sampler,1,11,1168,38,8492,1,0,0.2733587324619293,-0.9776479601860046
2,arousal,midpoint_as_high,balanced_sampler_ce,weighted_random_sampler,1,11,1169,38,1441,0,1,0.5445659160614014,0.17873802781105042
2,arousal,midpoint_as_high,balanced_sampler_ce,weighted_random_sampler,1,11,1170,38,Flowers_6,0,1,0.7960915565490723,1.3620431423187256
2,arousal,midpoint_as_high,balanced_sampler_ce,weighted_random_sampler,1,11,1171,38,Yarn_1,1,1,0.5920748710632324,0.3725493848323822
2,arousal,midpoint_as_high,balanced_sampler_ce,weighted_random_sampler,1,11,1172,38,9331,1,1,0.9001046419143677,2.1983883380889893
2,arousal,midpoint_as_high,balanced_sampler_ce,weighted_random_sampler,1,11,1173,38,Beach_1,0,0,0.25245586037635803,-1.085556983947754
2,arousal,midpoint_as_high,balanced_sampler_ce,weighted_random_sampler,1,11,1174,38,2491,0,0,0.48519366979599,-0.05924256145954132
2,arousal,midpoint_as_high,balanced_sampler_ce,weighted_random_sampler,1,11,1175,38,9360,1,1,0.5742132067680359,0.2990620732307434
2,arousal,midpoint_as_high,balanced_sampler_ce,weighted_random_sampler,1,11,1176,38,Lake_3,1,0,0.2925763726234436,-0.8829039335250854
2,arousal,midpoint_as_high,balanced_sampler_ce,weighted_random_sampler,1,11,1177,38,3170,1,1,0.8859966993331909,2.050485610961914
2,arousal,midpoint_as_high,balanced_sampler_ce,weighted_random_sampler,1,11,1178,38,8080,1,1,0.7308245897293091,0.9988104104995728
2,arousal,midpoint_as_high,balanced_sampler_ce,weighted_random_sampler,1,11,1179,38,Snow_1,0,1,0.5185883641242981,0.07438775897026062
2,arousal,midpoint_as_high,balanced_sampler_ce,weighted_random_sampler,1,11,1180,38,4220,0,0,0.23461145162582397,-1.182452917098999
2,arousal,midpoint_as_high,balanced_sampler_ce,weighted_random_sampler,1,11,1181,38,5760,0,1,0.7824769020080566,1.280159592628479
2,arousal,midpoint_as_high,balanced_sampler_ce,weighted_random_sampler,1,11,1182,38,3063,1,0,0.12594245374202728,-1.9373211860656738
2,arousal,midpoint_as_high,balanced_sampler_ce,weighted_random_sampler,1,11,1183,38,3080,1,1,0.5150640606880188,0.06027444824576378
2,arousal,midpoint_as_high,balanced_sampler_ce,weighted_random_sampler,1,11,1312,43,Dummy_1,1,1,0.8405112028121948,1.662036657333374
2,arousal,midpoint_as_high,balanced_sampler_ce,weighted_random_sampler,1,11,1313,43,3053,1,1,0.8041438460350037,1.4123973846435547
2,arousal,midpoint_as_high,balanced_sampler_ce,weighted_random_sampler,1,11,1314,43,Tumor_1,1,1,0.7729266285896301,1.2249107360839844
2,arousal,midpoint_as_high,balanced_sampler_ce,weighted_random_sampler,1,11,1315,43,Dog_18,0,1,0.7957846522331238,1.3601534366607666
2,arousal,midpoint_as_high,balanced_sampler_ce,weighted_random_sampler,1,11,1316,43,Miserable_pose_3,1,0,0.23471753299236298,-1.1818621158599854
2,arousal,midpoint_as_high,balanced_sampler_ce,weighted_random_sampler,1,11,1317,43,Pinecone_1,0,1,0.5685597062110901,0.275977224111557
2,arousal,midpoint_as_high,balanced_sampler_ce,weighted_random_sampler,1,11,1318,43,Garbage_dump_6,1,0,0.22895695269107819,-1.2142101526260376
2,arousal,midpoint_as_high,balanced_sampler_ce,weighted_random_sampler,1,11,1319,43,Depressed_pose_4,0,1,0.7580171227455139,1.1418391466140747
2,arousal,midpoint_as_high,balanced_sampler_ce,weighted_random_sampler,1,11,1320,43,Angry_face_1,1,1,0.7237496376037598,0.9631379842758179
2,arousal,midpoint_as_high,balanced_sampler_ce,weighted_random_sampler,1,11,1321,43,Dog_26,1,0,0.44845977425575256,-0.20689575374126434
2,arousal,midpoint_as_high,balanced_sampler_ce,weighted_random_sampler,1,11,1322,43,8370,1,0,0.13492333889007568,-1.8581113815307617
2,arousal,midpoint_as_high,balanced_sampler_ce,weighted_random_sampler,1,11,1323,43,Dog_6,0,1,0.7443501949310303,1.068703055381775
2,arousal,midpoint_as_high,balanced_sampler_ce,weighted_random_sampler,1,11,1324,43,9220,1,1,0.7438548803329468,1.0661017894744873
2,arousal,midpoint_as_high,balanced_sampler_ce,weighted_random_sampler,1,11,1325,43,Lake_12,0,1,0.6154927611351013,0.4704605042934418
2,arousal,midpoint_as_high,balanced_sampler_ce,weighted_random_sampler,1,11,1326,43,2314,0,0,0.2057017683982849,-1.3510315418243408
2,arousal,midpoint_as_high,balanced_sampler_ce,weighted_random_sampler,1,11,1327,43,1750,0,1,0.8427218198776245,1.6786205768585205
2,arousal,midpoint_as_high,balanced_sampler_ce,weighted_random_sampler,1,11,1328,43,8492,0,1,0.5022430419921875,0.008972257375717163
2,arousal,midpoint_as_high,balanced_sampler_ce,weighted_random_sampler,1,11,1329,43,1441,0,1,0.8296071887016296,1.58284592628479
2,arousal,midpoint_as_high,balanced_sampler_ce,weighted_random_sampler,1,11,1330,43,Flowers_6,0,0,0.3069555163383484,-0.8143912553787231
2,arousal,midpoint_as_high,balanced_sampler_ce,weighted_random_sampler,1,11,1331,43,Yarn_1,0,1,0.879248857498169,1.9853360652923584
2,arousal,midpoint_as_high,balanced_sampler_ce,weighted_random_sampler,1,11,1332,43,9331,1,1,0.8878760933876038,2.069227457046509
2,arousal,midpoint_as_high,balanced_sampler_ce,weighted_random_sampler,1,11,1333,43,Beach_1,0,0,0.4700061082839966,-0.12011972069740295
2,arousal,midpoint_as_high,balanced_sampler_ce,weighted_random_sampler,1,11,1334,43,2491,1,1,0.8748263716697693,1.9443235397338867
2,arousal,midpoint_as_high,balanced_sampler_ce,weighted_random_sampler,1,11,1335,43,9360,1,1,0.8515470623970032,1.7467868328094482
2,arousal,midpoint_as_high,balanced_sampler_ce,weighted_random_sampler,1,11,1336,43,Lake_3,0,1,0.7739214897155762,1.2305883169174194
2,arousal,midpoint_as_high,balanced_sampler_ce,weighted_random_sampler,1,11,1337,43,3170,1,0,0.19047962129116058,-1.4468967914581299
2,arousal,midpoint_as_high,balanced_sampler_ce,weighted_random_sampler,1,11,1338,43,8080,1,1,0.6224538087844849,0.49997642636299133
2,arousal,midpoint_as_high,balanced_sampler_ce,weighted_random_sampler,1,11,1339,43,Snow_1,0,0,0.2795908451080322,-0.946492075920105
2,arousal,midpoint_as_high,balanced_sampler_ce,weighted_random_sampler,1,11,1340,43,4220,0,1,0.684916079044342,0.7764572501182556
2,arousal,midpoint_as_high,balanced_sampler_ce,weighted_random_sampler,1,11,1341,43,5760,0,0,0.19483430683612823,-1.418898582458496
2,arousal,midpoint_as_high,balanced_sampler_ce,weighted_random_sampler,1,11,1342,43,3063,1,1,0.7936986088752747,1.3473658561706543
2,arousal,midpoint_as_high,balanced_sampler_ce,weighted_random_sampler,1,11,1343,43,3080,1,1,0.8081812858581543,1.4382357597351074
2,arousal,midpoint_as_high,balanced_sampler_ce,weighted_random_sampler,1,11,1632,54,Dummy_1,1,1,0.7156956195831299,0.9232094287872314
2,arousal,midpoint_as_high,balanced_sampler_ce,weighted_random_sampler,1,11,1633,54,3053,1,1,0.5907015204429626,0.3668662905693054
2,arousal,midpoint_as_high,balanced_sampler_ce,weighted_random_sampler,1,11,1634,54,Tumor_1,1,0,0.11947667598724365,-1.9973952770233154
2,arousal,midpoint_as_high,balanced_sampler_ce,weighted_random_sampler,1,11,1635,54,Dog_18,0,1,0.7626932263374329,1.1675019264221191
2,arousal,midpoint_as_high,balanced_sampler_ce,weighted_random_sampler,1,11,1636,54,Miserable_pose_3,1,1,0.7864285111427307,1.3035303354263306
2,arousal,midpoint_as_high,balanced_sampler_ce,weighted_random_sampler,1,11,1637,54,Pinecone_1,0,1,0.6538028120994568,0.6357975006103516
2,arousal,midpoint_as_high,balanced_sampler_ce,weighted_random_sampler,1,11,1638,54,Garbage_dump_6,1,1,0.5503920912742615,0.20225489139556885
2,arousal,midpoint_as_high,balanced_sampler_ce,weighted_random_sampler,1,11,1639,54,Depressed_pose_4,1,0,0.18205611407756805,-1.5024787187576294
2,arousal,midpoint_as_high,balanced_sampler_ce,weighted_random_sampler,1,11,1640,54,Angry_face_1,1,1,0.8403011560440063,1.6604704856872559
2,arousal,midpoint_as_high,balanced_sampler_ce,weighted_random_sampler,1,11,1641,54,Dog_26,1,1,0.6675642132759094,0.6971889138221741
2,arousal,midpoint_as_high,balanced_sampler_ce,weighted_random_sampler,1,11,1642,54,8370,1,1,0.7984730005264282,1.3767777681350708
2,arousal,midpoint_as_high,balanced_sampler_ce,weighted_random_sampler,1,11,1643,54,Dog_6,0,1,0.6909801363945007,0.8047055602073669
2,arousal,midpoint_as_high,balanced_sampler_ce,weighted_random_sampler,1,11,1644,54,9220,1,1,0.8549752235412598,1.774167537689209
2,arousal,midpoint_as_high,balanced_sampler_ce,weighted_random_sampler,1,11,1645,54,Lake_12,0,0,0.3124624192714691,-0.788632333278656
2,arousal,midpoint_as_high,balanced_sampler_ce,weighted_random_sampler,1,11,1646,54,2314,0,0,0.48946383595466614,-0.04215097427368164
2,arousal,midpoint_as_high,balanced_sampler_ce,weighted_random_sampler,1,11,1647,54,1750,0,1,0.8953149914741516,2.1462197303771973
2,arousal,midpoint_as_high,balanced_sampler_ce,weighted_random_sampler,1,11,1648,54,8492,1,1,0.8933181166648865,2.125091314315796
2,arousal,midpoint_as_high,balanced_sampler_ce,weighted_random_sampler,1,11,1649,54,1441,0,1,0.8971622586250305,2.166084051132202
2,arousal,midpoint_as_high,balanced_sampler_ce,weighted_random_sampler,1,11,1650,54,Flowers_6,0,0,0.2806088924407959,-0.9414432644844055
2,arousal,midpoint_as_high,balanced_sampler_ce,weighted_random_sampler,1,11,1651,54,Yarn_1,1,1,0.5572776794433594,0.23012080788612366
2,arousal,midpoint_as_high,balanced_sampler_ce,weighted_random_sampler,1,11,1652,54,9331,1,1,0.7857351899147034,1.2994071245193481
2,arousal,midpoint_as_high,balanced_sampler_ce,weighted_random_sampler,1,11,1653,54,Beach_1,0,1,0.9401232600212097,2.753723382949829
2,arousal,midpoint_as_high,balanced_sampler_ce,weighted_random_sampler,1,11,1654,54,2491,0,1,0.5606090426445007,0.24363398551940918
2,arousal,midpoint_as_high,balanced_sampler_ce,weighted_random_sampler,1,11,1655,54,9360,1,1,0.9327293038368225,2.629389762878418
2,arousal,midpoint_as_high,balanced_sampler_ce,weighted_random_sampler,1,11,1656,54,Lake_3,0,0,0.49290549755096436,-0.028379976749420166
2,arousal,midpoint_as_high,balanced_sampler_ce,weighted_random_sampler,1,11,1657,54,3170,1,1,0.9444475769996643,2.8332724571228027
2,arousal,midpoint_as_high,balanced_sampler_ce,weighted_random_sampler,1,11,1658,54,8080,1,1,0.8354259729385376,1.6245810985565186
2,arousal,midpoint_as_high,balanced_sampler_ce,weighted_random_sampler,1,11,1659,54,Snow_1,1,1,0.8101509213447571,1.4509912729263306
2,arousal,midpoint_as_high,balanced_sampler_ce,weighted_random_sampler,1,11,1660,54,4220,1,1,0.6507487893104553,0.6223321557044983
2,arousal,midpoint_as_high,balanced_sampler_ce,weighted_random_sampler,1,11,1661,54,5760,0,1,0.500118613243103,0.00047451257705688477
2,arousal,midpoint_as_high,balanced_sampler_ce,weighted_random_sampler,1,11,1662,54,3063,1,0,0.16681434214115143,-1.6083749532699585
2,arousal,midpoint_as_high,balanced_sampler_ce,weighted_random_sampler,1,11,1663,54,3080,1,0,0.3950127959251404,-0.42628929018974304
2,arousal,midpoint_as_high,balanced_sampler_ce,weighted_random_sampler,1,11,1760,58,Dummy_1,1,0,0.19645750522613525,-1.4085838794708252
2,arousal,midpoint_as_high,balanced_sampler_ce,weighted_random_sampler,1,11,1761,58,3053,1,0,0.3116145133972168,-0.792582094669342
2,arousal,midpoint_as_high,balanced_sampler_ce,weighted_random_sampler,1,11,1762,58,Tumor_1,1,1,0.7824798226356506,1.2801766395568848
2,arousal,midpoint_as_high,balanced_sampler_ce,weighted_random_sampler,1,11,1763,58,Dog_18,0,0,0.24534231424331665,-1.1236097812652588
2,arousal,midpoint_as_high,balanced_sampler_ce,weighted_random_sampler,1,11,1764,58,Miserable_pose_3,1,0,0.1973472386598587,-1.4029573202133179
2,arousal,midpoint_as_high,balanced_sampler_ce,weighted_random_sampler,1,11,1765,58,Pinecone_1,0,1,0.9075331091880798,2.283878803253174
2,arousal,midpoint_as_high,balanced_sampler_ce,weighted_random_sampler,1,11,1766,58,Garbage_dump_6,0,1,0.6866155862808228,0.7843441963195801
2,arousal,midpoint_as_high,balanced_sampler_ce,weighted_random_sampler,1,11,1767,58,Depressed_pose_4,0,0,0.19328591227531433,-1.4287989139556885
2,arousal,midpoint_as_high,balanced_sampler_ce,weighted_random_sampler,1,11,1768,58,Angry_face_1,0,1,0.845667839050293,1.701019525527954
2,arousal,midpoint_as_high,balanced_sampler_ce,weighted_random_sampler,1,11,1769,58,Dog_26,1,1,0.9468984007835388,2.880985736846924
2,arousal,midpoint_as_high,balanced_sampler_ce,weighted_random_sampler,1,11,1770,58,8370,0,1,0.7588366866111755,1.1463123559951782
2,arousal,midpoint_as_high,balanced_sampler_ce,weighted_random_sampler,1,11,1771,58,Dog_6,0,1,0.7593598365783691,1.1491731405258179
2,arousal,midpoint_as_high,balanced_sampler_ce,weighted_random_sampler,1,11,1772,58,9220,0,1,0.8654657602310181,1.8614486455917358
2,arousal,midpoint_as_high,balanced_sampler_ce,weighted_random_sampler,1,11,1773,58,Lake_12,0,1,0.8800058960914612,1.9924863576889038
2,arousal,midpoint_as_high,balanced_sampler_ce,weighted_random_sampler,1,11,1774,58,2314,0,1,0.7264112830162048,0.9764906764030457
2,arousal,midpoint_as_high,balanced_sampler_ce,weighted_random_sampler,1,11,1775,58,1750,0,1,0.5408114790916443,0.1636098325252533
2,arousal,midpoint_as_high,balanced_sampler_ce,weighted_random_sampler,1,11,1776,58,8492,1,0,0.32638150453567505,-0.7245969176292419
2,arousal,midpoint_as_high,balanced_sampler_ce,weighted_random_sampler,1,11,1777,58,1441,0,0,0.10435287654399872,-2.149768352508545
2,arousal,midpoint_as_high,balanced_sampler_ce,weighted_random_sampler,1,11,1778,58,Flowers_6,0,0,0.15201105177402496,-1.718914270401001
2,arousal,midpoint_as_high,balanced_sampler_ce,weighted_random_sampler,1,11,1779,58,Yarn_1,0,0,0.31185147166252136,-0.7914777398109436
2,arousal,midpoint_as_high,balanced_sampler_ce,weighted_random_sampler,1,11,1780,58,9331,0,1,0.8971422910690308,2.1658682823181152
2,arousal,midpoint_as_high,balanced_sampler_ce,weighted_random_sampler,1,11,1781,58,Beach_1,0,1,0.8050990700721741,1.4184740781784058
2,arousal,midpoint_as_high,balanced_sampler_ce,weighted_random_sampler,1,11,1782,58,2491,0,1,0.916088342666626,2.3903486728668213
2,arousal,midpoint_as_high,balanced_sampler_ce,weighted_random_sampler,1,11,1783,58,9360,0,0,0.15495085716247559,-1.6962867975234985
2,arousal,midpoint_as_high,balanced_sampler_ce,weighted_random_sampler,1,11,1784,58,Lake_3,0,0,0.2021184265613556,-1.3731063604354858
2,arousal,midpoint_as_high,balanced_sampler_ce,weighted_random_sampler,1,11,1785,58,3170,1,1,0.8911802172660828,2.102853298187256
2,arousal,midpoint_as_high,balanced_sampler_ce,weighted_random_sampler,1,11,1786,58,8080,0,0,0.16321496665477753,-1.6344990730285645
2,arousal,midpoint_as_high,balanced_sampler_ce,weighted_random_sampler,1,11,1787,58,Snow_1,0,1,0.6341808438301086,0.5501949787139893
2,arousal,midpoint_as_high,balanced_sampler_ce,weighted_random_sampler,1,11,1788,58,4220,0,1,0.9100658297538757,2.3144383430480957
2,arousal,midpoint_as_high,balanced_sampler_ce,weighted_random_sampler,1,11,1789,58,5760,0,0,0.14079593122005463,-1.808694839477539
2,arousal,midpoint_as_high,balanced_sampler_ce,weighted_random_sampler,1,11,1790,58,3063,1,0,0.31407976150512695,-0.7811144590377808
2,arousal,midpoint_as_high,balanced_sampler_ce,weighted_random_sampler,1,11,1791,58,3080,1,1,0.5005403161048889,0.0021612048149108887
2,arousal,midpoint_as_high,balanced_sampler_ce,weighted_random_sampler,1,11,1792,59,Dummy_1,1,1,0.8996708989143372,2.193572998046875
2,arousal,midpoint_as_high,balanced_sampler_ce,weighted_random_sampler,1,11,1793,59,3053,1,0,0.47499725222587585,-0.10009446740150452
2,arousal,midpoint_as_high,balanced_sampler_ce,weighted_random_sampler,1,11,1794,59,Tumor_1,1,0,0.4447944462299347,-0.22172631323337555
2,arousal,midpoint_as_high,balanced_sampler_ce,weighted_random_sampler,1,11,1795,59,Dog_18,1,0,0.1572474092245102,-1.6788530349731445
2,arousal,midpoint_as_high,balanced_sampler_ce,weighted_random_sampler,1,11,1796,59,Miserable_pose_3,1,0,0.3145425617694855,-0.778967022895813
2,arousal,midpoint_as_high,balanced_sampler_ce,weighted_random_sampler,1,11,1797,59,Pinecone_1,0,0,0.4603506922721863,-0.1589309573173523
2,arousal,midpoint_as_high,balanced_sampler_ce,weighted_random_sampler,1,11,1798,59,Garbage_dump_6,1,0,0.29944825172424316,-0.8499265313148499
2,arousal,midpoint_as_high,balanced_sampler_ce,weighted_random_sampler,1,11,1799,59,Depressed_pose_4,1,1,0.6303394436836243,0.533673107624054
2,arousal,midpoint_as_high,balanced_sampler_ce,weighted_random_sampler,1,11,1800,59,Angry_face_1,1,1,0.9214066863059998,2.4616153240203857
2,arousal,midpoint_as_high,balanced_sampler_ce,weighted_random_sampler,1,11,1801,59,Dog_26,1,1,0.7094359993934631,0.892646312713623
2,arousal,midpoint_as_high,balanced_sampler_ce,weighted_random_sampler,1,11,1802,59,8370,1,1,0.9284216165542603,2.562692642211914
2,arousal,midpoint_as_high,balanced_sampler_ce,weighted_random_sampler,1,11,1803,59,Dog_6,1,0,0.35898351669311523,-0.5797786712646484
2,arousal,midpoint_as_high,balanced_sampler_ce,weighted_random_sampler,1,11,1804,59,9220,1,1,0.9029664397239685,2.230628252029419
2,arousal,midpoint_as_high,balanced_sampler_ce,weighted_random_sampler,1,11,1805,59,Lake_12,0,0,0.13567985594272614,-1.8516451120376587
2,arousal,midpoint_as_high,balanced_sampler_ce,weighted_random_sampler,1,11,1806,59,2314,1,1,0.935619592666626,2.6764001846313477
2,arousal,midpoint_as_high,balanced_sampler_ce,weighted_random_sampler,1,11,1807,59,1750,1,0,0.1433066576719284,-1.7880933284759521
2,arousal,midpoint_as_high,balanced_sampler_ce,weighted_random_sampler,1,11,1808,59,8492,1,0,0.33280616998672485,-0.6955203413963318
2,arousal,midpoint_as_high,balanced_sampler_ce,weighted_random_sampler,1,11,1809,59,1441,0,1,0.5226215720176697,0.09054800868034363
2,arousal,midpoint_as_high,balanced_sampler_ce,weighted_random_sampler,1,11,1810,59,Flowers_6,1,0,0.3264259994029999,-0.7243945002555847
2,arousal,midpoint_as_high,balanced_sampler_ce,weighted_random_sampler,1,11,1811,59,Yarn_1,0,1,0.9228596687316895,2.481851100921631
2,arousal,midpoint_as_high,balanced_sampler_ce,weighted_random_sampler,1,11,1812,59,9331,1,1,0.5140151977539062,0.05607566237449646
2,arousal,midpoint_as_high,balanced_sampler_ce,weighted_random_sampler,1,11,1813,59,Beach_1,0,0,0.16436727344989777,-1.6260857582092285
2,arousal,midpoint_as_high,balanced_sampler_ce,weighted_random_sampler,1,11,1814,59,2491,1,0,0.22696612775325775,-1.2255220413208008
2,arousal,midpoint_as_high,balanced_sampler_ce,weighted_random_sampler,1,11,1815,59,9360,0,1,0.5848681330680847,0.34279030561447144
2,arousal,midpoint_as_high,balanced_sampler_ce,weighted_random_sampler,1,11,1816,59,Lake_3,0,1,0.665493905544281,0.6878744959831238
2,arousal,midpoint_as_high,balanced_sampler_ce,weighted_random_sampler,1,11,1817,59,3170,1,1,0.8710300326347351,1.9100970029830933
2,arousal,midpoint_as_high,balanced_sampler_ce,weighted_random_sampler,1,11,1818,59,8080,1,1,0.6928045749664307,0.8132637739181519
2,arousal,midpoint_as_high,balanced_sampler_ce,weighted_random_sampler,1,11,1819,59,Snow_1,0,1,0.9251400828361511,2.5143275260925293
2,arousal,midpoint_as_high,balanced_sampler_ce,weighted_random_sampler,1,11,1820,59,4220,1,0,0.13928911089897156,-1.821207046508789
2,arousal,midpoint_as_high,balanced_sampler_ce,weighted_random_sampler,1,11,1821,59,5760,0,0,0.12296771258115768,-1.9646220207214355
2,arousal,midpoint_as_high,balanced_sampler_ce,weighted_random_sampler,1,11,1822,59,3063,1,1,0.9260683059692383,2.527805805206299
2,arousal,midpoint_as_high,balanced_sampler_ce,weighted_random_sampler,1,11,1823,59,3080,1,1,0.9364187717437744,2.689744710922241
2,arousal,midpoint_as_high,balanced_sampler_ce,weighted_random_sampler,1,11,1984,65,Dummy_1,1,0,0.26280122995376587,-1.0314596891403198
2,arousal,midpoint_as_high,balanced_sampler_ce,weighted_random_sampler,1,11,1985,65,3053,1,1,0.7746354341506958,1.234673261642456
2,arousal,midpoint_as_high,balanced_sampler_ce,weighted_random_sampler,1,11,1986,65,Tumor_1,1,0,0.37858572602272034,-0.49555543065071106
2,arousal,midpoint_as_high,balanced_sampler_ce,weighted_random_sampler,1,11,1987,65,Dog_18,0,1,0.8097583055496216,1.4484405517578125
2,arousal,midpoint_as_high,balanced_sampler_ce,weighted_random_sampler,1,11,1988,65,Miserable_pose_3,1,0,0.1306106150150299,-1.8955706357955933
2,arousal,midpoint_as_high,balanced_sampler_ce,weighted_random_sampler,1,11,1989,65,Pinecone_1,0,1,0.8671508431434631,1.8759987354278564
2,arousal,midpoint_as_high,balanced_sampler_ce,weighted_random_sampler,1,11,1990,65,Garbage_dump_6,0,0,0.3111322820186615,-0.7948310971260071
2,arousal,midpoint_as_high,balanced_sampler_ce,weighted_random_sampler,1,11,1991,65,Depressed_pose_4,0,0,0.20736585557460785,-1.3408770561218262
2,arousal,midpoint_as_high,balanced_sampler_ce,weighted_random_sampler,1,11,1992,65,Angry_face_1,0,1,0.7427563071250916,1.0603440999984741
2,arousal,midpoint_as_high,balanced_sampler_ce,weighted_random_sampler,1,11,1993,65,Dog_26,1,1,0.5700369477272034,0.28200191259384155
2,arousal,midpoint_as_high,balanced_sampler_ce,weighted_random_sampler,1,11,1994,65,8370,0,1,0.8553593754768372,1.777269959449768
2,arousal,midpoint_as_high,balanced_sampler_ce,weighted_random_sampler,1,11,1995,65,Dog_6,0,1,0.8306557536125183,1.5902817249298096
2,arousal,midpoint_as_high,balanced_sampler_ce,weighted_random_sampler,1,11,1996,65,9220,0,0,0.17538078129291534,-1.5479621887207031
2,arousal,midpoint_as_high,balanced_sampler_ce,weighted_random_sampler,1,11,1997,65,Lake_12,0,1,0.9215304851531982,2.463325023651123
2,arousal,midpoint_as_high,balanced_sampler_ce,weighted_random_sampler,1,11,1998,65,2314,0,0,0.30171921849250793,-0.8391245603561401
2,arousal,midpoint_as_high,balanced_sampler_ce,weighted_random_sampler,1,11,1999,65,1750,0,1,0.7730958461761475,1.2258754968643188
2,arousal,midpoint_as_high,balanced_sampler_ce,weighted_random_sampler,1,11,2000,65,8492,1,1,0.9318830370903015,2.615980386734009
2,arousal,midpoint_as_high,balanced_sampler_ce,weighted_random_sampler,1,11,2001,65,1441,0,1,0.8743101358413696,1.93961763381958
2,arousal,midpoint_as_high,balanced_sampler_ce,weighted_random_sampler,1,11,2002,65,Flowers_6,0,0,0.2935846149921417,-0.8780375719070435
2,arousal,midpoint_as_high,balanced_sampler_ce,weighted_random_sampler,1,11,2003,65,Yarn_1,0,1,0.8341808915138245,1.6155526638031006
2,arousal,midpoint_as_high,balanced_sampler_ce,weighted_random_sampler,1,11,2004,65,9331,0,0,0.2226358950138092,-1.2503712177276611
2,arousal,midpoint_as_high,balanced_sampler_ce,weighted_random_sampler,1,11,2005,65,Beach_1,0,0,0.1327115148305893,-1.8771940469741821
2,arousal,midpoint_as_high,balanced_sampler_ce,weighted_random_sampler,1,11,2006,65,2491,0,0,0.1728566735982895,-1.565515160560608
2,arousal,midpoint_as_high,balanced_sampler_ce,weighted_random_sampler,1,11,2007,65,9360,1,0,0.40814733505249023,-0.371629536151886
2,arousal,midpoint_as_high,balanced_sampler_ce,weighted_random_sampler,1,11,2008,65,Lake_3,0,1,0.8352811932563782,1.6235287189483643
2,arousal,midpoint_as_high,balanced_sampler_ce,weighted_random_sampler,1,11,2009,65,3170,1,0,0.45013895630836487,-0.20010922849178314
2,arousal,midpoint_as_high,balanced_sampler_ce,weighted_random_sampler,1,11,2010,65,8080,0,1,0.8925731778144836,2.1172986030578613
2,arousal,midpoint_as_high,balanced_sampler_ce,weighted_random_sampler,1,11,2011,65,Snow_1,0,0,0.15970049798488617,-1.6604580879211426
2,arousal,midpoint_as_high,balanced_sampler_ce,weighted_random_sampler,1,11,2012,65,4220,0,1,0.9349983334541321,2.6661324501037598
2,arousal,midpoint_as_high,balanced_sampler_ce,weighted_random_sampler,1,11,2013,65,5760,0,1,0.6130968928337097,0.4603486657142639
2,arousal,midpoint_as_high,balanced_sampler_ce,weighted_random_sampler,1,11,2014,65,3063,1,0,0.192159503698349,-1.4360387325286865
2,arousal,midpoint_as_high,balanced_sampler_ce,weighted_random_sampler,1,11,2015,65,3080,1,1,0.5898091793060303,0.3631765842437744
3,arousal,midpoint_as_high,ce_class_weighted,shuffle,2,11,32,2,Dummy_1,1,0,0.021844282746315002,-3.801729679107666
3,arousal,midpoint_as_high,ce_class_weighted,shuffle,2,11,33,2,3053,1,0,0.09199226647615433,-2.289548397064209
3,arousal,midpoint_as_high,ce_class_weighted,shuffle,2,11,34,2,Tumor_1,1,0,0.1823659986257553,-1.500399112701416
3,arousal,midpoint_as_high,ce_class_weighted,shuffle,2,11,35,2,Dog_18,1,0,0.008989956229925156,-4.7026166915893555
3,arousal,midpoint_as_high,ce_class_weighted,shuffle,2,11,36,2,Miserable_pose_3,1,0,0.060949958860874176,-2.7348155975341797
3,arousal,midpoint_as_high,ce_class_weighted,shuffle,2,11,37,2,Pinecone_1,0,0,0.022253168746829033,-3.782766342163086
3,arousal,midpoint_as_high,ce_class_weighted,shuffle,2,11,38,2,Garbage_dump_6,1,0,0.42183107137680054,-0.3152611553668976
3,arousal,midpoint_as_high,ce_class_weighted,shuffle,2,11,39,2,Depressed_pose_4,1,0,0.25128141045570374,-1.091789722442627
3,arousal,midpoint_as_high,ce_class_weighted,shuffle,2,11,40,2,Angry_face_1,1,0,0.07576657086610794,-2.501307487487793
3,arousal,midpoint_as_high,ce_class_weighted,shuffle,2,11,41,2,Dog_26,1,0,0.0757892057299614,-2.5009841918945312
3,arousal,midpoint_as_high,ce_class_weighted,shuffle,2,11,42,2,8370,1,0,0.010975870303809643,-4.501019477844238
3,arousal,midpoint_as_high,ce_class_weighted,shuffle,2,11,43,2,Dog_6,1,0,0.007390983868390322,-4.900075912475586
3,arousal,midpoint_as_high,ce_class_weighted,shuffle,2,11,44,2,9220,1,1,0.8140392899513245,1.4764732122421265
3,arousal,midpoint_as_high,ce_class_weighted,shuffle,2,11,45,2,Lake_12,0,0,0.25235816836357117,-1.0860745906829834
3,arousal,midpoint_as_high,ce_class_weighted,shuffle,2,11,46,2,2314,1,0,0.007231113500893116,-4.922104835510254
3,arousal,midpoint_as_high,ce_class_weighted,shuffle,2,11,47,2,1750,1,0,0.2755690813064575,-0.9665481448173523
3,arousal,midpoint_as_high,ce_class_weighted,shuffle,2,11,48,2,8492,1,0,0.03633531928062439,-3.2779531478881836
3,arousal,midpoint_as_high,ce_class_weighted,shuffle,2,11,49,2,1441,1,0,0.19241361320018768,-1.4344027042388916
3,arousal,midpoint_as_high,ce_class_weighted,shuffle,2,11,50,2,Flowers_6,0,1,0.5798211097717285,0.3220391571521759
3,arousal,midpoint_as_high,ce_class_weighted,shuffle,2,11,51,2,Yarn_1,0,0,0.017081243917346,-4.052545547485352
3,arousal,midpoint_as_high,ce_class_weighted,shuffle,2,11,52,2,9331,1,0,0.16888771951198578,-1.5935307741165161
3,arousal,midpoint_as_high,ce_class_weighted,shuffle,2,11,53,2,Beach_1,0,0,0.18321317434310913,-1.4947277307510376
3,arousal,midpoint_as_high,ce_class_weighted,shuffle,2,11,54,2,2491,1,0,0.26395711302757263,-1.0255018472671509
3,arousal,midpoint_as_high,ce_class_weighted,shuffle,2,11,55,2,9360,0,1,0.5552796721458435,0.2220262587070465
3,arousal,midpoint_as_high,ce_class_weighted,shuffle,2,11,56,2,Lake_3,0,0,0.16246022284030914,-1.640035629272461
3,arousal,midpoint_as_high,ce_class_weighted,shuffle,2,11,57,2,3170,1,1,0.9774096012115479,3.7673819065093994
3,arousal,midpoint_as_high,ce_class_weighted,shuffle,2,11,58,2,8080,1,1,0.9339448809623718,2.648927688598633
3,arousal,midpoint_as_high,ce_class_weighted,shuffle,2,11,59,2,Snow_1,1,0,0.02236141823232174,-3.7778029441833496
3,arousal,midpoint_as_high,ce_class_weighted,shuffle,2,11,60,2,4220,1,1,0.5216099619865417,0.08649386465549469
3,arousal,midpoint_as_high,ce_class_weighted,shuffle,2,11,61,2,5760,1,1,0.8129655122756958,1.469395399093628
3,arousal,midpoint_as_high,ce_class_weighted,shuffle,2,11,62,2,3063,1,0,0.03462499380111694,-3.3279409408569336
3,arousal,midpoint_as_high,ce_class_weighted,shuffle,2,11,63,2,3080,1,0,0.40662726759910583,-0.3779258131980896
3,arousal,midpoint_as_high,ce_class_weighted,shuffle,2,11,96,5,Dummy_1,1,0,0.13193896412849426,-1.8839225769042969
3,arousal,midpoint_as_high,ce_class_weighted,shuffle,2,11,97,5,3053,1,1,0.6989398002624512,0.8422544598579407
3,arousal,midpoint_as_high,ce_class_weighted,shuffle,2,11,98,5,Tumor_1,1,1,0.6562824845314026,0.646771252155304
3,arousal,midpoint_as_high,ce_class_weighted,shuffle,2,11,99,5,Dog_18,0,0,0.046779293566942215,-3.0144057273864746
3,arousal,midpoint_as_high,ce_class_weighted,shuffle,2,11,100,5,Miserable_pose_3,1,0,0.1025400310754776,-2.1693153381347656
3,arousal,midpoint_as_high,ce_class_weighted,shuffle,2,11,101,5,Pinecone_1,1,1,0.9454751014709473,2.85302996635437
3,arousal,midpoint_as_high,ce_class_weighted,shuffle,2,11,102,5,Garbage_dump_6,1,0,0.2457081824541092,-1.1216347217559814
3,arousal,midpoint_as_high,ce_class_weighted,shuffle,2,11,103,5,Depressed_pose_4,1,1,0.788728654384613,1.3172792196273804
3,arousal,midpoint_as_high,ce_class_weighted,shuffle,2,11,104,5,Angry_face_1,1,1,0.9036461710929871,2.238410711288452
3,arousal,midpoint_as_high,ce_class_weighted,shuffle,2,11,105,5,Dog_26,1,0,0.09807169437408447,-2.2188363075256348
3,arousal,midpoint_as_high,ce_class_weighted,shuffle,2,11,106,5,8370,1,0,0.12489758431911469,-1.946846842765808
3,arousal,midpoint_as_high,ce_class_weighted,shuffle,2,11,107,5,Dog_6,0,0,0.025272700935602188,-3.652432918548584
3,arousal,midpoint_as_high,ce_class_weighted,shuffle,2,11,108,5,9220,0,1,0.9842185378074646,4.1330156326293945
3,arousal,midpoint_as_high,ce_class_weighted,shuffle,2,11,109,5,Lake_12,0,1,0.9705978035926819,3.4968438148498535
3,arousal,midpoint_as_high,ce_class_weighted,shuffle,2,11,110,5,2314,0,0,0.08470567315816879,-2.380063056945801
3,arousal,midpoint_as_high,ce_class_weighted,shuffle,2,11,111,5,1750,0,0,0.1984764039516449,-1.3958442211151123
3,arousal,midpoint_as_high,ce_class_weighted,shuffle,2,11,112,5,8492,1,0,0.13621732592582703,-1.847069501876831
3,arousal,midpoint_as_high,ce_class_weighted,shuffle,2,11,113,5,1441,1,0,0.4985380470752716,-0.005847811698913574
3,arousal,midpoint_as_high,ce_class_weighted,shuffle,2,11,114,5,Flowers_6,0,1,0.9503028988838196,2.950833559036255
3,arousal,midpoint_as_high,ce_class_weighted,shuffle,2,11,115,5,Yarn_1,1,0,0.031226512044668198,-3.4347634315490723
3,arousal,midpoint_as_high,ce_class_weighted,shuffle,2,11,116,5,9331,1,0,0.4229322671890259,-0.31074759364128113
3,arousal,midpoint_as_high,ce_class_weighted,shuffle,2,11,117,5,Beach_1,0,0,0.025387540459632874,-3.6477813720703125
3,arousal,midpoint_as_high,ce_class_weighted,shuffle,2,11,118,5,2491,0,0,0.11258470267057419,-2.0646071434020996
3,arousal,midpoint_as_high,ce_class_weighted,shuffle,2,11,119,5,9360,1,1,0.5158857107162476,0.06356415897607803
3,arousal,midpoint_as_high,ce_class_weighted,shuffle,2,11,120,5,Lake_3,0,0,0.012814529240131378,-4.344278335571289
3,arousal,midpoint_as_high,ce_class_weighted,shuffle,2,11,121,5,3170,1,0,0.348193883895874,-0.6269876956939697
3,arousal,midpoint_as_high,ce_class_weighted,shuffle,2,11,122,5,8080,0,0,0.10280463844537735,-2.166443109512329
3,arousal,midpoint_as_high,ce_class_weighted,shuffle,2,11,123,5,Snow_1,1,1,0.9531755447387695,3.0133919715881348
3,arousal,midpoint_as_high,ce_class_weighted,shuffle,2,11,124,5,4220,1,0,0.01996372640132904,-3.8936727046966553
3,arousal,midpoint_as_high,ce_class_weighted,shuffle,2,11,125,5,5760,0,1,0.7149212956428528,0.9194073677062988
3,arousal,midpoint_as_high,ce_class_weighted,shuffle,2,11,126,5,3063,1,0,0.05642363801598549,-2.816789150238037
3,arousal,midpoint_as_high,ce_class_weighted,shuffle,2,11,127,5,3080,1,0,0.09633948653936386,-2.2385754585266113
3,arousal,midpoint_as_high,ce_class_weighted,shuffle,2,11,288,11,Dummy_1,1,0,0.04219208285212517,-3.1224145889282227
3,arousal,midpoint_as_high,ce_class_weighted,shuffle,2,11,289,11,3053,1,1,0.9409402012825012,2.7683284282684326
3,arousal,midpoint_as_high,ce_class_weighted,shuffle,2,11,290,11,Tumor_1,1,0,0.015395901165902615,-4.158138275146484
3,arousal,midpoint_as_high,ce_class_weighted,shuffle,2,11,291,11,Dog_18,1,1,0.736971378326416,1.0302863121032715
3,arousal,midpoint_as_high,ce_class_weighted,shuffle,2,11,292,11,Miserable_pose_3,1,1,0.6646237373352051,0.6839680075645447
3,arousal,midpoint_as_high,ce_class_weighted,shuffle,2,11,293,11,Pinecone_1,0,0,0.07370154559612274,-2.531172752380371
3,arousal,midpoint_as_high,ce_class_weighted,shuffle,2,11,294,11,Garbage_dump_6,1,1,0.6662786602973938,0.6914016604423523
3,arousal,midpoint_as_high,ce_class_weighted,shuffle,2,11,295,11,Depressed_pose_4,1,0,0.0513957254588604,-2.9154367446899414
3,arousal,midpoint_as_high,ce_class_weighted,shuffle,2,11,296,11,Angry_face_1,0,0,0.026638707146048546,-3.5983901023864746
3,arousal,midpoint_as_high,ce_class_weighted,shuffle,2,11,297,11,Dog_26,1,1,0.9752779006958008,3.6750268936157227
3,arousal,midpoint_as_high,ce_class_weighted,shuffle,2,11,298,11,8370,1,0,0.23484821617603302,-1.1811347007751465
3,arousal,midpoint_as_high,ce_class_weighted,shuffle,2,11,299,11,Dog_6,1,1,0.6126205325126648,0.45834094285964966
3,arousal,midpoint_as_high,ce_class_weighted,shuffle,2,11,300,11,9220,1,0,0.18301302194595337,-1.4960658550262451
3,arousal,midpoint_as_high,ce_class_weighted,shuffle,2,11,301,11,Lake_12,0,0,0.059709224849939346,-2.7567026615142822
3,arousal,midpoint_as_high,ce_class_weighted,shuffle,2,11,302,11,2314,1,0,0.10836455225944519,-2.1075563430786133
3,arousal,midpoint_as_high,ce_class_weighted,shuffle,2,11,303,11,1750,1,0,0.0109858438372612,-4.500101089477539
3,arousal,midpoint_as_high,ce_class_weighted,shuffle,2,11,304,11,8492,1,0,0.03348619118332863,-3.362562417984009
3,arousal,midpoint_as_high,ce_class_weighted,shuffle,2,11,305,11,1441,0,1,0.959726870059967,3.170964241027832
3,arousal,midpoint_as_high,ce_class_weighted,shuffle,2,11,306,11,Flowers_6,0,1,0.971986711025238,3.5466651916503906
3,arousal,midpoint_as_high,ce_class_weighted,shuffle,2,11,307,11,Yarn_1,1,1,0.7608202695846558,1.157181978225708
3,arousal,midpoint_as_high,ce_class_weighted,shuffle,2,11,308,11,9331,1,1,0.824921190738678,1.5500519275665283
3,arousal,midpoint_as_high,ce_class_weighted,shuffle,2,11,309,11,Beach_1,0,0,0.3471546471118927,-0.6315699219703674
3,arousal,midpoint_as_high,ce_class_weighted,shuffle,2,11,310,11,2491,0,0,0.019548242911696434,-3.915127992630005
3,arousal,midpoint_as_high,ce_class_weighted,shuffle,2,11,311,11,9360,1,0,0.011301854625344276,-4.47142219543457
3,arousal,midpoint_as_high,ce_class_weighted,shuffle,2,11,312,11,Lake_3,0,1,0.6336588859558105,0.5479458570480347
3,arousal,midpoint_as_high,ce_class_weighted,shuffle,2,11,313,11,3170,1,0,0.01545061357319355,-4.154535293579102
3,arousal,midpoint_as_high,ce_class_weighted,shuffle,2,11,314,11,8080,1,0,0.31391841173171997,-0.7818633913993835
3,arousal,midpoint_as_high,ce_class_weighted,shuffle,2,11,315,11,Snow_1,0,1,0.9064255952835083,2.270751476287842
3,arousal,midpoint_as_high,ce_class_weighted,shuffle,2,11,316,11,4220,0,0,0.34554123878479004,-0.6386966705322266
3,arousal,midpoint_as_high,ce_class_weighted,shuffle,2,11,317,11,5760,0,1,0.83774334192276,1.6415324211120605
3,arousal,midpoint_as_high,ce_class_weighted,shuffle,2,11,318,11,3063,1,0,0.37573716044425964,-0.507681667804718
3,arousal,midpoint_as_high,ce_class_weighted,shuffle,2,11,319,11,3080,1,1,0.8513549566268921,1.7452681064605713
3,arousal,midpoint_as_high,ce_class_weighted,shuffle,2,11,480,17,Dummy_1,0,1,0.9696911573410034,3.465536117553711
3,arousal,midpoint_as_high,ce_class_weighted,shuffle,2,11,481,17,3053,1,0,0.030190473422408104,-3.4695732593536377
3,arousal,midpoint_as_high,ce_class_weighted,shuffle,2,11,482,17,Tumor_1,1,1,0.8530570268630981,1.758782148361206
3,arousal,midpoint_as_high,ce_class_weighted,shuffle,2,11,483,17,Dog_18,0,1,0.6334944367408752,0.5472376346588135
3,arousal,midpoint_as_high,ce_class_weighted,shuffle,2,11,484,17,Miserable_pose_3,1,1,0.8985174894332886,2.1808598041534424
3,arousal,midpoint_as_high,ce_class_weighted,shuffle,2,11,485,17,Pinecone_1,0,1,0.9666439890861511,3.3665919303894043
3,arousal,midpoint_as_high,ce_class_weighted,shuffle,2,11,486,17,Garbage_dump_6,0,1,0.9129671454429626,2.3504140377044678
3,arousal,midpoint_as_high,ce_class_weighted,shuffle,2,11,487,17,Depressed_pose_4,0,0,0.03126820921897888,-3.4333858489990234
3,arousal,midpoint_as_high,ce_class_weighted,shuffle,2,11,488,17,Angry_face_1,0,1,0.9075179100036621,2.283698081970215
3,arousal,midpoint_as_high,ce_class_weighted,shuffle,2,11,489,17,Dog_26,1,1,0.7862447500228882,1.3024365901947021
3,arousal,midpoint_as_high,ce_class_weighted,shuffle,2,11,490,17,8370,0,1,0.802625298500061,1.4027841091156006
3,arousal,midpoint_as_high,ce_class_weighted,shuffle,2,11,491,17,Dog_6,0,1,0.8500949144363403,1.7353456020355225
3,arousal,midpoint_as_high,ce_class_weighted,shuffle,2,11,492,17,9220,0,1,0.9209948182106018,2.455941677093506
3,arousal,midpoint_as_high,ce_class_weighted,shuffle,2,11,493,17,Lake_12,0,0,0.4277286231517792,-0.2911244034767151
3,arousal,midpoint_as_high,ce_class_weighted,shuffle,2,11,494,17,2314,0,1,0.9373140335083008,2.7048795223236084
3,arousal,midpoint_as_high,ce_class_weighted,shuffle,2,11,495,17,1750,0,1,0.9841641783714294,4.129517078399658
3,arousal,midpoint_as_high,ce_class_weighted,shuffle,2,11,496,17,8492,0,0,0.4136230945587158,-0.34900760650634766
3,arousal,midpoint_as_high,ce_class_weighted,shuffle,2,11,497,17,1441,0,1,0.982971727848053,4.055707931518555
3,arousal,midpoint_as_high,ce_class_weighted,shuffle,2,11,498,17,Flowers_6,0,1,0.8779156804084778,1.9728386402130127
3,arousal,midpoint_as_high,ce_class_weighted,shuffle,2,11,499,17,Yarn_1,0,1,0.9482668042182922,2.908535957336426
3,arousal,midpoint_as_high,ce_class_weighted,shuffle,2,11,500,17,9331,0,0,0.39703378081321716,-0.4178398847579956
3,arousal,midpoint_as_high,ce_class_weighted,shuffle,2,11,501,17,Beach_1,0,1,0.9435423016548157,2.816148281097412
3,arousal,midpoint_as_high,ce_class_weighted,shuffle,2,11,502,17,2491,0,1,0.951294481754303,2.9720325469970703
3,arousal,midpoint_as_high,ce_class_weighted,shuffle,2,11,503,17,9360,1,1,0.9718170166015625,3.5404481887817383
3,arousal,midpoint_as_high,ce_class_weighted,shuffle,2,11,504,17,Lake_3,0,1,0.9367072582244873,2.694601058959961
3,arousal,midpoint_as_high,ce_class_weighted,shuffle,2,11,505,17,3170,1,1,0.9521092176437378,2.9897584915161133
3,arousal,midpoint_as_high,ce_class_weighted,shuffle,2,11,506,17,8080,0,1,0.9648745656013489,3.3130717277526855
3,arousal,midpoint_as_high,ce_class_weighted,shuffle,2,11,507,17,Snow_1,0,1,0.8800433278083801,1.992840051651001
3,arousal,midpoint_as_high,ce_class_weighted,shuffle,2,11,508,17,4220,0,0,0.05435001477599144,-2.8564276695251465
3,arousal,midpoint_as_high,ce_class_weighted,shuffle,2,11,509,17,5760,0,0,0.462264746427536,-0.15122857689857483
3,arousal,midpoint_as_high,ce_class_weighted,shuffle,2,11,510,17,3063,1,1,0.8144551515579224,1.4792225360870361
3,arousal,midpoint_as_high,ce_class_weighted,shuffle,2,11,511,17,3080,1,0,0.31520581245422363,-0.7758926153182983
3,arousal,midpoint_as_high,ce_class_weighted,shuffle,2,11,768,26,Dummy_1,0,0,0.01008751429617405,-4.586318016052246
3,arousal,midpoint_as_high,ce_class_weighted,shuffle,2,11,769,26,3053,1,1,0.9749187231063843,3.660233497619629
3,arousal,midpoint_as_high,ce_class_weighted,shuffle,2,11,770,26,Tumor_1,1,1,0.8974797129631042,2.1695289611816406
3,arousal,midpoint_as_high,ce_class_weighted,shuffle,2,11,771,26,Dog_18,0,0,0.013952705077826977,-4.258030891418457
3,arousal,midpoint_as_high,ce_class_weighted,shuffle,2,11,772,26,Miserable_pose_3,0,0,0.3431677222251892,-0.6492093801498413
3,arousal,midpoint_as_high,ce_class_weighted,shuffle,2,11,773,26,Pinecone_1,0,0,0.288748174905777,-0.9014716744422913
3,arousal,midpoint_as_high,ce_class_weighted,shuffle,2,11,774,26,Garbage_dump_6,1,1,0.6318365335464478,0.5401036739349365
3,arousal,midpoint_as_high,ce_class_weighted,shuffle,2,11,775,26,Depressed_pose_4,0,0,0.43077120184898376,-0.27870526909828186
3,arousal,midpoint_as_high,ce_class_weighted,shuffle,2,11,776,26,Angry_face_1,0,0,0.07108540087938309,-2.5701348781585693
3,arousal,midpoint_as_high,ce_class_weighted,shuffle,2,11,777,26,Dog_26,1,0,0.15571266412734985,-1.6904804706573486
3,arousal,midpoint_as_high,ce_class_weighted,shuffle,2,11,778,26,8370,1,0,0.24838276207447052,-1.1072561740875244
3,arousal,midpoint_as_high,ce_class_weighted,shuffle,2,11,779,26,Dog_6,0,0,0.1246497854590416,-1.9491159915924072
3,arousal,midpoint_as_high,ce_class_weighted,shuffle,2,11,780,26,9220,0,0,0.026645684614777565,-3.598120927810669
3,arousal,midpoint_as_high,ce_class_weighted,shuffle,2,11,781,26,Lake_12,0,0,0.14708325266838074,-1.7576631307601929
3,arousal,midpoint_as_high,ce_class_weighted,shuffle,2,11,782,26,2314,0,0,0.06073726713657379,-2.7385377883911133
3,arousal,midpoint_as_high,ce_class_weighted,shuffle,2,11,783,26,1750,0,1,0.9227129817008972,2.479792833328247
3,arousal,midpoint_as_high,ce_class_weighted,shuffle,2,11,784,26,8492,1,0,0.012583266943693161,-4.362724304199219
3,arousal,midpoint_as_high,ce_class_weighted,shuffle,2,11,785,26,1441,0,0,0.018338512629270554,-3.98024320602417
3,arousal,midpoint_as_high,ce_class_weighted,shuffle,2,11,786,26,Flowers_6,1,0,0.05972481891512871,-2.756424903869629
3,arousal,midpoint_as_high,ce_class_weighted,shuffle,2,11,787,26,Yarn_1,0,0,0.011917278170585632,-4.417777061462402
3,arousal,midpoint_as_high,ce_class_weighted,shuffle,2,11,788,26,9331,0,0,0.01237019244581461,-4.38001823425293
3,arousal,midpoint_as_high,ce_class_weighted,shuffle,2,11,789,26,Beach_1,0,0,0.024120701476931572,-3.700268507003784
3,arousal,midpoint_as_high,ce_class_weighted,shuffle,2,11,790,26,2491,0,0,0.03486453369259834,-3.320798397064209
3,arousal,midpoint_as_high,ce_class_weighted,shuffle,2,11,791,26,9360,0,0,0.07173941284418106,-2.560272216796875
3,arousal,midpoint_as_high,ce_class_weighted,shuffle,2,11,792,26,Lake_3,0,0,0.011649919673800468,-4.440737724304199
3,arousal,midpoint_as_high,ce_class_weighted,shuffle,2,11,793,26,3170,1,0,0.03043287992477417,-3.4613261222839355
3,arousal,midpoint_as_high,ce_class_weighted,shuffle,2,11,794,26,8080,0,0,0.018873337656259537,-3.950951337814331
3,arousal,midpoint_as_high,ce_class_weighted,shuffle,2,11,795,26,Snow_1,0,0,0.011069645173847675,-4.492417335510254
3,arousal,midpoint_as_high,ce_class_weighted,shuffle,2,11,796,26,4220,1,0,0.021131373941898346,-3.8356385231018066
3,arousal,midpoint_as_high,ce_class_weighted,shuffle,2,11,797,26,5760,0,0,0.020869655534625053,-3.8483686447143555
3,arousal,midpoint_as_high,ce_class_weighted,shuffle,2,11,798,26,3063,0,0,0.103366918861866,-2.1603617668151855
3,arousal,midpoint_as_high,ce_class_weighted,shuffle,2,11,799,26,3080,1,0,0.31295302510261536,-0.7863496541976929
3,arousal,midpoint_as_high,ce_class_weighted,shuffle,2,11,928,31,Dummy_1,1,1,0.9654189348220825,3.329256057739258
3,arousal,midpoint_as_high,ce_class_weighted,shuffle,2,11,929,31,3053,1,1,0.9467825293540955,2.878682851791382
3,arousal,midpoint_as_high,ce_class_weighted,shuffle,2,11,930,31,Tumor_1,1,1,0.7613075375556946,1.1598615646362305
3,arousal,midpoint_as_high,ce_class_weighted,shuffle,2,11,931,31,Dog_18,0,0,0.02029276452958584,-3.8769893646240234
3,arousal,midpoint_as_high,ce_class_weighted,shuffle,2,11,932,31,Miserable_pose_3,1,0,0.0773082748055458,-2.479494094848633
3,arousal,midpoint_as_high,ce_class_weighted,shuffle,2,11,933,31,Pinecone_1,0,0,0.008775163441896439,-4.727015972137451
3,arousal,midpoint_as_high,ce_class_weighted,shuffle,2,11,934,31,Garbage_dump_6,1,0,0.05032723769545555,-2.9375710487365723
3,arousal,midpoint_as_high,ce_class_weighted,shuffle,2,11,935,31,Depressed_pose_4,1,1,0.8659185767173767,1.8653438091278076
3,arousal,midpoint_as_high,ce_class_weighted,shuffle,2,11,936,31,Angry_face_1,1,0,0.0767381489276886,-2.487514019012451
3,arousal,midpoint_as_high,ce_class_weighted,shuffle,2,11,937,31,Dog_26,1,1,0.6984450221061707,0.8399041891098022
3,arousal,midpoint_as_high,ce_class_weighted,shuffle,2,11,938,31,8370,1,0,0.22985897958278656,-1.2091076374053955
3,arousal,midpoint_as_high,ce_class_weighted,shuffle,2,11,939,31,Dog_6,0,0,0.2602000832557678,-1.0449289083480835
3,arousal,midpoint_as_high,ce_class_weighted,shuffle,2,11,940,31,9220,0,1,0.7082829475402832,0.8870594501495361
3,arousal,midpoint_as_high,ce_class_weighted,shuffle,2,11,941,31,Lake_12,0,0,0.307478129863739,-0.8119359016418457
3,arousal,midpoint_as_high,ce_class_weighted,shuffle,2,11,942,31,2314,0,0,0.03183538094162941,-3.4148237705230713
3,arousal,midpoint_as_high,ce_class_weighted,shuffle,2,11,943,31,1750,0,0,0.027119211852550507,-3.580019235610962
3,arousal,midpoint_as_high,ce_class_weighted,shuffle,2,11,944,31,8492,1,0,0.04358594864606857,-3.088456153869629
3,arousal,midpoint_as_high,ce_class_weighted,shuffle,2,11,945,31,1441,0,0,0.3172546923160553,-0.7664170265197754
3,arousal,midpoint_as_high,ce_class_weighted,shuffle,2,11,946,31,Flowers_6,0,0,0.22749342024326324,-1.2225191593170166
3,arousal,midpoint_as_high,ce_class_weighted,shuffle,2,11,947,31,Yarn_1,0,1,0.9892936944961548,4.526160717010498
3,arousal,midpoint_as_high,ce_class_weighted,shuffle,2,11,948,31,9331,1,0,0.03145506978034973,-3.427234649658203
3,arousal,midpoint_as_high,ce_class_weighted,shuffle,2,11,949,31,Beach_1,0,0,0.05367037281394005,-2.86972975730896
3,arousal,midpoint_as_high,ce_class_weighted,shuffle,2,11,950,31,2491,1,1,0.9486821293830872,2.91703462600708
3,arousal,midpoint_as_high,ce_class_weighted,shuffle,2,11,951,31,9360,1,0,0.01950976438820362,-3.917137622833252
3,arousal,midpoint_as_high,ce_class_weighted,shuffle,2,11,952,31,Lake_3,0,0,0.030845750123262405,-3.44742488861084
3,arousal,midpoint_as_high,ce_class_weighted,shuffle,2,11,953,31,3170,1,0,0.16997280716896057,-1.5858200788497925
3,arousal,midpoint_as_high,ce_class_weighted,shuffle,2,11,954,31,8080,1,0,0.3306397795677185,-0.705292820930481
3,arousal,midpoint_as_high,ce_class_weighted,shuffle,2,11,955,31,Snow_1,1,0,0.012045305222272873,-4.406961917877197
3,arousal,midpoint_as_high,ce_class_weighted,shuffle,2,11,956,31,4220,0,0,0.135389506816864,-1.8541232347488403
3,arousal,midpoint_as_high,ce_class_weighted,shuffle,2,11,957,31,5760,0,1,0.7445909380912781,1.069968819618225
3,arousal,midpoint_as_high,ce_class_weighted,shuffle,2,11,958,31,3063,1,0,0.1024831235408783,-2.169933795928955
3,arousal,midpoint_as_high,ce_class_weighted,shuffle,2,11,959,31,3080,1,0,0.01471527200192213,-4.204044818878174
3,arousal,midpoint_as_high,ce_class_weighted,shuffle,2,11,1024,34,Dummy_1,1,1,0.8511386513710022,1.7435598373413086
3,arousal,midpoint_as_high,ce_class_weighted,shuffle,2,11,1025,34,3053,1,0,0.030152585357427597,-3.4708681106567383
3,arousal,midpoint_as_high,ce_class_weighted,shuffle,2,11,1026,34,Tumor_1,1,0,0.013216310180723667,-4.312999248504639
3,arousal,midpoint_as_high,ce_class_weighted,shuffle,2,11,1027,34,Dog_18,0,1,0.5804901123046875,0.32478561997413635
3,arousal,midpoint_as_high,ce_class_weighted,shuffle,2,11,1028,34,Miserable_pose_3,1,1,0.6262245178222656,0.5160535573959351
3,arousal,midpoint_as_high,ce_class_weighted,shuffle,2,11,1029,34,Pinecone_1,0,0,0.17857053875923157,-1.5260624885559082
3,arousal,midpoint_as_high,ce_class_weighted,shuffle,2,11,1030,34,Garbage_dump_6,1,1,0.9664662480354309,3.3610925674438477
3,arousal,midpoint_as_high,ce_class_weighted,shuffle,2,11,1031,34,Depressed_pose_4,0,1,0.9525784850120544,3.000095844268799
3,arousal,midpoint_as_high,ce_class_weighted,shuffle,2,11,1032,34,Angry_face_1,0,0,0.07141298055648804,-2.5651843547821045
3,arousal,midpoint_as_high,ce_class_weighted,shuffle,2,11,1033,34,Dog_26,0,0,0.05234990268945694,-2.8960351943969727
3,arousal,midpoint_as_high,ce_class_weighted,shuffle,2,11,1034,34,8370,1,0,0.08668754994869232,-2.3547677993774414
3,arousal,midpoint_as_high,ce_class_weighted,shuffle,2,11,1035,34,Dog_6,0,0,0.04908309504389763,-2.963912010192871
3,arousal,midpoint_as_high,ce_class_weighted,shuffle,2,11,1036,34,9220,1,0,0.00765168247744441,-4.865148544311523
3,arousal,midpoint_as_high,ce_class_weighted,shuffle,2,11,1037,34,Lake_12,0,0,0.16700010001659393,-1.6070390939712524
3,arousal,midpoint_as_high,ce_class_weighted,shuffle,2,11,1038,34,2314,0,0,0.01646302454173565,-4.090038299560547
3,arousal,midpoint_as_high,ce_class_weighted,shuffle,2,11,1039,34,1750,0,0,0.14019666612148285,-1.813657522201538
3,arousal,midpoint_as_high,ce_class_weighted,shuffle,2,11,1040,34,8492,1,0,0.44357725977897644,-0.22665631771087646
3,arousal,midpoint_as_high,ce_class_weighted,shuffle,2,11,1041,34,1441,0,0,0.06988565623760223,-2.588447093963623
3,arousal,midpoint_as_high,ce_class_weighted,shuffle,2,11,1042,34,Flowers_6,0,0,0.03519027680158615,-3.3111610412597656
3,arousal,midpoint_as_high,ce_class_weighted,shuffle,2,11,1043,34,Yarn_1,0,0,0.008645011112093925,-4.742090225219727
3,arousal,midpoint_as_high,ce_class_weighted,shuffle,2,11,1044,34,9331,0,1,0.984872043132782,4.175963401794434
3,arousal,midpoint_as_high,ce_class_weighted,shuffle,2,11,1045,34,Beach_1,0,0,0.010482718236744404,-4.547489166259766
3,arousal,midpoint_as_high,ce_class_weighted,shuffle,2,11,1046,34,2491,0,0,0.025432970374822617,-3.645946979522705
3,arousal,midpoint_as_high,ce_class_weighted,shuffle,2,11,1047,34,9360,0,0,0.033029355108737946,-3.3767714500427246
3,arousal,midpoint_as_high,ce_class_weighted,shuffle,2,11,1048,34,Lake_3,0,0,0.039077989757061005,-3.202333927154541
3,arousal,midpoint_as_high,ce_class_weighted,shuffle,2,11,1049,34,3170,1,1,0.9780997633934021,3.7991127967834473
3,arousal,midpoint_as_high,ce_class_weighted,shuffle,2,11,1050,34,8080,0,0,0.02145376242697239,-3.8201680183410645
3,arousal,midpoint_as_high,ce_class_weighted,shuffle,2,11,1051,34,Snow_1,0,0,0.019946159794926643,-3.894570827484131
3,arousal,midpoint_as_high,ce_class_weighted,shuffle,2,11,1052,34,4220,1,0,0.04737929627299309,-3.0010313987731934
3,arousal,midpoint_as_high,ce_class_weighted,shuffle,2,11,1053,34,5760,0,0,0.11203410476446152,-2.0701301097869873
3,arousal,midpoint_as_high,ce_class_weighted,shuffle,2,11,1054,34,3063,1,0,0.16689367592334747,-1.607804298400879
3,arousal,midpoint_as_high,ce_class_weighted,shuffle,2,11,1055,34,3080,1,1,0.9048975110054016,2.2528669834136963
3,arousal,midpoint_as_high,ce_class_weighted,shuffle,2,11,1344,44,Dummy_1,1,1,0.9547295570373535,3.0487725734710693
3,arousal,midpoint_as_high,ce_class_weighted,shuffle,2,11,1345,44,3053,1,1,0.8716598153114319,1.9157145023345947
3,arousal,midpoint_as_high,ce_class_weighted,shuffle,2,11,1346,44,Tumor_1,1,1,0.770973801612854,1.213817834854126
3,arousal,midpoint_as_high,ce_class_weighted,shuffle,2,11,1347,44,Dog_18,0,1,0.6551293730735779,0.6416634321212769
3,arousal,midpoint_as_high,ce_class_weighted,shuffle,2,11,1348,44,Miserable_pose_3,0,0,0.04370015114545822,-3.0857200622558594
3,arousal,midpoint_as_high,ce_class_weighted,shuffle,2,11,1349,44,Pinecone_1,1,0,0.1545068770647049,-1.6996814012527466
3,arousal,midpoint_as_high,ce_class_weighted,shuffle,2,11,1350,44,Garbage_dump_6,0,0,0.4951779544353485,-0.01928865909576416
3,arousal,midpoint_as_high,ce_class_weighted,shuffle,2,11,1351,44,Depressed_pose_4,0,0,0.40104126930236816,-0.40112823247909546
3,arousal,midpoint_as_high,ce_class_weighted,shuffle,2,11,1352,44,Angry_face_1,0,0,0.08576218038797379,-2.3665125370025635
3,arousal,midpoint_as_high,ce_class_weighted,shuffle,2,11,1353,44,Dog_26,1,0,0.024553298950195312,-3.68204927444458
3,arousal,midpoint_as_high,ce_class_weighted,shuffle,2,11,1354,44,8370,0,0,0.16683246195316315,-1.6082446575164795
3,arousal,midpoint_as_high,ce_class_weighted,shuffle,2,11,1355,44,Dog_6,1,0,0.21440348029136658,-1.298583745956421
3,arousal,midpoint_as_high,ce_class_weighted,shuffle,2,11,1356,44,9220,0,0,0.14602595567703247,-1.7661163806915283
3,arousal,midpoint_as_high,ce_class_weighted,shuffle,2,11,1357,44,Lake_12,1,1,0.9048004746437073,2.251739978790283
3,arousal,midpoint_as_high,ce_class_weighted,shuffle,2,11,1358,44,2314,0,0,0.20600131154060364,-1.3491992950439453
3,arousal,midpoint_as_high,ce_class_weighted,shuffle,2,11,1359,44,1750,0,0,0.08580894768238068,-2.3659162521362305
3,arousal,midpoint_as_high,ce_class_weighted,shuffle,2,11,1360,44,8492,1,1,0.9127058386802673,2.347130060195923
3,arousal,midpoint_as_high,ce_class_weighted,shuffle,2,11,1361,44,1441,0,0,0.0189641285687685,-3.9460597038269043
3,arousal,midpoint_as_high,ce_class_weighted,shuffle,2,11,1362,44,Flowers_6,0,0,0.3156864047050476,-0.7736669778823853
3,arousal,midpoint_as_high,ce_class_weighted,shuffle,2,11,1363,44,Yarn_1,0,1,0.6767634749412537,0.7389375567436218
3,arousal,midpoint_as_high,ce_class_weighted,shuffle,2,11,1364,44,9331,0,0,0.01765018329024315,-4.019201278686523
3,arousal,midpoint_as_high,ce_class_weighted,shuffle,2,11,1365,44,Beach_1,0,1,0.9063754081726074,2.2701611518859863
3,arousal,midpoint_as_high,ce_class_weighted,shuffle,2,11,1366,44,2491,0,1,0.845116376876831,1.6968002319335938
3,arousal,midpoint_as_high,ce_class_weighted,shuffle,2,11,1367,44,9360,0,0,0.25995302200317383,-1.0462126731872559
3,arousal,midpoint_as_high,ce_class_weighted,shuffle,2,11,1368,44,Lake_3,0,0,0.14106227457523346,-1.8064950704574585
3,arousal,midpoint_as_high,ce_class_weighted,shuffle,2,11,1369,44,3170,1,1,0.8306544423103333,1.5902721881866455
3,arousal,midpoint_as_high,ce_class_weighted,shuffle,2,11,1370,44,8080,0,1,0.8739244937896729,1.9361131191253662
3,arousal,midpoint_as_high,ce_class_weighted,shuffle,2,11,1371,44,Snow_1,1,0,0.028491392731666565,-3.5292482376098633
3,arousal,midpoint_as_high,ce_class_weighted,shuffle,2,11,1372,44,4220,0,0,0.09076756983995438,-2.3042986392974854
3,arousal,midpoint_as_high,ce_class_weighted,shuffle,2,11,1373,44,5760,0,1,0.9823784232139587,4.0208539962768555
3,arousal,midpoint_as_high,ce_class_weighted,shuffle,2,11,1374,44,3063,1,1,0.9532425403594971,3.014895439147949
3,arousal,midpoint_as_high,ce_class_weighted,shuffle,2,11,1375,44,3080,1,0,0.015831105411052704,-4.129820823669434
3,arousal,midpoint_as_high,ce_class_weighted,shuffle,2,11,1408,46,Dummy_1,0,0,0.37279096245765686,-0.5202620625495911
3,arousal,midpoint_as_high,ce_class_weighted,shuffle,2,11,1409,46,3053,0,1,0.7751085758209229,1.2373855113983154
3,arousal,midpoint_as_high,ce_class_weighted,shuffle,2,11,1410,46,Tumor_1,1,1,0.8611937761306763,1.8252406120300293
3,arousal,midpoint_as_high,ce_class_weighted,shuffle,2,11,1411,46,Dog_18,0,1,0.8471916317939758,1.7127423286437988
3,arousal,midpoint_as_high,ce_class_weighted,shuffle,2,11,1412,46,Miserable_pose_3,1,1,0.972461998462677,3.5642642974853516
3,arousal,midpoint_as_high,ce_class_weighted,shuffle,2,11,1413,46,Pinecone_1,0,1,0.9488583207130432,2.920659065246582
3,arousal,midpoint_as_high,ce_class_weighted,shuffle,2,11,1414,46,Garbage_dump_6,1,1,0.9678951501846313,3.406118392944336
3,arousal,midpoint_as_high,ce_class_weighted,shuffle,2,11,1415,46,Depressed_pose_4,1,0,0.19762751460075378,-1.401188850402832
3,arousal,midpoint_as_high,ce_class_weighted,shuffle,2,11,1416,46,Angry_face_1,1,0,0.3769996464252472,-0.5023027062416077
3,arousal,midpoint_as_high,ce_class_weighted,shuffle,2,11,1417,46,Dog_26,1,0,0.1074807345867157,-2.11673641204834
3,arousal,midpoint_as_high,ce_class_weighted,shuffle,2,11,1418,46,8370,0,1,0.7670215368270874,1.1915689706802368
3,arousal,midpoint_as_high,ce_class_weighted,shuffle,2,11,1419,46,Dog_6,0,0,0.05227905511856079,-2.8974642753601074
3,arousal,midpoint_as_high,ce_class_weighted,shuffle,2,11,1420,46,9220,1,1,0.7738062739372253,1.2299299240112305
3,arousal,midpoint_as_high,ce_class_weighted,shuffle,2,11,1421,46,Lake_12,0,0,0.43885910511016846,-0.24579361081123352
3,arousal,midpoint_as_high,ce_class_weighted,shuffle,2,11,1422,46,2314,0,0,0.08619005233049393,-2.361067771911621
3,arousal,midpoint_as_high,ce_class_weighted,shuffle,2,11,1423,46,1750,1,1,0.5218810439109802,0.0875801146030426
3,arousal,midpoint_as_high,ce_class_weighted,shuffle,2,11,1424,46,8492,1,0,0.146136075258255,-1.7652335166931152
3,arousal,midpoint_as_high,ce_class_weighted,shuffle,2,11,1425,46,1441,0,0,0.16058377921581268,-1.65389084815979
3,arousal,midpoint_as_high,ce_class_weighted,shuffle,2,11,1426,46,Flowers_6,0,0,0.49803975224494934,-0.007840991020202637
3,arousal,midpoint_as_high,ce_class_weighted,shuffle,2,11,1427,46,Yarn_1,0,0,0.01578296162188053,-4.132915496826172
3,arousal,midpoint_as_high,ce_class_weighted,shuffle,2,11,1428,46,9331,0,1,0.920926570892334,2.455003023147583
3,arousal,midpoint_as_high,ce_class_weighted,shuffle,2,11,1429,46,Beach_1,1,1,0.9297213554382324,2.5824167728424072
3,arousal,midpoint_as_high,ce_class_weighted,shuffle,2,11,1430,46,2491,0,1,0.7532820701599121,1.1161940097808838
3,arousal,midpoint_as_high,ce_class_weighted,shuffle,2,11,1431,46,9360,0,1,0.5099718570709229,0.03989287465810776
3,arousal,midpoint_as_high,ce_class_weighted,shuffle,2,11,1432,46,Lake_3,0,1,0.8626247048377991,1.837263584136963
3,arousal,midpoint_as_high,ce_class_weighted,shuffle,2,11,1433,46,3170,0,0,0.047855015844106674,-2.990541458129883
3,arousal,midpoint_as_high,ce_class_weighted,shuffle,2,11,1434,46,8080,1,1,0.9317710399627686,2.61421799659729
3,arousal,midpoint_as_high,ce_class_weighted,shuffle,2,11,1435,46,Snow_1,0,0,0.0765976682305336,-2.4894983768463135
3,arousal,midpoint_as_high,ce_class_weighted,shuffle,2,11,1436,46,4220,1,0,0.02540111169219017,-3.647233009338379
3,arousal,midpoint_as_high,ce_class_weighted,shuffle,2,11,1437,46,5760,0,1,0.926511287689209,2.5342936515808105
3,arousal,midpoint_as_high,ce_class_weighted,shuffle,2,11,1438,46,3063,1,0,0.06301691383123398,-2.6992621421813965
3,arousal,midpoint_as_high,ce_class_weighted,shuffle,2,11,1439,46,3080,1,0,0.10417191684246063,-2.1517059803009033
3,arousal,midpoint_as_high,ce_class_weighted,shuffle,2,11,1504,49,Dummy_1,0,1,0.9692248106002808,3.449789047241211
3,arousal,midpoint_as_high,ce_class_weighted,shuffle,2,11,1505,49,3053,1,1,0.7682649493217468,1.1985399723052979
3,arousal,midpoint_as_high,ce_class_weighted,shuffle,2,11,1506,49,Tumor_1,0,1,0.9686466455459595,3.4305782318115234
3,arousal,midpoint_as_high,ce_class_weighted,shuffle,2,11,1507,49,Dog_18,0,0,0.061123572289943695,-2.7317862510681152
3,arousal,midpoint_as_high,ce_class_weighted,shuffle,2,11,1508,49,Miserable_pose_3,1,0,0.012984460219740868,-4.3309326171875
3,arousal,midpoint_as_high,ce_class_weighted,shuffle,2,11,1509,49,Pinecone_1,1,1,0.7127622365951538,0.9088375568389893
3,arousal,midpoint_as_high,ce_class_weighted,shuffle,2,11,1510,49,Garbage_dump_6,0,0,0.20184262096881866,-1.3748173713684082
3,arousal,midpoint_as_high,ce_class_weighted,shuffle,2,11,1511,49,Depressed_pose_4,0,0,0.4430351257324219,-0.22885318100452423
3,arousal,midpoint_as_high,ce_class_weighted,shuffle,2,11,1512,49,Angry_face_1,0,0,0.029668668285012245,-3.487545967102051
3,arousal,midpoint_as_high,ce_class_weighted,shuffle,2,11,1513,49,Dog_26,0,0,0.14876148104667664,-1.7443480491638184
3,arousal,midpoint_as_high,ce_class_weighted,shuffle,2,11,1514,49,8370,0,0,0.013016372919082642,-4.3284454345703125
3,arousal,midpoint_as_high,ce_class_weighted,shuffle,2,11,1515,49,Dog_6,0,0,0.008102046325802803,-4.807503700256348
3,arousal,midpoint_as_high,ce_class_weighted,shuffle,2,11,1516,49,9220,0,0,0.10843554139137268,-2.1068217754364014
3,arousal,midpoint_as_high,ce_class_weighted,shuffle,2,11,1517,49,Lake_12,0,0,0.008075295947492123,-4.810837745666504
3,arousal,midpoint_as_high,ce_class_weighted,shuffle,2,11,1518,49,2314,0,0,0.10485187917947769,-2.1444404125213623
3,arousal,midpoint_as_high,ce_class_weighted,shuffle,2,11,1519,49,1750,0,0,0.07065659761428833,-2.5766468048095703
3,arousal,midpoint_as_high,ce_class_weighted,shuffle,2,11,1520,49,8492,0,0,0.006960785016417503,-4.960477828979492
3,arousal,midpoint_as_high,ce_class_weighted,shuffle,2,11,1521,49,1441,0,0,0.1465771198272705,-1.7617034912109375
3,arousal,midpoint_as_high,ce_class_weighted,shuffle,2,11,1522,49,Flowers_6,0,0,0.02392663061618805,-3.708545684814453
3,arousal,midpoint_as_high,ce_class_weighted,shuffle,2,11,1523,49,Yarn_1,0,0,0.45577919483184814,-0.17734655737876892
3,arousal,midpoint_as_high,ce_class_weighted,shuffle,2,11,1524,49,9331,0,0,0.056709229946136475,-2.8114376068115234
3,arousal,midpoint_as_high,ce_class_weighted,shuffle,2,11,1525,49,Beach_1,0,0,0.12915600836277008,-1.9084417819976807
3,arousal,midpoint_as_high,ce_class_weighted,shuffle,2,11,1526,49,2491,0,0,0.08362506330013275,-2.3940823078155518
3,arousal,midpoint_as_high,ce_class_weighted,shuffle,2,11,1527,49,9360,1,1,0.8994567394256592,2.1912031173706055
3,arousal,midpoint_as_high,ce_class_weighted,shuffle,2,11,1528,49,Lake_3,0,0,0.055531516671180725,-2.8336715698242188
3,arousal,midpoint_as_high,ce_class_weighted,shuffle,2,11,1529,49,3170,0,1,0.7139790058135986,0.9147883653640747
3,arousal,midpoint_as_high,ce_class_weighted,shuffle,2,11,1530,49,8080,0,0,0.0069557372480630875,-4.961208343505859
3,arousal,midpoint_as_high,ce_class_weighted,shuffle,2,11,1531,49,Snow_1,0,0,0.056177835911512375,-2.821415424346924
3,arousal,midpoint_as_high,ce_class_weighted,shuffle,2,11,1532,49,4220,0,0,0.013405898585915565,-4.2985639572143555
3,arousal,midpoint_as_high,ce_class_weighted,shuffle,2,11,1533,49,5760,0,1,0.6610022783279419,0.6677637696266174
3,arousal,midpoint_as_high,ce_class_weighted,shuffle,2,11,1534,49,3063,1,0,0.04357009008526802,-3.088836669921875
3,arousal,midpoint_as_high,ce_class_weighted,shuffle,2,11,1535,49,3080,0,1,0.8784582018852234,1.9779095649719238
3,arousal,midpoint_as_high,ce_class_weighted,shuffle,2,11,1920,63,Dummy_1,0,0,0.07158462703227997,-2.562598943710327
3,arousal,midpoint_as_high,ce_class_weighted,shuffle,2,11,1921,63,3053,1,0,0.44215768575668335,-0.2324097454547882
3,arousal,midpoint_as_high,ce_class_weighted,shuffle,2,11,1922,63,Tumor_1,1,0,0.05601133033633232,-2.8245601654052734
3,arousal,midpoint_as_high,ce_class_weighted,shuffle,2,11,1923,63,Dog_18,0,1,0.502596378326416,0.010385602712631226
3,arousal,midpoint_as_high,ce_class_weighted,shuffle,2,11,1924,63,Miserable_pose_3,1,0,0.0582553893327713,-2.782897472381592
3,arousal,midpoint_as_high,ce_class_weighted,shuffle,2,11,1925,63,Pinecone_1,0,0,0.012532851658761501,-4.366789817810059
3,arousal,midpoint_as_high,ce_class_weighted,shuffle,2,11,1926,63,Garbage_dump_6,1,0,0.01223937887698412,-4.390781879425049
3,arousal,midpoint_as_high,ce_class_weighted,shuffle,2,11,1927,63,Depressed_pose_4,0,1,0.6536744236946106,0.635230302810669
3,arousal,midpoint_as_high,ce_class_weighted,shuffle,2,11,1928,63,Angry_face_1,0,1,0.5377119779586792,0.15113484859466553
3,arousal,midpoint_as_high,ce_class_weighted,shuffle,2,11,1929,63,Dog_26,1,1,0.946140468120575,2.866010904312134
3,arousal,midpoint_as_high,ce_class_weighted,shuffle,2,11,1930,63,8370,1,0,0.012932214885950089,-4.335017204284668
3,arousal,midpoint_as_high,ce_class_weighted,shuffle,2,11,1931,63,Dog_6,1,0,0.4928356111049652,-0.02865944802761078
3,arousal,midpoint_as_high,ce_class_weighted,shuffle,2,11,1932,63,9220,1,0,0.25314199924468994,-1.0819244384765625
3,arousal,midpoint_as_high,ce_class_weighted,shuffle,2,11,1933,63,Lake_12,0,0,0.010095946490764618,-4.585474014282227
3,arousal,midpoint_as_high,ce_class_weighted,shuffle,2,11,1934,63,2314,0,1,0.8716520667076111,1.9156460762023926
3,arousal,midpoint_as_high,ce_class_weighted,shuffle,2,11,1935,63,1750,0,0,0.28796932101249695,-0.9052670001983643
3,arousal,midpoint_as_high,ce_class_weighted,shuffle,2,11,1936,63,8492,1,1,0.5719578266143799,0.28984349966049194
3,arousal,midpoint_as_high,ce_class_weighted,shuffle,2,11,1937,63,1441,0,1,0.7940877676010132,1.3497437238693237
3,arousal,midpoint_as_high,ce_class_weighted,shuffle,2,11,1938,63,Flowers_6,0,0,0.020934052765369415,-3.845221996307373
3,arousal,midpoint_as_high,ce_class_weighted,shuffle,2,11,1939,63,Yarn_1,0,0,0.015525760129094124,-4.149607181549072
3,arousal,midpoint_as_high,ce_class_weighted,shuffle,2,11,1940,63,9331,0,0,0.40546682476997375,-0.38273754715919495
3,arousal,midpoint_as_high,ce_class_weighted,shuffle,2,11,1941,63,Beach_1,0,1,0.7541837096214294,1.1210514307022095
3,arousal,midpoint_as_high,ce_class_weighted,shuffle,2,11,1942,63,2491,0,1,0.9895675778388977,4.552352428436279
3,arousal,midpoint_as_high,ce_class_weighted,shuffle,2,11,1943,63,9360,0,1,0.6163012385368347,0.4738781452178955
3,arousal,midpoint_as_high,ce_class_weighted,shuffle,2,11,1944,63,Lake_3,0,0,0.020753251388669014,-3.8540806770324707
3,arousal,midpoint_as_high,ce_class_weighted,shuffle,2,11,1945,63,3170,1,0,0.03950771316885948,-3.1909499168395996
3,arousal,midpoint_as_high,ce_class_weighted,shuffle,2,11,1946,63,8080,0,0,0.01907995529472828,-3.939852714538574
3,arousal,midpoint_as_high,ce_class_weighted,shuffle,2,11,1947,63,Snow_1,0,0,0.07539699971675873,-2.5065970420837402
3,arousal,midpoint_as_high,ce_class_weighted,shuffle,2,11,1948,63,4220,0,1,0.912254810333252,2.341482639312744
3,arousal,midpoint_as_high,ce_class_weighted,shuffle,2,11,1949,63,5760,0,0,0.03210834041237831,-3.4060044288635254
3,arousal,midpoint_as_high,ce_class_weighted,shuffle,2,11,1950,63,3063,1,1,0.8153555393218994,1.4851922988891602
3,arousal,midpoint_as_high,ce_class_weighted,shuffle,2,11,1951,63,3080,1,0,0.01406094990670681,-4.250193119049072
4,arousal,midpoint_as_high,balanced_sampler_ce,weighted_random_sampler,2,11,32,2,Dummy_1,1,0,0.029317496344447136,-3.499814987182617
4,arousal,midpoint_as_high,balanced_sampler_ce,weighted_random_sampler,2,11,33,2,3053,1,0,0.08581656962633133,-2.365819215774536
4,arousal,midpoint_as_high,balanced_sampler_ce,weighted_random_sampler,2,11,34,2,Tumor_1,1,0,0.05112844333052635,-2.9209325313568115
4,arousal,midpoint_as_high,balanced_sampler_ce,weighted_random_sampler,2,11,35,2,Dog_18,1,0,0.14785315096378326,-1.7515393495559692
4,arousal,midpoint_as_high,balanced_sampler_ce,weighted_random_sampler,2,11,36,2,Miserable_pose_3,1,1,0.6408957839012146,0.5792543292045593
4,arousal,midpoint_as_high,balanced_sampler_ce,weighted_random_sampler,2,11,37,2,Pinecone_1,0,1,0.8581960201263428,1.8003870248794556
4,arousal,midpoint_as_high,balanced_sampler_ce,weighted_random_sampler,2,11,38,2,Garbage_dump_6,1,1,0.9650589823722839,3.3185274600982666
4,arousal,midpoint_as_high,balanced_sampler_ce,weighted_random_sampler,2,11,39,2,Depressed_pose_4,1,0,0.033126480877399445,-3.373734712600708
4,arousal,midpoint_as_high,balanced_sampler_ce,weighted_random_sampler,2,11,40,2,Angry_face_1,1,1,0.9588353633880615,3.148139476776123
4,arousal,midpoint_as_high,balanced_sampler_ce,weighted_random_sampler,2,11,41,2,Dog_26,1,1,0.9366555213928223,2.69372820854187
4,arousal,midpoint_as_high,balanced_sampler_ce,weighted_random_sampler,2,11,42,2,8370,1,0,0.02926897630095482,-3.501521348953247
4,arousal,midpoint_as_high,balanced_sampler_ce,weighted_random_sampler,2,11,43,2,Dog_6,1,0,0.029703551903367043,-3.486335039138794
4,arousal,midpoint_as_high,balanced_sampler_ce,weighted_random_sampler,2,11,44,2,9220,1,1,0.9640548825263977,3.289155960083008
4,arousal,midpoint_as_high,balanced_sampler_ce,weighted_random_sampler,2,11,45,2,Lake_12,0,1,0.6567501425743103,0.6488451957702637
4,arousal,midpoint_as_high,balanced_sampler_ce,weighted_random_sampler,2,11,46,2,2314,1,0,0.2736625373363495,-0.9761190414428711
4,arousal,midpoint_as_high,balanced_sampler_ce,weighted_random_sampler,2,11,47,2,1750,1,0,0.39176127314567566,-0.43991485238075256
4,arousal,midpoint_as_high,balanced_sampler_ce,weighted_random_sampler,2,11,48,2,8492,1,1,0.6821932196617126,0.7638693451881409
4,arousal,midpoint_as_high,balanced_sampler_ce,weighted_random_sampler,2,11,49,2,1441,1,1,0.9170318245887756,2.402684211730957
4,arousal,midpoint_as_high,balanced_sampler_ce,weighted_random_sampler,2,11,50,2,Flowers_6,0,1,0.7743828892707825,1.233227014541626
4,arousal,midpoint_as_high,balanced_sampler_ce,weighted_random_sampler,2,11,51,2,Yarn_1,0,0,0.05489236116409302,-2.8459246158599854
4,arousal,midpoint_as_high,balanced_sampler_ce,weighted_random_sampler,2,11,52,2,9331,1,0,0.4500124454498291,-0.2006203681230545
4,arousal,midpoint_as_high,balanced_sampler_ce,weighted_random_sampler,2,11,53,2,Beach_1,0,0,0.4907769560813904,-0.03689637780189514
4,arousal,midpoint_as_high,balanced_sampler_ce,weighted_random_sampler,2,11,54,2,2491,1,1,0.7313812375068665,1.001641869544983
4,arousal,midpoint_as_high,balanced_sampler_ce,weighted_random_sampler,2,11,55,2,9360,0,0,0.04693586751818657,-3.0109000205993652
4,arousal,midpoint_as_high,balanced_sampler_ce,weighted_random_sampler,2,11,56,2,Lake_3,0,0,0.027504941448569298,-3.5654993057250977
4,arousal,midpoint_as_high,balanced_sampler_ce,weighted_random_sampler,2,11,57,2,3170,1,1,0.9292975068092346,2.5759482383728027
4,arousal,midpoint_as_high,balanced_sampler_ce,weighted_random_sampler,2,11,58,2,8080,1,0,0.07258003205060959,-2.5477166175842285
4,arousal,midpoint_as_high,balanced_sampler_ce,weighted_random_sampler,2,11,59,2,Snow_1,1,1,0.7318661212921143,1.0041112899780273
4,arousal,midpoint_as_high,balanced_sampler_ce,weighted_random_sampler,2,11,60,2,4220,1,1,0.731464147567749,1.0020637512207031
4,arousal,midpoint_as_high,balanced_sampler_ce,weighted_random_sampler,2,11,61,2,5760,1,1,0.7662727236747742,1.1873831748962402
4,arousal,midpoint_as_high,balanced_sampler_ce,weighted_random_sampler,2,11,62,2,3063,1,0,0.0532960444688797,-2.877124309539795
4,arousal,midpoint_as_high,balanced_sampler_ce,weighted_random_sampler,2,11,63,2,3080,1,0,0.13015557825565338,-1.8995838165283203
4,arousal,midpoint_as_high,balanced_sampler_ce,weighted_random_sampler,2,11,96,5,Dummy_1,1,1,0.8582051992416382,1.8004623651504517
4,arousal,midpoint_as_high,balanced_sampler_ce,weighted_random_sampler,2,11,97,5,3053,1,1,0.6846619248390198,0.7752799391746521
4,arousal,midpoint_as_high,balanced_sampler_ce,weighted_random_sampler,2,11,98,5,Tumor_1,1,1,0.6945595741271973,0.8215233087539673
4,arousal,midpoint_as_high,balanced_sampler_ce,weighted_random_sampler,2,11,99,5,Dog_18,0,0,0.21154682338237762,-1.315626621246338
4,arousal,midpoint_as_high,balanced_sampler_ce,weighted_random_sampler,2,11,100,5,Miserable_pose_3,1,0,0.39791810512542725,-0.4141473174095154
4,arousal,midpoint_as_high,balanced_sampler_ce,weighted_random_sampler,2,11,101,5,Pinecone_1,1,1,0.7830557227134705,1.2835631370544434
4,arousal,midpoint_as_high,balanced_sampler_ce,weighted_random_sampler,2,11,102,5,Garbage_dump_6,1,1,0.9163532257080078,2.393799304962158
4,arousal,midpoint_as_high,balanced_sampler_ce,weighted_random_sampler,2,11,103,5,Depressed_pose_4,1,1,0.7759186029434204,1.2420380115509033
4,arousal,midpoint_as_high,balanced_sampler_ce,weighted_random_sampler,2,11,104,5,Angry_face_1,1,1,0.7853635549545288,1.29720139503479
4,arousal,midpoint_as_high,balanced_sampler_ce,weighted_random_sampler,2,11,105,5,Dog_26,1,0,0.1472133994102478,-1.7566261291503906
4,arousal,midpoint_as_high,balanced_sampler_ce,weighted_random_sampler,2,11,106,5,8370,1,1,0.5640574097633362,0.2576456069946289
4,arousal,midpoint_as_high,balanced_sampler_ce,weighted_random_sampler,2,11,107,5,Dog_6,0,0,0.2372979074716568,-1.1675511598587036
4,arousal,midpoint_as_high,balanced_sampler_ce,weighted_random_sampler,2,11,108,5,9220,0,1,0.9469798803329468,2.8826050758361816
4,arousal,midpoint_as_high,balanced_sampler_ce,weighted_random_sampler,2,11,109,5,Lake_12,0,1,0.9039829969406128,2.24228572845459
4,arousal,midpoint_as_high,balanced_sampler_ce,weighted_random_sampler,2,11,110,5,2314,0,0,0.4300619959831238,-0.2815983295440674
4,arousal,midpoint_as_high,balanced_sampler_ce,weighted_random_sampler,2,11,111,5,1750,0,0,0.10916105657815933,-2.099339246749878
4,arousal,midpoint_as_high,balanced_sampler_ce,weighted_random_sampler,2,11,112,5,8492,1,1,0.6335655450820923,0.5475437045097351
4,arousal,midpoint_as_high,balanced_sampler_ce,weighted_random_sampler,2,11,113,5,1441,1,0,0.1591043919324875,-1.6649069786071777
4,arousal,midpoint_as_high,balanced_sampler_ce,weighted_random_sampler,2,11,114,5,Flowers_6,0,0,0.2457166612148285,-1.121588945388794
4,arousal,midpoint_as_high,balanced_sampler_ce,weighted_random_sampler,2,11,115,5,Yarn_1,1,0,0.2530841529369354,-1.082230567932129
4,arousal,midpoint_as_high,balanced_sampler_ce,weighted_random_sampler,2,11,116,5,9331,1,1,0.7078948616981506,0.8851819038391113
4,arousal,midpoint_as_high,balanced_sampler_ce,weighted_random_sampler,2,11,117,5,Beach_1,0,0,0.0770990401506424,-2.482431173324585
4,arousal,midpoint_as_high,balanced_sampler_ce,weighted_random_sampler,2,11,118,5,2491,0,0,0.041288916021585464,-3.14499568939209
4,arousal,midpoint_as_high,balanced_sampler_ce,weighted_random_sampler,2,11,119,5,9360,1,1,0.6682450175285339,0.7002581357955933
4,arousal,midpoint_as_high,balanced_sampler_ce,weighted_random_sampler,2,11,120,5,Lake_3,0,1,0.5580451488494873,0.2332320660352707
4,arousal,midpoint_as_high,balanced_sampler_ce,weighted_random_sampler,2,11,121,5,3170,1,1,0.9411171078681946,2.7715182304382324
4,arousal,midpoint_as_high,balanced_sampler_ce,weighted_random_sampler,2,11,122,5,8080,0,1,0.734193742275238,1.016005516052246
4,arousal,midpoint_as_high,balanced_sampler_ce,weighted_random_sampler,2,11,123,5,Snow_1,1,0,0.04341631382703781,-3.0925331115722656
4,arousal,midpoint_as_high,balanced_sampler_ce,weighted_random_sampler,2,11,124,5,4220,1,0,0.2303001433610916,-1.2066172361373901
4,arousal,midpoint_as_high,balanced_sampler_ce,weighted_random_sampler,2,11,125,5,5760,0,0,0.0718110129237175,-2.559197425842285
4,arousal,midpoint_as_high,balanced_sampler_ce,weighted_random_sampler,2,11,126,5,3063,1,0,0.07406516373157501,-2.5258586406707764
4,arousal,midpoint_as_high,balanced_sampler_ce,weighted_random_sampler,2,11,127,5,3080,1,1,0.6647270321846008,0.6844317317008972
4,arousal,midpoint_as_high,balanced_sampler_ce,weighted_random_sampler,2,11,288,11,Dummy_1,1,0,0.11075009405612946,-2.083101987838745
4,arousal,midpoint_as_high,balanced_sampler_ce,weighted_random_sampler,2,11,289,11,3053,1,0,0.05741780623793602,-2.7982685565948486
4,arousal,midpoint_as_high,balanced_sampler_ce,weighted_random_sampler,2,11,290,11,Tumor_1,1,0,0.028197145089507103,-3.5399322509765625
4,arousal,midpoint_as_high,balanced_sampler_ce,weighted_random_sampler,2,11,291,11,Dog_18,1,1,0.695311427116394,0.8250695466995239
4,arousal,midpoint_as_high,balanced_sampler_ce,weighted_random_sampler,2,11,292,11,Miserable_pose_3,1,1,0.7246924638748169,0.9678584337234497
4,arousal,midpoint_as_high,balanced_sampler_ce,weighted_random_sampler,2,11,293,11,Pinecone_1,0,1,0.920525074005127,2.449502468109131
4,arousal,midpoint_as_high,balanced_sampler_ce,weighted_random_sampler,2,11,294,11,Garbage_dump_6,1,0,0.43933576345443726,-0.24385833740234375
4,arousal,midpoint_as_high,balanced_sampler_ce,weighted_random_sampler,2,11,295,11,Depressed_pose_4,1,0,0.1506974846124649,-1.7291409969329834
4,arousal,midpoint_as_high,balanced_sampler_ce,weighted_random_sampler,2,11,296,11,Angry_face_1,0,0,0.08140703290700912,-2.4233813285827637
4,arousal,midpoint_as_high,balanced_sampler_ce,weighted_random_sampler,2,11,297,11,Dog_26,1,0,0.4140387177467346,-0.34729427099227905
4,arousal,midpoint_as_high,balanced_sampler_ce,weighted_random_sampler,2,11,298,11,8370,1,0,0.08836989104747772,-2.33370304107666
4,arousal,midpoint_as_high,balanced_sampler_ce,weighted_random_sampler,2,11,299,11,Dog_6,1,0,0.07891028374433517,-2.4572458267211914
4,arousal,midpoint_as_high,balanced_sampler_ce,weighted_random_sampler,2,11,300,11,9220,1,1,0.544150173664093,0.1770617812871933
4,arousal,midpoint_as_high,balanced_sampler_ce,weighted_random_sampler,2,11,301,11,Lake_12,0,1,0.8296350836753845,1.583043098449707
4,arousal,midpoint_as_high,balanced_sampler_ce,weighted_random_sampler,2,11,302,11,2314,1,1,0.7041451334953308,0.8671157360076904
4,arousal,midpoint_as_high,balanced_sampler_ce,weighted_random_sampler,2,11,303,11,1750,1,0,0.03847864270210266,-3.2184133529663086
4,arousal,midpoint_as_high,balanced_sampler_ce,weighted_random_sampler,2,11,304,11,8492,1,0,0.0813455879688263,-2.424203395843506
4,arousal,midpoint_as_high,balanced_sampler_ce,weighted_random_sampler,2,11,305,11,1441,0,0,0.12660327553749084,-1.9313316345214844
4,arousal,midpoint_as_high,balanced_sampler_ce,weighted_random_sampler,2,11,306,11,Flowers_6,0,0,0.3535875678062439,-0.6033065319061279
4,arousal,midpoint_as_high,balanced_sampler_ce,weighted_random_sampler,2,11,307,11,Yarn_1,1,0,0.04901581630110741,-2.9653544425964355
4,arousal,midpoint_as_high,balanced_sampler_ce,weighted_random_sampler,2,11,308,11,9331,1,1,0.6809539198875427,0.7581590414047241
4,arousal,midpoint_as_high,balanced_sampler_ce,weighted_random_sampler,2,11,309,11,Beach_1,0,1,0.7847008109092712,1.2932740449905396
4,arousal,midpoint_as_high,balanced_sampler_ce,weighted_random_sampler,2,11,310,11,2491,0,0,0.19951200485229492,-1.3893470764160156
4,arousal,midpoint_as_high,balanced_sampler_ce,weighted_random_sampler,2,11,311,11,9360,1,0,0.041505444794893265,-3.1395392417907715
4,arousal,midpoint_as_high,balanced_sampler_ce,weighted_random_sampler,2,11,312,11,Lake_3,0,0,0.18849900364875793,-1.4597928524017334
4,arousal,midpoint_as_high,balanced_sampler_ce,weighted_random_sampler,2,11,313,11,3170,1,0,0.033569056540727615,-3.3600051403045654
4,arousal,midpoint_as_high,balanced_sampler_ce,weighted_random_sampler,2,11,314,11,8080,1,1,0.5373665690422058,0.1497453898191452
4,arousal,midpoint_as_high,balanced_sampler_ce,weighted_random_sampler,2,11,315,11,Snow_1,0,0,0.24992519617080688,-1.0990111827850342
4,arousal,midpoint_as_high,balanced_sampler_ce,weighted_random_sampler,2,11,316,11,4220,0,1,0.7197010517120361,0.942979097366333
4,arousal,midpoint_as_high,balanced_sampler_ce,weighted_random_sampler,2,11,317,11,5760,0,1,0.819477915763855,1.5128145217895508
4,arousal,midpoint_as_high,balanced_sampler_ce,weighted_random_sampler,2,11,318,11,3063,1,1,0.8896191120147705,2.0868561267852783
4,arousal,midpoint_as_high,balanced_sampler_ce,weighted_random_sampler,2,11,319,11,3080,1,0,0.21929524838924408,-1.2697780132293701
4,arousal,midpoint_as_high,balanced_sampler_ce,weighted_random_sampler,2,11,480,17,Dummy_1,0,1,0.8239431977272034,1.54329514503479
4,arousal,midpoint_as_high,balanced_sampler_ce,weighted_random_sampler,2,11,481,17,3053,1,0,0.28996825218200684,-0.8955382108688354
4,arousal,midpoint_as_high,balanced_sampler_ce,weighted_random_sampler,2,11,482,17,Tumor_1,1,1,0.9155756235122681,2.3836960792541504
4,arousal,midpoint_as_high,balanced_sampler_ce,weighted_random_sampler,2,11,483,17,Dog_18,0,0,0.04635051637887955,-3.0240638256073
4,arousal,midpoint_as_high,balanced_sampler_ce,weighted_random_sampler,2,11,484,17,Miserable_pose_3,1,1,0.9575524926185608,3.1161117553710938
4,arousal,midpoint_as_high,balanced_sampler_ce,weighted_random_sampler,2,11,485,17,Pinecone_1,0,0,0.1936648190021515,-1.426370620727539
4,arousal,midpoint_as_high,balanced_sampler_ce,weighted_random_sampler,2,11,486,17,Garbage_dump_6,0,1,0.9490892887115479,2.925428867340088
4,arousal,midpoint_as_high,balanced_sampler_ce,weighted_random_sampler,2,11,487,17,Depressed_pose_4,0,0,0.30976852774620056,-0.8012016415596008
4,arousal,midpoint_as_high,balanced_sampler_ce,weighted_random_sampler,2,11,488,17,Angry_face_1,0,1,0.8777802586555481,1.9715754985809326
4,arousal,midpoint_as_high,balanced_sampler_ce,weighted_random_sampler,2,11,489,17,Dog_26,1,1,0.9652218818664551,3.323368549346924
4,arousal,midpoint_as_high,balanced_sampler_ce,weighted_random_sampler,2,11,490,17,8370,0,1,0.9588910341262817,3.1495518684387207
4,arousal,midpoint_as_high,balanced_sampler_ce,weighted_random_sampler,2,11,491,17,Dog_6,0,1,0.9256519675254822,2.5217413902282715
4,arousal,midpoint_as_high,balanced_sampler_ce,weighted_random_sampler,2,11,492,17,9220,0,1,0.536706805229187,0.1470917910337448
4,arousal,midpoint_as_high,balanced_sampler_ce,weighted_random_sampler,2,11,493,17,Lake_12,0,1,0.8518689274787903,1.7493352890014648
4,arousal,midpoint_as_high,balanced_sampler_ce,weighted_random_sampler,2,11,494,17,2314,0,1,0.905034601688385,2.254460334777832
4,arousal,midpoint_as_high,balanced_sampler_ce,weighted_random_sampler,2,11,495,17,1750,0,1,0.9604575037956238,3.190035104751587
4,arousal,midpoint_as_high,balanced_sampler_ce,weighted_random_sampler,2,11,496,17,8492,0,0,0.17237453162670135,-1.5688910484313965
4,arousal,midpoint_as_high,balanced_sampler_ce,weighted_random_sampler,2,11,497,17,1441,0,1,0.9297609329223633,2.583022117614746
4,arousal,midpoint_as_high,balanced_sampler_ce,weighted_random_sampler,2,11,498,17,Flowers_6,0,1,0.9437883496284485,2.820777654647827
4,arousal,midpoint_as_high,balanced_sampler_ce,weighted_random_sampler,2,11,499,17,Yarn_1,0,1,0.6968380808830261,0.83228600025177
4,arousal,midpoint_as_high,balanced_sampler_ce,weighted_random_sampler,2,11,500,17,9331,0,1,0.9346490502357483,2.6603994369506836
4,arousal,midpoint_as_high,balanced_sampler_ce,weighted_random_sampler,2,11,501,17,Beach_1,0,1,0.9207203984260559,2.452176094055176
4,arousal,midpoint_as_high,balanced_sampler_ce,weighted_random_sampler,2,11,502,17,2491,0,1,0.9420097470283508,2.787741184234619
4,arousal,midpoint_as_high,balanced_sampler_ce,weighted_random_sampler,2,11,503,17,9360,1,1,0.9497135281562805,2.9384255409240723
4,arousal,midpoint_as_high,balanced_sampler_ce,weighted_random_sampler,2,11,504,17,Lake_3,0,1,0.860210120677948,1.8170362710952759
4,arousal,midpoint_as_high,balanced_sampler_ce,weighted_random_sampler,2,11,505,17,3170,1,1,0.9393790364265442,2.74057936668396
4,arousal,midpoint_as_high,balanced_sampler_ce,weighted_random_sampler,2,11,506,17,8080,0,1,0.904691219329834,2.250471591949463
4,arousal,midpoint_as_high,balanced_sampler_ce,weighted_random_sampler,2,11,507,17,Snow_1,0,0,0.3907467722892761,-0.44417431950569153
4,arousal,midpoint_as_high,balanced_sampler_ce,weighted_random_sampler,2,11,508,17,4220,0,1,0.8979107141494751,2.1742234230041504
4,arousal,midpoint_as_high,balanced_sampler_ce,weighted_random_sampler,2,11,509,17,5760,0,0,0.15507426857948303,-1.6953446865081787
4,arousal,midpoint_as_high,balanced_sampler_ce,weighted_random_sampler,2,11,510,17,3063,1,1,0.8856278657913208,2.046839714050293
4,arousal,midpoint_as_high,balanced_sampler_ce,weighted_random_sampler,2,11,511,17,3080,1,1,0.8931211233139038,2.123025894165039
4,arousal,midpoint_as_high,balanced_sampler_ce,weighted_random_sampler,2,11,768,26,Dummy_1,0,1,0.8954324126243591,2.147472858428955
4,arousal,midpoint_as_high,balanced_sampler_ce,weighted_random_sampler,2,11,769,26,3053,1,0,0.10998784750699997,-2.090865135192871
4,arousal,midpoint_as_high,balanced_sampler_ce,weighted_random_sampler,2,11,770,26,Tumor_1,1,1,0.7872335314750671,1.308329701423645
4,arousal,midpoint_as_high,balanced_sampler_ce,weighted_random_sampler,2,11,771,26,Dog_18,0,0,0.06042042374610901,-2.744105339050293
4,arousal,midpoint_as_high,balanced_sampler_ce,weighted_random_sampler,2,11,772,26,Miserable_pose_3,0,0,0.31237363815307617,-0.789045512676239
4,arousal,midpoint_as_high,balanced_sampler_ce,weighted_random_sampler,2,11,773,26,Pinecone_1,0,0,0.03632032126188278,-3.278381586074829
4,arousal,midpoint_as_high,balanced_sampler_ce,weighted_random_sampler,2,11,774,26,Garbage_dump_6,1,1,0.6769230961799622,0.7396671772003174
4,arousal,midpoint_as_high,balanced_sampler_ce,weighted_random_sampler,2,11,775,26,Depressed_pose_4,0,0,0.03381999582052231,-3.3522980213165283
4,arousal,midpoint_as_high,balanced_sampler_ce,weighted_random_sampler,2,11,776,26,Angry_face_1,0,1,0.6850073933601379,0.7768803238868713
4,arousal,midpoint_as_high,balanced_sampler_ce,weighted_random_sampler,2,11,777,26,Dog_26,1,0,0.04720214754343033,-3.0049633979797363
4,arousal,midpoint_as_high,balanced_sampler_ce,weighted_random_sampler,2,11,778,26,8370,1,1,0.7597322463989258,1.151212215423584
4,arousal,midpoint_as_high,balanced_sampler_ce,weighted_random_sampler,2,11,779,26,Dog_6,0,0,0.07418619096279144,-2.524095058441162
4,arousal,midpoint_as_high,balanced_sampler_ce,weighted_random_sampler,2,11,780,26,9220,0,1,0.5067657232284546,0.027064718306064606
4,arousal,midpoint_as_high,balanced_sampler_ce,weighted_random_sampler,2,11,781,26,Lake_12,0,0,0.11795112490653992,-2.011977195739746
4,arousal,midpoint_as_high,balanced_sampler_ce,weighted_random_sampler,2,11,782,26,2314,0,1,0.8944808840751648,2.1373507976531982
4,arousal,midpoint_as_high,balanced_sampler_ce,weighted_random_sampler,2,11,783,26,1750,0,1,0.8590101599693298,1.8070930242538452
4,arousal,midpoint_as_high,balanced_sampler_ce,weighted_random_sampler,2,11,784,26,8492,1,0,0.034949108958244324,-3.3182878494262695
4,arousal,midpoint_as_high,balanced_sampler_ce,weighted_random_sampler,2,11,785,26,1441,0,0,0.03819753974676132,-3.2260379791259766
4,arousal,midpoint_as_high,balanced_sampler_ce,weighted_random_sampler,2,11,786,26,Flowers_6,1,0,0.11350716650485992,-2.0554070472717285
4,arousal,midpoint_as_high,balanced_sampler_ce,weighted_random_sampler,2,11,787,26,Yarn_1,0,0,0.10564865916967392,-2.135979652404785
4,arousal,midpoint_as_high,balanced_sampler_ce,weighted_random_sampler,2,11,788,26,9331,0,0,0.04885822907090187,-2.968740224838257
4,arousal,midpoint_as_high,balanced_sampler_ce,weighted_random_sampler,2,11,789,26,Beach_1,0,0,0.07927922904491425,-2.4521806240081787
4,arousal,midpoint_as_high,balanced_sampler_ce,weighted_random_sampler,2,11,790,26,2491,0,0,0.08266410231590271,-2.4066882133483887
4,arousal,midpoint_as_high,balanced_sampler_ce,weighted_random_sampler,2,11,791,26,9360,0,0,0.05908283218741417,-2.7679147720336914
4,arousal,midpoint_as_high,balanced_sampler_ce,weighted_random_sampler,2,11,792,26,Lake_3,0,0,0.0387740321457386,-3.210458755493164
4,arousal,midpoint_as_high,balanced_sampler_ce,weighted_random_sampler,2,11,793,26,3170,1,0,0.46434566378593445,-0.1428598314523697
4,arousal,midpoint_as_high,balanced_sampler_ce,weighted_random_sampler,2,11,794,26,8080,0,0,0.03811848908662796,-3.22819185256958
4,arousal,midpoint_as_high,balanced_sampler_ce,weighted_random_sampler,2,11,795,26,Snow_1,0,0,0.03254677355289459,-3.391988754272461
4,arousal,midpoint_as_high,balanced_sampler_ce,weighted_random_sampler,2,11,796,26,4220,1,0,0.03350989520549774,-3.361830234527588
4,arousal,midpoint_as_high,balanced_sampler_ce,weighted_random_sampler,2,11,797,26,5760,0,0,0.035529766231775284,-3.301208019256592
4,arousal,midpoint_as_high,balanced_sampler_ce,weighted_random_sampler,2,11,798,26,3063,0,0,0.03187613934278488,-3.4135022163391113
4,arousal,midpoint_as_high,balanced_sampler_ce,weighted_random_sampler,2,11,799,26,3080,1,1,0.5144147276878357,0.057674944400787354
4,arousal,midpoint_as_high,balanced_sampler_ce,weighted_random_sampler,2,11,928,31,Dummy_1,1,0,0.0757029801607132,-2.50221586227417
4,arousal,midpoint_as_high,balanced_sampler_ce,weighted_random_sampler,2,11,929,31,3053,1,1,0.866889476776123,1.873732089996338
4,arousal,midpoint_as_high,balanced_sampler_ce,weighted_random_sampler,2,11,930,31,Tumor_1,1,0,0.034754540771245956,-3.3240723609924316
4,arousal,midpoint_as_high,balanced_sampler_ce,weighted_random_sampler,2,11,931,31,Dog_18,0,0,0.14412780106067657,-1.7814207077026367
4,arousal,midpoint_as_high,balanced_sampler_ce,weighted_random_sampler,2,11,932,31,Miserable_pose_3,1,1,0.6734067797660828,0.7236340045928955
4,arousal,midpoint_as_high,balanced_sampler_ce,weighted_random_sampler,2,11,933,31,Pinecone_1,0,0,0.053294699639081955,-2.8771510124206543
4,arousal,midpoint_as_high,balanced_sampler_ce,weighted_random_sampler,2,11,934,31,Garbage_dump_6,1,0,0.03465668112039566,-3.326993465423584
4,arousal,midpoint_as_high,balanced_sampler_ce,weighted_random_sampler,2,11,935,31,Depressed_pose_4,1,0,0.3343629240989685,-0.6885177493095398
4,arousal,midpoint_as_high,balanced_sampler_ce,weighted_random_sampler,2,11,936,31,Angry_face_1,1,0,0.08995719254016876,-2.314157724380493
4,arousal,midpoint_as_high,balanced_sampler_ce,weighted_random_sampler,2,11,937,31,Dog_26,1,0,0.289216011762619,-0.8991947770118713
4,arousal,midpoint_as_high,balanced_sampler_ce,weighted_random_sampler,2,11,938,31,8370,1,1,0.8166811466217041,1.4940215349197388
4,arousal,midpoint_as_high,balanced_sampler_ce,weighted_random_sampler,2,11,939,31,Dog_6,0,1,0.9601498246192932,3.1819615364074707
4,arousal,midpoint_as_high,balanced_sampler_ce,weighted_random_sampler,2,11,940,31,9220,0,0,0.04638398438692093,-3.0233068466186523
4,arousal,midpoint_as_high,balanced_sampler_ce,weighted_random_sampler,2,11,941,31,Lake_12,0,0,0.04268619790673256,-3.110255718231201
4,arousal,midpoint_as_high,balanced_sampler_ce,weighted_random_sampler,2,11,942,31,2314,0,0,0.3097919523715973,-0.8010921478271484
4,arousal,midpoint_as_high,balanced_sampler_ce,weighted_random_sampler,2,11,943,31,1750,0,0,0.05728179216384888,-2.8007845878601074
4,arousal,midpoint_as_high,balanced_sampler_ce,weighted_random_sampler,2,11,944,31,8492,1,1,0.8572512269020081,1.7926448583602905
4,arousal,midpoint_as_high,balanced_sampler_ce,weighted_random_sampler,2,11,945,31,1441,0,0,0.11610963195562363,-2.0297982692718506
4,arousal,midpoint_as_high,balanced_sampler_ce,weighted_random_sampler,2,11,946,31,Flowers_6,0,0,0.11780834197998047,-2.013350248336792
4,arousal,midpoint_as_high,balanced_sampler_ce,weighted_random_sampler,2,11,947,31,Yarn_1,0,0,0.30213692784309387,-0.8371425867080688
4,arousal,midpoint_as_high,balanced_sampler_ce,weighted_random_sampler,2,11,948,31,9331,1,0,0.04033372923731804,-3.1693975925445557
4,arousal,midpoint_as_high,balanced_sampler_ce,weighted_random_sampler,2,11,949,31,Beach_1,0,1,0.9094120860099792,2.3064768314361572
4,arousal,midpoint_as_high,balanced_sampler_ce,weighted_random_sampler,2,11,950,31,2491,1,1,0.7756198048591614,1.2403203248977661
4,arousal,midpoint_as_high,balanced_sampler_ce,weighted_random_sampler,2,11,951,31,9360,1,0,0.2990807592868805,-0.8516789674758911
4,arousal,midpoint_as_high,balanced_sampler_ce,weighted_random_sampler,2,11,952,31,Lake_3,0,0,0.3406156301498413,-0.6605520248413086
4,arousal,midpoint_as_high,balanced_sampler_ce,weighted_random_sampler,2,11,953,31,3170,1,1,0.7234808802604675,0.9617940187454224
4,arousal,midpoint_as_high,balanced_sampler_ce,weighted_random_sampler,2,11,954,31,8080,1,0,0.25526201725006104,-1.070741891860962
4,arousal,midpoint_as_high,balanced_sampler_ce,weighted_random_sampler,2,11,955,31,Snow_1,1,0,0.06635519117116928,-2.644073963165283
4,arousal,midpoint_as_high,balanced_sampler_ce,weighted_random_sampler,2,11,956,31,4220,0,1,0.8524183630943298,1.7536958456039429
4,arousal,midpoint_as_high,balanced_sampler_ce,weighted_random_sampler,2,11,957,31,5760,0,0,0.03855844587087631,-3.2162585258483887
4,arousal,midpoint_as_high,balanced_sampler_ce,weighted_random_sampler,2,11,958,31,3063,1,0,0.0788995772600174,-2.457393169403076
4,arousal,midpoint_as_high,balanced_sampler_ce,weighted_random_sampler,2,11,959,31,3080,1,0,0.22552597522735596,-1.2337486743927002
4,arousal,midpoint_as_high,balanced_sampler_ce,weighted_random_sampler,2,11,1024,34,Dummy_1,1,1,0.8810940384864807,2.002830982208252
4,arousal,midpoint_as_high,balanced_sampler_ce,weighted_random_sampler,2,11,1025,34,3053,1,1,0.8826912641525269,2.0181665420532227
4,arousal,midpoint_as_high,balanced_sampler_ce,weighted_random_sampler,2,11,1026,34,Tumor_1,1,1,0.6297363638877869,0.5310859680175781
4,arousal,midpoint_as_high,balanced_sampler_ce,weighted_random_sampler,2,11,1027,34,Dog_18,0,1,0.9603851437568665,3.1881303787231445
4,arousal,midpoint_as_high,balanced_sampler_ce,weighted_random_sampler,2,11,1028,34,Miserable_pose_3,1,1,0.9580904841423035,3.1294291019439697
4,arousal,midpoint_as_high,balanced_sampler_ce,weighted_random_sampler,2,11,1029,34,Pinecone_1,0,0,0.12004590779542923,-1.9919955730438232
4,arousal,midpoint_as_high,balanced_sampler_ce,weighted_random_sampler,2,11,1030,34,Garbage_dump_6,1,1,0.8984096646308899,2.1796772480010986
4,arousal,midpoint_as_high,balanced_sampler_ce,weighted_random_sampler,2,11,1031,34,Depressed_pose_4,0,1,0.5049279928207397,0.019712693989276886
4,arousal,midpoint_as_high,balanced_sampler_ce,weighted_random_sampler,2,11,1032,34,Angry_face_1,0,0,0.09260565787553787,-2.282226800918579
4,arousal,midpoint_as_high,balanced_sampler_ce,weighted_random_sampler,2,11,1033,34,Dog_26,0,1,0.8490411639213562,1.727100133895874
4,arousal,midpoint_as_high,balanced_sampler_ce,weighted_random_sampler,2,11,1034,34,8370,1,1,0.8817228674888611,2.008847236633301
4,arousal,midpoint_as_high,balanced_sampler_ce,weighted_random_sampler,2,11,1035,34,Dog_6,0,0,0.38730254769325256,-0.45866501331329346
4,arousal,midpoint_as_high,balanced_sampler_ce,weighted_random_sampler,2,11,1036,34,9220,1,1,0.8579697012901306,1.7985279560089111
4,arousal,midpoint_as_high,balanced_sampler_ce,weighted_random_sampler,2,11,1037,34,Lake_12,0,0,0.28370043635368347,-0.9261796474456787
4,arousal,midpoint_as_high,balanced_sampler_ce,weighted_random_sampler,2,11,1038,34,2314,0,0,0.24554580450057983,-1.1225110292434692
4,arousal,midpoint_as_high,balanced_sampler_ce,weighted_random_sampler,2,11,1039,34,1750,0,1,0.7453424334526062,1.0739240646362305
4,arousal,midpoint_as_high,balanced_sampler_ce,weighted_random_sampler,2,11,1040,34,8492,1,1,0.785191535949707,1.296181082725525
4,arousal,midpoint_as_high,balanced_sampler_ce,weighted_random_sampler,2,11,1041,34,1441,0,1,0.9383705854415894,2.723005771636963
4,arousal,midpoint_as_high,balanced_sampler_ce,weighted_random_sampler,2,11,1042,34,Flowers_6,0,0,0.3366985619068146,-0.6780415773391724
4,arousal,midpoint_as_high,balanced_sampler_ce,weighted_random_sampler,2,11,1043,34,Yarn_1,0,0,0.041771624237298965,-3.132868766784668
4,arousal,midpoint_as_high,balanced_sampler_ce,weighted_random_sampler,2,11,1044,34,9331,0,1,0.8774300813674927,1.968315839767456
4,arousal,midpoint_as_high,balanced_sampler_ce,weighted_random_sampler,2,11,1045,34,Beach_1,0,0,0.07461265474557877,-2.517902374267578
4,arousal,midpoint_as_high,balanced_sampler_ce,weighted_random_sampler,2,11,1046,34,2491,0,0,0.1492157131433487,-1.7407655715942383
4,arousal,midpoint_as_high,balanced_sampler_ce,weighted_random_sampler,2,11,1047,34,9360,0,0,0.1551336795091629,-1.6948912143707275
4,arousal,midpoint_as_high,balanced_sampler_ce,weighted_random_sampler,2,11,1048,34,Lake_3,0,1,0.8653677105903625,1.8606075048446655
4,arousal,midpoint_as_high,balanced_sampler_ce,weighted_random_sampler,2,11,1049,34,3170,1,1,0.9568506479263306,3.098979949951172
4,arousal,midpoint_as_high,balanced_sampler_ce,weighted_random_sampler,2,11,1050,34,8080,0,0,0.07103514671325684,-2.5708961486816406
4,arousal,midpoint_as_high,balanced_sampler_ce,weighted_random_sampler,2,11,1051,34,Snow_1,0,0,0.30495530366897583,-0.8238109350204468
4,arousal,midpoint_as_high,balanced_sampler_ce,weighted_random_sampler,2,11,1052,34,4220,1,0,0.10648548603057861,-2.1271538734436035
4,arousal,midpoint_as_high,balanced_sampler_ce,weighted_random_sampler,2,11,1053,34,5760,0,0,0.09187579154968262,-2.2909436225891113
4,arousal,midpoint_as_high,balanced_sampler_ce,weighted_random_sampler,2,11,1054,34,3063,1,0,0.3187476098537445,-0.759533166885376
4,arousal,midpoint_as_high,balanced_sampler_ce,weighted_random_sampler,2,11,1055,34,3080,1,0,0.44406989216804504,-0.2246607095003128
4,arousal,midpoint_as_high,balanced_sampler_ce,weighted_random_sampler,2,11,1344,44,Dummy_1,1,1,0.6521849036216736,0.6286568641662598
4,arousal,midpoint_as_high,balanced_sampler_ce,weighted_random_sampler,2,11,1345,44,3053,1,1,0.938124418258667,2.7187561988830566
4,arousal,midpoint_as_high,balanced_sampler_ce,weighted_random_sampler,2,11,1346,44,Tumor_1,1,1,0.7362361550331116,1.0264968872070312
4,arousal,midpoint_as_high,balanced_sampler_ce,weighted_random_sampler,2,11,1347,44,Dog_18,0,0,0.030320826917886734,-3.46513032913208
4,arousal,midpoint_as_high,balanced_sampler_ce,weighted_random_sampler,2,11,1348,44,Miserable_pose_3,0,1,0.7534888982772827,1.1173073053359985
4,arousal,midpoint_as_high,balanced_sampler_ce,weighted_random_sampler,2,11,1349,44,Pinecone_1,1,0,0.270541787147522,-0.9918755292892456
4,arousal,midpoint_as_high,balanced_sampler_ce,weighted_random_sampler,2,11,1350,44,Garbage_dump_6,0,1,0.7583047151565552,1.1434074640274048
4,arousal,midpoint_as_high,balanced_sampler_ce,weighted_random_sampler,2,11,1351,44,Depressed_pose_4,0,1,0.6397323608398438,0.5742026567459106
4,arousal,midpoint_as_high,balanced_sampler_ce,weighted_random_sampler,2,11,1352,44,Angry_face_1,0,1,0.6542015671730042,0.6375592947006226
4,arousal,midpoint_as_high,balanced_sampler_ce,weighted_random_sampler,2,11,1353,44,Dog_26,1,0,0.06717181950807571,-2.630967140197754
4,arousal,midpoint_as_high,balanced_sampler_ce,weighted_random_sampler,2,11,1354,44,8370,0,0,0.034320931881666183,-3.337076187133789
4,arousal,midpoint_as_high,balanced_sampler_ce,weighted_random_sampler,2,11,1355,44,Dog_6,1,1,0.9596397280693054,3.1687114238739014
4,arousal,midpoint_as_high,balanced_sampler_ce,weighted_random_sampler,2,11,1356,44,9220,0,1,0.639558732509613,0.5734492540359497
4,arousal,midpoint_as_high,balanced_sampler_ce,weighted_random_sampler,2,11,1357,44,Lake_12,1,1,0.8542337417602539,1.7682005167007446
4,arousal,midpoint_as_high,balanced_sampler_ce,weighted_random_sampler,2,11,1358,44,2314,0,1,0.5300492644309998,0.12034215033054352
4,arousal,midpoint_as_high,balanced_sampler_ce,weighted_random_sampler,2,11,1359,44,1750,0,0,0.12426207959651947,-1.9526740312576294
4,arousal,midpoint_as_high,balanced_sampler_ce,weighted_random_sampler,2,11,1360,44,8492,1,1,0.8942669630050659,2.135087490081787
4,arousal,midpoint_as_high,balanced_sampler_ce,weighted_random_sampler,2,11,1361,44,1441,0,0,0.0370369479060173,-3.25809907913208
4,arousal,midpoint_as_high,balanced_sampler_ce,weighted_random_sampler,2,11,1362,44,Flowers_6,0,0,0.3668749928474426,-0.5456466674804688
4,arousal,midpoint_as_high,balanced_sampler_ce,weighted_random_sampler,2,11,1363,44,Yarn_1,0,1,0.9520573616027832,2.9886207580566406
4,arousal,midpoint_as_high,balanced_sampler_ce,weighted_random_sampler,2,11,1364,44,9331,0,0,0.08806906640529633,-2.3374428749084473
4,arousal,midpoint_as_high,balanced_sampler_ce,weighted_random_sampler,2,11,1365,44,Beach_1,0,0,0.3701016306877136,-0.5317808389663696
4,arousal,midpoint_as_high,balanced_sampler_ce,weighted_random_sampler,2,11,1366,44,2491,0,1,0.8002632856369019,1.3879406452178955
4,arousal,midpoint_as_high,balanced_sampler_ce,weighted_random_sampler,2,11,1367,44,9360,0,0,0.3831881880760193,-0.476037859916687
4,arousal,midpoint_as_high,balanced_sampler_ce,weighted_random_sampler,2,11,1368,44,Lake_3,0,0,0.41698792576789856,-0.3351507782936096
4,arousal,midpoint_as_high,balanced_sampler_ce,weighted_random_sampler,2,11,1369,44,3170,1,0,0.08592206239700317,-2.3644752502441406
4,arousal,midpoint_as_high,balanced_sampler_ce,weighted_random_sampler,2,11,1370,44,8080,0,1,0.7073870897293091,0.8827275037765503
4,arousal,midpoint_as_high,balanced_sampler_ce,weighted_random_sampler,2,11,1371,44,Snow_1,1,0,0.06425751745700836,-2.6784415245056152
4,arousal,midpoint_as_high,balanced_sampler_ce,weighted_random_sampler,2,11,1372,44,4220,0,1,0.5528793931007385,0.21231161057949066
4,arousal,midpoint_as_high,balanced_sampler_ce,weighted_random_sampler,2,11,1373,44,5760,0,1,0.8992190957069397,2.188577651977539
4,arousal,midpoint_as_high,balanced_sampler_ce,weighted_random_sampler,2,11,1374,44,3063,1,0,0.460748553276062,-0.1573295295238495
4,arousal,midpoint_as_high,balanced_sampler_ce,weighted_random_sampler,2,11,1375,44,3080,1,0,0.4233663082122803,-0.3089694082736969
4,arousal,midpoint_as_high,balanced_sampler_ce,weighted_random_sampler,2,11,1408,46,Dummy_1,0,1,0.5026258230209351,0.010503508150577545
4,arousal,midpoint_as_high,balanced_sampler_ce,weighted_random_sampler,2,11,1409,46,3053,0,1,0.6768470406532288,0.7393196821212769
4,arousal,midpoint_as_high,balanced_sampler_ce,weighted_random_sampler,2,11,1410,46,Tumor_1,1,1,0.8243423104286194,1.5460489988327026
4,arousal,midpoint_as_high,balanced_sampler_ce,weighted_random_sampler,2,11,1411,46,Dog_18,0,1,0.6908010244369507,0.8038668632507324
4,arousal,midpoint_as_high,balanced_sampler_ce,weighted_random_sampler,2,11,1412,46,Miserable_pose_3,1,1,0.9562148451805115,3.083688735961914
4,arousal,midpoint_as_high,balanced_sampler_ce,weighted_random_sampler,2,11,1413,46,Pinecone_1,0,1,0.8842896819114685,2.0336952209472656
4,arousal,midpoint_as_high,balanced_sampler_ce,weighted_random_sampler,2,11,1414,46,Garbage_dump_6,1,1,0.9326480627059937,2.628096342086792
4,arousal,midpoint_as_high,balanced_sampler_ce,weighted_random_sampler,2,11,1415,46,Depressed_pose_4,1,0,0.38718536496162415,-0.45915889739990234
4,arousal,midpoint_as_high,balanced_sampler_ce,weighted_random_sampler,2,11,1416,46,Angry_face_1,1,1,0.5111426711082458,0.04457826167345047
4,arousal,midpoint_as_high,balanced_sampler_ce,weighted_random_sampler,2,11,1417,46,Dog_26,1,1,0.600608766078949,0.40800219774246216
4,arousal,midpoint_as_high,balanced_sampler_ce,weighted_random_sampler,2,11,1418,46,8370,0,0,0.4639776945114136,-0.14433921873569489
4,arousal,midpoint_as_high,balanced_sampler_ce,weighted_random_sampler,2,11,1419,46,Dog_6,0,0,0.21413782238960266,-1.300161600112915
4,arousal,midpoint_as_high,balanced_sampler_ce,weighted_random_sampler,2,11,1420,46,9220,1,1,0.9152032136917114,2.3788888454437256
4,arousal,midpoint_as_high,balanced_sampler_ce,weighted_random_sampler,2,11,1421,46,Lake_12,0,0,0.24307143688201904,-1.1359134912490845
4,arousal,midpoint_as_high,balanced_sampler_ce,weighted_random_sampler,2,11,1422,46,2314,0,1,0.8126398324966431,1.4672552347183228
4,arousal,midpoint_as_high,balanced_sampler_ce,weighted_random_sampler,2,11,1423,46,1750,1,0,0.22157873213291168,-1.2564897537231445
4,arousal,midpoint_as_high,balanced_sampler_ce,weighted_random_sampler,2,11,1424,46,8492,1,0,0.14632759988307953,-1.7636995315551758
4,arousal,midpoint_as_high,balanced_sampler_ce,weighted_random_sampler,2,11,1425,46,1441,0,1,0.9387301206588745,2.7292404174804688
4,arousal,midpoint_as_high,balanced_sampler_ce,weighted_random_sampler,2,11,1426,46,Flowers_6,0,0,0.11171434074640274,-2.0733482837677
4,arousal,midpoint_as_high,balanced_sampler_ce,weighted_random_sampler,2,11,1427,46,Yarn_1,0,0,0.2419632524251938,-1.1419460773468018
4,arousal,midpoint_as_high,balanced_sampler_ce,weighted_random_sampler,2,11,1428,46,9331,0,0,0.46863827109336853,-0.1256117820739746
4,arousal,midpoint_as_high,balanced_sampler_ce,weighted_random_sampler,2,11,1429,46,Beach_1,1,1,0.9227697253227234,2.480588674545288
4,arousal,midpoint_as_high,balanced_sampler_ce,weighted_random_sampler,2,11,1430,46,2491,0,1,0.8954371809959412,2.147523880004883
4,arousal,midpoint_as_high,balanced_sampler_ce,weighted_random_sampler,2,11,1431,46,9360,0,1,0.9204109311103821,2.447943687438965
4,arousal,midpoint_as_high,balanced_sampler_ce,weighted_random_sampler,2,11,1432,46,Lake_3,0,1,0.8949646949768066,2.1424877643585205
4,arousal,midpoint_as_high,balanced_sampler_ce,weighted_random_sampler,2,11,1433,46,3170,0,1,0.9526073336601257,3.0007357597351074
4,arousal,midpoint_as_high,balanced_sampler_ce,weighted_random_sampler,2,11,1434,46,8080,1,1,0.6555653810501099,0.6435936689376831
4,arousal,midpoint_as_high,balanced_sampler_ce,weighted_random_sampler,2,11,1435,46,Snow_1,0,1,0.7028483152389526,0.8608984351158142
4,arousal,midpoint_as_high,balanced_sampler_ce,weighted_random_sampler,2,11,1436,46,4220,1,0,0.2947245240211487,-0.8725473284721375
4,arousal,midpoint_as_high,balanced_sampler_ce,weighted_random_sampler,2,11,1437,46,5760,0,1,0.773895800113678,1.2304413318634033
4,arousal,midpoint_as_high,balanced_sampler_ce,weighted_random_sampler,2,11,1438,46,3063,1,0,0.16042853891849518,-1.6550428867340088
4,arousal,midpoint_as_high,balanced_sampler_ce,weighted_random_sampler,2,11,1439,46,3080,1,1,0.9508479833602905,2.962435007095337
4,arousal,midpoint_as_high,balanced_sampler_ce,weighted_random_sampler,2,11,1504,49,Dummy_1,0,1,0.9388284683227539,2.7309517860412598
4,arousal,midpoint_as_high,balanced_sampler_ce,weighted_random_sampler,2,11,1505,49,3053,1,0,0.17022715508937836,-1.5840182304382324
4,arousal,midpoint_as_high,balanced_sampler_ce,weighted_random_sampler,2,11,1506,49,Tumor_1,0,0,0.1546497941017151,-1.6985877752304077
4,arousal,midpoint_as_high,balanced_sampler_ce,weighted_random_sampler,2,11,1507,49,Dog_18,0,0,0.04502084478735924,-3.0545639991760254
4,arousal,midpoint_as_high,balanced_sampler_ce,weighted_random_sampler,2,11,1508,49,Miserable_pose_3,1,0,0.03389548137784004,-3.3499903678894043
4,arousal,midpoint_as_high,balanced_sampler_ce,weighted_random_sampler,2,11,1509,49,Pinecone_1,1,0,0.345061719417572,-0.6408177614212036
4,arousal,midpoint_as_high,balanced_sampler_ce,weighted_random_sampler,2,11,1510,49,Garbage_dump_6,0,0,0.07626328617334366,-2.4942355155944824
4,arousal,midpoint_as_high,balanced_sampler_ce,weighted_random_sampler,2,11,1511,49,Depressed_pose_4,0,0,0.1094249039888382,-2.0966289043426514
4,arousal,midpoint_as_high,balanced_sampler_ce,weighted_random_sampler,2,11,1512,49,Angry_face_1,0,1,0.8518306016921997,1.7490313053131104
4,arousal,midpoint_as_high,balanced_sampler_ce,weighted_random_sampler,2,11,1513,49,Dog_26,0,1,0.852520763874054,1.7545098066329956
4,arousal,midpoint_as_high,balanced_sampler_ce,weighted_random_sampler,2,11,1514,49,8370,0,0,0.026819178834557533,-3.5914525985717773
4,arousal,midpoint_as_high,balanced_sampler_ce,weighted_random_sampler,2,11,1515,49,Dog_6,0,0,0.046685583889484406,-3.0165092945098877
4,arousal,midpoint_as_high,balanced_sampler_ce,weighted_random_sampler,2,11,1516,49,9220,0,0,0.11104614287614822,-2.080099582672119
4,arousal,midpoint_as_high,balanced_sampler_ce,weighted_random_sampler,2,11,1517,49,Lake_12,0,0,0.05997692421078682,-2.7519445419311523
4,arousal,midpoint_as_high,balanced_sampler_ce,weighted_random_sampler,2,11,1518,49,2314,0,0,0.03758229315280914,-3.242915630340576
4,arousal,midpoint_as_high,balanced_sampler_ce,weighted_random_sampler,2,11,1519,49,1750,0,0,0.08892160654067993,-2.326873779296875
4,arousal,midpoint_as_high,balanced_sampler_ce,weighted_random_sampler,2,11,1520,49,8492,0,1,0.6188333630561829,0.4845994710922241
4,arousal,midpoint_as_high,balanced_sampler_ce,weighted_random_sampler,2,11,1521,49,1441,0,0,0.16465267539024353,-1.624009370803833
4,arousal,midpoint_as_high,balanced_sampler_ce,weighted_random_sampler,2,11,1522,49,Flowers_6,0,0,0.16556060314178467,-1.6174228191375732
4,arousal,midpoint_as_high,balanced_sampler_ce,weighted_random_sampler,2,11,1523,49,Yarn_1,0,0,0.2622130513191223,-1.034497857093811
4,arousal,midpoint_as_high,balanced_sampler_ce,weighted_random_sampler,2,11,1524,49,9331,0,0,0.04196576401591301,-3.1280293464660645
4,arousal,midpoint_as_high,balanced_sampler_ce,weighted_random_sampler,2,11,1525,49,Beach_1,0,0,0.459548681974411,-0.16215962171554565
4,arousal,midpoint_as_high,balanced_sampler_ce,weighted_random_sampler,2,11,1526,49,2491,0,0,0.03325342386960983,-3.369778633117676
4,arousal,midpoint_as_high,balanced_sampler_ce,weighted_random_sampler,2,11,1527,49,9360,1,1,0.5928753614425659,0.3758646845817566
4,arousal,midpoint_as_high,balanced_sampler_ce,weighted_random_sampler,2,11,1528,49,Lake_3,0,1,0.9135671854019165,2.357990264892578
4,arousal,midpoint_as_high,balanced_sampler_ce,weighted_random_sampler,2,11,1529,49,3170,0,1,0.6869878172874451,0.7860742807388306
4,arousal,midpoint_as_high,balanced_sampler_ce,weighted_random_sampler,2,11,1530,49,8080,0,0,0.061884805560112,-2.7185981273651123
4,arousal,midpoint_as_high,balanced_sampler_ce,weighted_random_sampler,2,11,1531,49,Snow_1,0,0,0.03450316935777664,-3.3315916061401367
4,arousal,midpoint_as_high,balanced_sampler_ce,weighted_random_sampler,2,11,1532,49,4220,0,0,0.03747899457812309,-3.2457752227783203
4,arousal,midpoint_as_high,balanced_sampler_ce,weighted_random_sampler,2,11,1533,49,5760,0,0,0.07592630386352539,-2.4990286827087402
4,arousal,midpoint_as_high,balanced_sampler_ce,weighted_random_sampler,2,11,1534,49,3063,1,0,0.1622200608253479,-1.6418014764785767
4,arousal,midpoint_as_high,balanced_sampler_ce,weighted_random_sampler,2,11,1535,49,3080,0,1,0.812441885471344,1.4659557342529297
4,arousal,midpoint_as_high,balanced_sampler_ce,weighted_random_sampler,2,11,1920,63,Dummy_1,0,0,0.06316045671701431,-2.696833610534668
4,arousal,midpoint_as_high,balanced_sampler_ce,weighted_random_sampler,2,11,1921,63,3053,1,0,0.1397344321012497,-1.8174974918365479
4,arousal,midpoint_as_high,balanced_sampler_ce,weighted_random_sampler,2,11,1922,63,Tumor_1,1,0,0.11748941987752914,-2.0164225101470947
4,arousal,midpoint_as_high,balanced_sampler_ce,weighted_random_sampler,2,11,1923,63,Dog_18,0,0,0.07017648220062256,-2.583981513977051
4,arousal,midpoint_as_high,balanced_sampler_ce,weighted_random_sampler,2,11,1924,63,Miserable_pose_3,1,1,0.7355896234512329,1.0231702327728271
4,arousal,midpoint_as_high,balanced_sampler_ce,weighted_random_sampler,2,11,1925,63,Pinecone_1,0,0,0.0390595905482769,-3.2028238773345947
4,arousal,midpoint_as_high,balanced_sampler_ce,weighted_random_sampler,2,11,1926,63,Garbage_dump_6,1,0,0.09108519554138184,-2.3004560470581055
4,arousal,midpoint_as_high,balanced_sampler_ce,weighted_random_sampler,2,11,1927,63,Depressed_pose_4,0,0,0.488147109746933,-0.04742047190666199
4,arousal,midpoint_as_high,balanced_sampler_ce,weighted_random_sampler,2,11,1928,63,Angry_face_1,0,1,0.8268105387687683,1.5631892681121826
4,arousal,midpoint_as_high,balanced_sampler_ce,weighted_random_sampler,2,11,1929,63,Dog_26,1,0,0.13129962980747223,-1.8895163536071777
4,arousal,midpoint_as_high,balanced_sampler_ce,weighted_random_sampler,2,11,1930,63,8370,1,0,0.03414084017276764,-3.3425235748291016
4,arousal,midpoint_as_high,balanced_sampler_ce,weighted_random_sampler,2,11,1931,63,Dog_6,1,0,0.2518194019794464,-1.0889321565628052
4,arousal,midpoint_as_high,balanced_sampler_ce,weighted_random_sampler,2,11,1932,63,9220,1,0,0.1455974280834198,-1.769556999206543
4,arousal,midpoint_as_high,balanced_sampler_ce,weighted_random_sampler,2,11,1933,63,Lake_12,0,0,0.21482160687446594,-1.2961030006408691
4,arousal,midpoint_as_high,balanced_sampler_ce,weighted_random_sampler,2,11,1934,63,2314,0,1,0.6148190498352051,0.46761462092399597
4,arousal,midpoint_as_high,balanced_sampler_ce,weighted_random_sampler,2,11,1935,63,1750,0,1,0.539560854434967,0.15857501327991486
4,arousal,midpoint_as_high,balanced_sampler_ce,weighted_random_sampler,2,11,1936,63,8492,1,0,0.0579882450401783,-2.7877774238586426
4,arousal,midpoint_as_high,balanced_sampler_ce,weighted_random_sampler,2,11,1937,63,1441,0,1,0.9383717179298401,2.7230257987976074
4,arousal,midpoint_as_high,balanced_sampler_ce,weighted_random_sampler,2,11,1938,63,Flowers_6,0,0,0.0721728503704071,-2.553781509399414
4,arousal,midpoint_as_high,balanced_sampler_ce,weighted_random_sampler,2,11,1939,63,Yarn_1,0,1,0.8297432661056519,1.5838088989257812
4,arousal,midpoint_as_high,balanced_sampler_ce,weighted_random_sampler,2,11,1940,63,9331,0,0,0.21390292048454285,-1.301558017730713
4,arousal,midpoint_as_high,balanced_sampler_ce,weighted_random_sampler,2,11,1941,63,Beach_1,0,0,0.18757161498069763,-1.465867042541504
4,arousal,midpoint_as_high,balanced_sampler_ce,weighted_random_sampler,2,11,1942,63,2491,0,1,0.9135014414787292,2.3571572303771973
4,arousal,midpoint_as_high,balanced_sampler_ce,weighted_random_sampler,2,11,1943,63,9360,0,1,0.7969903349876404,1.367588996887207
4,arousal,midpoint_as_high,balanced_sampler_ce,weighted_random_sampler,2,11,1944,63,Lake_3,0,0,0.26153233647346497,-1.0380194187164307
4,arousal,midpoint_as_high,balanced_sampler_ce,weighted_random_sampler,2,11,1945,63,3170,1,1,0.6861646175384521,0.782248854637146
4,arousal,midpoint_as_high,balanced_sampler_ce,weighted_random_sampler,2,11,1946,63,8080,0,0,0.03539194166660309,-3.3052377700805664
4,arousal,midpoint_as_high,balanced_sampler_ce,weighted_random_sampler,2,11,1947,63,Snow_1,0,1,0.8464217185974121,1.706807255744934
4,arousal,midpoint_as_high,balanced_sampler_ce,weighted_random_sampler,2,11,1948,63,4220,0,1,0.5684955716133118,0.2757156491279602
4,arousal,midpoint_as_high,balanced_sampler_ce,weighted_random_sampler,2,11,1949,63,5760,0,0,0.06781405955553055,-2.620762825012207
4,arousal,midpoint_as_high,balanced_sampler_ce,weighted_random_sampler,2,11,1950,63,3063,1,0,0.13791847229003906,-1.8326871395111084
4,arousal,midpoint_as_high,balanced_sampler_ce,weighted_random_sampler,2,11,1951,63,3080,1,0,0.06727861613035202,-2.6292641162872314
